ID,ペア,is_sudden_severe,is_numbness,is_behavior,label_sudden_severe,label_numbness,label_behavior
sudden_severe_0_0001,"Dispatcher: 頭の痛みは、突然起こった激しい痛みですか？
Caller: はい、夫が急に頭を押さえて、今までにないくらい激しく痛むと言っています。",True,False,False,0,False,False
sudden_severe_0_0002,"Dispatcher: 頭痛は急に強く出た感じですか？
Caller: はい、同僚がさっきまで普通に話していたのに、急に割れるように頭が痛いと言って座り込びました。",True,False,False,0,False,False
sudden_severe_0_0003,"Dispatcher: 激しい頭痛が突然始まりましたか？
Caller: はい、母が突然ひどい頭痛が来たと言って、我慢できない様子です。",True,False,False,0,False,False
sudden_severe_0_0004,"Dispatcher: 急に我慢できないほどの頭痛が出たのですか？
Caller: はい、友人が入浴中にいきなり頭がガーンと痛くなったと言って、うずくまっています。",True,False,False,0,False,False
sudden_severe_0_0005,"Dispatcher: 頭の痛みは突然の強い痛みですか？
Caller: はい、父がテレビを見ていたら急にものすごく頭が痛いと言い出して、耐えられない様子です。",True,False,False,0,False,False
sudden_severe_1_0006,"Dispatcher: 頭の痛みは、突然起こった激しい痛みですか？
Caller: いいえ、朝から少しずつ痛くなってきたみたいで、急にひどくなった感じではありません。",True,False,False,1,False,False
sudden_severe_1_0007,"Dispatcher: いつもの軽い頭痛ということでよいですか？
Caller: そうです、姉は前からある頭痛に近いと言っていて、急に強くなったわけではないです。",True,False,False,1,False,False
sudden_severe_1_0008,"Dispatcher: 激しい痛みが突然起こりましたか？
Caller: いいえ、弟は昼ごろからだんだん痛くなったと言っていて、突然ではありません。",True,False,False,1,False,False
sudden_severe_1_0009,"Dispatcher: さっきまで普通だったのに、急に我慢できないほど頭が痛くなった感じですか？
Caller: いいえ、同僚は会議の途中から徐々に痛みが増しただけで、いきなりではないです。",True,False,False,1,False,False
sudden_severe_1_0010,"Dispatcher: いつもの軽い頭痛という感じですか？
Caller: はい、妻は前にもあるような頭痛で、急激に始まった強い痛みではないと言っています。",True,False,False,1,False,False
sudden_severe_2_0011,"Dispatcher: 激しい痛みが突然起こりましたか？
Caller: 激しい痛みが突然起こったかは分かりません。",True,False,False,2,False,False
sudden_severe_2_0012,"Dispatcher: いつもの軽い頭痛ということでよいですか？
Caller: そこまでは分かりません。急に強くなったのかどうか、まだ本人に確認できていません。",True,False,False,2,False,False
sudden_severe_2_0013,"Dispatcher: 頭の痛みについて何か分かることはありますか？
Caller: 頭が痛いとだけ連絡があって、突然だったのか激しいのかは分かりません。",True,False,False,2,False,False
sudden_severe_2_0014,"Dispatcher: 頭の痛みは、突然起こった激しい痛みですか？
Caller: すみません、本人から頭痛とだけ聞いていて、急に起きた強い痛みかどうかまでは分かりません。",True,False,False,2,False,False
sudden_severe_2_0015,"Dispatcher: さっきまで普通だったのに、急に耐えられないほど頭が痛くなった感じはありますか？
Caller: 息子からメッセージで頭が痛いと来ただけで、始まり方や痛みの強さまでは確認できていません。",True,False,False,2,False,False
sudden_severe_-1_0016,"Dispatcher: 手足のしびれや麻痺はありますか？
Caller: はい、夫は右腕と右足がしびれて力も入りにくいと言っています。",True,False,False,-1,False,False
sudden_severe_-1_0017,"Dispatcher: 何か変わったことはありますか？
Caller: はい、母が同じことを何度も聞いてきて、受け答えがいつもと違います。",True,False,False,-1,False,False
sudden_severe_-1_0018,"Dispatcher: 何か変わったことはありますか？
Caller: まだ電話で話しただけなので、普段と違う様子があるかは分かりません。",True,False,False,-1,False,False
sudden_severe_-1_0019,"Dispatcher: 片側の手足にしびれや動かしにくさはありますか？
Caller: いいえ、娘の手足は左右とも普通に動いていて、しびれもないと言っています。",True,False,False,-1,False,False
sudden_severe_-1_0020,"Dispatcher: いつも通りの様子ですか？
Caller: いいえ、友人は返事がちぐはぐで、落ち着きなく部屋を歩き回っていて普段と違います。",True,False,False,-1,False,False
sudden_severe_0_0021,"Dispatcher: 頭の痛みは、突然起こった激しい痛みですか？
Caller: はい、兄が急に今までで一番ひどい頭痛だと言って倒れ込むように座りました。",True,False,False,0,False,False
sudden_severe_0_0022,"Dispatcher: いつもの頭痛とは違って、急に強く出た感じですか？
Caller: はい、同居人が急に耐えられないくらい痛いと言い出して、普通の頭痛ではなさそうです。",True,False,False,0,False,False
sudden_severe_0_0023,"Dispatcher: 頭痛は突然始まった強い痛みですか？
Caller: はい、父は作業中にいきなり激しい頭痛が来たと言って、その場で動けなくなりました。",True,False,False,0,False,False
sudden_severe_0_0024,"Dispatcher: 急にひどい頭痛が出たのですか？
Caller: はい、妻が突然すごく痛いと言って、頭を抱えています。",True,False,False,0,False,False
sudden_severe_0_0025,"Dispatcher: さっきまで普通だったのに、急に強い頭痛になりましたか？
Caller: はい、友達が車を降りた直後に急に頭が割れそうだと言って、しゃがみ込んでしまいました。",True,False,False,0,False,False
sudden_severe_1_0026,"Dispatcher: 頭の痛みは、突然起こった激しい痛みですか？
Caller: いいえ、昨日から続いている鈍い痛みで、急に始まったものではありません。",True,False,False,1,False,False
sudden_severe_1_0027,"Dispatcher: いつもの軽い頭痛ということでよいですか？
Caller: だいたいそんな感じで、伯母は前からある頭痛が少し長引いていると言っています。",True,False,False,1,False,False
sudden_severe_1_0028,"Dispatcher: 頭の痛みは、突然起こった激しい痛みですか？
Caller: いいえ、息子は部活のあとからじわじわ痛くなったと言っていて、急な激痛ではないです。",True,False,False,1,False,False
sudden_severe_1_0029,"Dispatcher: 激しい頭痛が急に始まりましたか？
Caller: いいえ、母は朝から重い感じが続いているだけで、突然ガツンと来た痛みではありません。",True,False,False,1,False,False
sudden_severe_1_0030,"Dispatcher: 頭の痛みは突然の強いものですか？
Caller: いいえ、同僚は昼過ぎから少しずつ痛くなったと言っていて、急激なひどい頭痛ではありません。",True,False,False,1,False,False
sudden_severe_2_0031,"Dispatcher: いつもの頭痛みたいな感じですか？
Caller: それが、急に強くなったのかいつもの感じなのかまでは分かりません。",True,False,False,2,False,False
sudden_severe_2_0032,"Dispatcher: 今回の頭痛は、急にひどくなった感じでしょうか？
Caller: 職場の別フロアにいる同僚から連絡を受けただけで、突然だったのか、どの程度強いのかは確認できていません。",True,False,False,2,False,False
sudden_severe_2_0033,"Dispatcher: さっき急に強い頭痛が出た感じですか？
Caller: 友人から頭が痛いとメッセージが来ただけで、出方までは聞けていません。",True,False,False,2,False,False
sudden_severe_2_0034,"Dispatcher: 我慢できないくらい急な痛みですか？
Caller: そこはまだ分からなくて、痛いと言っていることしか確認できていません。",True,False,False,2,False,False
sudden_severe_2_0035,"Dispatcher: 激しい痛みが突然起こりましたか？
Caller: 激しいのか、急に始まったのかは分かりません。",True,False,False,2,False,False
sudden_severe_-1_0036,"Dispatcher: 手足のしびれや麻痺はありますか？
Caller: はい、左腕がしびれていて、左足にも力が入りにくいです。",True,False,False,-1,False,False
sudden_severe_-1_0037,"Dispatcher: 何か変わった様子はありますか？
Caller: いいえ、夫ですが受け答えも普段どおりで、行動も特におかしくありません。",True,False,False,-1,False,False
sudden_severe_-1_0038,"Dispatcher: 普段と違う振る舞いや様子はありますか？
Caller: はい、返事がちぐはぐで、さっきから同じことを何度も言っています。",True,False,False,-1,False,False
sudden_severe_-1_0039,"Dispatcher: 片側の手足にしびれや動かしにくさはありますか？
Caller: 今は本人がトイレにこもっていて姿が見えず、しびれや麻痺があるかは確認できません。",True,False,False,-1,False,False
sudden_severe_-1_0040,"Dispatcher: 普通に手足は動かせていますか？
Caller: 電話で呼ばれただけなので、しびれや動かしにくさがあるかはまだ分かりません。",True,False,False,-1,False,False
sudden_severe_0_0041,"Dispatcher: 急にひどい頭痛が出た感じですか？
Caller: はい、さっき突然、我慢できないくらい痛いと言い出しました。",True,False,False,0,False,False
sudden_severe_0_0042,"Dispatcher: いつもの頭痛ではなく、急に強く出た感じですか？
Caller: はい、会議中まで普通だったのに、急に頭を押さえて耐えられないほど痛いと言っています。",True,False,False,0,False,False
sudden_severe_0_0043,"Dispatcher: 突然の激しい頭痛ですか？
Caller: はい、そのようです。",True,False,False,0,False,False
sudden_severe_0_0044,"Dispatcher: さっき急に強い痛みがきた感じですか？
Caller: はい、いきなりものすごく痛いと言っています。",True,False,False,0,False,False
sudden_severe_0_0045,"Dispatcher: 頭の痛みは、突然起こった激しい痛みですか？
Caller: はい、母はさっきまで普通に話していたのに、急に今までで一番ひどい頭痛だと言ってうずくまっています。",True,False,False,0,False,False
sudden_severe_1_0046,"Dispatcher: 急にひどくなった頭痛ですか？
Caller: いいえ、朝から少しずつ痛みが強くなってきたようで、急にではありません。",True,False,False,1,False,False
sudden_severe_1_0047,"Dispatcher: 頭の痛みは、突然起こった激しい痛みですか？
Caller: いいえ、姉は昨夜から重い感じが続いていると言っていて、急にガツンと来た痛みではありません。",True,False,False,1,False,False
sudden_severe_1_0048,"Dispatcher: さっきまで普通だったのに急に耐えられない頭痛になった感じですか？
Caller: いいえ、同僚は昼ごろからじわじわ痛くなってきたと言っていて、突然の激痛ではないです。",True,False,False,1,False,False
sudden_severe_1_0049,"Dispatcher: 急な強い頭痛ということでしょうか？
Caller: そういう感じではなくて、前から痛がっていた頭痛が続いています。",True,False,False,1,False,False
sudden_severe_1_0050,"Dispatcher: 頭の痛みは突然の激しいものですか？
Caller: いいえ、徐々に痛くなったようです。",True,False,False,1,False,False
sudden_severe_2_0051,"Dispatcher: 頭の痛みは、突然起こった激しい痛みですか？
Caller: すみません、本人から頭が痛いとだけ連絡が来ていて、急に始まったのか、どれほど強いのかは分かりません。",True,False,False,2,False,False
sudden_severe_2_0052,"Dispatcher: 急にひどい頭痛が出たんですか？
Caller: そこまでは確認できていません。",True,False,False,2,False,False
sudden_severe_2_0053,"Dispatcher: さっきまで普通だったのに、急に我慢できないほど頭が痛くなった感じですか？
Caller: 兄からビデオ通話で少し見ただけなので、急に起きたのか、痛みがどれほど強いのかまでは判断できません。",True,False,False,2,False,False
sudden_severe_2_0054,"Dispatcher: 激しい痛みが突然起こりましたか？
Caller: 激しいのか突然なのかは分かりません。",True,False,False,2,False,False
sudden_severe_2_0055,"Dispatcher: いつもの軽い頭痛ということでよいですか？
Caller: 友だちから頭痛でつらいとだけ聞いていて、急に強くなったのかどうかまでは分かっていません。",True,False,False,2,False,False
sudden_severe_-1_0056,"Dispatcher: 普段と違う振る舞いや様子はありますか？
Caller: はい、呼びかけても返事が遅くて、ぼんやりしていていつもと明らかに違います。",True,False,False,-1,False,False
sudden_severe_-1_0057,"Dispatcher: 受け答えが変だったり、いつもと違う行動はありますか？
Caller: はい、同僚なんですが、簡単な質問にも答えが合わず、机の前で同じ動作を繰り返しています。",True,False,False,-1,False,False
sudden_severe_-1_0058,"Dispatcher: 何か変わった様子はありますか？
Caller: はい、受け答えがおかしくて落ち着きがありません。",True,False,False,-1,False,False
sudden_severe_-1_0059,"Dispatcher: 手足のしびれや麻痺はありますか？
Caller: 妹から頭痛の連絡だけ受けて向かっている途中なので、しびれがあるかどうかはまだ確認できていません。",True,False,False,-1,False,False
sudden_severe_-1_0060,"Dispatcher: 片側の手足にしびれや力の入りにくさはありますか？
Caller: いいえ、夫のそばにいますが、両手両足とも普通に動かせていて、しびれもないと言っています。",True,False,False,-1,False,False
sudden_severe_0_0061,"Dispatcher: いきなり耐えられないくらいの頭の痛みになった感じですか？
Caller: はい、同僚が急に頭を押さえて、我慢できないほど痛いと言っています。",True,False,False,0,False,False
sudden_severe_0_0062,"Dispatcher: いつもの頭痛ではなく、急に強い痛みが出たのですか？
Caller: はい、さっきまで普通に話していたのに、突然ひどい頭痛が来たと言ってうずくまりました。",True,False,False,0,False,False
sudden_severe_0_0063,"Dispatcher: 頭の痛みは、突然起こった激しい痛みですか？
Caller: はい、急に我慢できないほどの頭痛が出ました。",True,False,False,0,False,False
sudden_severe_0_0064,"Dispatcher: 急にひどい頭痛になったのですか？
Caller: はい、急にものすごく痛くなったようです。",True,False,False,0,False,False
sudden_severe_0_0065,"Dispatcher: さっきまで平気だったのに、急に激しい頭痛が来た感じですか？
Caller: はい、友人が急に頭が割れそうに痛いと言い出しました。",True,False,False,0,False,False
sudden_severe_1_0066,"Dispatcher: 頭の痛みは、突然起こった激しい痛みですか？
Caller: いいえ、朝から少しずつ痛くなってきたみたいで、急にではありません。",True,False,False,1,False,False
sudden_severe_1_0067,"Dispatcher: 頭の痛みは、突然起こった激しい痛みですか？
Caller: いいえ、急にではなく、昼ごろからだんだん痛みが強くなっています。",True,False,False,1,False,False
sudden_severe_1_0068,"Dispatcher: 頭の痛みは、突然起こった激しい痛みですか？
Caller: いいえ、いきなりではなく、前から続いている頭痛です。",True,False,False,1,False,False
sudden_severe_1_0069,"Dispatcher: 急に我慢できないほどの頭痛が出たのですか？
Caller: いいえ、妻は昨日から重い感じが続いていると言っていて、突然ひどくなったわけではありません。",True,False,False,1,False,False
sudden_severe_1_0070,"Dispatcher: さっき急に強い頭痛が始まった感じですか？
Caller: いいえ、父は数時間前からじわじわ痛くなってきたと言っています。",True,False,False,1,False,False
sudden_severe_2_0071,"Dispatcher: 頭の痛みは、突然起こった激しい痛みですか？
Caller: 兄から頭が痛いとだけ連絡があって、急に始まったのかまでは分かりません。",True,False,False,2,False,False
sudden_severe_2_0072,"Dispatcher: 頭の痛みは、急に出た強い痛みか確認できますか？
Caller: 今は本人が別室にいて話せないので、突然なのか、どれくらい強いのかは確認できません。",True,False,False,2,False,False
sudden_severe_2_0073,"Dispatcher: 激しい痛みが突然起こりましたか？
Caller: それは分かりません。",True,False,False,2,False,False
sudden_severe_2_0074,"Dispatcher: さっきまで普通だったのに、急に耐えられないほど頭が痛くなった感じですか？
Caller: 職場から連絡を受けただけで、始まり方や痛みの強さまではまだ聞けていません。",True,False,False,2,False,False
sudden_severe_2_0075,"Dispatcher: いつもの軽い頭痛ということでよいですか？
Caller: そこは分からなくて、急に強くなったのかどうか確認できていません。",True,False,False,2,False,False
sudden_severe_-1_0076,"Dispatcher: 手足のしびれや動かしにくさはありますか？
Caller: はい、左手にしびれがあって力も入りにくいようです。",True,False,False,-1,False,False
sudden_severe_-1_0077,"Dispatcher: 右手だけ力が入らない、足がしびれる、そういった様子は確認できますか？
Caller: 今は電話で聞いているだけなので、手足のしびれや麻痺があるかは確認できません。",True,False,False,-1,False,False
sudden_severe_-1_0078,"Dispatcher: しびれや麻痺はありますか？
Caller: はい、片方の足がしびれて動かしにくいです。",True,False,False,-1,False,False
sudden_severe_-1_0079,"Dispatcher: 何か変わったことはありますか？
Caller: 頭が痛いと連絡があっただけで、普段と違う様子かどうかはまだ分かりません。",True,False,False,-1,False,False
sudden_severe_-1_0080,"Dispatcher: しびれや麻痺はありますか？
Caller: はい、母は右腕がしびれて、うまく動かせないと言っています。",True,False,False,-1,False,False
sudden_severe_0_0081,"Dispatcher: 急にひどい頭痛が始まったのですか？
Caller: はい、会議中に突然、今までで一番痛いと言って頭を抱え込みました。",True,False,False,0,False,False
sudden_severe_0_0082,"Dispatcher: 頭の痛みは、突然起こった激しい痛みですか？
Caller: はい、急に我慢できないくらい強い頭痛になりました。",True,False,False,0,False,False
sudden_severe_0_0083,"Dispatcher: さっき急に耐えがたい頭痛が出た感じですか？
Caller: はい、弟が急に頭が割れるみたいに痛いと言って、その場にしゃがみ込みました。",True,False,False,0,False,False
sudden_severe_0_0084,"Dispatcher: 急に激しい頭痛になったのですか？
Caller: はい、突然すごく痛くなったようです。",True,False,False,0,False,False
sudden_severe_0_0085,"Dispatcher: 頭の痛みは、突然起こった激しい痛みですか？
Caller: はい、さっき急に始まって、本人は我慢できないほど痛いと言っています。",True,False,False,0,False,False
sudden_severe_1_0086,"Dispatcher: いきなりひどい頭痛になった感じですか？
Caller: いいえ、娘は前から痛かったけれど少しずつ強くなったと言っています。",True,False,False,1,False,False
sudden_severe_1_0087,"Dispatcher: 急に激しい頭痛が起きましたか？
Caller: いいえ、徐々に痛くなってきたそうです。",True,False,False,1,False,False
sudden_severe_1_0088,"Dispatcher: 頭の痛みは、突然起こった激しい痛みですか？
Caller: いいえ、急にではなく、前から続いている鈍い痛みです。",True,False,False,1,False,False
sudden_severe_1_0089,"Dispatcher: 頭の痛みは、突然起こった激しい痛みですか？
Caller: いいえ、同僚は朝から少し痛いと言っていて、急に強い痛みが出たわけではありません。",True,False,False,1,False,False
sudden_severe_1_0090,"Dispatcher: 頭の痛みは、突然起こった激しい痛みですか？
Caller: いいえ、いきなりではなく、数時間かけてだんだん痛くなっています。",True,False,False,1,False,False
sudden_severe_2_0091,"Dispatcher: 頭の痛みは、突然起こった激しい痛みですか？
Caller: 会社から連絡を受けただけで、急に始まったのか、どの程度強いのかまでは分かりません。",True,False,False,2,False,False
sudden_severe_2_0092,"Dispatcher: 頭の痛みは、突然起こった激しい痛みですか？
Caller: 突然だったか、激しい痛みかは分かりません。",True,False,False,2,False,False
sudden_severe_2_0093,"Dispatcher: 頭の痛みは、突然起こった激しい痛みですか？
Caller: 友人から頭痛がするとメッセージが来ただけで、急にひどくなったのかまでは確認できていません。",True,False,False,2,False,False
sudden_severe_2_0094,"Dispatcher: 頭の痛みは、急に出た強い痛みか確認できますか？
Caller: 本人は別室で休んでいて話せていないので、突然なのか強い痛みなのかは確認できません。",True,False,False,2,False,False
sudden_severe_2_0095,"Dispatcher: いつもの軽い頭痛ということでよいですか？
Caller: いいえ、そこまでは分からず、急に激しくなったのかどうかは本人に確認できていません。",True,False,False,2,False,False
sudden_severe_-1_0096,"Dispatcher: 手足のしびれや麻痺はありますか？
Caller: はい、左腕がしびれていて、うまく力が入らないと言っています。",True,False,False,-1,False,False
sudden_severe_-1_0097,"Dispatcher: いつもより元気で普通に過ごしていますか？
Caller: いいえ、同じことを何度も聞き返してきて、普段の受け答えと明らかに違います。",True,False,False,-1,False,False
sudden_severe_-1_0098,"Dispatcher: ぼんやりしている、返事がおかしいなど、普段と違う様子は見えますか？
Caller: はい、妻なんですが、呼びかけても反応が鈍くて会話がかみ合いません。",True,False,False,-1,False,False
sudden_severe_-1_0099,"Dispatcher: 普段と違う振る舞いや様子はありますか？
Caller: はい、受け答えがちぐはぐで、いつもの様子ではありません。",True,False,False,-1,False,False
sudden_severe_-1_0100,"Dispatcher: 受け答えが変、落ち着きがないなど、普段と違う様子はありますか？
Caller: いいえ、返事はしっかりしていて、行動も普段と変わりません。",True,False,False,-1,False,False
sudden_severe_0_0101,"Dispatcher: いつもの頭痛ではなく、急にひどくなった感じですか？
Caller: はい、急に我慢できないくらい強い痛みが来たと言っています。",True,False,False,0,False,False
sudden_severe_0_0102,"Dispatcher: いきなり強い頭痛が出た感じですか？
Caller: はい、さっき突然ひどい頭痛になったそうです。",True,False,False,0,False,False
sudden_severe_0_0103,"Dispatcher: 頭の痛みは、突然起こった激しい痛みですか？
Caller: はい、さっきまで普通だったのに、急に耐えられないほど痛いと言い出しました。",True,False,False,0,False,False
sudden_severe_0_0104,"Dispatcher: 頭の痛みは、急に出た強い痛みですか？
Caller: はい、会議中にいきなり頭を押さえて、ものすごく痛いと言っていました。",True,False,False,0,False,False
sudden_severe_0_0105,"Dispatcher: 頭の痛みは、突然起こった激しい痛みですか？
Caller: はい、急に始まって、今までで一番痛いくらいだと言っています。",True,False,False,0,False,False
sudden_severe_1_0106,"Dispatcher: いつもの頭痛ではなく、急にひどくなった感じですか？
Caller: いいえ、朝から少しずつ痛くなってきたようで、急にではないです。",True,False,False,1,False,False
sudden_severe_1_0107,"Dispatcher: いきなり強い頭痛が出た感じですか？
Caller: いいえ、突然ではなく、昼ごろからだんだん痛みが増しただけです。",True,False,False,1,False,False
sudden_severe_1_0108,"Dispatcher: 頭の痛みは、突然起こった激しい痛みですか？
Caller: いいえ、本人は前からある頭痛が少しつらくなったと言っていて、急な激痛ではありません。",True,False,False,1,False,False
sudden_severe_1_0109,"Dispatcher: 頭の痛みは、突然起こった激しい痛みですか？
Caller: いいえ、急にではなく、ずっと重い感じが続いているそうです。",True,False,False,1,False,False
sudden_severe_1_0110,"Dispatcher: 頭の痛みは、急に出た強い痛みですか？
Caller: いいえ、昨日からの頭痛で、急にひどくなったわけではないです。",True,False,False,1,False,False
sudden_severe_2_0111,"Dispatcher: 頭の痛みは、突然起こった激しい痛みですか？
Caller: 突然だったかどうかも、痛みの強さもまだ確認できていません。",True,False,False,2,False,False
sudden_severe_2_0112,"Dispatcher: いつもの軽い頭痛ということでよいですか？
Caller: それも分からなくて、急に強い痛みなのかどうか確認できていません。",True,False,False,2,False,False
sudden_severe_2_0113,"Dispatcher: さっきまで普通だったのに、急に我慢できないほど頭が痛くなった感じですか？
Caller: 隣の部署の者から呼ばれただけなので、始まり方も痛みの強さも私には分かりません。",True,False,False,2,False,False
sudden_severe_2_0114,"Dispatcher: いきなりひどい頭痛になった感じですか？
Caller: 電話越しに頭が痛いと聞いただけで、急だったのかひどいのかまでは分かりません。",True,False,False,2,False,False
sudden_severe_2_0115,"Dispatcher: いつもの頭痛ではなく急な強い痛みですか？
Caller: 母から短く連絡があっただけなので、急に起きたのか、強い痛みなのかはまだ確認できていません。",True,False,False,2,False,False
sudden_severe_-1_0116,"Dispatcher: 何か変わったことはありますか？
Caller: 頭が痛いと連絡があっただけで、普段と違う様子があるかまではまだ分かりません。",True,False,False,-1,False,False
sudden_severe_-1_0117,"Dispatcher: いつもと違う振る舞いはありますか？
Caller: いつもと違う振る舞いがあるかは分かりません。",True,False,False,-1,False,False
sudden_severe_-1_0118,"Dispatcher: 手足のしびれや麻痺はありますか？
Caller: いいえ、手も足も普通に動いていて、しびれはないようです。",True,False,False,-1,False,False
sudden_severe_-1_0119,"Dispatcher: いつもより元気で普通に過ごしていますか？
Caller: いいえ、返事はできるんですが、急に落ち着きがなくなって同じ場所をうろうろしています。",True,False,False,-1,False,False
sudden_severe_-1_0120,"Dispatcher: 片側の手足にしびれや動かしにくさはありますか？
Caller: はい、父は右手がしびれていて、右足も力が入りにくいようです。",True,False,False,-1,False,False
sudden_severe_0_0121,"Dispatcher: いつもの頭痛ではなく、急にものすごく強い痛みが出た感じですか？
Caller: はい、夫がさっき急に頭を押さえて、今までにないくらい痛いと訴えています。",True,False,False,0,False,False
sudden_severe_0_0122,"Dispatcher: 急に激しい頭痛になったということでよいですか？
Caller: はい、同僚が突然うずくまって、我慢できないほど頭が痛いと言っています。",True,False,False,0,False,False
sudden_severe_0_0123,"Dispatcher: いきなり耐えられないような頭の痛みが来た感じですか？
Caller: はい、母が食事中に急に顔色を変えて、頭が割れそうに痛いと言い出しました。",True,False,False,0,False,False
sudden_severe_0_0124,"Dispatcher: 頭の痛みは、突然起こった激しい痛みですか？
Caller: はい、友人がさっきまで普通に話していたのに、急に後頭部がひどく痛むと言って動けなくなりました。",True,False,False,0,False,False
sudden_severe_0_0125,"Dispatcher: 普通の頭痛ではなく、急に強く出た痛みですか？
Caller: はい、職場の先輩が急に頭を抱えて、こんな強い痛みは初めてだと言っています。",True,False,False,0,False,False
sudden_severe_1_0126,"Dispatcher: さっきまで普通だったのに、急にひどい頭痛が出た感じですか？
Caller: いいえ、妹は朝から少しずつ痛くなってきたと言っていて、急に強くなったわけではありません。",True,False,False,1,False,False
sudden_severe_1_0127,"Dispatcher: 頭の痛みは、突然起こった激しい痛みですか？
Caller: いいえ、父は前から重い感じが続いていて、急に襲うような痛みではないです。",True,False,False,1,False,False
sudden_severe_1_0128,"Dispatcher: 急に激しい頭痛が起こりましたか？
Caller: いいえ、徐々に痛くなったようです。",True,False,False,1,False,False
sudden_severe_1_0129,"Dispatcher: いきなり我慢できないほど痛くなったんですか？
Caller: いいえ、同僚は昼ごろからじわじわ痛いと言っていました。",True,False,False,1,False,False
sudden_severe_1_0130,"Dispatcher: 急にものすごい頭痛が出た感じですか？
Caller: いいえ、妻は前から続く頭痛で、突然ではありません。",True,False,False,1,False,False
sudden_severe_2_0131,"Dispatcher: 頭の痛みは、突然起こった激しい痛みですか？
Caller: すみません、本人から頭痛がすると連絡を受けただけで、急に始まったのかや強さまでは分かりません。",True,False,False,2,False,False
sudden_severe_2_0132,"Dispatcher: 頭の痛みは、突然起こった激しい痛みですか？
Caller: 今そばにいなくて、突然だったのか、どのくらい強いのかは確認できていません。",True,False,False,2,False,False
sudden_severe_2_0133,"Dispatcher: さっきまで普通だったのに、急に耐えられないほど頭が痛くなった感じですか？
Caller: 弟から短いメッセージで頭痛とだけ来ていて、始まり方や痛みの強さはまだ分からないです。",True,False,False,2,False,False
sudden_severe_2_0134,"Dispatcher: いつもの軽い頭痛ということでよいですか？
Caller: そこは分かりません。急に強くなったのかどうか確認できていません。",True,False,False,2,False,False
sudden_severe_2_0135,"Dispatcher: 頭の痛みは、急に出た強い痛みか確認できますか？
Caller: 近くにいるのは祖母だけで、私は電話で聞いているだけなので、突然なのか激しいのかまでは判断できません。",True,False,False,2,False,False
sudden_severe_-1_0136,"Dispatcher: 手足のしびれや片側の動かしにくさはありますか？
Caller: はい、兄は右腕にしびれがあって、右足にも力が入りにくいと言っています。",True,False,False,-1,False,False
sudden_severe_-1_0137,"Dispatcher: 何かいつもと違う振る舞いはありますか？
Caller: いいえ、受け答えも普段どおりで、様子は変わりありません。",True,False,False,-1,False,False
sudden_severe_-1_0138,"Dispatcher: ぼんやりしている、返事がおかしいなど、普段と違う様子は見えますか？
Caller: 今は電話で頭が痛いと聞いただけで、いつもと違う振る舞いがあるかは確認できません。",True,False,False,-1,False,False
sudden_severe_-1_0139,"Dispatcher: 手足のしびれや麻痺はありますか？
Caller: いいえ、母は手足は普通に動いていて、しびれもないと言っています。",True,False,False,-1,False,False
sudden_severe_-1_0140,"Dispatcher: しびれや麻痺はありますか？
Caller: いいえ、今のところ手足のしびれや動かしにくさはありません。",True,False,False,-1,False,False
sudden_severe_0_0141,"Dispatcher: 頭の痛みは、突然起こった激しい痛みですか？
Caller: はい、息子が急に頭を抱えて、今までで一番痛いと言っています。",True,False,False,0,False,False
sudden_severe_0_0142,"Dispatcher: 急に激しい頭痛になったということでよいですか？
Caller: はい、友人が突然叫ぶように痛がって、耐えられないほどだと言っています。",True,False,False,0,False,False
sudden_severe_0_0143,"Dispatcher: いきなりひどい頭痛が来た感じですか？
Caller: はい、同僚が会議中に急に黙り込んで、ものすごく痛いと訴えました。",True,False,False,0,False,False
sudden_severe_0_0144,"Dispatcher: 普通の頭痛ではなく、急に強く出た痛みですか？
Caller: はい、娘が入浴中に急に頭が割れるみたいに痛いと言って出てきました。",True,False,False,0,False,False
sudden_severe_0_0145,"Dispatcher: いつもの頭痛ではなく、急にものすごく強い痛みが出た感じですか？
Caller: はい、夫が庭にいた時に突然しゃがみこんで、我慢できない頭痛だと言っています。",True,False,False,0,False,False
sudden_severe_1_0146,"Dispatcher: 急にものすごい頭痛が出た感じですか？
Caller: いいえ、朝から続いている痛みで、急に強くなったわけではありません。",True,False,False,1,False,False
sudden_severe_1_0147,"Dispatcher: 頭の痛みは、突然起こった激しい痛みですか？
Caller: いいえ、妻は昨日から少しずつ痛みが増しているだけで、突然の激痛ではありません。",True,False,False,1,False,False
sudden_severe_1_0148,"Dispatcher: いきなり我慢できないほど頭が痛くなったんですか？
Caller: いいえ、父は前から鈍い痛みが続いていると言っています。",True,False,False,1,False,False
sudden_severe_1_0149,"Dispatcher: 急に激しい頭痛が起こりましたか？
Caller: いいえ、母はいつもの頭痛が少しつらい程度だと言っています。",True,False,False,1,False,False
sudden_severe_1_0150,"Dispatcher: 急にひどい頭痛になった感じですか？
Caller: いいえ、弟はだんだん痛くなってきたと言っています。",True,False,False,1,False,False
sudden_severe_2_0151,"Dispatcher: いつもの軽い頭痛ということでよいですか？
Caller: そこまでは分かりません。急に強くなったのか、ひどい痛みなのか確認できていません。",True,False,False,2,False,False
sudden_severe_2_0152,"Dispatcher: 頭の痛みは、突然起こった激しい痛みですか？
Caller: 本人から頭が痛いとしか聞いておらず、急に起きたのか、強い痛みなのかまでは分かりません。",True,False,False,2,False,False
sudden_severe_2_0153,"Dispatcher: さっきまで普通だったのに、急に我慢できないほど頭が痛くなった感じですか？
Caller: 同僚からメッセージで頭痛とだけ来ていて、始まり方や痛みの強さまでは確認できていません。",True,False,False,2,False,False
sudden_severe_2_0154,"Dispatcher: 頭の痛みは、急に出た強い痛みか確認できますか？
Caller: 娘から連絡を受けただけでその場にいないので、突然なのか激しいのかは分かりません。",True,False,False,2,False,False
sudden_severe_2_0155,"Dispatcher: 頭の痛みは、突然起こった激しい痛みですか？
Caller: 友人が頭痛で休んでいると聞いただけで、急に起きたのか、かなり強いのかまでは聞けていません。",True,False,False,2,False,False
sudden_severe_-1_0156,"Dispatcher: 手足のしびれや麻痺はありますか？
Caller: いいえ、腕も足も普通に動いていて、しびれはないようです。",True,False,False,-1,False,False
sudden_severe_-1_0157,"Dispatcher: 普通に歩けていますか？
Caller: いいえ、左足がしびれると言っていて、左手にも力が入りにくそうです。",True,False,False,-1,False,False
sudden_severe_-1_0158,"Dispatcher: 何か変わったことはありますか？
Caller: 頭が痛いと連絡が来ただけで、普段と違う様子があるかは確認できていません。",True,False,False,-1,False,False
sudden_severe_-1_0159,"Dispatcher: 体の様子で気になることはありますか？
Caller: 電話では頭痛のことしか分からず、しびれや麻痺があるかはまだ見られていません。",True,False,False,-1,False,False
sudden_severe_-1_0160,"Dispatcher: 手足のしびれや麻痺はありますか？
Caller: 今は本人のそばにいないので、しびれや麻痺があるかは確認できません。",True,False,False,-1,False,False
sudden_severe_0_0161,"Dispatcher: 頭の痛みは、突然起こった激しい痛みですか？
Caller: はい、急に始まって、本人も今までで一番痛いと言っています。",True,False,False,0,False,False
sudden_severe_0_0162,"Dispatcher: いつもの頭痛ではなく、急にひどくなった感じですか？
Caller: はい、さっき急に我慢できないくらい痛いと言い出しました。",True,False,False,0,False,False
sudden_severe_0_0163,"Dispatcher: 頭の痛みは、突然起こった激しい痛みですか？
Caller: はい、普通に話していたのに急に頭を押さえて、ものすごく痛いと言いました。",True,False,False,0,False,False
sudden_severe_0_0164,"Dispatcher: 急に出た強い頭痛ですか？
Caller: はい、さっき突然で、本人は耐えられないほど痛い様子です。",True,False,False,0,False,False
sudden_severe_0_0165,"Dispatcher: いつもの軽い頭痛ではないですか？
Caller: はい、いつもの感じではなく、急に激しく痛くなったと言っています。",True,False,False,0,False,False
sudden_severe_1_0166,"Dispatcher: 頭の痛みは、突然起こった激しい痛みですか？
Caller: いいえ、朝から少しずつ痛くなってきたようで、急にひどくなったわけではありません。",True,False,False,1,False,False
sudden_severe_1_0167,"Dispatcher: いつもの軽い頭痛ということでよいですか？
Caller: はい、急にではなく、前からじわじわ痛いと言っています。",True,False,False,1,False,False
sudden_severe_1_0168,"Dispatcher: いきなり耐えられないほどの痛みが来た感じですか？
Caller: いいえ、会議中から重い感じが続いていただけで、急に強くなったわけではないです。",True,False,False,1,False,False
sudden_severe_1_0169,"Dispatcher: さっき急に強い頭痛が出たんですか？
Caller: いや、そうではなくて、昼ごろからだんだん痛くなってきたみたいです。",True,False,False,1,False,False
sudden_severe_1_0170,"Dispatcher: 急に出た激しい頭痛ですか？
Caller: いいえ、急ではなく、痛みも我慢できないほどではないです。",True,False,False,1,False,False
sudden_severe_2_0171,"Dispatcher: 頭の痛みは、突然起こった激しい痛みですか？
Caller: 頭痛があることしか聞いておらず、急に起きたのか、強いのかは分かりません。",True,False,False,2,False,False
sudden_severe_2_0172,"Dispatcher: 頭の痛みは、急に出た強い痛みか分かりますか？
Caller: 弟から短い連絡が来ただけで、突然だったのか、どのくらい強いのかまでは確認できていません。",True,False,False,2,False,False
sudden_severe_2_0173,"Dispatcher: いつもの軽い頭痛ということでよいですか？
Caller: それも分かりません。急にひどくなったのかどうか確認できていません。",True,False,False,2,False,False
sudden_severe_2_0174,"Dispatcher: さっき急にひどい頭痛になった感じですか？
Caller: 私は職場にいなくて、本人から頭が痛いとだけ聞いたので、始まり方も強さも分かりません。",True,False,False,2,False,False
sudden_severe_2_0175,"Dispatcher: 頭の痛みは、突然起こった激しい痛みですか？
Caller: 隣の部屋から家族に呼ばれて来ただけで、いつからなのか、どれほど強いのかはまだ確認できていません。",True,False,False,2,False,False
sudden_severe_-1_0176,"Dispatcher: 何か変わったことはありますか？
Caller: 今は電話で聞いただけなので、普段と違う振る舞いがあるかは分かりません。",True,False,False,-1,False,False
sudden_severe_-1_0177,"Dispatcher: 普通に歩けていますか？
Caller: ええ、手足は普通に動いていて、しびれもないです。",True,False,False,-1,False,False
sudden_severe_-1_0178,"Dispatcher: ぼんやりしている、返事がおかしいなど、普段と違う様子はありますか？
Caller: 妻から頭痛の連絡を受けただけで、受け答えや行動がいつもと違うかまでは分かりません。",True,False,False,-1,False,False
sudden_severe_-1_0179,"Dispatcher: いつもと違う振る舞いはありますか？
Caller: それは分かりません。まだ直接見ていないので確認できていません。",True,False,False,-1,False,False
sudden_severe_-1_0180,"Dispatcher: 何か変わったことはありますか？
Caller: いいえ、受け答えも普段どおりで、特におかしな様子はありません。",True,False,False,-1,False,False
sudden_severe_0_0181,"Dispatcher: さっき急に耐えられないくらい頭が痛くなった感じですか？
Caller: はい、同僚が急に頭を押さえて、今までにないくらい痛いと訴えました。",True,False,False,0,False,False
sudden_severe_0_0182,"Dispatcher: 頭の痛みは、突然起こった激しい痛みですか？
Caller: はい、夫がいきなりひどい頭痛が来たと言って、その場でうずくまりました。",True,False,False,0,False,False
sudden_severe_0_0183,"Dispatcher: 頭痛は急に始まって、かなり強い痛みですか？
Caller: はい、友人はさっきまで普通だったのに、突然我慢できないほど痛いと言い出しました。",True,False,False,0,False,False
sudden_severe_0_0184,"Dispatcher: いつもの頭痛ではなく、急にひどくなった感じですか？
Caller: はい、急にものすごく痛くなったようです。",True,False,False,0,False,False
sudden_severe_0_0185,"Dispatcher: 激しい頭痛が突然起こりましたか？
Caller: はい、母が急に割れるように痛いと言っています。",True,False,False,0,False,False
sudden_severe_1_0186,"Dispatcher: 頭の痛みは、突然起こった激しい痛みですか？
Caller: いいえ、朝から少しずつ痛くなってきたみたいで、急にではありません。",True,False,False,1,False,False
sudden_severe_1_0187,"Dispatcher: いきなり我慢できないほどの頭痛になったんですか？
Caller: いいえ、娘は昨日から重い感じが続いていて、急に強くなったわけではないです。",True,False,False,1,False,False
sudden_severe_1_0188,"Dispatcher: さっき急にひどい頭痛が出た感じですか？
Caller: いいえ、同僚は昼頃からじわじわ痛くなってきたと言っています。",True,False,False,1,False,False
sudden_severe_1_0189,"Dispatcher: 急に耐えられないほどの頭痛ですか？
Caller: いいえ、徐々に痛くなってきたそうです。",True,False,False,1,False,False
sudden_severe_1_0190,"Dispatcher: 頭痛は突然の激しい痛みですか？
Caller: いいえ、夫は前から続くいつもの頭痛みたいだと言っています。",True,False,False,1,False,False
sudden_severe_2_0191,"Dispatcher: いつもの軽い頭痛ということでよいですか？
Caller: そこまでは分かりません。急に強くなったのかどうかは確認できていません。",True,False,False,2,False,False
sudden_severe_2_0192,"Dispatcher: 急に強い頭痛が出たか分かりますか？
Caller: 本人から頭が痛いと連絡があっただけで、突然だったか、痛みが強いかまでは分かりません。",True,False,False,2,False,False
sudden_severe_2_0193,"Dispatcher: さっきまで平気だったのに急にひどくなった感じですか？
Caller: 電話で聞いただけなので、始まり方や強さはまだ分からないです。",True,False,False,2,False,False
sudden_severe_2_0194,"Dispatcher: 頭の痛みは、突然起こった激しい痛みですか？
Caller: すみません、そこはまだ確認できていません。",True,False,False,2,False,False
sudden_severe_2_0195,"Dispatcher: 頭の痛みは急に出た強い痛みか確認できますか？
Caller: 今、本人は別の部屋にいて詳しく聞けておらず、突然なのか激しいのかは分かりません。",True,False,False,2,False,False
sudden_severe_-1_0196,"Dispatcher: 手足のしびれや、片側だけ力が入りにくい様子はありますか？
Caller: はい、弟は右手がしびれて、右足もうまく動かしにくいと言っています。",True,False,False,-1,False,False
sudden_severe_-1_0197,"Dispatcher: 何か変わった様子はありますか？
Caller: いいえ、受け答えも普段どおりで、様子は変わりません。",True,False,False,-1,False,False
sudden_severe_-1_0198,"Dispatcher: しびれや麻痺はありますか？
Caller: 分かりません、今そばにいなくて確認できません。",True,False,False,-1,False,False
sudden_severe_-1_0199,"Dispatcher: ぼんやりしている、返事がおかしいなど、普段と違う振る舞いは見られますか？
Caller: 会社から連絡を受けただけで本人を見ていないので、いつもと違う様子があるかは分かりません。",True,False,False,-1,False,False
sudden_severe_-1_0200,"Dispatcher: 手足のしびれや麻痺があるか見られますか？
Caller: 今は電話越しでしか分からず、しびれや動かしにくさがあるかは確認できません。",True,False,False,-1,False,False
sudden_severe_0_0201,"Dispatcher: 頭痛は突然始まって、かなり激しいものですか？
Caller: はい、父が会話の途中で急に頭を抱えて、今までで一番ひどい痛みだと言いました。",True,False,False,0,False,False
sudden_severe_0_0202,"Dispatcher: 急にひどい頭痛になった感じですか？
Caller: はい、突然すごく痛くなったそうです。",True,False,False,0,False,False
sudden_severe_0_0203,"Dispatcher: いきなり耐えがたい頭痛が来たんですか？
Caller: はい、友人が急に殴られたみたいに頭が痛いと言って座り込んでいます。",True,False,False,0,False,False
sudden_severe_0_0204,"Dispatcher: さっき急に強い頭痛が出たんですか？
Caller: はい、急に我慢できないほど痛くなったみたいです。",True,False,False,0,False,False
sudden_severe_0_0205,"Dispatcher: 頭の痛みは、突然起こった激しい痛みですか？
Caller: はい、妻が突然ひどい頭痛を訴えて、立っていられなくなっています。",True,False,False,0,False,False
sudden_severe_1_0206,"Dispatcher: 頭痛は急に起こった強い痛みですか？
Caller: いいえ、兄は夕方からだんだん痛くなってきたと言っていて、突然ではないです。",True,False,False,1,False,False
sudden_severe_1_0207,"Dispatcher: 頭の痛みは、突然起こった激しい痛みですか？
Caller: いいえ、母は朝から少しずつ痛くなっていて、急にひどくなったわけではありません。",True,False,False,1,False,False
sudden_severe_1_0208,"Dispatcher: いきなり我慢できないほどの頭痛でしたか？
Caller: いいえ、同居人は最初は軽い痛みで、時間がたってから少し強くなったと言っています。",True,False,False,1,False,False
sudden_severe_1_0209,"Dispatcher: 頭痛は突然始まった激しいものですか？
Caller: いいえ、前から続いている痛みみたいです。",True,False,False,1,False,False
sudden_severe_1_0210,"Dispatcher: 急にひどい頭痛が出た感じですか？
Caller: いいえ、だんだん痛くなってきただけで、急な痛みではありません。",True,False,False,1,False,False
sudden_severe_2_0211,"Dispatcher: いつもの軽い頭痛ということでよいですか？
Caller: そこまでは分かりません。急に強くなったのか、普段の頭痛みたいなものか確認できていません。",True,False,False,2,False,False
sudden_severe_2_0212,"Dispatcher: 急にひどい頭痛が来た感じですか？
Caller: 職場から連絡を受けただけで、痛みが急だったのか強かったのかまではまだ聞けていません。",True,False,False,2,False,False
sudden_severe_2_0213,"Dispatcher: 頭の痛みは、突然起こった激しい痛みですか？
Caller: そのあたりはまだ分かりません。本人が頭痛いと言っていただけでした。",True,False,False,2,False,False
sudden_severe_2_0214,"Dispatcher: さっきまで普通だったのに、一気に強い頭痛が出た様子はありますか？
Caller: 私は隣の部署にいて本人を見ておらず、突然だったかどうかも、かなり強い痛みかどうかも確認できません。",True,False,False,2,False,False
sudden_severe_2_0215,"Dispatcher: 頭の痛みは、急に出た強い痛みか確認できますか？
Caller: 近くにいないので、突然なのか強い痛みなのかは確認できません。",True,False,False,2,False,False
sudden_severe_-1_0216,"Dispatcher: 普段と違う振る舞いや様子はありますか？
Caller: いいえ、受け答えも普通で、いつもと変わった様子はありません。",True,False,False,-1,False,False
sudden_severe_-1_0217,"Dispatcher: 手足のしびれや麻痺はありますか？
Caller: はっきりしたしびれはなくて、手足も普通に動かせています。",True,False,False,-1,False,False
sudden_severe_-1_0218,"Dispatcher: 何か変わったことはありますか？
Caller: 頭が痛いこと以外はまだ分からず、普段と違う様子かどうかは確認できていません。",True,False,False,-1,False,False
sudden_severe_-1_0219,"Dispatcher: ぼんやりしている、返事がおかしいなど、普段と違う様子は見えますか？
Caller: 今は電話で聞いただけなので、普段と違う振る舞いがあるかまでは確認できません。",True,False,False,-1,False,False
sudden_severe_-1_0220,"Dispatcher: 普通に歩けていますか？
Caller: その点は大丈夫で、しびれや動かしにくさはないようです。",True,False,False,-1,False,False
sudden_severe_0_0221,"Dispatcher: 頭の痛みは、突然起こった激しい痛みですか？
Caller: はい、さっき急に始まって、本人も今までで一番痛いと言っています。",True,False,False,0,False,False
sudden_severe_0_0222,"Dispatcher: 急にひどい頭痛が出た感じですか？
Caller: はい、数分前に突然痛いと言い出して、我慢できないくらい強い頭痛です。",True,False,False,0,False,False
sudden_severe_0_0223,"Dispatcher: 頭の痛みは、急に出た強い痛みですか？
Caller: はい、急に頭を押さえて、ものすごく痛いと言っています。",True,False,False,0,False,False
sudden_severe_0_0224,"Dispatcher: 頭の痛みは、突然起こった激しい痛みですか？
Caller: はい、さっきまで普通だったのに突然始まって、本人は耐えられないほど痛いと言っています。",True,False,False,0,False,False
sudden_severe_0_0225,"Dispatcher: いつもの頭痛みたいなものですか？
Caller: いいえ、食事中に急にうずくまって、経験したことがないくらい強い痛みだと言っています。",True,False,False,0,False,False
sudden_severe_1_0226,"Dispatcher: さっきまで普通だったのに、急に我慢できないほど頭が痛くなった感じですか？
Caller: いいえ、朝から少しずつ痛くなってきたようで、急にひどくなったわけではありません。",True,False,False,1,False,False
sudden_severe_1_0227,"Dispatcher: いつもの軽い頭痛ということでよいですか？
Caller: はい、急に強く出た感じではなく、前からある頭痛が続いているようです。",True,False,False,1,False,False
sudden_severe_1_0228,"Dispatcher: 頭の痛みは、突然起こった激しい痛みですか？
Caller: いいえ、昼ごろから徐々に痛くなったもので、突然でも耐えられないほどでもありません。",True,False,False,1,False,False
sudden_severe_1_0229,"Dispatcher: 頭の痛みは、急に出た強い痛みですか？
Caller: そうではなくて、仕事中からじわじわ痛くなってきたと言っています。",True,False,False,1,False,False
sudden_severe_1_0230,"Dispatcher: 急にひどい頭痛が来た感じですか？
Caller: いいえ、昨日から続く鈍い痛みで、突然始まった強い頭痛ではありません。",True,False,False,1,False,False
sudden_severe_2_0231,"Dispatcher: 頭の痛みは、突然起こった激しい痛みですか？
Caller: 友人からメッセージで頭痛いと来ただけで、急に始まったのか、強い痛みなのかまでは分かりません。",True,False,False,2,False,False
sudden_severe_2_0232,"Dispatcher: 頭の痛みは、急に出た強い痛みですか？
Caller: そこは確認できていません。頭が痛いとだけ聞いています。",True,False,False,2,False,False
sudden_severe_2_0233,"Dispatcher: 激しい痛みが突然起こりましたか？
Caller: 激しい痛みが突然起こったかは分かりません。",True,False,False,2,False,False
sudden_severe_2_0234,"Dispatcher: 急にひどい頭痛が出た感じですか？
Caller: 本人は別室にいて詳しく話せておらず、突然かどうかも、ひどい痛みかどうかも確認できません。",True,False,False,2,False,False
sudden_severe_2_0235,"Dispatcher: 頭の痛みは、突然起こった激しい痛みですか？
Caller: ビデオ通話で少し見ただけなので、始まり方や痛みの強さまでは分かりません。",True,False,False,2,False,False
sudden_severe_-1_0236,"Dispatcher: 普段と違う振る舞いや様子はありますか？
Caller: いいえ、会話も行動も普段どおりで、おかしな様子はありません。",True,False,False,-1,False,False
sudden_severe_-1_0237,"Dispatcher: 何か変わったことはありますか？
Caller: 頭痛のことしか聞けておらず、普段と違う振る舞いがあるかは確認できません。",True,False,False,-1,False,False
sudden_severe_-1_0238,"Dispatcher: いつもと違う振る舞いはありますか？
Caller: いいえ、返事もしっかりしていて、特に変わった行動はありません。",True,False,False,-1,False,False
sudden_severe_-1_0239,"Dispatcher: 何か変わったことはありますか？
Caller: はい、同じことを何度も聞き返していて、いつもの受け答えと違います。",True,False,False,-1,False,False
sudden_severe_-1_0240,"Dispatcher: ぼんやりしている、返事がおかしいなど、普段と違う様子は見えますか？
Caller: はい、夫なんですが、さっきから話がかみ合わず落ち着きもなくて、明らかにいつもと違います。",True,False,False,-1,False,False
sudden_severe_0_0241,"Dispatcher: いつもの頭痛ではなく、急にひどくなった感じですか？
Caller: はい、主人が急に頭を押さえて、我慢できないくらい痛いと言っています。",True,False,False,0,False,False
sudden_severe_0_0242,"Dispatcher: 急に強い頭痛が出た感じでしょうか？
Caller: はい、さっきまで普通に話していたのに、突然ものすごい頭痛が来たと言ってうずくまっています。",True,False,False,0,False,False
sudden_severe_0_0243,"Dispatcher: 頭の痛みは、突然起こった激しい痛みですか？
Caller: はい、同僚が急に今までで一番ひどい頭痛だと言って、その場で動けなくなりました。",True,False,False,0,False,False
sudden_severe_0_0244,"Dispatcher: さっきまで普通だったのに、急に我慢できないほど頭が痛くなった感じですか？
Caller: はい、母が食事中にいきなり頭を抱えて、耐えられない痛みだと言い出しました。",True,False,False,0,False,False
sudden_severe_0_0245,"Dispatcher: 軽い痛みが続いている感じですか？
Caller: いいえ、弟は急に割れるみたいに痛いと言って倒れ込んでいます。",True,False,False,0,False,False
sudden_severe_1_0246,"Dispatcher: いつもの頭痛ではなく、急にひどくなった感じですか？
Caller: いいえ、朝から少しずつ痛くなってきたようで、突然の強い痛みではありません。",True,False,False,1,False,False
sudden_severe_1_0247,"Dispatcher: 急に強い頭痛が出た感じでしょうか？
Caller: いいえ、急にではないです。",True,False,False,1,False,False
sudden_severe_1_0248,"Dispatcher: 急に強い頭痛が出た感じでしょうか？
Caller: いいえ、本人は前から重い感じが続いていて、急に激しくなったわけではないと言っています。",True,False,False,1,False,False
sudden_severe_1_0249,"Dispatcher: いつもの頭痛ではなく、急にひどくなった感じですか？
Caller: いいえ、そこまで急な痛みではないです。",True,False,False,1,False,False
sudden_severe_1_0250,"Dispatcher: 頭の痛みは、突然起こった激しい痛みですか？
Caller: いいえ、友人は昼頃からだんだん痛みが強くなったと言っていて、突然の激痛ではありません。",True,False,False,1,False,False
sudden_severe_2_0251,"Dispatcher: いつもの頭痛ではなく、急にひどくなった感じですか？
Caller: 娘から頭が痛いとメッセージだけ来ていて、急に始まったのか強いのかまでは分かりません。",True,False,False,2,False,False
sudden_severe_2_0252,"Dispatcher: 軽い頭痛が続いている感じですか？
Caller: そこは分からなくて、同僚から頭痛がすると連絡があっただけで、急にひどくなったかは確認できていません。",True,False,False,2,False,False
sudden_severe_2_0253,"Dispatcher: 急に強い頭痛が出た感じでしょうか？
Caller: 急に強い頭痛かどうかは分かりません。",True,False,False,2,False,False
sudden_severe_2_0254,"Dispatcher: 頭の痛みは、突然起こった激しい痛みですか？
Caller: 今は本人のそばにいないので、突然だったのか、どの程度強いのかは確認できません。",True,False,False,2,False,False
sudden_severe_2_0255,"Dispatcher: 頭の痛みは、急に出た強い痛みか確認できますか？
Caller: 頭が痛いとは聞いていますが、始まり方や痛みの強さまではまだ分かりません。",True,False,False,2,False,False
sudden_severe_-1_0256,"Dispatcher: 普通に歩けているということでよいですか？
Caller: それが分からなくて、電話で頭痛を訴えていただけなので、手足のしびれや動かしにくさは確認できていません。",True,False,False,-1,False,False
sudden_severe_-1_0257,"Dispatcher: 手足の様子で気になることはありますか？
Caller: はい、父は右手がしびれて力が入らないと言っています。",True,False,False,-1,False,False
sudden_severe_-1_0258,"Dispatcher: しびれや麻痺はありますか？
Caller: はい、左足がしびれてうまく動かせないようです。",True,False,False,-1,False,False
sudden_severe_-1_0259,"Dispatcher: 何か変わったことはありますか？
Caller: 頭が痛いとしか聞いておらず、普段と違う様子があるかは分かりません。",True,False,False,-1,False,False
sudden_severe_-1_0260,"Dispatcher: 片側の手足にしびれや動かしにくさはありますか？
Caller: はい、妻は右腕がしびれて持ち上げにくいと言っています。",True,False,False,-1,False,False
sudden_severe_0_0261,"Dispatcher: 急に強い頭痛が出た感じでしょうか？
Caller: はい、息子がいきなり耐えられないほど痛いと言い出しました。",True,False,False,0,False,False
sudden_severe_0_0262,"Dispatcher: いつもの頭痛ではなく、急にひどくなった感じですか？
Caller: はい、友人が突然ものすごく痛いと言っています。",True,False,False,0,False,False
sudden_severe_0_0263,"Dispatcher: 急に強い頭痛が出た感じでしょうか？
Caller: はい、母がさっき急に頭が割れそうなくらい痛いと言って、その場にしゃがみ込みました。",True,False,False,0,False,False
sudden_severe_0_0264,"Dispatcher: 軽い頭痛が続いている感じですか？
Caller: いいえ、同僚は会議中に突然、我慢できないほどの頭痛が来たと言っています。",True,False,False,0,False,False
sudden_severe_0_0265,"Dispatcher: いつもの頭痛ではなく、急にひどくなった感じですか？
Caller: はい、急に激しく痛くなったようです。",True,False,False,0,False,False
sudden_severe_1_0266,"Dispatcher: 急に強い頭痛が出た感じでしょうか？
Caller: いいえ、昨夜から少しずつ痛みが出ていて、突然ではありません。",True,False,False,1,False,False
sudden_severe_1_0267,"Dispatcher: いつもの頭痛ではなく、急にひどくなった感じですか？
Caller: いいえ、母は前からの頭痛が続いているだけで、急に我慢できないほど強くなったわけではありません。",True,False,False,1,False,False
sudden_severe_1_0268,"Dispatcher: 急に強い頭痛が出た感じでしょうか？
Caller: いいえ、友人は前からじわじわ痛かったと言っていて、突然ではないです。",True,False,False,1,False,False
sudden_severe_1_0269,"Dispatcher: 軽い頭痛が続いている感じですか？
Caller: はい、夫は朝から鈍い痛みが続いているだけで、急な激痛ではありません。",True,False,False,1,False,False
sudden_severe_1_0270,"Dispatcher: いつもの頭痛ではなく、急にひどくなった感じですか？
Caller: いいえ、娘はさっきから少しずつ痛みが増したと言っていて、突然のひどい頭痛ではないです。",True,False,False,1,False,False
sudden_severe_2_0271,"Dispatcher: 頭の痛みは、突然起こった激しい痛みですか？
Caller: 頭痛があるとは聞いていますが、急に始まったのか強い痛みなのかまでは分かりません。",True,False,False,2,False,False
sudden_severe_2_0272,"Dispatcher: 頭の痛みは、突然起こった激しい痛みですか？
Caller: 同僚からメッセージで頭が痛いと来ただけで、急にひどくなったのかどうかは確認できていません。",True,False,False,2,False,False
sudden_severe_2_0273,"Dispatcher: 頭の痛みは、突然起こった激しい痛みですか？
Caller: そこまでは分からなくて、突然なのか痛みが強いのかはまだ確認できていません。",True,False,False,2,False,False
sudden_severe_2_0274,"Dispatcher: いつもの頭痛ではなく、急に強く出た感じですか？
Caller: 本人と少し話しただけなので、急に強く出た頭痛かどうかは分かりません。",True,False,False,2,False,False
sudden_severe_2_0275,"Dispatcher: 頭の痛みは、突然起こった激しい痛みですか？
Caller: 頭が痛いとは言っていますが、急に起きた激しい痛みかどうかは分かりません。",True,False,False,2,False,False
sudden_severe_-1_0276,"Dispatcher: 普段と違う振る舞いや様子はありますか？
Caller: 今は本人を見ていないので、いつもと違う様子があるかは分かりません。",True,False,False,-1,False,False
sudden_severe_-1_0277,"Dispatcher: 体の片側が動かしにくいとか、手足のしびれはありますか？
Caller: はい、右手がしびれていて、うまく力が入らないそうです。",True,False,False,-1,False,False
sudden_severe_-1_0278,"Dispatcher: 手足のしびれや麻痺はありますか？
Caller: いいえ、しびれも麻痺もないです。",True,False,False,-1,False,False
sudden_severe_-1_0279,"Dispatcher: ぼんやりしているとか、普段と違う振る舞いはありますか？
Caller: 夫ですが、受け答えもいつも通りで、変わった様子はありません。",True,False,False,-1,False,False
sudden_severe_-1_0280,"Dispatcher: 体の動きで気になることはありますか？
Caller: 頭が痛いとは聞いていますが、しびれや動かしにくさがあるかは分かりません。",True,False,False,-1,False,False
sudden_severe_0_0281,"Dispatcher: 頭の痛みは、突然起こった激しい痛みですか？
Caller: はい、さっき急に頭を押さえて、今までにないくらいひどく痛むと言っています。",True,False,False,0,False,False
sudden_severe_0_0282,"Dispatcher: いつもの頭痛というより、急にひどくなった感じですか？
Caller: はい、会議中にいきなり頭が割れるみたいに痛いと言ってうずくまりました。",True,False,False,0,False,False
sudden_severe_0_0283,"Dispatcher: 激しい痛みが突然起こりましたか？
Caller: はい、急にものすごい頭痛が出ています。",True,False,False,0,False,False
sudden_severe_0_0284,"Dispatcher: 頭の痛みは、突然起こった激しい痛みですか？
Caller: はい、数分前まで普通だったのに、急に我慢できないほど痛いと言って倒れ込むように座り込みました。",True,False,False,0,False,False
sudden_severe_0_0285,"Dispatcher: 頭の痛みは、突然起こった激しい痛みですか？
Caller: はい、急に耐えられないくらい強い頭痛が来たようです。",True,False,False,0,False,False
sudden_severe_1_0286,"Dispatcher: 頭の痛みは、突然起こった激しい痛みですか？
Caller: いいえ、朝から少しずつ痛くなってきたもので、急にひどくなった感じではありません。",True,False,False,1,False,False
sudden_severe_1_0287,"Dispatcher: 頭の痛みは、突然起こった激しい痛みですか？
Caller: いいえ、急にではなく、前から続いている頭痛です。",True,False,False,1,False,False
sudden_severe_1_0288,"Dispatcher: いつもの軽い頭痛ということでよいですか？
Caller: はい、急にガツンと来た感じではなくて、だんだん痛くなっています。",True,False,False,1,False,False
sudden_severe_1_0289,"Dispatcher: いつもの頭痛ではなく、急に強く出た感じですか？
Caller: いいえ、昼ごろからじわじわ痛みが増しただけで、突然の激しい頭痛ではありません。",True,False,False,1,False,False
sudden_severe_1_0290,"Dispatcher: いつもの頭痛ではなく、急に強く出た感じですか？
Caller: いいえ、仕事中から重い感じが続いていて、急にひどくなったわけではないです。",True,False,False,1,False,False
sudden_severe_2_0291,"Dispatcher: いつもの軽い頭痛ということでよいですか？
Caller: それが分からなくて、急に強くなったのかどうかは確認できていません。",True,False,False,2,False,False
sudden_severe_2_0292,"Dispatcher: いつもの頭痛ではなく、急に強く出た感じですか？
Caller: 本人から頭痛とだけ聞いていて、急に強い痛みなのかは分かりません。",True,False,False,2,False,False
sudden_severe_2_0293,"Dispatcher: 頭の痛みは、突然起こった激しい痛みですか？
Caller: 近くにいないので、突然だったのか痛みが強いのかまでは分かりません。",True,False,False,2,False,False
sudden_severe_2_0294,"Dispatcher: 頭の痛みは、突然起こった激しい痛みですか？
Caller: 頭が痛いと連絡はありましたが、始まり方や痛みの強さは確認できていません。",True,False,False,2,False,False
sudden_severe_2_0295,"Dispatcher: 頭の痛みは、突然起こった激しい痛みですか？
Caller: 今は別の階にいて様子が見えないので、突然の激しい頭痛かどうかは分かりません。",True,False,False,2,False,False
sudden_severe_-1_0296,"Dispatcher: 手足のしびれや麻痺はありますか？
Caller: いいえ、両手両足とも普通に動いていて、しびれや麻痺はありません。",True,False,False,-1,False,False
sudden_severe_-1_0297,"Dispatcher: 片側の手足にしびれや動かしにくさがあるか見られますか？
Caller: 今は電話で呼ばれただけで本人の姿が見えないので、しびれや麻痺があるかは確認できません。",True,False,False,-1,False,False
sudden_severe_-1_0298,"Dispatcher: ぼんやりしている、返事がおかしいなど、普段と違う様子は見えますか？
Caller: はい、妻なんですが、質問しても話がかみ合わず、同じことを何度も聞き返していて明らかにいつもと違います。",True,False,False,-1,False,False
sudden_severe_-1_0299,"Dispatcher: 手足のしびれや麻痺はありますか？
Caller: 息子から頭が痛いとだけ連絡が来ていて、しびれがあるかどうかまではまだ聞けていません。",True,False,False,-1,False,False
sudden_severe_-1_0300,"Dispatcher: 普通に歩けていますか？
Caller: いいえ、左足がしびれて力が入りにくいようで、ふらついています。",True,False,False,-1,False,False
sudden_severe_0_0301,"Dispatcher: 頭の痛みは、突然起こった激しい痛みですか？
Caller: はい、さっき急に頭を押さえて、今までにないくらいひどく痛いと言っています。",True,False,False,0,False,False
sudden_severe_0_0302,"Dispatcher: いつもの頭痛ではなく、急に強く出た感じですか？
Caller: はい、会議中にいきなりうずくまって、我慢できないほど頭が痛いと言っていました。",True,False,False,0,False,False
sudden_severe_0_0303,"Dispatcher: じわじわではなく、一気にひどくなった頭痛ですか？
Caller: はい、さっきまで普通に話していたのに、突然ものすごい頭痛が来たと言って倒れ込むように座りました。",True,False,False,0,False,False
sudden_severe_0_0304,"Dispatcher: 軽い痛みが続いている感じですか？
Caller: いいえ、急に耐えられないくらい強い頭痛が来たと本人が言っています。",True,False,False,0,False,False
sudden_severe_0_0305,"Dispatcher: 激しい痛みが突然起こりましたか？
Caller: はい、急にひどい頭痛です。",True,False,False,0,False,False
sudden_severe_1_0306,"Dispatcher: 頭の痛みは、突然起こった激しい痛みですか？
Caller: いいえ、朝から少しずつ痛くなってきたようで、急にひどくなったわけではありません。",True,False,False,1,False,False
sudden_severe_1_0307,"Dispatcher: 頭の痛みは、突然起こった激しい痛みですか？
Caller: いいえ、昨日からの頭痛が続いているだけです。",True,False,False,1,False,False
sudden_severe_1_0308,"Dispatcher: 頭の痛みは、急に出た強い痛みですか？
Caller: いいえ、昼ごろからじわじわ痛くなってきていて、突然の激しい痛みではありません。",True,False,False,1,False,False
sudden_severe_1_0309,"Dispatcher: さっき急に我慢できないほど痛くなった感じですか？
Caller: そうではなくて、仕事中から重い感じが続いているみたいです。",True,False,False,1,False,False
sudden_severe_1_0310,"Dispatcher: いつもの軽い頭痛ということでよいですか？
Caller: はい、急にひどくなったわけではなく、前からある頭痛に近いです。",True,False,False,1,False,False
sudden_severe_2_0311,"Dispatcher: 頭の痛みは、突然起こった激しい痛みですか？
Caller: 本人から頭が痛いと連絡があっただけで、急に強く出たのかまでは分かりません。",True,False,False,2,False,False
sudden_severe_2_0312,"Dispatcher: 頭の痛みは、急に出た強い痛みか確認できますか？
Caller: 今そばにいないので、突然なのか激しいのかは確認できません。",True,False,False,2,False,False
sudden_severe_2_0313,"Dispatcher: いつもの軽い頭痛ということでよいですか？
Caller: そこまでは分かりません。急に強くなったのか確認できていません。",True,False,False,2,False,False
sudden_severe_2_0314,"Dispatcher: さっきまで普通だったのに、急に耐えられないほど痛くなった感じですか？
Caller: 電話で聞いただけなので、始まり方や痛みの強さまでは分からないです。",True,False,False,2,False,False
sudden_severe_2_0315,"Dispatcher: 激しい痛みが突然起こりましたか？
Caller: 突然の激しい痛みかどうかは分かりません。",True,False,False,2,False,False
sudden_severe_-1_0316,"Dispatcher: いつもと違う様子はありますか？
Caller: いいえ、受け答えもしっかりしていて、普段と変わった振る舞いはありません。",True,False,False,-1,False,False
sudden_severe_-1_0317,"Dispatcher: 何か変わった行動をしていますか？
Caller: いいえ、少し頭痛を訴えているだけで、様子はいつも通りです。",True,False,False,-1,False,False
sudden_severe_-1_0318,"Dispatcher: しびれや麻痺はありますか？
Caller: まだ電話で話しただけで、手足のしびれがあるかは分かりません。",True,False,False,-1,False,False
sudden_severe_-1_0319,"Dispatcher: 体の片側が動かしにくい様子はありますか？
Caller: はい、左手がしびれて力が入らないと本人が言っています。",True,False,False,-1,False,False
sudden_severe_-1_0320,"Dispatcher: 手足のしびれや麻痺はありますか？
Caller: 今は別の部屋にいて見えていないので、しびれや麻痺があるかは確認できません。",True,False,False,-1,False,False
sudden_severe_0_0321,"Dispatcher: 頭の痛みは、急に始まったとても強い痛みですか？
Caller: はい、テレビを見ていたら突然頭が割れるみたいに痛いと言い出しました。",True,False,False,0,False,False
sudden_severe_0_0322,"Dispatcher: 激しい痛みが突然起こりましたか？
Caller: はい、急に耐えられないほどの頭痛です。",True,False,False,0,False,False
sudden_severe_0_0323,"Dispatcher: 頭の痛みは、突然起こった激しい痛みですか？
Caller: はい、いきなりすごい頭痛だと言ってしゃがみ込みました。",True,False,False,0,False,False
sudden_severe_0_0324,"Dispatcher: じわじわではなく、一気にひどくなった感じですか？
Caller: はい、歩いていた途中で急に頭がものすごく痛いと言って、その場で動けなくなりました。",True,False,False,0,False,False
sudden_severe_0_0325,"Dispatcher: 頭の痛みは、突然起こった激しい痛みですか？
Caller: はい、さっき急に今までで一番痛いと言って、顔をしかめて倒れ込むようになりました。",True,False,False,0,False,False
sudden_severe_1_0326,"Dispatcher: 頭の痛みは、突然起こった激しい痛みですか？
Caller: いいえ、数時間かけてだんだん痛くなってきたようです。",True,False,False,1,False,False
sudden_severe_1_0327,"Dispatcher: 頭の痛みは、急に出た強い痛みですか？
Caller: いいえ、朝から鈍い痛みが続いていて、突然ひどくなった感じではないです。",True,False,False,1,False,False
sudden_severe_1_0328,"Dispatcher: さっき急に我慢できないほど頭が痛くなった感じですか？
Caller: いいえ、本人は昨日から少しずつ痛いと言っていて、急な痛みではありません。",True,False,False,1,False,False
sudden_severe_1_0329,"Dispatcher: 頭の痛みは、突然起こった激しい痛みですか？
Caller: いいえ、最初は軽い痛みで、徐々に強くなっただけです。",True,False,False,1,False,False
sudden_severe_1_0330,"Dispatcher: 激しい痛みが突然起こりましたか？
Caller: いいえ、急ではありません。",True,False,False,1,False,False
sudden_severe_2_0331,"Dispatcher: 頭の痛みは、突然起こった激しい痛みですか？
Caller: 同僚から頭痛がひどいと連絡は来たんですが、急に始まったのか、どれくらい強いのかまでは確認できていません。",True,False,False,2,False,False
sudden_severe_2_0332,"Dispatcher: いつもの頭痛ではなく、急に強く出た感じですか？
Caller: そこが分からなくて、本人はただ頭が痛いとしか言っていません。",True,False,False,2,False,False
sudden_severe_2_0333,"Dispatcher: さっきまで普通だったのに、急に我慢できないほどの頭痛になった様子ですか？
Caller: 友人からメッセージが来ただけなので、急にだったのか、我慢できないほどかまでは分かりません。",True,False,False,2,False,False
sudden_severe_2_0334,"Dispatcher: 軽い頭痛ではなく強いものですか？
Caller: 強さも始まり方も分かりません。",True,False,False,2,False,False
sudden_severe_2_0335,"Dispatcher: 激しい頭痛が急に起きた感じですか？
Caller: それはまだ確認できていません。",True,False,False,2,False,False
sudden_severe_-1_0336,"Dispatcher: 体のどこかに力が入りにくいとか、しびれる感じはありますか？
Caller: はい、母は右手がしびれていて、うまく持てないと言っています。",True,False,False,-1,False,False
sudden_severe_-1_0337,"Dispatcher: ぼんやりしている、受け答えがおかしいなど、普段と違う振る舞いはありますか？
Caller: いいえ、夫は頭痛はありますが、受け答えも普段どおりで様子は変わりません。",True,False,False,-1,False,False
sudden_severe_-1_0338,"Dispatcher: 何かいつもと違う様子はありますか？
Caller: いいえ、特に変わった様子はありません。",True,False,False,-1,False,False
sudden_severe_-1_0339,"Dispatcher: 普段と違う振る舞いや受け答えはありますか？
Caller: はい、父は呼びかけても返事がちぐはぐで、いつもと明らかに違います。",True,False,False,-1,False,False
sudden_severe_-1_0340,"Dispatcher: しびれや麻痺はありますか？
Caller: はい、左足がしびれて力が入りにくいようです。",True,False,False,-1,False,False
sudden_severe_0_0341,"Dispatcher: いつもの頭痛ではなく、急にひどくなった感じですか？
Caller: はい、妻が急に頭を押さえて、今までにないくらい痛いと言っています。",True,False,False,0,False,False
sudden_severe_0_0342,"Dispatcher: 頭の痛みは、突然起こった激しい痛みですか？
Caller: 弟がさっき急に倒れ込むようにして、ものすごく痛いと言い出しました。",True,False,False,0,False,False
sudden_severe_0_0343,"Dispatcher: 頭の痛みは、急に出た強い痛みですか？
Caller: はい、急にひどい頭痛が来たと言っています。",True,False,False,0,False,False
sudden_severe_0_0344,"Dispatcher: いつもの片頭痛みたいなものですか、それとも急に強い痛みですか？
Caller: 急にです。父がさっきまで普通だったのに、突然耐えられないほど痛いと言っています。",True,False,False,0,False,False
sudden_severe_0_0345,"Dispatcher: 急に強い頭痛が始まった感じですか？
Caller: そうです、友人が急に激痛だと言ってうずくまっています。",True,False,False,0,False,False
sudden_severe_1_0346,"Dispatcher: 頭の痛みは、突然起こった激しい痛みですか？
Caller: いいえ、娘は朝から少しずつ痛くなってきたと言っていて、急にひどくなったわけではありません。",True,False,False,1,False,False
sudden_severe_1_0347,"Dispatcher: 急にひどい頭痛が出た感じですか？
Caller: いいえ、急ではなくて徐々に痛くなっています。",True,False,False,1,False,False
sudden_severe_1_0348,"Dispatcher: さっき急に我慢できないほどの頭痛になったんですか？
Caller: そうではなくて、同僚は昼ごろからじわじわ痛んでいると言っています。",True,False,False,1,False,False
sudden_severe_1_0349,"Dispatcher: 急に強い頭痛が起きましたか？
Caller: いいえ、急な痛みではありません。",True,False,False,1,False,False
sudden_severe_1_0350,"Dispatcher: いつもの軽い頭痛ではなく、急に強い痛みですか？
Caller: いいえ、そこまで急でも強烈でもないようです。",True,False,False,1,False,False
sudden_severe_2_0351,"Dispatcher: 激しい頭痛が突然起こりましたか？
Caller: それが分かりません。",True,False,False,2,False,False
sudden_severe_2_0352,"Dispatcher: 頭の痛みは、急に出た激しいものか分かりますか？
Caller: 妹から頭痛でつらいとだけ電話があって、急だったのか痛みがどの程度かまでは聞けていません。",True,False,False,2,False,False
sudden_severe_2_0353,"Dispatcher: いつもの頭痛ではなさそうですか？
Caller: まだそこまでは分からず、始まり方も強さも確認できていません。",True,False,False,2,False,False
sudden_severe_2_0354,"Dispatcher: 急にひどい頭痛になったか分かりますか？
Caller: 祖母は離れた部屋にいて、頭が痛いと言うだけで、突然なのか強いのかは見ていません。",True,False,False,2,False,False
sudden_severe_2_0355,"Dispatcher: 急に強い頭痛が出た感じですか？
Caller: 私は今職場にいて、本人からの連絡だけなので、そのあたりは分かりません。",True,False,False,2,False,False
sudden_severe_-1_0356,"Dispatcher: しびれや麻痺はありますか？
Caller: いいえ、手足のしびれや動かしにくさはないです。",True,False,False,-1,False,False
sudden_severe_-1_0357,"Dispatcher: 手足のしびれや、片側だけ動かしにくい様子はありますか？
Caller: いいえ、兄を見ていますが、両手両足とも普通に動いていて、しびれも訴えていません。",True,False,False,-1,False,False
sudden_severe_-1_0358,"Dispatcher: 手足に違和感はありますか、例えばしびれたり力が入りにくかったりしますか？
Caller: はい、妻は左腕がしびれていて、コップを持つ力が入りにくいと言っています。",True,False,False,-1,False,False
sudden_severe_-1_0359,"Dispatcher: しびれや麻痺はありますか？
Caller: まだ本人のそばに行けていないので、手足のしびれがあるかは分かりません。",True,False,False,-1,False,False
sudden_severe_-1_0360,"Dispatcher: ぼんやりしている、返事がおかしいなど、普段と違う振る舞いはありますか？
Caller: すみません、私は別の階にいて直接見ていないので、いつもと違う様子があるかは分かりません。",True,False,False,-1,False,False
sudden_severe_0_0361,"Dispatcher: いつもの軽い頭痛ではなく、急にすごく強く痛くなった感じですか？
Caller: はい、さっき急に我慢できないくらい強い頭痛が来たと夫が言っています。",True,False,False,0,False,False
sudden_severe_0_0362,"Dispatcher: 頭の痛みは、突然起こった激しい痛みですか？
Caller: はい、会議中に同僚がいきなり頭を押さえて、今までにないほどひどい痛みだと言っています。",True,False,False,0,False,False
sudden_severe_0_0363,"Dispatcher: 急にひどい頭痛が出た感じですか？
Caller: はい、母が突然、耐えられないほど痛いと言い出しました。",True,False,False,0,False,False
sudden_severe_0_0364,"Dispatcher: 激しい痛みが突然起こりましたか？
Caller: はい、さっきまで普通だったのに、急に我慢できないほどの激しい頭痛が起きています。",True,False,False,0,False,False
sudden_severe_0_0365,"Dispatcher: 頭の痛みは、突然起こった激しい痛みですか？
Caller: はい、弟が急にものすごく痛いと言ってうずくまっています。",True,False,False,0,False,False
sudden_severe_1_0366,"Dispatcher: いつもの軽い頭痛ではなく、急にすごく強く痛くなった感じですか？
Caller: いいえ、朝から少しずつ痛みが強くなっただけで、急に激しくなったわけではありません。",True,False,False,1,False,False
sudden_severe_1_0367,"Dispatcher: 急にひどい頭痛が出た感じですか？
Caller: いいえ、本人は前からじわじわ痛くなってきたと言っています。",True,False,False,1,False,False
sudden_severe_1_0368,"Dispatcher: 頭の痛みは、突然起こった激しい痛みですか？
Caller: いいえ、急にではなく、昼ごろからだんだん痛くなってきたそうです。",True,False,False,1,False,False
sudden_severe_1_0369,"Dispatcher: 頭の痛みは、急に出た強い痛みですか？
Caller: いいえ、友人は仕事中から重い感じが続いていて、突然の激痛ではないです。",True,False,False,1,False,False
sudden_severe_1_0370,"Dispatcher: いきなり我慢できないほどの頭痛になった感じですか？
Caller: いいえ、父はさっきから少しずつ痛くなってきたと言っています。",True,False,False,1,False,False
sudden_severe_2_0371,"Dispatcher: 頭の痛みは、突然起こった激しい痛みですか？
Caller: 会社から連絡を受けただけで、急に起きたのか、どれくらい強いのかまでは分かりません。",True,False,False,2,False,False
sudden_severe_2_0372,"Dispatcher: いつもの頭痛ではなく急に強く出た感じですか？
Caller: 本人が頭痛いとだけ言っていて、突然だったのか激しいのかは確認できていません。",True,False,False,2,False,False
sudden_severe_2_0373,"Dispatcher: 頭の痛みは、急に出た強い痛みか確認できますか？
Caller: 今は本人のそばにいないので、突然なのか、強い痛みなのかは確認できません。",True,False,False,2,False,False
sudden_severe_2_0374,"Dispatcher: 頭痛は急にひどくなった感じですか？
Caller: そこは分からなくて、頭が痛いと連絡があっただけです。",True,False,False,2,False,False
sudden_severe_2_0375,"Dispatcher: 激しい痛みが突然起こりましたか？
Caller: 激しい痛みが突然起こったかは分かりません。",True,False,False,2,False,False
sudden_severe_-1_0376,"Dispatcher: 何か変わった様子はありますか？
Caller: はい、姉は受け答えがちぐはぐで、落ち着きなく同じことを何度も言っています。",True,False,False,-1,False,False
sudden_severe_-1_0377,"Dispatcher: いつもと違う振る舞いはありますか？
Caller: いいえ、話し方も行動も普段どおりで、変わった様子はありません。",True,False,False,-1,False,False
sudden_severe_-1_0378,"Dispatcher: 手足のしびれや麻痺はありますか？
Caller: いいえ、同僚は手足は普通に動いていて、しびれもないと言っています。",True,False,False,-1,False,False
sudden_severe_-1_0379,"Dispatcher: しびれとか力が入らない感じはありますか？
Caller: いいえ、友人は手足は問題なく動かせています。",True,False,False,-1,False,False
sudden_severe_-1_0380,"Dispatcher: 手足のしびれや麻痺はありますか？
Caller: 電話で聞いただけなので、しびれや麻痺があるかはまだ分かりません。",True,False,False,-1,False,False
sudden_severe_0_0381,"Dispatcher: いきなりひどい頭痛になった感じですか？
Caller: はい、祖父が急に頭を抱えて、耐えられない痛みだと言っています。",True,False,False,0,False,False
sudden_severe_0_0382,"Dispatcher: 急に強い頭痛が出たということですか？
Caller: はい、友人がさっき突然、今までで一番きつい頭痛だと言い出しました。",True,False,False,0,False,False
sudden_severe_0_0383,"Dispatcher: 頭の痛みは、突然起こった激しい痛みですか？
Caller: はい、本人が急にものすごい痛みが来たと言っています。",True,False,False,0,False,False
sudden_severe_0_0384,"Dispatcher: 頭の痛みは、突然起こった激しい痛みですか？
Caller: はい、部活中に息子が突然その場にしゃがみこんで、今まで経験したことがないくらい激しい頭痛だと言っています。",True,False,False,0,False,False
sudden_severe_0_0385,"Dispatcher: 頭の痛みは、突然起こった激しい痛みですか？
Caller: はい、妻はさっき急に我慢できないほどの激しい頭痛が始まったと言っています。",True,False,False,0,False,False
sudden_severe_1_0386,"Dispatcher: 頭の痛みは、突然起こった激しい痛みですか？
Caller: いいえ、急にではなく、昨日から続いている頭痛で、今も激痛というほどではありません。",True,False,False,1,False,False
sudden_severe_1_0387,"Dispatcher: 頭の痛みは、突然起こった激しい痛みですか？
Caller: いいえ、母は夕方から少しずつ痛くなってきたと言っていて、いきなりではないです。",True,False,False,1,False,False
sudden_severe_1_0388,"Dispatcher: 頭の痛みは、突然起こった激しい痛みですか？
Caller: いいえ、同僚は昼すぎから鈍い頭痛が続いているだけで、突然の激しい痛みではありません。",True,False,False,1,False,False
sudden_severe_1_0389,"Dispatcher: 急にひどい頭痛が出た感じですか？
Caller: いいえ、朝から続く痛みで、急に強くなったわけではありません。",True,False,False,1,False,False
sudden_severe_1_0390,"Dispatcher: いきなり我慢できないほどの頭痛ですか？
Caller: いいえ、本人は前から痛かったと言っていて、突然の激痛ではありません。",True,False,False,1,False,False
sudden_severe_2_0391,"Dispatcher: いつもの頭痛ではなく、急にひどくなった感じですか？
Caller: 同僚から頭が痛いと連絡があっただけで、急に強くなったのかまでは分かりません。",True,False,False,2,False,False
sudden_severe_2_0392,"Dispatcher: 頭の痛みは、突然起こった激しい痛みですか？
Caller: 突然だったのか、どの程度強いのかはまだ確認できていません。",True,False,False,2,False,False
sudden_severe_2_0393,"Dispatcher: 頭の痛みは、急に出た強い痛みですか？
Caller: 本人が頭痛を訴えていることしか分からず、突然かどうかや強さは確認できていません。",True,False,False,2,False,False
sudden_severe_2_0394,"Dispatcher: 急にすごく痛くなった頭痛ですか？
Caller: そこまでは分かりません。",True,False,False,2,False,False
sudden_severe_2_0395,"Dispatcher: さっきまで普通だったのに、急に我慢できないほどの頭痛になった様子はありますか？
Caller: 妻からメッセージで頭が痛いと来ただけで、急に始まったのか、ひどい痛みなのかは確認できません。",True,False,False,2,False,False
sudden_severe_-1_0396,"Dispatcher: 受け答えや行動で、普段と違う様子はありますか？
Caller: いいえ、夫は頭痛は訴えていますが、話し方も行動もいつも通りです。",True,False,False,-1,False,False
sudden_severe_-1_0397,"Dispatcher: 手足のしびれや麻痺はありますか？
Caller: はい、左腕がしびれていて、左足にも力が入りにくいです。",True,False,False,-1,False,False
sudden_severe_-1_0398,"Dispatcher: 何か変わった様子はありますか？
Caller: はい、母は同じことを何度も聞いてきて、受け答えがいつもと違います。",True,False,False,-1,False,False
sudden_severe_-1_0399,"Dispatcher: 手足のしびれや麻痺はありますか？
Caller: いいえ、しびれも麻痺もなく、手足は普通に動かせています。",True,False,False,-1,False,False
sudden_severe_-1_0400,"Dispatcher: 手足のしびれや麻痺はありますか？
Caller: いいえ、しびれや動かしにくさはないようです。",True,False,False,-1,False,False
sudden_severe_0_0401,"Dispatcher: 頭の痛みは、突然起こった激しい痛みですか？
Caller: はい、父がさっき急に頭を押さえて、今までにないくらいひどい痛みだと言っています。",True,False,False,0,False,False
sudden_severe_0_0402,"Dispatcher: 急に我慢できないほどの頭痛が出た感じですか？
Caller: はい、友人が会話中に突然うずくまって、ものすごく痛いと言い出しました。",True,False,False,0,False,False
sudden_severe_0_0403,"Dispatcher: いつもの頭痛ではなく、急に強い痛みが来た感じですか？
Caller: はい、数分前に突然で、本人も耐えられないくらい痛いと言っています。",True,False,False,0,False,False
sudden_severe_0_0404,"Dispatcher: 頭の痛みは、突然起こった激しい痛みですか？
Caller: はい、急に始まって、かなり激しい痛みです。",True,False,False,0,False,False
sudden_severe_0_0405,"Dispatcher: 頭の痛みは、急に出た強い痛みですか？
Caller: はい、突然ひどい頭痛になったと本人が言っています。",True,False,False,0,False,False
sudden_severe_1_0406,"Dispatcher: 頭の痛みは、突然起こった激しい痛みですか？
Caller: いいえ、朝から少しずつ痛くなってきたもので、急にひどくなったわけではありません。",True,False,False,1,False,False
sudden_severe_1_0407,"Dispatcher: いきなり耐えられない頭痛になった感じですか？
Caller: いいえ、姉は昨日からじわじわ痛いと言っていて、急に強く出た感じではないです。",True,False,False,1,False,False
sudden_severe_1_0408,"Dispatcher: 急にひどい頭痛が起きましたか？
Caller: いいえ、徐々に痛くなってきただけです。",True,False,False,1,False,False
sudden_severe_1_0409,"Dispatcher: 頭の痛みは、突然起こった激しい痛みですか？
Caller: いいえ、同僚は昼ごろから重い感じが続いているだけで、急な激痛ではありません。",True,False,False,1,False,False
sudden_severe_1_0410,"Dispatcher: 頭の痛みは、急に出た強い痛みですか？
Caller: いいえ、ゆっくり始まった頭痛で、我慢できないほどの激しさでもありません。",True,False,False,1,False,False
sudden_severe_2_0411,"Dispatcher: いつもの頭痛ではなく、急に強く出た感じですか？
Caller: 娘から頭痛で休むと連絡があっただけなので、急に始まったのか、強い痛みなのかは分かりません。",True,False,False,2,False,False
sudden_severe_2_0412,"Dispatcher: さっき急にひどい頭痛になった様子はありますか？
Caller: 今は別の部屋にいて本人を見ていないので、突然かどうかも痛みの強さも確認できません。",True,False,False,2,False,False
sudden_severe_2_0413,"Dispatcher: 頭の痛みは、突然起こった激しい痛みですか？
Caller: 本人から詳しく聞けておらず、突然かどうかや激しい痛みかは分かりません。",True,False,False,2,False,False
sudden_severe_2_0414,"Dispatcher: 頭の痛みは、急に出た強い痛みですか？
Caller: 近くにいないので、始まり方や痛みの強さまでは確認できていません。",True,False,False,2,False,False
sudden_severe_2_0415,"Dispatcher: いきなり我慢できないほど痛くなった頭痛ですか？
Caller: 本人は頭が痛いと言うだけで、急にそうなったのか、どれほど強いのかはまだ分かりません。",True,False,False,2,False,False
sudden_severe_-1_0416,"Dispatcher: 何かおかしな様子はありますか？
Caller: いいえ、受け答えも歩き方も普段と変わらず、頭痛を訴えている以外は普通です。",True,False,False,-1,False,False
sudden_severe_-1_0417,"Dispatcher: 普段と違う振る舞いや様子はありますか？
Caller: 今日は電話で聞いただけなので、いつもと違う様子があるかは分かりません。",True,False,False,-1,False,False
sudden_severe_-1_0418,"Dispatcher: ぼんやりしている、返事がおかしいなど、普段と違う様子はありますか？
Caller: はい、弟は呼びかけても話がかみ合わず、落ち着きなく同じ場所をうろうろしています。",True,False,False,-1,False,False
sudden_severe_-1_0419,"Dispatcher: 手足のしびれや麻痺はありますか？
Caller: いいえ、本人は両手両足とも普通に動かせていて、しびれもないと言っています。",True,False,False,-1,False,False
sudden_severe_-1_0420,"Dispatcher: いつもより様子がおかしい感じはありますか？
Caller: まだ会えていないので、普段と違う振る舞いがあるかは確認できません。",True,False,False,-1,False,False
sudden_severe_0_0421,"Dispatcher: 頭の痛みは、突然起こった激しい痛みですか？
Caller: はい、同僚がさっき急に頭を押さえて、今までにないほどひどく痛いと言っています。",True,False,False,0,False,False
sudden_severe_0_0422,"Dispatcher: いつもの頭痛ではなく、急に強くなった感じですか？
Caller: はい、急に我慢できないくらいの痛みが来たようです。",True,False,False,0,False,False
sudden_severe_0_0423,"Dispatcher: さっきまで普通だったのに、急に強い頭痛が出た感じですか？
Caller: はい、妻は食事中まで普通でしたが、急に殴られたみたいに頭が痛いと言ってうずくまりました。",True,False,False,0,False,False
sudden_severe_0_0424,"Dispatcher: 頭の痛みは急に始まった強いものですか？
Caller: はい、突然ものすごく痛くなったみたいです。",True,False,False,0,False,False
sudden_severe_0_0425,"Dispatcher: 急にひどい頭痛になった感じですか？
Caller: はい、急に耐えられないくらい痛いと言っています。",True,False,False,0,False,False
sudden_severe_1_0426,"Dispatcher: 頭の痛みは、突然起こった激しい痛みですか？
Caller: いいえ、朝から少しずつ痛くなってきたようで、急に強く出たものではありません。",True,False,False,1,False,False
sudden_severe_1_0427,"Dispatcher: いつもの頭痛ではなく、急に強くなった感じですか？
Caller: いいえ、急にではなく、昼ごろからだんだん痛くなっています。",True,False,False,1,False,False
sudden_severe_1_0428,"Dispatcher: 軽い痛みではなく、急にひどくなった感じですか？
Caller: いいえ、急にではなく、前からの頭痛が続いているだけです。",True,False,False,1,False,False
sudden_severe_1_0429,"Dispatcher: 急にひどい頭痛になった感じですか？
Caller: いいえ、そんな出方ではないです。",True,False,False,1,False,False
sudden_severe_1_0430,"Dispatcher: さっき急に我慢できないほどの頭痛が出たんですか？
Caller: いいえ、友人は昨日から重い感じが続いていると言っています。",True,False,False,1,False,False
sudden_severe_2_0431,"Dispatcher: いつもの頭痛ということでよいですか？
Caller: そこまでは分かりません。急に強くなったのかどうかは確認できていません。",True,False,False,2,False,False
sudden_severe_2_0432,"Dispatcher: 激しい痛みが突然起こりましたか？
Caller: 突然だったか、どのくらい強いのかはまだ分かりません。",True,False,False,2,False,False
sudden_severe_2_0433,"Dispatcher: 頭の痛みは、突然起こった激しい痛みですか？
Caller: 弟から頭が痛いとメッセージが来ただけで、急に始まったのか、ひどい痛みなのかまでは分かりません。",True,False,False,2,False,False
sudden_severe_2_0434,"Dispatcher: いつもの軽い頭痛ということでよいですか？
Caller: すみません、そこはまだ聞けていなくて、急にひどくなったのか分かりません。",True,False,False,2,False,False
sudden_severe_2_0435,"Dispatcher: 頭の痛みは、急に出た強い痛みか確認できますか？
Caller: 今は本人と離れていて、突然なのか激しいのかまでは確認できません。",True,False,False,2,False,False
sudden_severe_-1_0436,"Dispatcher: しびれや麻痺はありますか？
Caller: それは分かりません。頭が痛いとだけ連絡があって、手足の様子は確認できていません。",True,False,False,-1,False,False
sudden_severe_-1_0437,"Dispatcher: 普通に手足は動かせていますか？
Caller: そこはまだ見ていないので、しびれや動かしにくさがあるか分かりません。",True,False,False,-1,False,False
sudden_severe_-1_0438,"Dispatcher: 手足に違和感はありますか？
Caller: はい、父が左腕がしびれて力も入りにくいと言っています。",True,False,False,-1,False,False
sudden_severe_-1_0439,"Dispatcher: 体のどこかしびれたり、動かしづらかったりしていますか？
Caller: はい、友人は右足がしびれてうまく踏ん張れないようです。",True,False,False,-1,False,False
sudden_severe_-1_0440,"Dispatcher: 片側の手足にしびれや動かしにくさはありますか？
Caller: はい、母は左手がしびれて、コップを持ちにくい状態です。",True,False,False,-1,False,False
sudden_severe_0_0441,"Dispatcher: いつもの頭痛ではなく、急に強くなった感じですか？
Caller: はい、急にものすごく痛くなったそうです。",True,False,False,0,False,False
sudden_severe_0_0442,"Dispatcher: 頭の痛みは、突然起こった激しい痛みですか？
Caller: はい、父がテレビを見ていたら急に頭が割れるように痛いと言い出しました。",True,False,False,0,False,False
sudden_severe_0_0443,"Dispatcher: 急にひどい頭痛になった感じですか？
Caller: はい、いきなり耐えられない痛みになったみたいです。",True,False,False,0,False,False
sudden_severe_0_0444,"Dispatcher: 頭の痛みは、急に出た強い痛みですか？
Caller: はい、娘がさっき突然、今までで一番痛いと泣き出しました。",True,False,False,0,False,False
sudden_severe_0_0445,"Dispatcher: いつもの頭痛ではなく、急に強くなった感じですか？
Caller: はい、急に我慢できないくらい痛くなったようです。",True,False,False,0,False,False
sudden_severe_1_0446,"Dispatcher: 頭の痛みは、突然起こった激しい痛みですか？
Caller: いいえ、母は昨夜から鈍い頭痛が続いていて、急にひどくなったわけではありません。",True,False,False,1,False,False
sudden_severe_1_0447,"Dispatcher: 頭の痛みは、突然起こった激しい痛みですか？
Caller: いいえ、徐々に痛くなってきた感じです。",True,False,False,1,False,False
sudden_severe_1_0448,"Dispatcher: 急に出た強い頭痛ですか？
Caller: いいえ、さっき急にではなく、前から痛いと言っていました。",True,False,False,1,False,False
sudden_severe_1_0449,"Dispatcher: いつもの頭痛ではなく、急に強くなった感じですか？
Caller: いいえ、急にではなく、朝から少しずつです。",True,False,False,1,False,False
sudden_severe_1_0450,"Dispatcher: 軽いものではなく、急に我慢できない頭痛になったんですか？
Caller: いいえ、同居人は仕事中からじわじわ痛くなったと言っていて、突然の強い痛みではないです。",True,False,False,1,False,False
sudden_severe_2_0451,"Dispatcher: 頭の痛みは、突然起こった激しい痛みですか？
Caller: 本人が頭痛いと言っているだけで、急に始まったのか、どれくらい強いのかまでは分かりません。",True,False,False,2,False,False
sudden_severe_2_0452,"Dispatcher: 頭の痛みは、急に強く出た感じですか？
Caller: 職場から連絡を受けただけなので、急だったのかひどい痛みなのかまでは聞けていません。",True,False,False,2,False,False
sudden_severe_2_0453,"Dispatcher: いつもの頭痛みたいな感じですか？
Caller: そこはまだ分からなくて、急にひどくなったのかどうか確認できていません。",True,False,False,2,False,False
sudden_severe_2_0454,"Dispatcher: 軽い頭痛ではなさそうですか？
Caller: 友人からメッセージが来ただけで、始まり方も痛みの強さも分からないんです。",True,False,False,2,False,False
sudden_severe_2_0455,"Dispatcher: 頭の痛みは、突然の強い痛みか分かりますか？
Caller: 今は別の部屋にいて、急に起きたのか、かなり強いのかまでは見ていません。",True,False,False,2,False,False
sudden_severe_-1_0456,"Dispatcher: 手足のしびれや麻痺はありますか？
Caller: いいえ、両手両足とも普通に動いていて、しびれもないと言っています。",True,False,False,-1,False,False
sudden_severe_-1_0457,"Dispatcher: 普段と違う振る舞いや様子はありますか？
Caller: 今は電話で頭が痛いと聞いただけで、いつもと違う様子があるかは分かりません。",True,False,False,-1,False,False
sudden_severe_-1_0458,"Dispatcher: ぼんやりしている、返事がおかしいなど、普段と違う様子はありますか？
Caller: いいえ、受け答えはいつも通りで、変わった行動もありません。",True,False,False,-1,False,False
sudden_severe_-1_0459,"Dispatcher: 体の動きにおかしいところはありますか？
Caller: はい、左腕がしびれていて力も入りにくいようです。",True,False,False,-1,False,False
sudden_severe_-1_0460,"Dispatcher: 何か変わったことはありますか？
Caller: 頭痛があることしか分からず、普段と違う振る舞いがあるかは確認できません。",True,False,False,-1,False,False
sudden_severe_0_0461,"Dispatcher: 急にひどくなった頭痛ですか？
Caller: はい、さっき急に頭を押さえて、今までで一番痛いと言っています。",True,False,False,0,False,False
sudden_severe_0_0462,"Dispatcher: 頭の痛みは、突然起こった激しい痛みですか？
Caller: はい、会議中にいきなり強い頭痛が来たらしく、本人も我慢できないと言っています。",True,False,False,0,False,False
sudden_severe_0_0463,"Dispatcher: 頭の痛みは、突然起こった激しい痛みですか？
Caller: はい、急に始まって、すごく激しい痛みだと訴えています。",True,False,False,0,False,False
sudden_severe_0_0464,"Dispatcher: 頭の痛みは、突然起こった激しい痛みですか？
Caller: はい、突然ズキンと来て、耐えられないほど痛いと言っています。",True,False,False,0,False,False
sudden_severe_0_0465,"Dispatcher: 頭の痛みは、急に出た強い痛みですか？
Caller: はい、さっきまで普通だったのに、急にものすごい頭痛になったそうです。",True,False,False,0,False,False
sudden_severe_1_0466,"Dispatcher: 頭の痛みは、突然起こった激しい痛みですか？
Caller: いいえ、朝から少しずつ痛くなってきたようで、急にひどくなった感じではありません。",True,False,False,1,False,False
sudden_severe_1_0467,"Dispatcher: いきなり強い頭痛になった感じですか？
Caller: いいえ、急にではなく、だんだん痛くなってきたと言っています。",True,False,False,1,False,False
sudden_severe_1_0468,"Dispatcher: 頭の痛みは、突然起こった激しい痛みですか？
Caller: いいえ、昨日から続いている頭痛で、急に始まった激しい痛みではありません。",True,False,False,1,False,False
sudden_severe_1_0469,"Dispatcher: 頭の痛みは、急に強く出たものですか？
Caller: いいえ、昼ごろからじわじわ痛くなってきただけで、突然の強い痛みではないです。",True,False,False,1,False,False
sudden_severe_1_0470,"Dispatcher: 頭の痛みは、突然起こった激しい痛みですか？
Caller: いいえ、もともと軽く痛かったのが続いているだけで、急に激しくなったわけではありません。",True,False,False,1,False,False
sudden_severe_2_0471,"Dispatcher: 急に強い頭痛が出ましたか？
Caller: 分かりません。本人から頭が痛いとしか聞いていません。",True,False,False,2,False,False
sudden_severe_2_0472,"Dispatcher: 頭の痛みは、突然起こった激しい痛みですか？
Caller: そこまでは分からず、急に始まったのか痛みが強いのかは確認できていません。",True,False,False,2,False,False
sudden_severe_2_0473,"Dispatcher: いつもの頭痛より強そうですか？
Caller: メールで頭痛と来ただけなので、急だったのかひどいのかまでは分からないです。",True,False,False,2,False,False
sudden_severe_2_0474,"Dispatcher: 激しい痛みが突然起こりましたか？
Caller: 突然だったか、激しい痛みかどうかは分かりません。",True,False,False,2,False,False
sudden_severe_2_0475,"Dispatcher: さっきまで普通だったのに急に耐えられないほど頭が痛くなった感じですか？
Caller: 私は現場にいなくて、家族から頭痛があると聞いただけなので、始まり方や強さまでは確認できていません。",True,False,False,2,False,False
sudden_severe_-1_0476,"Dispatcher: 何か変わった様子はありますか？
Caller: はい、質問しても話がかみ合わず、落ち着きなく同じことを繰り返しています。",True,False,False,-1,False,False
sudden_severe_-1_0477,"Dispatcher: いつもと違う振る舞いはありますか？
Caller: 分かりません。今は本人を見ていないので確認できません。",True,False,False,-1,False,False
sudden_severe_-1_0478,"Dispatcher: 普段と比べて様子は変ですか？
Caller: さっき電話があっただけで、受け答えや行動がいつもと違うかまでは判断できません。",True,False,False,-1,False,False
sudden_severe_-1_0479,"Dispatcher: ぼんやりしている、返事がおかしいなど、普段と違う様子はありますか？
Caller: はい、同僚の名前を間違えたり、質問にうまく答えられなかったりして明らかにいつもと違います。",True,False,False,-1,False,False
sudden_severe_-1_0480,"Dispatcher: 動きにくさはありますか？
Caller: はい、母が右足がしびれてうまく踏ん張れないと言っています。",True,False,False,-1,False,False
sudden_severe_0_0481,"Dispatcher: 頭の痛みは、突然起こった激しい痛みですか？
Caller: はい、急に我慢できないくらい強い頭痛が来たと家族が言っています。",True,False,False,0,False,False
sudden_severe_0_0482,"Dispatcher: いつもの頭痛ではなく、一気にひどくなった感じですか？
Caller: はい、同僚が会議中に急に頭を押さえて、今までにない激しい痛みだと言っていました。",True,False,False,0,False,False
sudden_severe_0_0483,"Dispatcher: さっきまで普通だったのに急に強い頭痛が出た感じですか？
Caller: はい、友人が突然ひどい頭痛がすると言って、その場にしゃがみ込みました。",True,False,False,0,False,False
sudden_severe_0_0484,"Dispatcher: 頭の痛みは、突然起こった激しい痛みですか？
Caller: はい、急に耐えられないほど痛くなったようです。",True,False,False,0,False,False
sudden_severe_0_0485,"Dispatcher: いつもの軽い頭痛ということでよいですか？
Caller: いいえ、急にものすごく痛くなったと本人が言っています。",True,False,False,0,False,False
sudden_severe_1_0486,"Dispatcher: 頭の痛みは、突然起こった激しい痛みですか？
Caller: いいえ、朝から少しずつ痛くなってきたもので、急に強く出た感じではありません。",True,False,False,1,False,False
sudden_severe_1_0487,"Dispatcher: いきなり耐えられないほどの痛みになったんでしょうか？
Caller: いいえ、母は昼ごろからじわじわ痛くなってきたと言っていて、突然ではありません。",True,False,False,1,False,False
sudden_severe_1_0488,"Dispatcher: 急にひどい頭痛が始まった感じですか？
Caller: いいえ、同僚は仕事中ずっと重い感じが続いていただけで、急激な痛みではないです。",True,False,False,1,False,False
sudden_severe_1_0489,"Dispatcher: いつもの頭痛ではなく、急に強くなった感じですか？
Caller: いいえ、急にではなく、前から少しずつ痛くなっていたようです。",True,False,False,1,False,False
sudden_severe_1_0490,"Dispatcher: さっき急に激しい頭痛が出たんですか？
Caller: いいえ、友人は朝から鈍い痛みが続いていて、突然ひどくなったわけではないです。",True,False,False,1,False,False
sudden_severe_2_0491,"Dispatcher: いつもの軽い頭痛ということでよいですか？
Caller: そこは分かりません。急に強くなったのかどうかはまだ確認できていません。",True,False,False,2,False,False
sudden_severe_2_0492,"Dispatcher: 激しい痛みが突然起こりましたか？
Caller: 突然だったのか、どのくらい強いのかは分かりません。",True,False,False,2,False,False
sudden_severe_2_0493,"Dispatcher: 頭の痛みは、急に出た強い痛みですか？
Caller: 妹から頭が痛いとだけ連絡があって、急に始まったのか、ひどい痛みなのかまでは聞けていません。",True,False,False,2,False,False
sudden_severe_2_0494,"Dispatcher: 頭の痛みは、突然起こった激しい痛みですか？
Caller: すみません、本人は別室にいて、突然かどうかや痛みの強さまでは分かりません。",True,False,False,2,False,False
sudden_severe_2_0495,"Dispatcher: 頭の痛みは、急に強く出たものですか？
Caller: 電話で頭痛と聞いただけなので、急に起きたのか激しいのかは確認できません。",True,False,False,2,False,False
sudden_severe_-1_0496,"Dispatcher: 手足の動きにおかしいところはありますか？
Caller: いいえ、妻は両手両足とも普通に動かせていて、しびれもないです。",True,False,False,-1,False,False
sudden_severe_-1_0497,"Dispatcher: 普通に歩けていますか？
Caller: いいえ、父は右足がしびれて力が入りにくいと言っています。",True,False,False,-1,False,False
sudden_severe_-1_0498,"Dispatcher: 片側の手足にしびれや動かしにくさはありますか？
Caller: はい、同僚の左腕がしびれていて、うまく持ち上げられません。",True,False,False,-1,False,False
sudden_severe_-1_0499,"Dispatcher: しびれや麻痺はありますか？
Caller: まだ本人にそこまで聞けておらず、しびれがあるかは分かりません。",True,False,False,-1,False,False
sudden_severe_-1_0500,"Dispatcher: 手足のしびれや麻痺はありますか？
Caller: いいえ、友人はしびれもなく、手足も普通に動かせています。",True,False,False,-1,False,False
sudden_severe_0_0501,"Dispatcher: いつもの頭痛ではなく、急に強くなった感じですか？
Caller: はい、急に耐えられないほどの頭痛になったようです。",True,False,False,0,False,False
sudden_severe_0_0502,"Dispatcher: いきなりひどい頭痛になった感じですか？
Caller: はい、夫が急に頭を抱えて、ものすごく痛いと言い出しました。",True,False,False,0,False,False
sudden_severe_0_0503,"Dispatcher: 急に強い頭痛が来たんですか？
Caller: はい、部活中に友人が突然ひどい頭痛を訴えました。",True,False,False,0,False,False
sudden_severe_0_0504,"Dispatcher: さっき急に頭痛がひどくなったんですか？
Caller: はい、母が今まで普通だったのに急に我慢できないほど痛いと言っています。",True,False,False,0,False,False
sudden_severe_0_0505,"Dispatcher: いきなり我慢できないくらいの痛みですか？
Caller: はい、同僚が急に今までで一番ひどい頭痛だと言っています。",True,False,False,0,False,False
sudden_severe_1_0506,"Dispatcher: 頭の痛みは、突然起こった激しい痛みですか？
Caller: いいえ、娘は夕方から少しずつ痛みが強くなったと言っていて、急に始まったものではありません。",True,False,False,1,False,False
sudden_severe_1_0507,"Dispatcher: いきなり耐えられないほど痛くなったんですか？
Caller: いいえ、夫は前から頭が重い感じが続いていて、急に悪化したわけではないです。",True,False,False,1,False,False
sudden_severe_1_0508,"Dispatcher: 頭の痛みは、突然起こった激しい痛みですか？
Caller: いいえ、同僚は午前中から徐々に痛くなったと言っていて、突然の激しい頭痛ではありません。",True,False,False,1,False,False
sudden_severe_1_0509,"Dispatcher: 頭の痛みは、突然起こった激しい痛みですか？
Caller: いいえ、急にではなく、だんだん痛くなってきたようです。",True,False,False,1,False,False
sudden_severe_1_0510,"Dispatcher: 急にひどい頭痛が出た感じですか？
Caller: いいえ、朝から続いている頭痛で、急に強くなったものではありません。",True,False,False,1,False,False
sudden_severe_2_0511,"Dispatcher: 頭の痛みは、突然起こった激しい痛みですか？
Caller: 頭が痛いとは聞いていますが、急に始まったのか、どのくらい強いのかまでは分かりません。",True,False,False,2,False,False
sudden_severe_2_0512,"Dispatcher: さっきまで普通だったのに、急に強い頭痛が出た感じですか？
Caller: 職場の同僚からメッセージが来ただけで、いつからで、どれほど激しい痛みかは確認できていません。",True,False,False,2,False,False
sudden_severe_2_0513,"Dispatcher: いつもの頭痛という感じですか？
Caller: そこは分かりません。急にひどくなったのかどうかは聞けていません。",True,False,False,2,False,False
sudden_severe_2_0514,"Dispatcher: 軽い頭痛ではなく、急に強く出たものですか？
Caller: 本人は今別の部屋にいて確認できず、突然だったかや痛みの強さは分かりません。",True,False,False,2,False,False
sudden_severe_2_0515,"Dispatcher: いつもの痛みと同じそうですか？
Caller: まだそこまでは分からず、急な強い痛みかどうか確認できていません。",True,False,False,2,False,False
sudden_severe_-1_0516,"Dispatcher: 受け答えが変だったり、普段と違う様子はありますか？
Caller: 兄から頭痛がすると連絡を受けただけで、今は会えていないので普段と違う振る舞いがあるかは分かりません。",True,False,False,-1,False,False
sudden_severe_-1_0517,"Dispatcher: 何か変わった様子はありますか？
Caller: まだ直接見ていないので、いつもと違う振る舞いがあるかは分かりません。",True,False,False,-1,False,False
sudden_severe_-1_0518,"Dispatcher: 普段と違う振る舞いや様子はありますか？
Caller: いいえ、受け答えも普通で、特におかしな様子はありません。",True,False,False,-1,False,False
sudden_severe_-1_0519,"Dispatcher: いつもより様子がおかしい感じはありますか？
Caller: 妻ですが、会話も普段どおりですし、変わった行動はしていません。",True,False,False,-1,False,False
sudden_severe_-1_0520,"Dispatcher: しびれや麻痺はありますか？
Caller: いいえ、手足のしびれも動かしにくさもないです。",True,False,False,-1,False,False
sudden_severe_0_0521,"Dispatcher: 頭の痛みは、突然起こった激しい痛みですか？
Caller: はい、急に我慢できないくらい強い頭痛が来たと言っています。",True,False,False,0,False,False
sudden_severe_0_0522,"Dispatcher: いつもの頭痛という感じですか？
Caller: いいえ、さっき急にひどい痛みが来て、今までで一番つらいと言っています。",True,False,False,0,False,False
sudden_severe_0_0523,"Dispatcher: 頭の痛みは、急に出た強い痛みですか？
Caller: はい、突然ものすごく痛くなって、耐えられないと言っています。",True,False,False,0,False,False
sudden_severe_0_0524,"Dispatcher: 頭痛は急に始まって、とても強い痛みですか？
Caller: はい、食事中にいきなり頭を押さえて、今すぐ横になりたいほど激しいと言っています。",True,False,False,0,False,False
sudden_severe_0_0525,"Dispatcher: さっきまで普通だったのに、急に激しい頭痛が出ましたか？
Caller: はい、同僚が会議中に突然うずくまって、急に割れるように痛いと訴えました。",True,False,False,0,False,False
sudden_severe_1_0526,"Dispatcher: 頭の痛みは、突然起こった激しい痛みですか？
Caller: いいえ、朝から少しずつ痛くなってきたもので、急にひどくなった感じではありません。",True,False,False,1,False,False
sudden_severe_1_0527,"Dispatcher: いつもの軽い頭痛という感じですか？
Caller: はい、急に強く出たわけではなく、だんだん痛くなってきたようです。",True,False,False,1,False,False
sudden_severe_1_0528,"Dispatcher: 頭痛は急に始まった強い痛みですか？
Caller: いいえ、母は昨日から重い感じが続いていると言っていて、突然の激しい痛みではありません。",True,False,False,1,False,False
sudden_severe_1_0529,"Dispatcher: 頭の痛みは、突然起こった激しい痛みですか？
Caller: いいえ、前からある頭痛が少し続いているだけで、急に強くなったわけではないです。",True,False,False,1,False,False
sudden_severe_1_0530,"Dispatcher: 急に我慢できないほど痛くなった感じですか？
Caller: いいえ、急にではなく、昼ごろから徐々に痛みが増したそうです。",True,False,False,1,False,False
sudden_severe_2_0531,"Dispatcher: さっき急にひどくなった感じですか？
Caller: 友人から頭痛いとだけ連絡があって、急だったのか強いのかは分かっていません。",True,False,False,2,False,False
sudden_severe_2_0532,"Dispatcher: 頭の痛みは、突然起こった激しい痛みか確認できますか？
Caller: 今は本人が車内で休んでいて詳しく話せず、突然始まったのか、激しい痛みなのかはまだ確認できません。",True,False,False,2,False,False
sudden_severe_2_0533,"Dispatcher: 急に我慢できないほどの頭痛ですか？
Caller: 娘から泣きながら電話があっただけで、いつからどの程度痛いのかまでは聞き取れていません。",True,False,False,2,False,False
sudden_severe_2_0534,"Dispatcher: 頭の痛みは、突然起こった激しい痛みですか？
Caller: すみません、頭痛があることしか分からず、急に起きたのか強いのかは確認できません。",True,False,False,2,False,False
sudden_severe_2_0535,"Dispatcher: さっきまで平気だったのに、急に強い頭痛になったんですか？
Caller: 隣の部署の人から呼ばれて来たばかりで、始まり方や痛みの強さまではまだ分かりません。",True,False,False,2,False,False
sudden_severe_-1_0536,"Dispatcher: 普段と違う振る舞いや様子はありますか？
Caller: いいえ、父は頭痛を訴えていますが、受け答えも行動もいつもどおりです。",True,False,False,-1,False,False
sudden_severe_-1_0537,"Dispatcher: 何か様子がおかしい感じはありますか？
Caller: 友人ですが、話し方も普通ですし、変な行動やぼんやりした様子はありません。",True,False,False,-1,False,False
sudden_severe_-1_0538,"Dispatcher: 手足のしびれや麻痺はありますか？
Caller: 今は本人がトイレにこもっていて姿が見えないので、しびれや麻痺があるかは確認できません。",True,False,False,-1,False,False
sudden_severe_-1_0539,"Dispatcher: 普通に歩けていますか？
Caller: そこは分かりません。電話で頭が痛いと聞いただけで、しびれや動かしにくさは確認できていません。",True,False,False,-1,False,False
sudden_severe_-1_0540,"Dispatcher: 体の様子で、しびれたり動かしにくかったりはありますか？
Caller: 息子の部屋から呼ばれただけで、手足のしびれや麻痺があるかどうかはまだ見ていません。",True,False,False,-1,False,False
sudden_severe_0_0541,"Dispatcher: 急にひどい頭痛になった感じですか？
Caller: はい、さっき急に我慢できないくらい強い頭痛が出たと家族が言っています。",True,False,False,0,False,False
sudden_severe_0_0542,"Dispatcher: 頭の痛みは、突然起こった激しい痛みですか？
Caller: はい、同僚が会議中にいきなり頭を押さえて、今までにないほどひどく痛むと言っています。",True,False,False,0,False,False
sudden_severe_0_0543,"Dispatcher: 頭の痛みは、突然起こった激しい痛みですか？
Caller: はい、数分前まで普通だったのに、急に耐えられないほどの激しい頭痛が始まりました。",True,False,False,0,False,False
sudden_severe_0_0544,"Dispatcher: いつもの頭痛ではなく、急に強く出た感じですか？
Caller: はい、友人が突然うずくまって、我慢できないくらい頭が痛いと言っています。",True,False,False,0,False,False
sudden_severe_0_0545,"Dispatcher: 急に強い頭痛が来た感じでしょうか？
Caller: ええ、主人がさっき急に、今までで一番きつい頭痛だと言い出しました。",True,False,False,0,False,False
sudden_severe_1_0546,"Dispatcher: 急にひどい頭痛になった感じですか？
Caller: いいえ、朝から少しずつ痛くなってきたようで、急に強くなったわけではありません。",True,False,False,1,False,False
sudden_severe_1_0547,"Dispatcher: 急にひどい頭痛になった感じですか？
Caller: いいえ、本人は昨日からじわじわ痛んでいて、突然の激しい痛みではないと言っています。",True,False,False,1,False,False
sudden_severe_1_0548,"Dispatcher: 急に強い頭痛が来た感じでしょうか？
Caller: いいえ、同僚は昼ごろからだんだん痛みが増しただけで、急に耐えられない痛みが出たわけではありません。",True,False,False,1,False,False
sudden_severe_1_0549,"Dispatcher: 頭の痛みは、突然起こった激しい痛みですか？
Caller: いいえ、急にではなく、前から続いている頭痛です。",True,False,False,1,False,False
sudden_severe_1_0550,"Dispatcher: 頭の痛みは、突然起こった激しい痛みですか？
Caller: いいえ、今朝から徐々に痛くなっていて、突然ひどくなったものではありません。",True,False,False,1,False,False
sudden_severe_2_0551,"Dispatcher: 頭の痛みは、突然起こった激しい痛みですか？
Caller: すみません、本人から頭が痛いとだけ連絡があって、急に出たのか強いのかまでは分かりません。",True,False,False,2,False,False
sudden_severe_2_0552,"Dispatcher: 頭の痛みは、急に出た強い痛みか確認できますか？
Caller: 近くにいないので、突然なのか、我慢できないほど強いのかは確認できません。",True,False,False,2,False,False
sudden_severe_2_0553,"Dispatcher: いつもの軽い頭痛ということでよいですか？
Caller: そこは分かりません。急に強くなったのか、もともとの頭痛なのか確認できていません。",True,False,False,2,False,False
sudden_severe_2_0554,"Dispatcher: 激しい痛みが突然起こりましたか？
Caller: 激しい痛みが突然起こったかは分かりません。",True,False,False,2,False,False
sudden_severe_2_0555,"Dispatcher: さっきまで普通だったのに、急に我慢できないほど頭が痛くなった感じですか？
Caller: メッセージで頭痛がすると来ただけで、始まり方や痛みの強さまではまだ確認できていません。",True,False,False,2,False,False
sudden_severe_-1_0556,"Dispatcher: 体のどこかにしびれたり、力が入りにくかったりする様子はありますか？
Caller: はい、母は右手と右足がしびれて、うまく力が入らないと言っています。",True,False,False,-1,False,False
sudden_severe_-1_0557,"Dispatcher: ぼんやりしている、返事がおかしいなど、普段と違う様子は見えますか？
Caller: 今は電話で聞いただけで本人を見ていないので、普段と違う振る舞いがあるかまでは確認できません。",True,False,False,-1,False,False
sudden_severe_-1_0558,"Dispatcher: 何か変わった様子はありますか？
Caller: はい、弟が同じことを何度も聞き返してきて、受け答えも普段より明らかにおかしいです。",True,False,False,-1,False,False
sudden_severe_-1_0559,"Dispatcher: しびれや麻痺はありますか？
Caller: 今は別室にいて様子が見えないので、しびれや麻痺があるかは分かりません。",True,False,False,-1,False,False
sudden_severe_-1_0560,"Dispatcher: 何かいつもと違う振る舞いはありますか？
Caller: 頭が痛いと連絡があっただけで、普段と違う様子があるかどうかはまだ分かりません。",True,False,False,-1,False,False
sudden_severe_0_0561,"Dispatcher: 急にひどい頭痛になった感じですか？
Caller: はい、父が突然、耐えられないくらい頭が痛いと言って座り込んでしまいました。",True,False,False,0,False,False
sudden_severe_0_0562,"Dispatcher: いつもの頭痛ではなく、急に強く出た感じですか？
Caller: はい、職場の人が作業中に急に頭を抱えて、我慢できないほど痛いと言っています。",True,False,False,0,False,False
sudden_severe_0_0563,"Dispatcher: 頭の痛みは、突然起こった激しい痛みですか？
Caller: はい、さっき急に始まって、本人は今までで一番ひどい頭痛だと言っています。",True,False,False,0,False,False
sudden_severe_0_0564,"Dispatcher: 急に強い頭痛が来た感じでしょうか？
Caller: はい、友人が歩いている途中で急に立ち止まって、耐えられないほど頭が痛いと言い出しました。",True,False,False,0,False,False
sudden_severe_0_0565,"Dispatcher: 頭の痛みは、突然起こった激しい痛みですか？
Caller: はい、母から、急にものすごい頭痛が来て我慢できないと電話がありました。",True,False,False,0,False,False
sudden_severe_1_0566,"Dispatcher: 急にひどい頭痛になった感じですか？
Caller: いいえ、娘は前から痛いと言っていて、急にひどくなったわけではないです。",True,False,False,1,False,False
sudden_severe_1_0567,"Dispatcher: 頭の痛みは、突然起こった激しい痛みですか？
Caller: いいえ、朝から少しずつ痛みが強くなっていて、突然の激しい頭痛ではありません。",True,False,False,1,False,False
sudden_severe_1_0568,"Dispatcher: 急に強い頭痛が来た感じでしょうか？
Caller: いいえ、前から続いている頭痛で、急に始まったものではないです。",True,False,False,1,False,False
sudden_severe_1_0569,"Dispatcher: いつもの頭痛ではなく、急に強く出た感じですか？
Caller: いいえ、夫は昨日の夜から重い感じが続いていて、突然我慢できない痛みになったわけではありません。",True,False,False,1,False,False
sudden_severe_1_0570,"Dispatcher: 急にひどい頭痛になった感じですか？
Caller: いいえ、同僚は午前中から徐々に痛くなってきたと言っていて、急に起きた激しい頭痛ではありません。",True,False,False,1,False,False
sudden_severe_2_0571,"Dispatcher: いつもの頭痛ではなく、急にひどくなった感じですか？
Caller: 同僚から頭が痛いと連絡があっただけで、急にだったのか、どれほど強いのかまでは確認できていません。",True,False,False,2,False,False
sudden_severe_2_0572,"Dispatcher: 頭の痛みは、突然起こった激しい痛みですか？
Caller: 本人は別の部屋にいて詳しく話せておらず、突然だったか、激しい痛みかは分かりません。",True,False,False,2,False,False
sudden_severe_2_0573,"Dispatcher: いつもの軽い頭痛ということでよいですか？
Caller: そこまでは分かりません。急に強くなったのか、普段の頭痛なのか聞けていません。",True,False,False,2,False,False
sudden_severe_2_0574,"Dispatcher: 頭の痛みは、急に出た強い痛みか確認できますか？
Caller: まだ本人とうまく話せていないので、突然なのか、強い痛みなのかは確認できません。",True,False,False,2,False,False
sudden_severe_2_0575,"Dispatcher: さっきまで普通だったのに急につらくなった感じですか？
Caller: そこは分からなくて、頭痛があるとだけ家族から聞いています。",True,False,False,2,False,False
sudden_severe_-1_0576,"Dispatcher: ぼんやりしている、返事がおかしいなど、普段と違う様子はありますか？
Caller: 今は職場から連絡を受けただけで本人を見ていないので、いつもと違う振る舞いがあるかは確認できません。",True,False,False,-1,False,False
sudden_severe_-1_0577,"Dispatcher: 片側の手足にしびれたり、力が入りにくかったりしていますか？
Caller: はい、父は右腕がしびれていて、コップも持ちにくいと言っています。",True,False,False,-1,False,False
sudden_severe_-1_0578,"Dispatcher: 手足のしびれや麻痺はありますか？
Caller: 友人から頭痛の連絡だけ来ていて、手足の様子まではまだ聞けていません。",True,False,False,-1,False,False
sudden_severe_-1_0579,"Dispatcher: しびれや麻痺はありますか？
Caller: 分かりません。そこは確認できていません。",True,False,False,-1,False,False
sudden_severe_-1_0580,"Dispatcher: 受け答えが変だったり、いつもと違う行動はありますか？
Caller: はい、夫が同じことを何度も聞き返してきて、会話がかみ合っていません。",True,False,False,-1,False,False
sudden_severe_0_0581,"Dispatcher: いつもの頭痛とは違って、一気にひどくなった感じですか？
Caller: はい、娘が急に頭を押さえて、今までで一番痛いと言っています。",True,False,False,0,False,False
sudden_severe_0_0582,"Dispatcher: 急に我慢できないほどの頭痛が始まった感じですか？
Caller: はい、さっきまで普通に話していたのに、突然ものすごく痛いと言ってうずくまりました。",True,False,False,0,False,False
sudden_severe_0_0583,"Dispatcher: 突然の強い頭痛ですか？
Caller: はい、急にひどい痛みが出ています。",True,False,False,0,False,False
sudden_severe_0_0584,"Dispatcher: 頭の痛みは、突然起こった激しい痛みですか？
Caller: はい、弟が急に頭が割れるほど痛いと言い出しました。",True,False,False,0,False,False
sudden_severe_0_0585,"Dispatcher: さっきまで普通で、急に耐えられない頭痛になりましたか？
Caller: はい、同僚が急に顔をしかめて、我慢できないくらい痛いと言っています。",True,False,False,0,False,False
sudden_severe_1_0586,"Dispatcher: 急にひどい頭痛が出た感じですか？
Caller: いいえ、朝から少しずつ痛くなってきたようです。",True,False,False,1,False,False
sudden_severe_1_0587,"Dispatcher: 突然我慢できないほどの頭痛が始まりましたか？
Caller: いいえ、母は昨日から続く頭痛で、急に強くなったわけではありません。",True,False,False,1,False,False
sudden_severe_1_0588,"Dispatcher: さっき急に激しい頭痛になったのですか？
Caller: いいえ、本人は前から重たい感じが続いていて、急な痛みではないです。",True,False,False,1,False,False
sudden_severe_1_0589,"Dispatcher: 頭の痛みは、突然起こった激しい痛みですか？
Caller: いいえ、夫は徐々に痛くなったと言っていて、激烈な始まりではありません。",True,False,False,1,False,False
sudden_severe_1_0590,"Dispatcher: 急にガツンと来るような強い頭痛ですか？
Caller: いいえ、妹は前からじわじわ痛いと言っていて、そういう出方ではないです。",True,False,False,1,False,False
sudden_severe_2_0591,"Dispatcher: いつもの頭痛より急で強い感じですか？
Caller: 祖母から頭が痛いとだけ電話があって、始まり方や強さまでは分かりません。",True,False,False,2,False,False
sudden_severe_2_0592,"Dispatcher: 激しい痛みが突然起こりましたか？
Caller: 突然だったか、激しい痛みかどうかはまだ確認できていません。",True,False,False,2,False,False
sudden_severe_2_0593,"Dispatcher: 頭の痛みは、急に出た強いものか分かりますか？
Caller: 本人は隣の会議室にいて直接見ておらず、急な痛みかどうかまでは分かりません。",True,False,False,2,False,False
sudden_severe_2_0594,"Dispatcher: さっき急にひどくなった感じですか？
Caller: そこはまだ聞けていなくて、頭が痛いとしか分かりません。",True,False,False,2,False,False
sudden_severe_2_0595,"Dispatcher: 頭の痛みは、突然起こった激しい痛みですか？
Caller: すみません、今はメッセージで頭痛と来ただけで、急に始まったのか、どのくらい強いのかは分かりません。",True,False,False,2,False,False
sudden_severe_-1_0596,"Dispatcher: 体のどこかがしびれたり、動かしにくかったりしていますか？
Caller: 妻は寝室にいて、私は別の階にいるので、しびれや麻痺があるかはまだ確認できません。",True,False,False,-1,False,False
sudden_severe_-1_0597,"Dispatcher: 受け答えが変だったり、普段と違う様子はありますか？
Caller: いいえ、頭痛はありますが会話は普通で、行動もいつもと変わりません。",True,False,False,-1,False,False
sudden_severe_-1_0598,"Dispatcher: 手足のしびれや片側の動かしにくさはありますか？
Caller: 息子からは頭が痛いとしか聞いておらず、しびれや麻痺の有無までは分かりません。",True,False,False,-1,False,False
sudden_severe_-1_0599,"Dispatcher: 何かいつもと違う振る舞いはありますか？
Caller: はい、母が急に服を何度も着直したりして落ち着かず、話しかけても要領を得ない返事です。",True,False,False,-1,False,False
sudden_severe_-1_0600,"Dispatcher: 何か変わった様子はありますか？
Caller: 分かりません。頭痛があることしかまだ確認できていません。",True,False,False,-1,False,False
sudden_severe_0_0601,"Dispatcher: いきなり強い頭痛が出た感じですか？
Caller: はい、夫が急に頭を押さえて、我慢できないくらい痛いと言っています。",True,False,False,0,False,False
sudden_severe_0_0602,"Dispatcher: 急にひどい頭痛になったんですか？
Caller: はい、さっき突然始まって、耐えられないほど痛いようです。",True,False,False,0,False,False
sudden_severe_0_0603,"Dispatcher: 頭の痛みは、突然起こった激しい痛みですか？
Caller: はい、同僚が急にうずくまって、今までにない強い頭痛だと言っています。",True,False,False,0,False,False
sudden_severe_0_0604,"Dispatcher: 頭の痛みは急に出た強い痛みですか？
Caller: はい、母が急に痛がり出して、かなり激しいと言っています。",True,False,False,0,False,False
sudden_severe_0_0605,"Dispatcher: さっきまで普通だったのに、急に耐えられないほどの頭痛が来た感じですか？
Caller: はい、友人は会話していた直後に急に顔色が変わって、割れるように痛いと言って動けなくなりました。",True,False,False,0,False,False
sudden_severe_1_0606,"Dispatcher: 頭の痛みは、突然起こった激しい痛みですか？
Caller: いいえ、弟は朝から少しずつ痛くなってきたと言っていて、急にひどくなったわけではありません。",True,False,False,1,False,False
sudden_severe_1_0607,"Dispatcher: いつもの軽い頭痛ということでよいですか？
Caller: はい、同僚は急にではなくじわじわ痛くなったと言っています。",True,False,False,1,False,False
sudden_severe_1_0608,"Dispatcher: 頭の痛みは、急に出た強い痛みですか？
Caller: いいえ、妻は昼ごろからだんだん痛くなってきただけで、突然の激痛ではないです。",True,False,False,1,False,False
sudden_severe_1_0609,"Dispatcher: 急にひどい頭痛になったんですか？
Caller: いいえ、父は前から重たい感じが続いていて、急に我慢できない痛みになったわけではありません。",True,False,False,1,False,False
sudden_severe_1_0610,"Dispatcher: いきなり強い頭痛が出た感じですか？
Caller: いいえ、娘は少し前から痛いと言っていて、急な激しい痛みではないです。",True,False,False,1,False,False
sudden_severe_2_0611,"Dispatcher: いつもの軽い頭痛ということでよいですか？
Caller: それが、友人から頭が痛いとメッセージが来ただけで、急に強くなったのかは分かりません。",True,False,False,2,False,False
sudden_severe_2_0612,"Dispatcher: 急にひどい頭痛になったんですか？
Caller: 今、別の階にいて本人を見ていないので、突然だったのか痛みがどれほど強いのか確認できません。",True,False,False,2,False,False
sudden_severe_2_0613,"Dispatcher: 何か分かることはありますか、急に強い頭痛でしょうか？
Caller: 職場から連絡を受けただけで、始まり方や痛みの強さまではまだ聞けていません。",True,False,False,2,False,False
sudden_severe_2_0614,"Dispatcher: 頭の痛みは、突然起こった激しい痛みか確認できますか？
Caller: 近くにいる家族から頭痛とだけ聞いていて、突然なのか激しいのかまでは確認できていません。",True,False,False,2,False,False
sudden_severe_2_0615,"Dispatcher: 頭の痛みは急に出た強い痛みですか？
Caller: 祖母本人とまだ話せていないので、急に起きたのかひどい痛みなのかは分かりません。",True,False,False,2,False,False
sudden_severe_-1_0616,"Dispatcher: 片側の手足にしびれや力の入りにくさはありますか？
Caller: はい、兄は右手と右足がしびれて、うまく力が入らないと言っています。",True,False,False,-1,False,False
sudden_severe_-1_0617,"Dispatcher: 何か変わったことはありますか？
Caller: 電話で頭が痛いと聞いただけで、普段と違う様子かどうかまでは分かりません。",True,False,False,-1,False,False
sudden_severe_-1_0618,"Dispatcher: 受け答えや行動で、いつもと違う様子はありますか？
Caller: はい、父は質問しても話がかみ合わず、さっきから同じことを繰り返しています。",True,False,False,-1,False,False
sudden_severe_-1_0619,"Dispatcher: 手足のしびれや麻痺はありますか？
Caller: 今は本人のそばにいないので、しびれや麻痺があるかは確認できません。",True,False,False,-1,False,False
sudden_severe_-1_0620,"Dispatcher: 普通に手足を動かせていますか？
Caller: ビデオ通話ではなく音声だけなので、しびれや動かしにくさがあるかまでは分かりません。",True,False,False,-1,False,False
sudden_severe_0_0621,"Dispatcher: 頭の痛みは、突然起こった激しい痛みですか？
Caller: はい、同居の母が食事中に急に頭を抱えて、今までで一番ひどい、耐えられない痛みだと言っています。",True,False,False,0,False,False
sudden_severe_0_0622,"Dispatcher: いきなり強い頭痛が出た感じですか？
Caller: はい、兄が突然ものすごく痛いと言い出しました。",True,False,False,0,False,False
sudden_severe_0_0623,"Dispatcher: 急にひどい頭痛になったんですか？
Caller: はい、妻がさっき急に頭を押さえて、我慢できないほど痛いと言っています。",True,False,False,0,False,False
sudden_severe_0_0624,"Dispatcher: さっきから急に強い頭痛になった感じですか？
Caller: はい、友達が会話の途中で急に痛み出して、すごくつらいと言っています。",True,False,False,0,False,False
sudden_severe_0_0625,"Dispatcher: 頭の痛みは、突然起こった激しい痛みですか？
Caller: はい、職場の先輩がパソコン作業中に急に顔をしかめて、頭に雷が落ちたみたいに激しく痛むと言っています。",True,False,False,0,False,False
sudden_severe_1_0626,"Dispatcher: 頭の痛みは、突然起こった激しい痛みですか？
Caller: いいえ、母は昨日から少しずつ痛みが続いていて、突然の強い痛みではありません。",True,False,False,1,False,False
sudden_severe_1_0627,"Dispatcher: いきなり強い頭痛が出た感じですか？
Caller: いいえ、夫は前から鈍い痛みがあって、急にひどくなったわけではないです。",True,False,False,1,False,False
sudden_severe_1_0628,"Dispatcher: 頭の痛みは、急に出た強い痛みですか？
Caller: いいえ、同僚は午前中からじわじわ痛くなってきたと言っていて、突然の激痛ではありません。",True,False,False,1,False,False
sudden_severe_1_0629,"Dispatcher: 頭の痛みは突然起こった激しいものですか？
Caller: いいえ、娘はだんだん重くなってきたと言っていて、急に起きたひどい痛みではないです。",True,False,False,1,False,False
sudden_severe_1_0630,"Dispatcher: 急に耐えられないほどの頭痛が来たんですか？
Caller: いいえ、友人は朝から少し痛かったのが続いているだけで、急な激しい頭痛ではありません。",True,False,False,1,False,False
sudden_severe_2_0631,"Dispatcher: 頭の痛みは、突然起こった激しい痛みですか？
Caller: 本人のそばにいないので、急に始まったのか、どれほど強いのかまでは確認できません。",True,False,False,2,False,False
sudden_severe_2_0632,"Dispatcher: いつもの頭痛ではなく、急にひどくなった感じですか？
Caller: 同僚からメッセージが来ただけで、急だったのか痛みが強いのかは分かりません。",True,False,False,2,False,False
sudden_severe_2_0633,"Dispatcher: さっきまで普通だったのに、一気に強い頭痛になった様子ですか？
Caller: 友人から頭が痛いとだけ連絡があって、始まり方や強さまでは聞けていません。",True,False,False,2,False,False
sudden_severe_2_0634,"Dispatcher: 軽い痛みではなく、急に耐えられないくらいになった感じでしょうか？
Caller: 家族づてに聞いただけなので、突然だったかどうかも、ひどさも確認できていません。",True,False,False,2,False,False
sudden_severe_2_0635,"Dispatcher: 頭の痛みは、急に出た強い痛みか分かりますか？
Caller: 電話で頭痛がすると聞いただけで、その出方や強さまでは分かっていません。",True,False,False,2,False,False
sudden_severe_-1_0636,"Dispatcher: 受け答えが変とか、いつもと違う様子はありますか？
Caller: まだ本人に会えていないので、普段と違う振る舞いがあるかは分かりません。",True,False,False,-1,False,False
sudden_severe_-1_0637,"Dispatcher: ふらついたり、手足が動かしにくそうな様子はありますか？
Caller: 頭が痛いとしか聞いていなくて、手足のしびれや動かしにくさは確認できていません。",True,False,False,-1,False,False
sudden_severe_-1_0638,"Dispatcher: 何か変わった行動やおかしな受け答えはありますか？
Caller: はい、話しかけても返事がちぐはぐで、普段と明らかに違います。",True,False,False,-1,False,False
sudden_severe_-1_0639,"Dispatcher: 普段と違う振る舞いや様子はありますか？
Caller: はい、さっきから同じことを何度も聞き返していて、いつもの様子ではありません。",True,False,False,-1,False,False
sudden_severe_-1_0640,"Dispatcher: 手足のしびれや麻痺はありますか？
Caller: いいえ、手も足も普通に動いていて、しびれはないです。",True,False,False,-1,False,False
sudden_severe_0_0641,"Dispatcher: 急にものすごく強い頭痛になった感じですか？
Caller: はい、夫が急に頭を押さえて、今までにないくらい痛いと言っています。",True,False,False,0,False,False
sudden_severe_0_0642,"Dispatcher: 激しい痛みが突然起こりましたか？
Caller: はい、さっき急に我慢できないほど頭が痛いと言い出しました。",True,False,False,0,False,False
sudden_severe_0_0643,"Dispatcher: 頭の痛みは、突然起こった激しい痛みですか？
Caller: はい、会議中に同僚がいきなり頭を抱えて、今までで一番ひどい痛みだと言っています。",True,False,False,0,False,False
sudden_severe_0_0644,"Dispatcher: 激しい痛みが突然起こりましたか？
Caller: はい、急に始まって、本人も耐えられないくらい痛いと言っています。",True,False,False,0,False,False
sudden_severe_0_0645,"Dispatcher: 頭の痛みは、急に出た強い痛みですか？
Caller: はい、母が突然うずくまって、ものすごく痛いと言っています。",True,False,False,0,False,False
sudden_severe_1_0646,"Dispatcher: 急にひどい頭痛になった感じですか？
Caller: いいえ、朝から少しずつ痛くなってきたようで、急に強くなったわけではありません。",True,False,False,1,False,False
sudden_severe_1_0647,"Dispatcher: 頭の痛みは、突然起こった激しい痛みですか？
Caller: いいえ、前からじわじわ痛んでいて、急に起きたひどい痛みではないです。",True,False,False,1,False,False
sudden_severe_1_0648,"Dispatcher: さっき急に我慢できないほど痛くなったんですか？
Caller: いいえ、友人は前から重い感じが続いていると言っていて、突然ではないです。",True,False,False,1,False,False
sudden_severe_1_0649,"Dispatcher: 頭の痛みは、突然起こった激しい痛みですか？
Caller: いいえ、昼ごろから少しずつ痛みが増しただけで、急に激しくなったものではありません。",True,False,False,1,False,False
sudden_severe_1_0650,"Dispatcher: 激しい痛みが突然起こりましたか？
Caller: いいえ、そこまで強くなくて、急に始まった感じでもないです。",True,False,False,1,False,False
sudden_severe_2_0651,"Dispatcher: 頭の痛みは、突然起こった激しい痛みですか？
Caller: 息子から頭痛がするとだけ電話があって、急に起きたのか、激しいのかはまだ確認できていません。",True,False,False,2,False,False
sudden_severe_2_0652,"Dispatcher: 急にひどい頭痛になった感じですか？
Caller: そこは分かりません。頭が痛いとしか聞いていません。",True,False,False,2,False,False
sudden_severe_2_0653,"Dispatcher: いつもの頭痛ではなく、急に強く出たものでしょうか？
Caller: 分かりません。本人からは痛いとだけ連絡がありました。",True,False,False,2,False,False
sudden_severe_2_0654,"Dispatcher: さっき急に強い頭痛が出た様子ですか？
Caller: 私は現場にいないので、そのあたりはまだ見ていません。",True,False,False,2,False,False
sudden_severe_2_0655,"Dispatcher: 頭の痛みは、急に出た強い痛みか確認できますか？
Caller: 近くにいる者から頭痛があると聞いただけで、突然なのか激しいのかまでは確認できません。",True,False,False,2,False,False
sudden_severe_-1_0656,"Dispatcher: ぼんやりしている、返事がおかしいなど、普段と違う様子はありますか？
Caller: いいえ、受け答えはいつも通りではっきりしています。",True,False,False,-1,False,False
sudden_severe_-1_0657,"Dispatcher: 片方の手足がしびれるとか、動かしにくい様子はありますか？
Caller: いいえ、本人は両手足とも普通に動かせていて、しびれもないと言っています。",True,False,False,-1,False,False
sudden_severe_-1_0658,"Dispatcher: 何か変わった様子はありますか？
Caller: はい、落ち着きがなくて、言っていることも少し変です。",True,False,False,-1,False,False
sudden_severe_-1_0659,"Dispatcher: いつもより様子がおかしい感じはありますか？
Caller: 電話で聞いただけなので、普段と違う振る舞いがあるかどうかはまだ分かりません。",True,False,False,-1,False,False
sudden_severe_-1_0660,"Dispatcher: 手足のしびれや麻痺はありますか？
Caller: いいえ、父は普通に歩けていますし、しびれも訴えていません。",True,False,False,-1,False,False
sudden_severe_0_0661,"Dispatcher: 頭の痛みは、突然起こった激しい痛みですか？
Caller: はい、さっき急に始まって、本人も我慢できないくらい痛いと言っています。",True,False,False,0,False,False
sudden_severe_0_0662,"Dispatcher: いつもの頭痛ではなく、急にひどくなった感じですか？
Caller: はい、急にズキンときて、今までにないくらい強い痛みだそうです。",True,False,False,0,False,False
sudden_severe_0_0663,"Dispatcher: さっきまで普通だったのに、急に耐えられないほど頭が痛くなった感じですか？
Caller: はい、同僚が急に頭を押さえて、その場でうずくまるほどの痛みだと言っています。",True,False,False,0,False,False
sudden_severe_0_0664,"Dispatcher: いきなりひどい頭痛が来たということですか？
Caller: はい、母が突然「割れるみたいに痛い」と言い出して動けなくなりました。",True,False,False,0,False,False
sudden_severe_0_0665,"Dispatcher: 軽い痛みが続いているというより、急に強い痛みが出た感じですか？
Caller: はい、弟は急に始まって、我慢できないくらい強いと言っています。",True,False,False,0,False,False
sudden_severe_1_0666,"Dispatcher: いつもの頭痛ということでよいですか？
Caller: はい、急にひどくなったわけではなく、朝から少しずつ痛くなっています。",True,False,False,1,False,False
sudden_severe_1_0667,"Dispatcher: 急に起こった激しい頭痛ですか？
Caller: いいえ、突然ではなく、昼ごろからだんだん痛みが強くなっただけです。",True,False,False,1,False,False
sudden_severe_1_0668,"Dispatcher: いきなり耐えられない頭痛になった感じですか？
Caller: いいえ、そこまでではなく、前からある頭痛が少しつらくなった程度です。",True,False,False,1,False,False
sudden_severe_1_0669,"Dispatcher: さっき急に我慢できないほど痛くなったんですか？
Caller: いいえ、夫は夕方からじわじわ痛いと言っていて、急に強くなったわけではありません。",True,False,False,1,False,False
sudden_severe_1_0670,"Dispatcher: 頭の痛みは、突然起こった激しい痛みですか？
Caller: いいえ、急にではなく、数時間かけて少しずつ痛くなっていて、激痛という感じでもありません。",True,False,False,1,False,False
sudden_severe_2_0671,"Dispatcher: 頭の痛みは、突然起こった激しい痛みですか？
Caller: すみません、本人から頭が痛いとだけ連絡があって、急にかどうかまでは分かりません。",True,False,False,2,False,False
sudden_severe_2_0672,"Dispatcher: 頭の痛みは、急に出た強い痛みか分かりますか？
Caller: 近くにいないので、突然なのか、どのくらい強いのかは確認できていません。",True,False,False,2,False,False
sudden_severe_2_0673,"Dispatcher: さっきまで何ともなかったのに、急にひどい頭痛になった様子ですか？
Caller: 友人からメッセージで頭痛と来ただけで、始まり方や痛みの強さまでは分かりません。",True,False,False,2,False,False
sudden_severe_2_0674,"Dispatcher: いつもの軽い頭痛ということでよいですか？
Caller: そこまでは分かりません。急に強くなったのかどうかはまだ確認できていません。",True,False,False,2,False,False
sudden_severe_2_0675,"Dispatcher: 激しい痛みが突然起こりましたか？
Caller: 分かりません。頭が痛いとは聞いていますが、突然かどうかも強さも確認できません。",True,False,False,2,False,False
sudden_severe_-1_0676,"Dispatcher: しびれや麻痺はありますか？
Caller: いいえ、手足のしびれも動かしにくさもないです。",True,False,False,-1,False,False
sudden_severe_-1_0677,"Dispatcher: ぼんやりしている、返事がおかしいなど、普段と違う様子は見えますか？
Caller: はい、同僚なんですが、質問しても話がかみ合わず、いつもと全然違う受け答えです。",True,False,False,-1,False,False
sudden_severe_-1_0678,"Dispatcher: 普段と違う振る舞いや様子はありますか？
Caller: はい、父がさっきから同じことを何度も聞いてきて、明らかにいつもと違います。",True,False,False,-1,False,False
sudden_severe_-1_0679,"Dispatcher: 手足のしびれや麻痺はありますか？
Caller: 今は本人の姿が見えないので、しびれや麻痺があるかは確認できません。",True,False,False,-1,False,False
sudden_severe_-1_0680,"Dispatcher: 普段と違う振る舞いや様子はありますか？
Caller: いいえ、受け答えも普段どおりで、変わった様子はありません。",True,False,False,-1,False,False
sudden_severe_0_0681,"Dispatcher: 頭の痛みは、突然起こった激しい痛みですか？
Caller: はい、妻が急に頭を抱えて、耐えられないほど痛いと言っています。",True,False,False,0,False,False
sudden_severe_0_0682,"Dispatcher: いきなり強い頭痛が来た感じですか？
Caller: はい、急に始まって、本人も今までで一番ひどい頭痛だと言っています。",True,False,False,0,False,False
sudden_severe_0_0683,"Dispatcher: いつもの頭痛ではなく、急にひどくなった感じですか？
Caller: はい、友人が会話の途中で急に顔をしかめて、我慢できない痛みだと言っています。",True,False,False,0,False,False
sudden_severe_0_0684,"Dispatcher: 頭の痛みは、突然起こった激しい痛みですか？
Caller: はい、さっき急に始まって、本人はものすごく痛いと言っています。",True,False,False,0,False,False
sudden_severe_0_0685,"Dispatcher: 普通の頭痛ではなく、急に強い痛みが出た感じですか？
Caller: はい、兄が突然「頭が割れそう」と言って、その場にしゃがみ込みました。",True,False,False,0,False,False
sudden_severe_1_0686,"Dispatcher: いきなり耐えられない頭痛になった感じですか？
Caller: いいえ、急にではなく、前から少し痛いと言っていました。",True,False,False,1,False,False
sudden_severe_1_0687,"Dispatcher: 頭の痛みは、突然起こった激しい痛みですか？
Caller: いいえ、急に始まったものではなく、朝から徐々に痛くなっています。",True,False,False,1,False,False
sudden_severe_1_0688,"Dispatcher: いつもの頭痛ではなく急にひどくなりましたか？
Caller: いいえ、突然ではなく、前からの痛みが続いているだけです。",True,False,False,1,False,False
sudden_severe_1_0689,"Dispatcher: 頭の痛みは、突然起こった激しい痛みですか？
Caller: いいえ、母は買い物中から重い感じがしていたそうで、急に激痛が出たわけではありません。",True,False,False,1,False,False
sudden_severe_1_0690,"Dispatcher: 軽い頭痛ではなく、いきなり強い痛みが来たんですか？
Caller: いいえ、友人は仕事中からじわじわ痛くなっていて、急に耐えられない痛みになったわけではないです。",True,False,False,1,False,False
sudden_severe_2_0691,"Dispatcher: 頭の痛みは、突然起こった激しい痛みですか？
Caller: 同僚から頭が痛いと連絡を受けただけで、急に始まったのか、かなり強い痛みなのかまでは確認できていません。",True,False,False,2,False,False
sudden_severe_2_0692,"Dispatcher: いつもの軽い頭痛ということでよいですか？
Caller: そこは分かりません。急にひどくなったのかどうかは聞けていません。",True,False,False,2,False,False
sudden_severe_2_0693,"Dispatcher: 急にひどい頭痛が出た感じか、分かりますか？
Caller: 友人が頭痛で動けないとメッセージしてきただけなので、突然だったのか、どれほど強いのかはまだ分かりません。",True,False,False,2,False,False
sudden_severe_2_0694,"Dispatcher: 頭の痛みは、急に出た強い痛みですか？
Caller: 急にかどうかも、強さも分かりません。",True,False,False,2,False,False
sudden_severe_2_0695,"Dispatcher: 激しい頭痛が突然起こったか確認できますか？
Caller: 本人は別の部屋にいて詳しく話せておらず、急に始まった激しい痛みかどうかは確認できません。",True,False,False,2,False,False
sudden_severe_-1_0696,"Dispatcher: ちゃんと歩けていますか？
Caller: いいえ、妹は右腕がしびれていて、片足にも力が入りにくいと言っています。",True,False,False,-1,False,False
sudden_severe_-1_0697,"Dispatcher: 普通に手足は動かせていますか？
Caller: はい、父は手足のしびれも麻痺もなく、左右とも普通に動かせています。",True,False,False,-1,False,False
sudden_severe_-1_0698,"Dispatcher: しびれや麻痺はありますか？
Caller: いいえ、しびれも麻痺もありません。",True,False,False,-1,False,False
sudden_severe_-1_0699,"Dispatcher: 何か変わったことはありますか？
Caller: 頭が痛いとしか聞いておらず、普段と違う様子かどうかは分かりません。",True,False,False,-1,False,False
sudden_severe_-1_0700,"Dispatcher: ぼんやりしている、返事がおかしいなど、普段と違う振る舞いはありますか？
Caller: 電話で頭痛を訴えられただけなので、いつもと違う行動があるかまでは確認できていません。",True,False,False,-1,False,False
sudden_severe_0_0701,"Dispatcher: 頭の痛みは、突然起こった激しい痛みですか？
Caller: はい、夫がさっき急に頭を押さえて、今までで一番ひどい痛みだと言っています。",True,False,False,0,False,False
sudden_severe_0_0702,"Dispatcher: 急に我慢できないほどの頭痛が出た感じですか？
Caller: はい、同僚が会議中にいきなり頭が割れるみたいに痛いと言ってうずくまりました。",True,False,False,0,False,False
sudden_severe_0_0703,"Dispatcher: 突然の強い頭痛でしょうか？
Caller: はい、母が数分前まで普通だったのに、急にものすごく痛いと言い出しました。",True,False,False,0,False,False
sudden_severe_0_0704,"Dispatcher: さっきまで普通だったのに、急に激しい頭痛になったのですか？
Caller: はい、友人が運転中に突然耐えられないくらい頭が痛いと言って車を止めました。",True,False,False,0,False,False
sudden_severe_0_0705,"Dispatcher: いつもの頭痛ですか？
Caller: いいえ、弟は急に今までにないくらい強い頭痛が来たと言っています。",True,False,False,0,False,False
sudden_severe_1_0706,"Dispatcher: いつもの軽い頭痛ということでよいですか？
Caller: はい、妻は朝から少しずつ痛くなったと言っていて、急にひどくなった感じではありません。",True,False,False,1,False,False
sudden_severe_1_0707,"Dispatcher: 急に強い頭痛が出たのではないですか？
Caller: いいえ、父は昨日から続く鈍い痛みで、突然ひどくなったわけではありません。",True,False,False,1,False,False
sudden_severe_1_0708,"Dispatcher: いきなり我慢できないほど痛くなった感じですか？
Caller: そうではなくて、同僚は昼ごろからだんだん痛くなってきたと言っています。",True,False,False,1,False,False
sudden_severe_1_0709,"Dispatcher: 頭の痛みは、突然起こった激しい痛みですか？
Caller: いいえ、急に始まった激しい頭痛ではなく、前からある頭痛が少し強くなった程度です。",True,False,False,1,False,False
sudden_severe_1_0710,"Dispatcher: 急にひどい頭痛が出たのですか？
Caller: いいえ、娘は夕方から徐々に痛くなっていて、耐えられないほどではないと言っています。",True,False,False,1,False,False
sudden_severe_2_0711,"Dispatcher: いつもの頭痛ですか？
Caller: 兄から頭が痛いとだけ電話があって、急に強く出たのか、前からの痛みなのかは分かりません。",True,False,False,2,False,False
sudden_severe_2_0712,"Dispatcher: いつもの軽い頭痛ということでよいですか？
Caller: そこはまだ分かりません。始まり方も強さも確認できていません。",True,False,False,2,False,False
sudden_severe_2_0713,"Dispatcher: 急にひどくなった頭痛ですか？
Caller: 分かりません。本人から詳しく聞けていません。",True,False,False,2,False,False
sudden_severe_2_0714,"Dispatcher: いつもの頭痛ではなく、急に強く出た感じですか？
Caller: 友人からメッセージが来ただけで、突然なのか、激しいのかまでは確認できていません。",True,False,False,2,False,False
sudden_severe_2_0715,"Dispatcher: 頭の痛みは、突然起こった激しい痛みですか？
Caller: 今は本人のそばにおらず、突然始まったのか、どの程度強い痛みなのかは分かりません。",True,False,False,2,False,False
sudden_severe_-1_0716,"Dispatcher: ぼんやりしている、返事がおかしいなど、普段と違う様子はありますか？
Caller: はい、夫は質問への答えがちぐはぐで、さっきから同じことを何度も聞き返しています。",True,False,False,-1,False,False
sudden_severe_-1_0717,"Dispatcher: 普通に歩けていますか？
Caller: はい、母は手足のしびれもなく、いつも通り動けています。",True,False,False,-1,False,False
sudden_severe_-1_0718,"Dispatcher: しびれや麻痺はありますか？
Caller: いいえ、しびれも麻痺もありません。",True,False,False,-1,False,False
sudden_severe_-1_0719,"Dispatcher: 片側の手足にしびれや動かしにくさはありますか？
Caller: いいえ、右も左も普通に動いていて、しびれや麻痺はありません。",True,False,False,-1,False,False
sudden_severe_-1_0720,"Dispatcher: いつも通りに受け答えできていますか？
Caller: いいえ、同僚は受け答えが遅くて、話も少しかみ合っていません。",True,False,False,-1,False,False
sudden_severe_0_0721,"Dispatcher: 頭の痛みは、突然起こった激しい痛みですか？
Caller: はい、夫が急に頭を押さえて、今までにないくらい激しく痛むと言っています。",True,False,False,0,False,False
sudden_severe_0_0722,"Dispatcher: いつもの頭痛という感じですか？
Caller: いいえ、同僚が会議中にいきなりうずくまって、耐えられないほど頭が痛いと言っています。",True,False,False,0,False,False
sudden_severe_0_0723,"Dispatcher: さっきまで普通だったのに、急に強い頭痛が出た感じですか？
Caller: はい、母は台所で普通に話していたのに、急に割れるように痛いと言って座り込んでしまいました。",True,False,False,0,False,False
sudden_severe_0_0724,"Dispatcher: いつもの頭痛より軽そうですか？
Caller: いいえ、友人は突然ガンと来たと言っていて、かなりひどい痛みみたいです。",True,False,False,0,False,False
sudden_severe_0_0725,"Dispatcher: 急な強い頭痛ではなさそうですか？
Caller: いいえ、弟が急にものすごく痛いと言い出しました。",True,False,False,0,False,False
sudden_severe_1_0726,"Dispatcher: いつもの軽い頭痛ということでよいですか？
Caller: はい、父は朝から少しずつ痛くなってきたと言っていて、急にひどくなったわけではありません。",True,False,False,1,False,False
sudden_severe_1_0727,"Dispatcher: 急な強い頭痛ですか？
Caller: いいえ、妻は昨日から続く鈍い痛みだと言っています。",True,False,False,1,False,False
sudden_severe_1_0728,"Dispatcher: 頭の痛みは、突然起こった激しい痛みですか？
Caller: いいえ、同僚は昼前からじわじわ痛くなってきたと言っていて、突然の激痛ではありません。",True,False,False,1,False,False
sudden_severe_1_0729,"Dispatcher: 急に我慢できないほどの頭痛になった感じですか？
Caller: いいえ、娘はだんだん痛くなったと言っていて、そこまで強い感じではなさそうです。",True,False,False,1,False,False
sudden_severe_1_0730,"Dispatcher: いつもの頭痛ではなさそうですか？
Caller: いえ、兄は前からある頭痛に近いと言っています。",True,False,False,1,False,False
sudden_severe_2_0731,"Dispatcher: 急な強い頭痛ではなさそうですか？
Caller: それが分からなくて、頭が痛いとだけ連絡がありました。",True,False,False,2,False,False
sudden_severe_2_0732,"Dispatcher: いつもの頭痛という感じですか？
Caller: そこは確認できていません。本人は別室にいて、急に強くなったのかまでは分かりません。",True,False,False,2,False,False
sudden_severe_2_0733,"Dispatcher: 急な強い頭痛ですか？
Caller: すみません、そこまでは分かりません。",True,False,False,2,False,False
sudden_severe_2_0734,"Dispatcher: いつもの頭痛よりひどい感じですか？
Caller: 分からないです。痛いとは言っていますが、急にかどうか聞けていません。",True,False,False,2,False,False
sudden_severe_2_0735,"Dispatcher: 頭の痛みは、突然起こった激しい痛みですか？
Caller: 今は本人のそばにいないので、突然だったのか、どの程度強いのかは確認できません。",True,False,False,2,False,False
sudden_severe_-1_0736,"Dispatcher: しびれや麻痺はありますか？
Caller: いいえ、妻は手足のしびれも動かしにくさもないです。",True,False,False,-1,False,False
sudden_severe_-1_0737,"Dispatcher: 普段と違う振る舞いや様子はありますか？
Caller: いいえ、夫は受け答えも普段どおりで、特におかしな様子はありません。",True,False,False,-1,False,False
sudden_severe_-1_0738,"Dispatcher: 何か変わったことはありますか？
Caller: 今は電話で聞いただけなので、普段と違う様子があるかまでは分かりません。",True,False,False,-1,False,False
sudden_severe_-1_0739,"Dispatcher: ぼんやりしている、返事がおかしいなど、普段と違う様子は見えますか？
Caller: はい、同僚が質問にうまく答えられず、さっきから同じことを繰り返しています。",True,False,False,-1,False,False
sudden_severe_-1_0740,"Dispatcher: 普段と違う振る舞いや様子はありますか？
Caller: はい、母が呼びかけへの返事がちぐはぐで、落ち着きなく歩き回っています。",True,False,False,-1,False,False
sudden_severe_0_0741,"Dispatcher: いつもの頭痛という感じですか？
Caller: いいえ、父が急に頭を抱えて、耐えられないくらい痛いと言っています。",True,False,False,0,False,False
sudden_severe_0_0742,"Dispatcher: 急な強い頭痛ですか？
Caller: はい、姉が突然ひどい頭痛を訴えて倒れ込みました。",True,False,False,0,False,False
sudden_severe_0_0743,"Dispatcher: 頭の痛みは、突然起こった激しい痛みですか？
Caller: はい、夫がさっき急にものすごく痛いと言い出して、かなりつらそうです。",True,False,False,0,False,False
sudden_severe_0_0744,"Dispatcher: さっき急に我慢できないほどの頭痛が出た感じですか？
Caller: はい、友人が運転を止めるほど急に強い痛みが来たと言っています。",True,False,False,0,False,False
sudden_severe_0_0745,"Dispatcher: 頭の痛みは、突然起こった激しい痛みですか？
Caller: はい、息子が急に今までで一番痛いと言ってうずくまっています。",True,False,False,0,False,False
sudden_severe_1_0746,"Dispatcher: 頭の痛みは、突然起こった激しい痛みですか？
Caller: いいえ、母は夕方から少しずつ痛くなってきたと言っていて、急な痛みではありません。",True,False,False,1,False,False
sudden_severe_1_0747,"Dispatcher: 頭の痛みは、突然起こった激しい痛みですか？
Caller: いいえ、同僚は朝から重い感じが続いているだけで、急にひどくなったわけではないです。",True,False,False,1,False,False
sudden_severe_1_0748,"Dispatcher: いつもの頭痛ではなさそうですか？
Caller: いえ、妻は前にもあるような痛みで、急に強く出たものではないと言っています。",True,False,False,1,False,False
sudden_severe_1_0749,"Dispatcher: 頭の痛みは、突然起こった激しい痛みですか？
Caller: いいえ、弟は徐々に痛くなったと言っていて、激痛というほどでもなさそうです。",True,False,False,1,False,False
sudden_severe_1_0750,"Dispatcher: 頭の痛みは、突然起こった激しい痛みですか？
Caller: いいえ、友人はさっきから少し痛い程度で、急にひどくなった様子はありません。",True,False,False,1,False,False
sudden_severe_2_0751,"Dispatcher: いつもの軽い頭痛ということでよいですか？
Caller: それが、急に強くなったのか、もともと強いのかは確認できていません。",True,False,False,2,False,False
sudden_severe_2_0752,"Dispatcher: 頭の痛みは、突然起こった激しい痛みですか？
Caller: 本人から頭が痛いとしか聞いておらず、突然だったかや痛みの強さまでは分かりません。",True,False,False,2,False,False
sudden_severe_2_0753,"Dispatcher: さっきまで普通だったのに、急にひどい頭痛が出た感じですか？
Caller: 同僚からメッセージが来ただけで、いつからどれくらい強く痛いのかまでは確認できていません。",True,False,False,2,False,False
sudden_severe_2_0754,"Dispatcher: 軽い痛みではなさそうですか？
Caller: 頭痛があるとは聞いていますが、急に強くなったのかどうかは分かりません。",True,False,False,2,False,False
sudden_severe_2_0755,"Dispatcher: 頭の痛みは急に強く出たものか分かりますか？
Caller: 今は別のフロアにいて、本人の様子を見ていないので、突然かどうかも痛みの強さもまだ確認できていません。",True,False,False,2,False,False
sudden_severe_-1_0756,"Dispatcher: 手足のしびれや麻痺はありますか？
Caller: 妻のそばにいますが、手足のしびれも麻痺もなく、普通に動かせています。",True,False,False,-1,False,False
sudden_severe_-1_0757,"Dispatcher: いつもと違う振る舞いがある感じですか？
Caller: 友人から頭痛でつらいと連絡が来ただけで、普段と違う様子かどうかまでは分かりません。",True,False,False,-1,False,False
sudden_severe_-1_0758,"Dispatcher: 普通に手足は動いていますか？
Caller: いいえ、父は左腕がしびれて力も入りにくいと言っています。",True,False,False,-1,False,False
sudden_severe_-1_0759,"Dispatcher: 普段と違う振る舞いや様子はありますか？
Caller: いいえ、受け答えも普段通りで、変わった様子はありません。",True,False,False,-1,False,False
sudden_severe_-1_0760,"Dispatcher: 手足のしびれや麻痺はありますか？
Caller: はい、母は右足がしびれていて、少し動かしにくそうです。",True,False,False,-1,False,False
sudden_severe_0_0761,"Dispatcher: 急にひどい頭痛が出た感じですか？
Caller: はい、弟が急に頭を押さえて、我慢できないくらい痛いと言っています。",True,False,False,0,False,False
sudden_severe_0_0762,"Dispatcher: 頭の痛みは、突然起こった激しい痛みですか？
Caller: はい、さっき急に始まって、今までにないほど強い頭痛だと本人が言っています。",True,False,False,0,False,False
sudden_severe_0_0763,"Dispatcher: いきなり耐えられないほどの頭痛になったんですか？
Caller: はい、同僚が会議中に突然うずくまって、ものすごく痛いと言い出しました。",True,False,False,0,False,False
sudden_severe_0_0764,"Dispatcher: いつもの頭痛っぽいですか？
Caller: いいえ、娘が急に泣き出して、今までで一番ひどい頭痛だと言っています。",True,False,False,0,False,False
sudden_severe_0_0765,"Dispatcher: 頭の痛みは急に出た強いものですか？
Caller: 夫がさっきまで普通だったのに、突然激しい痛みが来たと言っています。",True,False,False,0,False,False
sudden_severe_1_0766,"Dispatcher: 頭の痛みは、突然起こった激しい痛みですか？
Caller: いいえ、朝から少しずつ痛くなってきたようで、急にひどくなったわけではありません。",True,False,False,1,False,False
sudden_severe_1_0767,"Dispatcher: 頭の痛みは、突然起こった激しい痛みですか？
Caller: いいえ、本人は前からじわじわ痛んでいたと言っていて、急な激痛ではないです。",True,False,False,1,False,False
sudden_severe_1_0768,"Dispatcher: いきなり我慢できないほど痛くなった感じですか？
Caller: いいえ、そこまでではなく、昼ごろからだんだん痛みが増してきたそうです。",True,False,False,1,False,False
sudden_severe_1_0769,"Dispatcher: さっき急にひどい頭痛が始まったんですか？
Caller: いいえ、母は昨日から続くいつもの片頭痛みたいな痛みだと言っています。",True,False,False,1,False,False
sudden_severe_1_0770,"Dispatcher: 頭の痛みは突然の強いものですか？
Caller: 息子は部活のあとから重い感じが続いていると言っていて、急にガツンと来た痛みではなさそうです。",True,False,False,1,False,False
sudden_severe_2_0771,"Dispatcher: 頭の痛みは、突然起こった激しい痛みですか？
Caller: 祖母から頭が痛いと電話があっただけで、突然だったかや強い痛みかどうかは確認できていません。",True,False,False,2,False,False
sudden_severe_2_0772,"Dispatcher: いつもの頭痛ではなさそうですか？
Caller: そこまでは分からず、急に強くなったのかどうかはまだ聞けていません。",True,False,False,2,False,False
sudden_severe_2_0773,"Dispatcher: 急に我慢できないほどの頭痛が出た様子はありますか？
Caller: 友人がチャットで頭痛いと送ってきただけなので、急な発症か強い痛みかは分かりません。",True,False,False,2,False,False
sudden_severe_2_0774,"Dispatcher: 軽い頭痛ではない感じですか？
Caller: 本人にまだ会えていないので、突然だったのか激しいのかは分かりません。",True,False,False,2,False,False
sudden_severe_2_0775,"Dispatcher: さっきまで普通だったのに、急に激しい頭痛になったか分かりますか？
Caller: 子どもが学校から頭痛で迎えに来てほしいと連絡してきただけで、始まり方や痛みの強さまでは確認できていません。",True,False,False,2,False,False
sudden_severe_-1_0776,"Dispatcher: 何か変わったことはありますか？
Caller: 兄から頭が痛いとメッセージが来ただけで、普段と違う振る舞いがあるかはまだ分かりません。",True,False,False,-1,False,False
sudden_severe_-1_0777,"Dispatcher: 手足は普段どおり動いていますか？
Caller: いいえ、同僚は右手がしびれて、コップをうまく持てない状態です。",True,False,False,-1,False,False
sudden_severe_-1_0778,"Dispatcher: しびれや麻痺はありますか？
Caller: いいえ、手足のしびれも麻痺もなく、左右とも普通に動いています。",True,False,False,-1,False,False
sudden_severe_-1_0779,"Dispatcher: 手足のしびれや麻痺はありますか？
Caller: 今は本人が車内で休んでいて姿が見えないので、しびれや麻痺があるかは確認できません。",True,False,False,-1,False,False
sudden_severe_-1_0780,"Dispatcher: ぼんやりしている、返事がおかしいなど、いつもと違う様子はありますか？
Caller: 夫から頭痛がすると電話があっただけで、普段と違う振る舞いがあるかどうかは分かりません。",True,False,False,-1,False,False
sudden_severe_0_0781,"Dispatcher: いつもの頭痛ではなく、急にひどくなった感じですか？
Caller: はい、夫がさっき急に頭を押さえて、我慢できないくらい痛いと言っています。",True,False,False,0,False,False
sudden_severe_0_0782,"Dispatcher: 頭の痛みは、突然起こった激しい痛みですか？
Caller: はい、同僚が会議中にいきなり頭を抱えて、その場にいられないほど強い痛みだと言っていました。",True,False,False,0,False,False
sudden_severe_0_0783,"Dispatcher: 頭の痛みは、急に出た強い痛みですか？
Caller: はい、母が急に耐えられないほど頭が痛いと言い出しました。",True,False,False,0,False,False
sudden_severe_0_0784,"Dispatcher: 急にすごく痛くなった感じですか？
Caller: はい、友人が突然、我慢できないくらいの頭痛が来たと言っています。",True,False,False,0,False,False
sudden_severe_0_0785,"Dispatcher: 頭の痛みは、突然始まった激しいものですか？
Caller: はい、弟が急にひどい頭痛が来たと言って、動けなくなっています。",True,False,False,0,False,False
sudden_severe_1_0786,"Dispatcher: いつもの頭痛みたいな感じですか？
Caller: はい、妻は朝から少しずつ痛くなってきたと言っていて、急に激しくなったわけではありません。",True,False,False,1,False,False
sudden_severe_1_0787,"Dispatcher: 頭の痛みは、突然起こった激しい痛みですか？
Caller: いいえ、父は昼ごろからじわじわ痛くなってきたようで、急にガツンと来た感じではないです。",True,False,False,1,False,False
sudden_severe_1_0788,"Dispatcher: 急にひどくなった頭痛ですか？
Caller: いいえ、同僚は仕事中に少しずつ痛みが増したと言っていて、突然の激痛ではありません。",True,False,False,1,False,False
sudden_severe_1_0789,"Dispatcher: 頭の痛みは、急に始まった強い痛みでしょうか？
Caller: いいえ、母は昨夜から重い感じが続いていて、突然起きた激しい頭痛ではないです。",True,False,False,1,False,False
sudden_severe_1_0790,"Dispatcher: さっき急に我慢できないほどの頭痛が出たのですか？
Caller: いいえ、友人は朝からだんだん痛くなってきただけで、急に強い痛みが出たわけではありません。",True,False,False,1,False,False
sudden_severe_2_0791,"Dispatcher: いつもの軽い頭痛ということでよいですか？
Caller: そこまでは分かりません。急に強くなったのか、いつもの頭痛なのか確認できていません。",True,False,False,2,False,False
sudden_severe_2_0792,"Dispatcher: さっきまで普通だったのに、急に我慢できないほど頭が痛くなった感じですか？
Caller: 本人からメッセージで頭が痛いとだけ来ていて、急に始まったのか、どれほど強いのかまでは分かりません。",True,False,False,2,False,False
sudden_severe_2_0793,"Dispatcher: 激しい痛みが突然起こりましたか？
Caller: 突然だったのか、痛みが強いのかはまだ確認できていません。",True,False,False,2,False,False
sudden_severe_2_0794,"Dispatcher: 頭の痛みは、突然起こった激しい痛みですか？
Caller: すみません、娘から頭痛がすると連絡はありましたが、急にだったのか強さまでは聞けていません。",True,False,False,2,False,False
sudden_severe_2_0795,"Dispatcher: 頭の痛みについて何か分かることはありますか？
Caller: 頭が痛いとは聞いていますが、突然ひどくなったのかどうかは分かりません。",True,False,False,2,False,False
sudden_severe_-1_0796,"Dispatcher: 片側の手足にしびれや動かしにくさがあるか見られますか？
Caller: 職場から電話を受けただけで本人の様子が見えていないので、しびれや麻痺があるかは確認できません。",True,False,False,-1,False,False
sudden_severe_-1_0797,"Dispatcher: ぼんやりしている、返事がおかしいなど、普段と違う様子はありますか？
Caller: いいえ、姉は受け答えもしっかりしていますし、普段と変わった様子はありません。",True,False,False,-1,False,False
sudden_severe_-1_0798,"Dispatcher: 何か変わったことはありますか？
Caller: はい、父が同じことを何度も聞き返してきて、受け答えがいつもと全然違います。",True,False,False,-1,False,False
sudden_severe_-1_0799,"Dispatcher: いつもと違う振る舞いはありますか？
Caller: 今は本人と別の場所にいて、普段と違う様子があるかは分かりません。",True,False,False,-1,False,False
sudden_severe_-1_0800,"Dispatcher: 普段と違う振る舞いや様子はありますか？
Caller: はい、夫が落ち着きなく部屋をうろうろしていて、返事の仕方もいつもと違います。",True,False,False,-1,False,False
sudden_severe_0_0801,"Dispatcher: 頭の痛みは、急に出た強い痛みですか？
Caller: はい、妹が買い物中に突然その場でしゃがみこんで、今までで一番ひどい頭痛だと言っています。",True,False,False,0,False,False
sudden_severe_0_0802,"Dispatcher: いつもの頭痛ではなく、急にひどくなった感じですか？
Caller: はい、同僚がパソコン作業中に急に頭を押さえて、耐えられない痛みだと訴えました。",True,False,False,0,False,False
sudden_severe_0_0803,"Dispatcher: 急にすごく痛くなった感じですか？
Caller: はい、母が突然、我慢できないほど頭が痛いと言っています。",True,False,False,0,False,False
sudden_severe_0_0804,"Dispatcher: 頭の痛みは、突然起こった激しい痛みですか？
Caller: はい、息子がさっき急にひどい頭痛が来たと言って、目を開けるのもつらそうです。",True,False,False,0,False,False
sudden_severe_0_0805,"Dispatcher: さっきまで普通だったのに、急に強い頭痛が出たのですか？
Caller: はい、友人が運転を止めるほど急に激しい頭痛を訴えて、我慢できないと言っています。",True,False,False,0,False,False
sudden_severe_1_0806,"Dispatcher: 急にひどくなった頭痛ですか？
Caller: いいえ、弟は夕方から少しずつ痛くなってきたと言っていて、突然の激痛ではないです。",True,False,False,1,False,False
sudden_severe_1_0807,"Dispatcher: 頭の痛みは、突然起こった激しい痛みですか？
Caller: いいえ、母は朝から重だるい頭痛が続いている感じで、急に強く出たわけではありません。",True,False,False,1,False,False
sudden_severe_1_0808,"Dispatcher: 頭の痛みは、急に始まった強い痛みですか？
Caller: いいえ、妻は昨日から少しずつ痛みが増しているだけで、突然起きた激しい頭痛ではありません。",True,False,False,1,False,False
sudden_severe_1_0809,"Dispatcher: いつもの頭痛ではなく、急にひどくなった感じですか？
Caller: いいえ、同僚は前からあった頭痛が続いていると言っていて、急に始まったものではなさそうです。",True,False,False,1,False,False
sudden_severe_1_0810,"Dispatcher: 頭の痛みは、突然起こった激しい痛みでしょうか？
Caller: いいえ、父は数時間かけてだんだん痛くなったと言っていて、突然の激しい痛みではないです。",True,False,False,1,False,False
sudden_severe_2_0811,"Dispatcher: 頭の痛みは、突然起こった激しい痛みですか？
Caller: 本人が頭痛いと言っているだけで、急に始まったのか、かなり強いのかまでは確認できていません。",True,False,False,2,False,False
sudden_severe_2_0812,"Dispatcher: 頭の痛みは、突然起こった激しい痛みですか？
Caller: すぐそばにいないので、突然だったかどうかも、激しい痛みかどうかも分かりません。",True,False,False,2,False,False
sudden_severe_2_0813,"Dispatcher: いつもの軽い頭痛ということでよいですか？
Caller: そこは分かりません。急に強く出たのかどうかは確認できていません。",True,False,False,2,False,False
sudden_severe_2_0814,"Dispatcher: いつもの軽い頭痛ということでよいですか？
Caller: まだそこまでは聞けておらず、急にひどくなったのかは分かりません。",True,False,False,2,False,False
sudden_severe_2_0815,"Dispatcher: さっきまで普通だったのに、急に我慢できないほど頭が痛くなった感じですか？
Caller: 職場から連絡を受けただけなので、始まり方や痛みの強さまでは私には分かりません。",True,False,False,2,False,False
sudden_severe_-1_0816,"Dispatcher: 手足のしびれや麻痺はありますか？
Caller: はい、左手がしびれていて、うまく力が入らないと言っています。",True,False,False,-1,False,False
sudden_severe_-1_0817,"Dispatcher: 普段と違う振る舞いや様子はありますか？
Caller: いいえ、受け答えも普段どおりで、特に変わった様子はありません。",True,False,False,-1,False,False
sudden_severe_-1_0818,"Dispatcher: ぼんやりしている、返事がおかしいなど、普段と違う様子は見えますか？
Caller: いいえ、さっきから普通に会話できていますし、いつもと変わりません。",True,False,False,-1,False,False
sudden_severe_-1_0819,"Dispatcher: 普通に歩けていますか？
Caller: いつもみたいには歩けず、右足がしびれてふらついています。",True,False,False,-1,False,False
sudden_severe_-1_0820,"Dispatcher: 何か変わったことはありますか？
Caller: はい、同じことを何度も聞き返してきて、受け答えがいつもと明らかに違います。",True,False,False,-1,False,False
sudden_severe_0_0821,"Dispatcher: 頭の痛みは、突然起こった激しい痛みですか？
Caller: はい、急に始まって、本人も我慢できないくらい痛いと言っています。",True,False,False,0,False,False
sudden_severe_0_0822,"Dispatcher: いつもの軽い頭痛ということでよいですか？
Caller: いいえ、急にものすごく痛くなったみたいで、かなりつらそうです。",True,False,False,0,False,False
sudden_severe_0_0823,"Dispatcher: さっきまで普通だったのに、急に我慢できないほど頭が痛くなった感じですか？
Caller: はい、会議中に突然頭を押さえて、今までにないくらい痛いと言い出しました。",True,False,False,0,False,False
sudden_severe_0_0824,"Dispatcher: いつもの頭痛と同じ感じですか？
Caller: いいえ、急に来たみたいで、かなり強い痛みだと話しています。",True,False,False,0,False,False
sudden_severe_0_0825,"Dispatcher: 頭の痛みは、突然起こった激しい痛みですか？
Caller: はい、さっき急に始まって、本人は耐えられないほど痛いと言っています。",True,False,False,0,False,False
sudden_severe_1_0826,"Dispatcher: 頭の痛みは、突然起こった激しい痛みですか？
Caller: いいえ、朝から少しずつ痛くなってきたもので、急にひどくなった感じではありません。",True,False,False,1,False,False
sudden_severe_1_0827,"Dispatcher: 頭の痛みは、突然起こった激しい痛みですか？
Caller: いいえ、昨日から続いている頭痛で、急に始まった強い痛みではないです。",True,False,False,1,False,False
sudden_severe_1_0828,"Dispatcher: 頭の痛みは、突然起こった激しい痛みですか？
Caller: いいえ、急にではなく、前からじわじわ痛いと言っています。",True,False,False,1,False,False
sudden_severe_1_0829,"Dispatcher: 頭の痛みは、突然起こった激しい痛みですか？
Caller: いや、急にガツンと来た感じではなくて、ずっと鈍く痛むみたいです。",True,False,False,1,False,False
sudden_severe_1_0830,"Dispatcher: 頭の痛みは、突然起こった激しい痛みですか？
Caller: いいえ、昼ごろから徐々に痛くなっただけで、我慢できないほどの強い痛みではありません。",True,False,False,1,False,False
sudden_severe_2_0831,"Dispatcher: いつもの軽い頭痛ということでよいですか？
Caller: 弟からメッセージが来ただけなので、急に強く出たのかどうかは私には分かりません。",True,False,False,2,False,False
sudden_severe_2_0832,"Dispatcher: さっきまで普通だったのに、急に我慢できないほど頭が痛くなった感じですか？
Caller: 今は別の建物にいて様子を見られないので、突然なのか痛みが強いのか確認できません。",True,False,False,2,False,False
sudden_severe_2_0833,"Dispatcher: いつもの頭痛と同じ感じですか？
Caller: 本人からは頭が痛いとしか聞いておらず、急にひどくなったのかまでは分かりません。",True,False,False,2,False,False
sudden_severe_2_0834,"Dispatcher: いつもの軽い頭痛ということでよいですか？
Caller: 分かりません。急に強い痛みなのかはまだ確認できていません。",True,False,False,2,False,False
sudden_severe_2_0835,"Dispatcher: 頭の痛みは、突然起こった激しい痛みですか？
Caller: そこまでは分かりません。突然だったか、かなり強い痛みかは確認できていません。",True,False,False,2,False,False
sudden_severe_-1_0836,"Dispatcher: 手足のしびれや麻痺はありますか？
Caller: いいえ、手も足も普通に動いていて、しびれもないようです。",True,False,False,-1,False,False
sudden_severe_-1_0837,"Dispatcher: 普通に歩けているということでよいですか？
Caller: それが、今は電話で話しただけなので、しびれや動かしにくさがあるかは分かりません。",True,False,False,-1,False,False
sudden_severe_-1_0838,"Dispatcher: 普段と違う振る舞いや様子はありますか？
Caller: 今日はまだ会っていないので、いつもと違う様子があるかは分かりません。",True,False,False,-1,False,False
sudden_severe_-1_0839,"Dispatcher: 何か変わったことはありますか？
Caller: いいえ、返事も行動も普段どおりで、おかしな様子は見られません。",True,False,False,-1,False,False
sudden_severe_-1_0840,"Dispatcher: 手足のしびれや麻痺はありますか？
Caller: 妻から頭痛の連絡だけ受けていて、しびれや麻痺があるかまではまだ確認できていません。",True,False,False,-1,False,False
sudden_severe_0_0841,"Dispatcher: 頭の痛みは、突然起こった激しい痛みですか？
Caller: はい、急に我慢できないくらい強い頭痛が来たと夫が言っています。",True,False,False,0,False,False
sudden_severe_0_0842,"Dispatcher: いつもの頭痛というより、急にひどくなった感じですか？
Caller: はい、さっき急に耐えられないほど痛いと言い出しました。",True,False,False,0,False,False
sudden_severe_0_0843,"Dispatcher: 軽い痛みではなく、急に強い痛みが出た感じですか？
Caller: はい、同僚が突然すごい頭痛で動けないと言っています。",True,False,False,0,False,False
sudden_severe_0_0844,"Dispatcher: 頭の痛みは、突然起こった激しい痛みですか？
Caller: はい、母がさっき急に、今までで一番痛いくらいの激しい頭痛だと言いました。",True,False,False,0,False,False
sudden_severe_0_0845,"Dispatcher: 頭の痛みは急に出た強い痛みですか？
Caller: はい、友人が突然頭を押さえて、我慢できないほど痛いと言っています。",True,False,False,0,False,False
sudden_severe_1_0846,"Dispatcher: 頭の痛みは、突然起こった激しい痛みですか？
Caller: いいえ、朝から少しずつ痛くなってきたみたいで、急にではありません。",True,False,False,1,False,False
sudden_severe_1_0847,"Dispatcher: さっき急に我慢できないほどの頭痛が始まった感じですか？
Caller: いいえ、娘は授業中からじわじわ痛くなってきたと言っていて、突然の激痛ではありません。",True,False,False,1,False,False
sudden_severe_1_0848,"Dispatcher: 頭の痛みは突然の激しいものですか？
Caller: いいえ、父は昼ごろから徐々に痛みが増しただけで、急に強くなったわけではありません。",True,False,False,1,False,False
sudden_severe_1_0849,"Dispatcher: 頭の痛みは急に起きたひどい痛みですか？
Caller: いいえ、同僚は前から重い感じが続いていて、突然の激しい頭痛ではないです。",True,False,False,1,False,False
sudden_severe_1_0850,"Dispatcher: いきなり耐えられない頭痛になったんですか？
Caller: いいえ、夫は朝からだんだん痛くなったと言っていて、急変ではないです。",True,False,False,1,False,False
sudden_severe_2_0851,"Dispatcher: 頭の痛みは、突然起こった激しい痛みですか？
Caller: すみません、本人から頭が痛いとだけ連絡があって、急に強くなったのかは分かりません。",True,False,False,2,False,False
sudden_severe_2_0852,"Dispatcher: さっきまで普通だったのに、急にひどい頭痛になった感じですか？
Caller: 妹からメッセージが来ただけで、始まり方や痛みの強さまでは確認できていません。",True,False,False,2,False,False
sudden_severe_2_0853,"Dispatcher: 頭の痛みは急に出た強い痛みですか？
Caller: そこまでは分からなくて、頭痛があるとしか聞いていません。",True,False,False,2,False,False
sudden_severe_2_0854,"Dispatcher: 突然の激しい頭痛ということでよいですか？
Caller: 会社から連絡を受けただけなので、急に起きたのかどうかはまだ分かりません。",True,False,False,2,False,False
sudden_severe_2_0855,"Dispatcher: 頭の痛みは、急に出た我慢できないほどの強い痛みか確認できますか？
Caller: 今は本人のそばにいないので、突然だったのか、どれほど強いのかまでは確認できません。",True,False,False,2,False,False
sudden_severe_-1_0856,"Dispatcher: 手足のしびれや麻痺はありますか？
Caller: いいえ、妻は手足は普通に動いていて、しびれもないです。",True,False,False,-1,False,False
sudden_severe_-1_0857,"Dispatcher: 片側の手足にしびれや動かしにくさはありますか？
Caller: いいえ、父は左右とも普通に動かせていて、しびれも訴えていません。",True,False,False,-1,False,False
sudden_severe_-1_0858,"Dispatcher: 手足のしびれや麻痺はありますか？
Caller: はい、弟は右手がしびれて力が入りにくいと言っています。",True,False,False,-1,False,False
sudden_severe_-1_0859,"Dispatcher: いつもと違う振る舞いはありますか？
Caller: 分かりません、今は電話で頭が痛いと聞いただけで、普段と違う様子かは確認できません。",True,False,False,-1,False,False
sudden_severe_-1_0860,"Dispatcher: ぼんやりしているなど、普段と違う様子はありますか？
Caller: はい、夫が質問にうまく答えられず、受け答えがいつもと明らかに違います。",True,False,False,-1,False,False
sudden_severe_0_0861,"Dispatcher: 頭の痛みは、突然起こった激しい痛みですか？
Caller: はい、父が急に頭を抱えて、我慢できないほど痛いと言っています。",True,False,False,0,False,False
sudden_severe_0_0862,"Dispatcher: いつもの頭痛ではなく、急にひどくなった感じですか？
Caller: はい、母が今さっき突然、耐えられないくらい痛いと言い出しました。",True,False,False,0,False,False
sudden_severe_0_0863,"Dispatcher: 頭の痛みは急に出た強い痛みですか？
Caller: はい、同僚が数分前に突然ものすごい頭痛だと言って、その場に座り込んでいます。",True,False,False,0,False,False
sudden_severe_0_0864,"Dispatcher: 軽い痛みではなく、いきなり強い頭痛になった感じですか？
Caller: はい、友人が急に耐えられない頭痛だと言ってうずくまっています。",True,False,False,0,False,False
sudden_severe_0_0865,"Dispatcher: 頭の痛みは、突然起こった激しい痛みですか？
Caller: はい、妻が急に今までにないくらい激しい頭痛だと訴えています。",True,False,False,0,False,False
sudden_severe_1_0866,"Dispatcher: 頭の痛みは突然起こった激しい痛みですか？
Caller: いいえ、息子は昨夜から少しずつ痛くなっていて、突然の激痛ではありません。",True,False,False,1,False,False
sudden_severe_1_0867,"Dispatcher: 頭の痛みは急に出た強い痛みですか？
Caller: いいえ、妻は午前中からだんだん痛みが増してきたと言っています。",True,False,False,1,False,False
sudden_severe_1_0868,"Dispatcher: さっき急に耐えられない頭痛になったんですか？
Caller: いいえ、同居の母は朝から重たい感じが続いていて、急に始まったものではないです。",True,False,False,1,False,False
sudden_severe_1_0869,"Dispatcher: 頭の痛みは、突然起こった激しい痛みですか？
Caller: いいえ、友人は前から鈍い痛みがあって、急な激しい頭痛ではないです。",True,False,False,1,False,False
sudden_severe_1_0870,"Dispatcher: 頭の痛みは急に出たひどい痛みですか？
Caller: いいえ、夫は数時間かけて徐々に痛くなったと言っていて、突然ではありません。",True,False,False,1,False,False
sudden_severe_2_0871,"Dispatcher: いつもの軽い頭痛ということでよいですか？
Caller: そこは分かりません。急に強くなったのか、かなり激しいのかは確認できていません。",True,False,False,2,False,False
sudden_severe_2_0872,"Dispatcher: 頭の痛みは、突然起こった激しい痛みですか？
Caller: 会社から連絡を受けただけで本人の様子を見ていないので、急に始まったのか、どれほど強いのかまでは分かりません。",True,False,False,2,False,False
sudden_severe_2_0873,"Dispatcher: さっきまで普通だったのに急にひどく痛くなった感じですか？
Caller: 友人から頭痛がするとメッセージが来ただけで、痛みの出方や強さまでは聞けていません。",True,False,False,2,False,False
sudden_severe_2_0874,"Dispatcher: 頭の痛みは、急に出た強い痛みか確認できますか？
Caller: 今は別の階にいて本人に会えていないので、突然なのか激しいのかは確認できません。",True,False,False,2,False,False
sudden_severe_2_0875,"Dispatcher: いつもの頭痛っぽい感じですか？
Caller: 同僚づてに聞いただけなので、急にひどくなったのかどうかはまだ分からないです。",True,False,False,2,False,False
sudden_severe_-1_0876,"Dispatcher: 何か変わったことはありますか？
Caller: 頭が痛いとしか聞いておらず、普段と違う様子があるかは分かりません。",True,False,False,-1,False,False
sudden_severe_-1_0877,"Dispatcher: 体は普通に動かせていますか？
Caller: いいえ、左手がしびれて力も入りにくいと言っています。",True,False,False,-1,False,False
sudden_severe_-1_0878,"Dispatcher: いつもと違う行動をしていますか？
Caller: はい、さっきから話がかみ合わず、急に同じことを何度も聞き返しています。",True,False,False,-1,False,False
sudden_severe_-1_0879,"Dispatcher: 歩き方や手の動きでおかしいところはありますか？
Caller: 今のところ手足のしびれも動かしにくさもなさそうです。",True,False,False,-1,False,False
sudden_severe_-1_0880,"Dispatcher: 手足のしびれや麻痺はありますか？
Caller: 本人はトイレにこもっていて見えていないので、しびれや麻痺があるかはまだ分かりません。",True,False,False,-1,False,False
sudden_severe_0_0881,"Dispatcher: 頭の痛みは、突然起こった激しい痛みですか？
Caller: はい、急に頭を押さえて、今までで一番ひどいくらい痛いと言っています。",True,False,False,0,False,False
sudden_severe_0_0882,"Dispatcher: さっきまで普通だったのに、急に我慢できないほど頭が痛くなった感じですか？
Caller: はい、食事中にいきなりうずくまって、急にものすごく痛いと言い出しました。",True,False,False,0,False,False
sudden_severe_0_0883,"Dispatcher: いつもの頭痛ではなく、急に強い痛みが出た感じですか？
Caller: はい、突然始まって、本人も耐えられないくらい強い頭痛だと言っています。",True,False,False,0,False,False
sudden_severe_0_0884,"Dispatcher: 頭の痛みは、突然起こった激しい痛みですか？
Caller: はい、会議中に急に頭が割れるみたいに痛いと言って座り込んでしまいました。",True,False,False,0,False,False
sudden_severe_0_0885,"Dispatcher: 頭の痛みは、急に出た強い痛みですか？
Caller: はい、さっき急に始まって、我慢できないほど痛いみたいです。",True,False,False,0,False,False
sudden_severe_1_0886,"Dispatcher: いつもの軽い頭痛ということでよいですか？
Caller: はい、朝から少しずつ痛くなってきたようで、急にひどくなったわけではありません。",True,False,False,1,False,False
sudden_severe_1_0887,"Dispatcher: 頭の痛みは、突然起こった激しい痛みですか？
Caller: いいえ、昼ごろからだんだん痛くなっただけで、急に強い痛みが出たわけではありません。",True,False,False,1,False,False
sudden_severe_1_0888,"Dispatcher: いきなり耐えられないほどの頭痛になった感じですか？
Caller: いいえ、部活のあとから重い感じが続いているだけで、突然の激しい痛みではないです。",True,False,False,1,False,False
sudden_severe_1_0889,"Dispatcher: 急にひどい頭痛が出たのですか？
Caller: いいえ、昨日からの頭痛が少し残っている程度で、急激に強くなったわけではありません。",True,False,False,1,False,False
sudden_severe_1_0890,"Dispatcher: 頭の痛みは、突然起こった激しい痛みですか？
Caller: いいえ、前からある頭痛が続いている感じで、急に強い痛みが出たわけではないです。",True,False,False,1,False,False
sudden_severe_2_0891,"Dispatcher: 頭の痛みは、突然起こった激しい痛みですか？
Caller: 妹から頭が痛いと電話が来ただけで、急に始まったのか、ひどい痛みなのかまでは確認できていません。",True,False,False,2,False,False
sudden_severe_2_0892,"Dispatcher: 頭の痛みは、急に出た強い痛みか確認できますか？
Caller: 近くにいないので、突然なのか、どのくらい強い痛みなのかは分かりません。",True,False,False,2,False,False
sudden_severe_2_0893,"Dispatcher: さっきまで普通だったのに、急に強い頭痛が出た様子ですか？
Caller: 寮の管理人から連絡を受けただけなので、始まり方や痛みの強さはまだ把握できていません。",True,False,False,2,False,False
sudden_severe_2_0894,"Dispatcher: いつもの頭痛っぽいですか？
Caller: まだそこまでは分からず、急に激しくなったのかどうか確認できていません。",True,False,False,2,False,False
sudden_severe_2_0895,"Dispatcher: 軽い頭痛ではなさそうですか？
Caller: 本人から短く連絡があっただけで、急に起きたのか、強い痛みなのかは分かりません。",True,False,False,2,False,False
sudden_severe_-1_0896,"Dispatcher: 何か変わった様子はありますか？
Caller: いいえ、受け答えも普段どおりで、行動も特におかしくありません。",True,False,False,-1,False,False
sudden_severe_-1_0897,"Dispatcher: ぼんやりしている、返事がおかしいなど、普段と違う様子は見えますか？
Caller: いいえ、会話も普通にできていますし、特にいつもと変わった感じはありません。",True,False,False,-1,False,False
sudden_severe_-1_0898,"Dispatcher: いつもと違う行動はありますか？
Caller: 今は学校にいて私は直接見ていないので、普段と違う振る舞いがあるかは分かりません。",True,False,False,-1,False,False
sudden_severe_-1_0899,"Dispatcher: 片側の手足にしびれや動かしにくさがあるか見られますか？
Caller: 電話越しに泣いているだけで姿が見えないので、しびれや麻痺があるかは確認できません。",True,False,False,-1,False,False
sudden_severe_-1_0900,"Dispatcher: 手足の様子で気になることはありますか？
Caller: しびれたり動かしにくかったりはしていないようです。",True,False,False,-1,False,False
sudden_severe_0_0901,"Dispatcher: いきなり耐えられないくらい頭が痛くなった感じですか？
Caller: はい、夫が急に頭を押さえて、今までにないくらいひどい痛みだと言っています。",True,False,False,0,False,False
sudden_severe_0_0902,"Dispatcher: 急に強い頭痛が出た様子でしょうか？
Caller: はい、同僚がさっき突然うずくまって、我慢できないほど痛いと言っています。",True,False,False,0,False,False
sudden_severe_0_0903,"Dispatcher: 頭の痛みは、突然起こった激しい痛みですか？
Caller: はい、母はさっきまで普通でしたが、急にものすごい頭痛が来たと言って苦しんでいます。",True,False,False,0,False,False
sudden_severe_0_0904,"Dispatcher: 頭の痛みは、突然起こった激しい痛みですか？
Caller: はい、弟が急に我慢できないくらい痛いと言い出しました。",True,False,False,0,False,False
sudden_severe_0_0905,"Dispatcher: 頭の痛みは、突然起こった激しい痛みですか？
Caller: はい、友人が急にバットで殴られたみたいに痛いと言って、その場にしゃがみ込んでいます。",True,False,False,0,False,False
sudden_severe_1_0906,"Dispatcher: 頭の痛みは、突然起こった激しい痛みですか？
Caller: いいえ、父は朝から少しずつ痛くなってきたと言っていて、急にひどくなったわけではありません。",True,False,False,1,False,False
sudden_severe_1_0907,"Dispatcher: 頭の痛みは、突然起こった激しい痛みですか？
Caller: いいえ、妻は前から重い感じが続いていて、急に始まった痛みではないです。",True,False,False,1,False,False
sudden_severe_1_0908,"Dispatcher: 頭の痛みは、突然起こった激しい痛みですか？
Caller: いいえ、徐々に痛くなってきたようです。",True,False,False,1,False,False
sudden_severe_1_0909,"Dispatcher: 頭の痛みは、突然起こった激しい痛みですか？
Caller: いいえ、同僚は昼頃からじわじわ痛みが強くなったと言っていて、突然の激痛ではありません。",True,False,False,1,False,False
sudden_severe_1_0910,"Dispatcher: いきなりひどい頭痛になった感じですか？
Caller: いいえ、娘は急にではなく、前から痛かったみたいです。",True,False,False,1,False,False
sudden_severe_2_0911,"Dispatcher: 激しい痛みが突然起こりましたか？
Caller: 突然だったのか、どれくらい強いのかは分かりません。",True,False,False,2,False,False
sudden_severe_2_0912,"Dispatcher: 頭の痛みは、突然起こった激しい痛みですか？
Caller: 会社から連絡を受けただけで、急に強く出たのかまではまだ確認できていません。",True,False,False,2,False,False
sudden_severe_2_0913,"Dispatcher: 頭の痛みは、急に出た強い痛みか確認できますか？
Caller: 今は本人と離れていて、突然なのか、我慢できないほど強いのかは確認できません。",True,False,False,2,False,False
sudden_severe_2_0914,"Dispatcher: 頭の痛みは、突然起こった激しい痛みですか？
Caller: そこはまだ分かりません。",True,False,False,2,False,False
sudden_severe_2_0915,"Dispatcher: 急に強い頭痛が出た様子ですか？
Caller: 分かりません、頭が痛いとだけ聞いています。",True,False,False,2,False,False
sudden_severe_-1_0916,"Dispatcher: 手足の感覚でおかしいところはありますか？
Caller: いいえ、兄はしびれも麻痺もないようです。",True,False,False,-1,False,False
sudden_severe_-1_0917,"Dispatcher: しびれや麻痺はありますか？
Caller: いいえ、手足は普通に動いていて、しびれもないです。",True,False,False,-1,False,False
sudden_severe_-1_0918,"Dispatcher: 何か普段と違う行動や受け答えはありますか？
Caller: いいえ、夫は頭痛はありますが、受け答えも普段どおりで様子は変わりません。",True,False,False,-1,False,False
sudden_severe_-1_0919,"Dispatcher: いつもと違う振る舞いはありますか？
Caller: いいえ、特に変わった様子はありません。",True,False,False,-1,False,False
sudden_severe_-1_0920,"Dispatcher: 体の片側がしびれるとか、力が入りにくい様子はありますか？
Caller: はい、母が右手にしびれがあると言っていて、うまく持てないみたいです。",True,False,False,-1,False,False
sudden_severe_0_0921,"Dispatcher: いきなりひどい頭痛になった感じですか？
Caller: はい、急に耐えられないくらい痛いと言っています。",True,False,False,0,False,False
sudden_severe_0_0922,"Dispatcher: 急に強い頭痛が来た感じでしょうか？
Caller: はい、友人が突然頭を抱えて、こんな痛みは初めてだと言っています。",True,False,False,0,False,False
sudden_severe_0_0923,"Dispatcher: 頭の痛みは、突然起こった激しい痛みですか？
Caller: はい、息子が急に叫ぶほどの頭痛を訴えて、すぐ横になりました。",True,False,False,0,False,False
sudden_severe_0_0924,"Dispatcher: いきなり耐えられない頭痛でしたか？
Caller: はい、急にものすごく痛くなったようです。",True,False,False,0,False,False
sudden_severe_0_0925,"Dispatcher: 頭の痛みは、突然起こった激しい痛みですか？
Caller: はい、同僚は会話中に急に顔色が変わって、今すぐ倒れそうなくらい激しい頭痛だと訴えています。",True,False,False,0,False,False
sudden_severe_1_0926,"Dispatcher: いきなりものすごい頭痛になった感じですか？
Caller: いいえ、姉は少し前から痛いと言っていて、急な激痛ではないです。",True,False,False,1,False,False
sudden_severe_1_0927,"Dispatcher: 頭の痛みは、突然起こった激しい痛みですか？
Caller: いいえ、父は昨夜から続くいつもの頭痛に近いと言っていて、急に起きた強い痛みではありません。",True,False,False,1,False,False
sudden_severe_1_0928,"Dispatcher: 頭の痛みは、突然起こった激しい痛みですか？
Caller: いいえ、妻は朝からだんだん重くなったと言っていて、急に我慢できないほど痛くなったわけではないです。",True,False,False,1,False,False
sudden_severe_1_0929,"Dispatcher: 頭の痛みは、突然起こった激しい痛みですか？
Caller: いいえ、友人は前から鈍い痛みが続いていたみたいで、突然の激痛ではありません。",True,False,False,1,False,False
sudden_severe_1_0930,"Dispatcher: いきなり激しい頭痛でしたか？
Caller: いいえ、急ではなく徐々に痛くなっています。",True,False,False,1,False,False
sudden_severe_2_0931,"Dispatcher: いつもの軽い頭痛ということでよいですか？
Caller: そこまでは分かりません。急に強くなったのか、いつもの頭痛なのか確認できていません。",True,False,False,2,False,False
sudden_severe_2_0932,"Dispatcher: さっきまで普通だったのに、急に強い頭痛が出たのか分かりますか？
Caller: 職場からメッセージが来ただけで、突然だったのか、どのくらい強い痛みなのかまでは確認できていません。",True,False,False,2,False,False
sudden_severe_2_0933,"Dispatcher: 急にひどく痛くなった感じですか？
Caller: そこはまだ分かりません。頭が痛いとしか聞いていません。",True,False,False,2,False,False
sudden_severe_2_0934,"Dispatcher: 頭の痛みは、突然起こった激しい痛みですか？
Caller: 本人から頭痛がするとだけ連絡があって、急にだったかまでは分かりません。",True,False,False,2,False,False
sudden_severe_2_0935,"Dispatcher: 激しい痛みが突然起こりましたか？
Caller: 近くで見ていないので、突然だったのか、かなり強い痛みなのかは確認できません。",True,False,False,2,False,False
sudden_severe_-1_0936,"Dispatcher: ぼんやりしている、返事がおかしいなど、普段と違う様子はありますか？
Caller: はい、同僚なんですが、質問しても話がかみ合わず、いつもより明らかに様子がおかしいです。",True,False,False,-1,False,False
sudden_severe_-1_0937,"Dispatcher: 片側の手足にしびれや動かしにくさがあるか見られますか？
Caller: 今は別の建物にいて本人を見られないので、しびれや麻痺があるかは確認できません。",True,False,False,-1,False,False
sudden_severe_-1_0938,"Dispatcher: 手足のしびれや麻痺はありますか？
Caller: 今そばにいないので、しびれや麻痺があるかは分かりません。",True,False,False,-1,False,False
sudden_severe_-1_0939,"Dispatcher: 右手だけ力が入らない、足がしびれる、そういった様子は確認できますか？
Caller: 友人から頭が痛いと電話があっただけで、手足の感覚や動きまでは確認できていません。",True,False,False,-1,False,False
sudden_severe_-1_0940,"Dispatcher: 普段と違う振る舞いや様子はありますか？
Caller: 今は電話で聞いただけなので、いつもと違う様子があるかまでは確認できません。",True,False,False,-1,False,False
sudden_severe_0_0941,"Dispatcher: 急にひどい頭痛が出た感じですか？
Caller: はい、さっき急に痛み出して、本人も我慢できないくらいだと言っています。",True,False,False,0,False,False
sudden_severe_0_0942,"Dispatcher: 急に強い頭痛になったんですか？
Caller: はい、突然ズキンときて、すごく痛いと訴えています。",True,False,False,0,False,False
sudden_severe_0_0943,"Dispatcher: 頭の痛みは、突然起こった激しい痛みですか？
Caller: はい、普通に話していたのに急に頭を押さえて、今までにないくらい強い痛みだと言っています。",True,False,False,0,False,False
sudden_severe_0_0944,"Dispatcher: さっきまで普通だったのに、急に我慢できないほど頭が痛くなった感じですか？
Caller: はい、食事中は普通だったのに、いきなり頭を抱えて倒れ込み、ものすごく痛いと言っています。",True,False,False,0,False,False
sudden_severe_0_0945,"Dispatcher: 急に強く痛くなった感じですか？
Caller: はい、突然始まって、かなり激しい頭痛みたいです。",True,False,False,0,False,False
sudden_severe_1_0946,"Dispatcher: 頭の痛みは、突然起こった激しい痛みですか？
Caller: いいえ、朝から少しずつ痛くなってきたようで、急にひどくなった感じではありません。",True,False,False,1,False,False
sudden_severe_1_0947,"Dispatcher: 急にひどい頭痛が出た感じですか？
Caller: いいえ、急ではなくて、だんだん痛くなったと言っています。",True,False,False,1,False,False
sudden_severe_1_0948,"Dispatcher: いきなり我慢できないほど痛くなったんですか？
Caller: いいえ、そこまで急な痛みではないです。",True,False,False,1,False,False
sudden_severe_1_0949,"Dispatcher: さっきまで普通だったのに、突然ものすごい頭痛になった様子ですか？
Caller: いいえ。昼ごろから重い感じが続いていて、急に始まった激しい頭痛ではありません。",True,False,False,1,False,False
sudden_severe_1_0950,"Dispatcher: 頭の痛みは、突然起こった激しい痛みですか？
Caller: いいえ、前から少しずつ痛くなっていて、突然の激痛ではないです。",True,False,False,1,False,False
sudden_severe_2_0951,"Dispatcher: 頭の痛みは、急に出た強い痛みか確認できますか？
Caller: 今は本人のそばにいないので、突然だったのか、激しい痛みなのかは確認できません。",True,False,False,2,False,False
sudden_severe_2_0952,"Dispatcher: いつもの頭痛ですか？
Caller: そこは分かりません。急に強くなったのかどうか聞けていません。",True,False,False,2,False,False
sudden_severe_2_0953,"Dispatcher: さっきから急にひどくなった感じですか？
Caller: ビデオ通話ではなく音声だけだったので、始まり方や痛みの強さまでは分かりません。",True,False,False,2,False,False
sudden_severe_2_0954,"Dispatcher: 頭の痛みは、突然起こった激しい痛みですか？
Caller: 娘から短い連絡が来ただけで、急に始まったのか、どれほど強い痛みなのかはまだ確認できていません。",True,False,False,2,False,False
sudden_severe_2_0955,"Dispatcher: 急に強い頭痛になったんですか？
Caller: それが分からなくて、頭痛がするとしか聞いていません。",True,False,False,2,False,False
sudden_severe_-1_0956,"Dispatcher: 手足のしびれや麻痺はありますか？
Caller: いいえ、両手足とも普通に動いていて、しびれもないと言っています。",True,False,False,-1,False,False
sudden_severe_-1_0957,"Dispatcher: 受け答えが変、落ち着きがないなど、普段と違う様子はありますか？
Caller: 妻から頭痛の連絡だけ受けていて、今は離れているので普段と違う振る舞いがあるかは分かりません。",True,False,False,-1,False,False
sudden_severe_-1_0958,"Dispatcher: 片側の手足にしびれや動かしにくさがあるか見られますか？
Caller: 今は電話越しでしか話していないので、しびれや麻痺があるかどうかは確認できません。",True,False,False,-1,False,False
sudden_severe_-1_0959,"Dispatcher: 何か変わったことはありますか？
Caller: いいえ、受け答えはいつも通りで、特に変わった様子はありません。",True,False,False,-1,False,False
sudden_severe_-1_0960,"Dispatcher: いつもと違う行動や受け答えはありますか？
Caller: はい、父なんですが、同じことを何度も聞き返してきて、普段より明らかに反応がおかしいです。",True,False,False,-1,False,False
sudden_severe_0_0961,"Dispatcher: 頭の痛みは、突然起こった激しい痛みですか？
Caller: はい、夫がさっき急に頭を押さえて、今までにないくらいひどく痛いと言っています。",True,False,False,0,False,False
sudden_severe_0_0962,"Dispatcher: 頭の痛みは、突然起こった激しい痛みですか？
Caller: はい、急に始まって、我慢できないほど痛いと言っています。",True,False,False,0,False,False
sudden_severe_0_0963,"Dispatcher: いつもの頭痛ではなく、一気に強い痛みが来た感じですか？
Caller: はい、同僚が会議中に突然うずくまって、こんな強い頭痛は初めてだと言っています。",True,False,False,0,False,False
sudden_severe_0_0964,"Dispatcher: 頭の痛みは、急に出た強い痛みですか？
Caller: はい、急に始まって、耐えられないほど強い痛みです。",True,False,False,0,False,False
sudden_severe_0_0965,"Dispatcher: いつもの軽い頭痛ということでよいですか？
Caller: いいえ、妹は急にものすごく痛くなって、我慢できないと言っています。",True,False,False,0,False,False
sudden_severe_1_0966,"Dispatcher: いつもの頭痛と違って、急にひどくなった感じですか？
Caller: いいえ、母は朝から少しずつ痛くなってきたと言っていて、急に激しくなったわけではありません。",True,False,False,1,False,False
sudden_severe_1_0967,"Dispatcher: 軽い頭痛ではなく、いきなり強い痛みが来たんですか？
Caller: いいえ、友人は前から鈍く痛かったと言っていて、突然ひどくなった感じではないです。",True,False,False,1,False,False
sudden_severe_1_0968,"Dispatcher: さっきまで普通だったのに、急に我慢できないほど頭が痛くなった感じですか？
Caller: いいえ、夫は昼ごろからだんだん痛みが増しただけで、急に強い痛みが来たわけではありません。",True,False,False,1,False,False
sudden_severe_1_0969,"Dispatcher: いきなり激しい頭痛が出たんでしょうか？
Caller: いいえ、同僚は昨日から続く頭痛がまだあると言っていて、突然の強い痛みではないです。",True,False,False,1,False,False
sudden_severe_1_0970,"Dispatcher: 頭の痛みは、突然起こった激しい痛みですか？
Caller: いいえ、急にではなく、徐々に痛くなってきた頭痛です。",True,False,False,1,False,False
sudden_severe_2_0971,"Dispatcher: 頭の痛みは、突然起こった激しい痛みですか？
Caller: 本人から頭が痛いとだけ連絡があって、急に始まったのか強いのかまでは確認できていません。",True,False,False,2,False,False
sudden_severe_2_0972,"Dispatcher: いつもの軽い頭痛ということでよいですか？
Caller: そこは分かりません。急に強くなったのかどうかはまだ確認できていません。",True,False,False,2,False,False
sudden_severe_2_0973,"Dispatcher: さっきまで普通だったのに、急にひどい頭痛になった感じですか？
Caller: 電話で聞いただけなので、始まり方や痛みの強さまでは分かりません。",True,False,False,2,False,False
sudden_severe_2_0974,"Dispatcher: 頭の痛みは、急に出た強い痛みか確認できますか？
Caller: 今は本人のそばにいないので、突然なのか激しいのかは確認できません。",True,False,False,2,False,False
sudden_severe_2_0975,"Dispatcher: 頭の痛みは、突然起こった激しい痛みですか？
Caller: 娘から頭痛がするとだけメッセージが来ていて、急にひどくなったのかまでは分からないです。",True,False,False,2,False,False
sudden_severe_-1_0976,"Dispatcher: 手足のしびれや麻痺はありますか？
Caller: 会社からの連絡で頭痛としか聞いておらず、手足のしびれや動かしにくさは確認できていません。",True,False,False,-1,False,False
sudden_severe_-1_0977,"Dispatcher: 普通に手足は動かせていますか？
Caller: はい、妻は両手両足ともいつも通り動いていて、しびれもないと言っています。",True,False,False,-1,False,False
sudden_severe_-1_0978,"Dispatcher: 片側の手足にしびれや力の入りにくさはありますか？
Caller: いいえ、弟を見ていますが、手足は左右とも普通に動いていて、しびれもありません。",True,False,False,-1,False,False
sudden_severe_-1_0979,"Dispatcher: 何か変わったことはありますか？
Caller: 頭が痛いとは聞いていますが、普段と違う様子かどうかはまだ分かりません。",True,False,False,-1,False,False
sudden_severe_-1_0980,"Dispatcher: 普段と違う振る舞いや様子はありますか？
Caller: はい、父は受け答えがちぐはぐで、落ち着きなく同じことを繰り返しています。",True,False,False,-1,False,False
sudden_severe_0_0981,"Dispatcher: 頭の痛みは、突然起こった激しい痛みですか？
Caller: はい、友人が急に頭を抱えて、耐えられないくらい痛いと訴えています。",True,False,False,0,False,False
sudden_severe_0_0982,"Dispatcher: 頭の痛みは、突然起こった激しい痛みですか？
Caller: はい、父はさっき急に痛み出して、今までで一番ひどい頭痛だと言っています。",True,False,False,0,False,False
sudden_severe_0_0983,"Dispatcher: 頭の痛みは、突然起こった激しい痛みですか？
Caller: はい、同僚が作業中に急に顔をしかめて、その場で動けないほど強い頭痛だと言っています。",True,False,False,0,False,False
sudden_severe_0_0984,"Dispatcher: 頭の痛みは、突然起こった激しい痛みですか？
Caller: はい、母がさっきまで普通だったのに、急に割れるように痛いと言い出しました。",True,False,False,0,False,False
sudden_severe_0_0985,"Dispatcher: いつもの頭痛ではなく、急にひどくなった感じですか？
Caller: はい、兄は急にものすごい痛みが来て、我慢できないと言っています。",True,False,False,0,False,False
sudden_severe_1_0986,"Dispatcher: 頭の痛みは、突然起こった激しい痛みですか？
Caller: いいえ、妻は朝からじわじわ痛くなってきたと言っていて、急な激痛ではありません。",True,False,False,1,False,False
sudden_severe_1_0987,"Dispatcher: 頭の痛みは、突然起こった激しい痛みですか？
Caller: いいえ、急にではなく、数時間かけて少しずつ強くなった頭痛です。",True,False,False,1,False,False
sudden_severe_1_0988,"Dispatcher: いきなり強い頭痛が来た感じですか？
Caller: いいえ、祖母は前から重たい感じが続いていて、突然の激しい痛みではないです。",True,False,False,1,False,False
sudden_severe_1_0989,"Dispatcher: さっき急に耐えられないほど痛くなったんですか？
Caller: いいえ、息子は部活のあとから少し痛いと言っていて、急にひどくなったわけではありません。",True,False,False,1,False,False
sudden_severe_1_0990,"Dispatcher: 頭の痛みは、突然起こった激しい痛みですか？
Caller: いいえ、突然ではなく、もともとの頭痛が続いているだけです。",True,False,False,1,False,False
sudden_severe_2_0991,"Dispatcher: 激しい痛みが突然起こりましたか？
Caller: 突然だったかも、どれほど強いかも、私はその場で見ていないので分かりません。",True,False,False,2,False,False
sudden_severe_2_0992,"Dispatcher: 頭の痛みは、急に起きた強い痛みですか？
Caller: 同僚から頭が痛いと連絡が来ただけで、急に始まったのか、かなり強いのかまでは聞けていません。",True,False,False,2,False,False
sudden_severe_2_0993,"Dispatcher: さっきまで普通だったのに、急にひどい頭痛になった感じですか？
Caller: 母とは別の階にいて、今電話で呼ばれただけなので、出方や痛みの強さまではまだ分からないです。",True,False,False,2,False,False
sudden_severe_2_0994,"Dispatcher: 頭痛は突然の激しい痛みでしょうか？
Caller: 友人からメッセージが来ただけで、急にだったのか、ひどい痛みなのかは確認できていません。",True,False,False,2,False,False
sudden_severe_2_0995,"Dispatcher: 急に我慢できないほどの頭痛が起きたんですか？
Caller: 本人は今うずくまっていて話せず、急だったかどうかも、どのくらい強いかも私には分かりません。",True,False,False,2,False,False
sudden_severe_-1_0996,"Dispatcher: 普通に手足は動いていますか？
Caller: いいえ、左手に力が入らないと言っていて、足もしびれるようです。",True,False,False,-1,False,False
sudden_severe_-1_0997,"Dispatcher: 何かいつもと違う様子はありますか？
Caller: はい、質問しても返事がちぐはぐで、普段みたいな受け答えができていません。",True,False,False,-1,False,False
sudden_severe_-1_0998,"Dispatcher: 手足のしびれや麻痺はありますか？
Caller: 今は本人が部屋に鍵をかけていて中の様子が見えず、しびれや麻痺があるかは確認できません。",True,False,False,-1,False,False
sudden_severe_-1_0999,"Dispatcher: 体は普段どおり動かせていますか？
Caller: 電話で頭痛を訴えただけなので、手足のしびれや動かしにくさまでは分からないです。",True,False,False,-1,False,False
sudden_severe_-1_1000,"Dispatcher: ぼんやりしているなど、普段と違う振る舞いはありますか？
Caller: いいえ、受け答えはいつもどおりで、変わった様子はありません。",True,False,False,-1,False,False
sudden_severe_0_1001,"Dispatcher: いつもの頭痛という感じですか？
Caller: いいえ、さっき急に痛み出して、本人が今までで一番ひどいと言っています。",True,False,False,0,False,False
sudden_severe_0_1002,"Dispatcher: 頭の痛みは、突然起こった激しい痛みですか？
Caller: はい、会議中に急に頭を押さえて、我慢できないほど痛いと言い出しました。",True,False,False,0,False,False
sudden_severe_0_1003,"Dispatcher: 激しい痛みが突然起こりましたか？
Caller: はい、いきなりひどい頭痛が来たようで、動けなくなっています。",True,False,False,0,False,False
sudden_severe_0_1004,"Dispatcher: 軽い頭痛ではなく、急に強い痛みになった感じですか？
Caller: はい、さっきまで普通に話していたのに、突然ものすごく痛いと言ってしゃがみ込みました。",True,False,False,0,False,False
sudden_severe_0_1005,"Dispatcher: 頭痛は急に始まった強い痛みですか？
Caller: はい、父が急に頭を抱えて、耐えられないくらい痛いと言っています。",True,False,False,0,False,False
sudden_severe_1_1006,"Dispatcher: 頭の痛みは、突然起こった激しい痛みですか？
Caller: いいえ、朝から少しずつ痛くなってきたようで、急にではありません。",True,False,False,1,False,False
sudden_severe_1_1007,"Dispatcher: いきなりひどい頭痛になったんですか？
Caller: いいえ、昼ごろからじわじわ痛くなったと言っていて、突然ではないです。",True,False,False,1,False,False
sudden_severe_1_1008,"Dispatcher: さっき急に我慢できないほど痛くなった感じですか？
Caller: いいえ、前からある頭痛が少し続いているだけで、急な強い痛みではありません。",True,False,False,1,False,False
sudden_severe_1_1009,"Dispatcher: 頭痛は突然の激しい痛みでしょうか？
Caller: いいえ、だんだん痛くなってきたそうで、急に起きたひどい痛みではないです。",True,False,False,1,False,False
sudden_severe_1_1010,"Dispatcher: 激しい痛みが突然起こりましたか？
Caller: いいえ、昨夜から続いている頭痛で、急に強く出たものではありません。",True,False,False,1,False,False
sudden_severe_2_1011,"Dispatcher: いつもの軽い頭痛ということでよいですか？
Caller: そこまでは分からず、急に強くなったのかどうかは確認できていません。",True,False,False,2,False,False
sudden_severe_2_1012,"Dispatcher: 頭の痛みは、突然起こった激しい痛みですか？
Caller: 夫から頭痛がするとだけ電話があって、急に始まったのか、激しいのかまではまだ分かりません。",True,False,False,2,False,False
sudden_severe_2_1013,"Dispatcher: 頭の痛みは、突然起こった激しい痛みですか？
Caller: 今は本人のそばにいないので、突然だったか、強い痛みかは確認できません。",True,False,False,2,False,False
sudden_severe_2_1014,"Dispatcher: いきなり耐えられないような頭痛になったんですか？
Caller: 私は学校から呼ばれただけで、急にだったのか痛みがどれほどかまではまだ聞けていません。",True,False,False,2,False,False
sudden_severe_2_1015,"Dispatcher: さっき急にひどい頭痛が出た感じですか？
Caller: 本人からは頭が痛いとしか聞いておらず、始まり方や強さは分からないです。",True,False,False,2,False,False
sudden_severe_-1_1016,"Dispatcher: 手足のしびれや麻痺はありますか？
Caller: いいえ、手も足も普通に動かせていて、しびれはないそうです。",True,False,False,-1,False,False
sudden_severe_-1_1017,"Dispatcher: 何か変わった様子はありますか？
Caller: 頭痛の連絡だけで私はまだ会えておらず、普段と違う振る舞いがあるかは確認できません。",True,False,False,-1,False,False
sudden_severe_-1_1018,"Dispatcher: いつもと違う行動や受け答えはありますか？
Caller: 今は職場の別フロアにいて直接見ていないので、様子がおかしいかどうかは分かりません。",True,False,False,-1,False,False
sudden_severe_-1_1019,"Dispatcher: 普段と違う振る舞いはありますか？
Caller: いいえ、会話も普通ですし、行動もいつもと変わりません。",True,False,False,-1,False,False
sudden_severe_-1_1020,"Dispatcher: 手足は普段どおり動かせていますか？
Caller: そこはまだ見ていなくて、しびれや麻痺があるかは分かりません。",True,False,False,-1,False,False
sudden_severe_0_1021,"Dispatcher: 頭の痛みは、突然起こった激しい痛みですか？
Caller: はい、急に我慢できないくらい強い頭痛が来たと家族が言っています。",True,False,False,0,False,False
sudden_severe_0_1022,"Dispatcher: 頭の痛みは、突然起こった激しい痛みですか？
Caller: はい、さっきまで普通にしていたのに、急にひどい頭痛が来て動けなくなりました。",True,False,False,0,False,False
sudden_severe_0_1023,"Dispatcher: いつもの頭痛ではなく、急に強く痛くなった感じですか？
Caller: はい、突然ズキンと来て、本人も今までで一番つらいと言っています。",True,False,False,0,False,False
sudden_severe_0_1024,"Dispatcher: さっきまで平気だったのに、一気に耐えられない頭痛になった感じですか？
Caller: はい、同僚が急に頭を押さえて、その場でしゃがみ込むほどの痛みです。",True,False,False,0,False,False
sudden_severe_0_1025,"Dispatcher: いつもの軽い頭痛というより、急にひどくなった感じですか？
Caller: ええ、友人が急に『割れるみたいに痛い』と言い出して、かなり激しいです。",True,False,False,0,False,False
sudden_severe_1_1026,"Dispatcher: 頭の痛みは、突然起こった激しい痛みですか？
Caller: いいえ、急にではなく朝から少しずつ痛くなってきたようです。",True,False,False,1,False,False
sudden_severe_1_1027,"Dispatcher: いつもの頭痛ではなく、急に強く痛くなった感じですか？
Caller: いいえ、突然ではなく、昼ごろからだんだん痛みが増してきただけです。",True,False,False,1,False,False
sudden_severe_1_1028,"Dispatcher: 今回は急にひどくなった頭痛ですか？
Caller: いいえ、母は前から少し痛いと言っていて、急に激しくなったわけではありません。",True,False,False,1,False,False
sudden_severe_1_1029,"Dispatcher: さっきまで普通だったのに、一気に耐えがたい頭痛になった感じですか？
Caller: いいえ、夫は仕事中からじわじわ痛くなってきたと言っていて、急な出方ではありません。",True,False,False,1,False,False
sudden_severe_1_1030,"Dispatcher: いつもの軽い頭痛ではなく、急に強くなった感じですか？
Caller: いいえ、友人は前から頭が重い感じだったそうで、突然の激痛ではないです。",True,False,False,1,False,False
sudden_severe_2_1031,"Dispatcher: 頭の痛みは、急に出た強い痛みか確認できますか？
Caller: 近くにいないので、突然なのか、強い痛みなのかは確認できません。",True,False,False,2,False,False
sudden_severe_2_1032,"Dispatcher: 頭の痛みは、突然起こった激しい痛みですか？
Caller: 頭が痛いとだけ連絡があって、急に始まったのか強いのかまでは分かりません。",True,False,False,2,False,False
sudden_severe_2_1033,"Dispatcher: いつもの軽い頭痛ということでよいですか？
Caller: それが、本人は離れた場所にいて、急にひどくなったのかどうかまではまだ聞けていません。",True,False,False,2,False,False
sudden_severe_2_1034,"Dispatcher: 激しい痛みが突然起こりましたか？
Caller: その点は分かりません。頭痛があることしか確認できていません。",True,False,False,2,False,False
sudden_severe_2_1035,"Dispatcher: 何か分かる範囲で、急に強い頭痛になった様子はありますか？
Caller: 同僚から頭痛の連絡だけ来ていて、始まり方や痛みの強さはまだ不明です。",True,False,False,2,False,False
sudden_severe_-1_1036,"Dispatcher: ぼんやりしている、返事がおかしいなど、普段と違う様子はありますか？
Caller: いいえ、妻ですが受け答えも普段通りで、行動も特におかしくありません。",True,False,False,-1,False,False
sudden_severe_-1_1037,"Dispatcher: 普通に手足は動かせていますか？
Caller: いや、弟は右手に力が入らないと言っていて、足もしびれるみたいです。",True,False,False,-1,False,False
sudden_severe_-1_1038,"Dispatcher: しびれや麻痺はありますか？
Caller: いいえ、手足は問題なく動いていて、しびれもないです。",True,False,False,-1,False,False
sudden_severe_-1_1039,"Dispatcher: 普段と違う振る舞いや様子はありますか？
Caller: はい、父なんですが質問しても話がかみ合わず、急に同じことを何度も繰り返しています。",True,False,False,-1,False,False
sudden_severe_-1_1040,"Dispatcher: 手足の動かしにくさやしびれはありますか？
Caller: いいえ、娘は両手両足とも普通に動かせていて、しびれも訴えていません。",True,False,False,-1,False,False
sudden_severe_0_1041,"Dispatcher: 頭の痛みは、突然起こった激しい痛みですか？
Caller: はい、さっき急に『頭が割れそうに痛い』と言って、うずくまっています。",True,False,False,0,False,False
sudden_severe_0_1042,"Dispatcher: いつもの頭痛ではなく、急に強く痛くなった感じですか？
Caller: はい、急にものすごい痛みが来たと本人がはっきり言っています。",True,False,False,0,False,False
sudden_severe_0_1043,"Dispatcher: 頭の痛みは、突然起こった激しい痛みですか？
Caller: はい、夫が突然激しい頭痛を訴えて、その場から動けなくなりました。",True,False,False,0,False,False
sudden_severe_0_1044,"Dispatcher: いつもの頭痛というより、急に耐えられないくらい強くなった感じですか？
Caller: はい、友人が会話の途中で急に頭を抱えて、今までにない痛みだと言っています。",True,False,False,0,False,False
sudden_severe_0_1045,"Dispatcher: 頭の痛みは、突然起こった激しい痛みですか？
Caller: はい、母が急にひどい頭痛を訴えて、我慢できないと言っています。",True,False,False,0,False,False
sudden_severe_1_1046,"Dispatcher: 今回は急にひどくなった頭痛ですか？
Caller: いいえ、急にではなく、少し前からじわじわ痛くなっています。",True,False,False,1,False,False
sudden_severe_1_1047,"Dispatcher: 頭の痛みは、突然起こった激しい痛みですか？
Caller: いいえ、本人は前から頭が重い感じで、急に強い痛みが来たわけではないそうです。",True,False,False,1,False,False
sudden_severe_1_1048,"Dispatcher: いつもの頭痛ではなく、急に強くなった感じですか？
Caller: いいえ、朝から少しずつ痛みが増してきたようです。",True,False,False,1,False,False
sudden_severe_1_1049,"Dispatcher: 頭の痛みは、突然起こった激しい痛みですか？
Caller: いいえ、娘は昨日から頭痛が続いていて、急に始まった激しい痛みではありません。",True,False,False,1,False,False
sudden_severe_1_1050,"Dispatcher: 今回は急に耐えられないほど痛くなった感じですか？
Caller: いいえ、同僚は前から鈍い痛みが続いていたと言っていて、突然の激痛ではないです。",True,False,False,1,False,False
sudden_severe_2_1051,"Dispatcher: 頭の痛みは、突然起こった激しい痛みですか？
Caller: 本人が頭痛いと言っているだけで、急に始まったのか、ひどい痛みなのかまでは確認できていません。",True,False,False,2,False,False
sudden_severe_2_1052,"Dispatcher: いつもの頭痛ではなく、急に強く出た感じですか？
Caller: 職場から連絡を受けただけなので、急に強くなったのかどうかは分かりません。",True,False,False,2,False,False
sudden_severe_2_1053,"Dispatcher: 激しい頭痛が急に起こった感じですか？
Caller: 急にだったのか、どのくらい強いのかは分かりません。",True,False,False,2,False,False
sudden_severe_2_1054,"Dispatcher: いつもの軽い頭痛ということでよいですか？
Caller: そこまでは分からなくて、急にひどくなったのかは確認できていません。",True,False,False,2,False,False
sudden_severe_2_1055,"Dispatcher: さっきまで普通だったのに、急に耐えられないほど痛くなった感じですか？
Caller: 友人から短いメッセージが来ただけで、始まり方も痛みの強さもまだ聞けていません。",True,False,False,2,False,False
sudden_severe_-1_1056,"Dispatcher: 手足のしびれや麻痺はありますか？
Caller: 今は別の階にいて様子が見えず、しびれがあるかまでは分かりません。",True,False,False,-1,False,False
sudden_severe_-1_1057,"Dispatcher: 手足のしびれや麻痺はありますか？
Caller: いいえ、手足は普通に動いていて、しびれもないと言っています。",True,False,False,-1,False,False
sudden_severe_-1_1058,"Dispatcher: いつも通りの様子ですか？
Caller: いいえ、話しかけても返事がちぐはぐで、落ち着きなく同じことを繰り返しています。",True,False,False,-1,False,False
sudden_severe_-1_1059,"Dispatcher: 手足のしびれや麻痺はありますか？
Caller: まだ本人のそばにいないので、しびれや動かしにくさがあるかは分かりません。",True,False,False,-1,False,False
sudden_severe_-1_1060,"Dispatcher: ぼんやりしているなど、普段と違う振る舞いはありますか？
Caller: 電話で頭が痛いと聞いただけで、普段と違う様子があるかまでは確認できていません。",True,False,False,-1,False,False
sudden_severe_0_1061,"Dispatcher: 頭の痛みは、突然起こった激しい痛みですか？
Caller: はい、さっき急にものすごく痛いと言ってうずくまりました。",True,False,False,0,False,False
sudden_severe_0_1062,"Dispatcher: いつもの頭痛ではなく、急に強く出た感じですか？
Caller: はい、会議中にいきなり頭を押さえて、今までで一番痛いと言っています。",True,False,False,0,False,False
sudden_severe_0_1063,"Dispatcher: 頭の痛みは急に起きた強い痛みですか？
Caller: はい、数分前まで普通だったのに、突然ひどい頭痛が来たみたいです。",True,False,False,0,False,False
sudden_severe_0_1064,"Dispatcher: 激しい頭痛が急に起こりましたか？
Caller: はい、急に始まって、我慢できないほど痛いと言っています。",True,False,False,0,False,False
sudden_severe_0_1065,"Dispatcher: 頭の痛みは、突然起こった激しい痛みですか？
Caller: はい、急にガーンと来たと言っていて、かなり強い痛みです。",True,False,False,0,False,False
sudden_severe_1_1066,"Dispatcher: いつもの頭痛ではなく、急に強く出た感じですか？
Caller: いいえ、朝から少しずつ痛くなってきたそうで、急にひどくなったわけではありません。",True,False,False,1,False,False
sudden_severe_1_1067,"Dispatcher: 頭の痛みは、突然起こった激しい痛みですか？
Caller: いいえ、昨日から続いている頭痛で、急に起きた強い痛みではありません。",True,False,False,1,False,False
sudden_severe_1_1068,"Dispatcher: 激しい頭痛が急に起こりましたか？
Caller: いいえ、徐々に痛くなってきただけです。",True,False,False,1,False,False
sudden_severe_1_1069,"Dispatcher: いつもの頭痛ではなく、急に強くなったんですか？
Caller: いえ、急にではなさそうで、本人も前から少し痛かったと言っています。",True,False,False,1,False,False
sudden_severe_1_1070,"Dispatcher: 頭の痛みは、突然起こった激しい痛みですか？
Caller: いいえ、昼ごろからだんだん痛みが増した感じで、いきなりではないです。",True,False,False,1,False,False
sudden_severe_2_1071,"Dispatcher: いつもの頭痛ではなく、急に強く出た感じですか？
Caller: そこはまだ聞けておらず、急だったのか強かったのか分かりません。",True,False,False,2,False,False
sudden_severe_2_1072,"Dispatcher: 頭の痛みは、突然起こった激しい痛みですか？
Caller: 本人が別室で休んでいて、急に始まったのか、激しい痛みなのかはまだ確認できません。",True,False,False,2,False,False
sudden_severe_2_1073,"Dispatcher: 頭の痛みは、急に出た強い痛みですか？
Caller: 近くにいないので、そのあたりは分かりません。",True,False,False,2,False,False
sudden_severe_2_1074,"Dispatcher: 激しい頭痛が急に起こりましたか？
Caller: 急にだったのか、強い痛みなのかはまだ本人に確認できていません。",True,False,False,2,False,False
sudden_severe_2_1075,"Dispatcher: 頭の痛みは、突然起こった激しい痛みですか？
Caller: 娘から頭が痛いとだけ連絡があって、急に始まったのか、どれほど強いのかは分かりません。",True,False,False,2,False,False
sudden_severe_-1_1076,"Dispatcher: 手足のしびれや麻痺はありますか？
Caller: いいえ、しびれはなく、腕も足も動かせています。",True,False,False,-1,False,False
sudden_severe_-1_1077,"Dispatcher: 普段と違う振る舞いや様子はありますか？
Caller: いいえ、受け答えは普通で、様子もいつもと変わりません。",True,False,False,-1,False,False
sudden_severe_-1_1078,"Dispatcher: 体の片側が動かしにくいなどはありますか？
Caller: はい、左腕がしびれて力が入りにくいと言っています。",True,False,False,-1,False,False
sudden_severe_-1_1079,"Dispatcher: 普通に手足は使えていますか？
Caller: いいえ、右足がしびれると言っていて、立つとふらついています。",True,False,False,-1,False,False
sudden_severe_-1_1080,"Dispatcher: いつも通りに受け答えできていますか？
Caller: はい、会話も普通で、特に変わった様子はありません。",True,False,False,-1,False,False
sudden_severe_0_1081,"Dispatcher: いきなりひどい頭痛になった感じですか？
Caller: はい、夫がさっき急に頭を押さえて、我慢できないくらい痛いと言い出しました。",True,False,False,0,False,False
sudden_severe_0_1082,"Dispatcher: いつもの頭痛ではなく、急に強く出た感じですか？
Caller: 同僚が会議中まで普通だったのに、突然うずくまって耐えられないほど痛いと言っています。",True,False,False,0,False,False
sudden_severe_0_1083,"Dispatcher: いきなりひどい頭痛になった感じですか？
Caller: はい、母が急に今までで一番痛いと言っていて、かなり激しいです。",True,False,False,0,False,False
sudden_severe_0_1084,"Dispatcher: 頭の痛みは、突然起こった激しい痛みですか？
Caller: はい、友人が車を降りた直後に急に頭が割れるほど痛いと言って、その場にしゃがみ込みました。",True,False,False,0,False,False
sudden_severe_0_1085,"Dispatcher: さっきまで普通だったのに、急に我慢できないほどの頭痛が出たのですか？
Caller: はい、弟はテレビを見ていたのに突然叫ぶように痛がって、耐えられないと言っています。",True,False,False,0,False,False
sudden_severe_1_1086,"Dispatcher: 頭の痛みは、突然起こった激しい痛みですか？
Caller: いいえ、母は朝から少しずつ痛くなってきたと言っていて、急にではありません。",True,False,False,1,False,False
sudden_severe_1_1087,"Dispatcher: 頭の痛みは、突然起こった激しい痛みですか？
Caller: いいえ、同僚は昼ごろからじわじわ痛くなったようで、いきなりひどくなったわけではないです。",True,False,False,1,False,False
sudden_severe_1_1088,"Dispatcher: 頭の痛みは、突然起こった激しい痛みですか？
Caller: いいえ、娘は昨日から続く頭痛で、急に起きた強い痛みではありません。",True,False,False,1,False,False
sudden_severe_1_1089,"Dispatcher: いつもの軽い頭痛ということでよいですか？
Caller: はい、夫は急にではなく、夕方からだんだん痛くなってきたと言っています。",True,False,False,1,False,False
sudden_severe_1_1090,"Dispatcher: 頭の痛みは、突然起こった激しい痛みですか？
Caller: いいえ、友人は仕事中から重い感じが続いていただけで、急に耐えられない痛みが出たわけではありません。",True,False,False,1,False,False
sudden_severe_2_1091,"Dispatcher: いつもの頭痛ではなく、急に強く出た感じですか？
Caller: 本人から頭が痛いとメッセージが来ただけで、急にひどくなったのかまでは分かりません。",True,False,False,2,False,False
sudden_severe_2_1092,"Dispatcher: 激しい痛みが突然起こりましたか？
Caller: 突然だったかどうかは分かりません。",True,False,False,2,False,False
sudden_severe_2_1093,"Dispatcher: 激しい痛みが突然起こりましたか？
Caller: 激しいのか急なのか、そこまでは確認できていません。",True,False,False,2,False,False
sudden_severe_2_1094,"Dispatcher: 激しい痛みが突然起こりましたか？
Caller: 近くにいないので、急に始まった強い頭痛かどうかは分かりません。",True,False,False,2,False,False
sudden_severe_2_1095,"Dispatcher: 頭の痛みは、突然起こった激しい痛みですか？
Caller: 祖母から頭痛がすると電話があっただけで、急に起きたのか、どれほど強いのかはまだ確認できていません。",True,False,False,2,False,False
sudden_severe_-1_1096,"Dispatcher: 手足のしびれや麻痺はありますか？
Caller: いいえ、父は手足は普通に動いていて、しびれもないと言っています。",True,False,False,-1,False,False
sudden_severe_-1_1097,"Dispatcher: 何か変わった様子はありますか？
Caller: いいえ、受け答えも普段どおりで、特におかしな様子はありません。",True,False,False,-1,False,False
sudden_severe_-1_1098,"Dispatcher: しびれや麻痺はありますか？
Caller: 今は本人のそばにいないので、しびれや麻痺があるかは分かりません。",True,False,False,-1,False,False
sudden_severe_-1_1099,"Dispatcher: 普段と違う振る舞いや様子はありますか？
Caller: 今日はまだ直接会っていないので、いつもと違う様子かどうかは分かりません。",True,False,False,-1,False,False
sudden_severe_-1_1100,"Dispatcher: 手足のしびれや麻痺はありますか？
Caller: 電話で頭が痛いと聞いただけで、しびれがあるかまでは確認できていません。",True,False,False,-1,False,False
sudden_severe_0_1101,"Dispatcher: 頭の痛みは、突然起こった激しい痛みですか？
Caller: はい、妻が料理中に急に頭を抱えて、その場で動けないほど痛いと言い出しました。",True,False,False,0,False,False
sudden_severe_0_1102,"Dispatcher: 頭の痛みは、突然起こった激しい痛みですか？
Caller: はい、父は散歩から戻った直後に急にものすごく痛いと言って、顔をしかめて座り込んでいます。",True,False,False,0,False,False
sudden_severe_0_1103,"Dispatcher: いきなりひどい頭痛になった感じですか？
Caller: はい、同僚が急に耐えられないほど頭が痛いと言って倒れ込みました。",True,False,False,0,False,False
sudden_severe_0_1104,"Dispatcher: 頭の痛みは、突然起こった激しい痛みですか？
Caller: はい、娘が勉強中に急に頭が割れそうなくらい痛いと言い出して、泣いています。",True,False,False,0,False,False
sudden_severe_0_1105,"Dispatcher: 頭の痛みは、急に出た強い痛みですか？
Caller: はい、友人はさっきまで普通に話していたのに、突然こんなの初めてというくらい激しい頭痛を訴えています。",True,False,False,0,False,False
sudden_severe_1_1106,"Dispatcher: いつもの軽い頭痛ということでよいですか？
Caller: はい、姉は朝から徐々に痛くなったと言っていて、急にひどくなったわけではありません。",True,False,False,1,False,False
sudden_severe_1_1107,"Dispatcher: 頭の痛みは、突然起こった激しい痛みですか？
Caller: いいえ、夫は数時間前から少しずつ痛くなっていて、急な強い痛みではありません。",True,False,False,1,False,False
sudden_severe_1_1108,"Dispatcher: 頭の痛みは、突然起こった激しい痛みですか？
Caller: いいえ、同僚は前から鈍い痛みが続いていたようで、突然の激痛ではなさそうです。",True,False,False,1,False,False
sudden_severe_1_1109,"Dispatcher: いきなりひどい頭痛になった感じですか？
Caller: いいえ、母は買い物の途中から少しずつ痛みが増したと言っていて、急にではありません。",True,False,False,1,False,False
sudden_severe_1_1110,"Dispatcher: いきなりひどい頭痛になった感じですか？
Caller: いいえ、急な激しい痛みではないです。",True,False,False,1,False,False
sudden_severe_2_1111,"Dispatcher: 頭の痛みは、突然起こった激しい痛みですか？
Caller: 同僚から頭が痛いと連絡を受けただけで、急に起きたのか、どれほど強いのかまでは分かりません。",True,False,False,2,False,False
sudden_severe_2_1112,"Dispatcher: いつもの頭痛ではなく、急にひどくなった感じですか？
Caller: そこは確認できていません。急に強くなったのかどうか分かりません。",True,False,False,2,False,False
sudden_severe_2_1113,"Dispatcher: 急に強い頭痛ですか？
Caller: 分かりません。",True,False,False,2,False,False
sudden_severe_2_1114,"Dispatcher: さっきまで普通だったのに、急に耐えられないくらい頭が痛くなった感じですか？
Caller: 友人からメッセージが来ただけなので、始まり方も痛みの強さもまだ聞けていません。",True,False,False,2,False,False
sudden_severe_2_1115,"Dispatcher: 突然の激しい頭痛ですか？
Caller: それは分かりません。",True,False,False,2,False,False
sudden_severe_-1_1116,"Dispatcher: 手足のしびれや麻痺はありますか？
Caller: はい、父は右腕がしびれていて、うまく力が入らないと言っています。",True,False,False,-1,False,False
sudden_severe_-1_1117,"Dispatcher: 普通に動けていますか？
Caller: そこは分かりません。しびれや麻痺があるかはまだ確認できていません。",True,False,False,-1,False,False
sudden_severe_-1_1118,"Dispatcher: 何か変わった様子はありますか？
Caller: いいえ、受け答えも普段どおりで、特におかしな様子はありません。",True,False,False,-1,False,False
sudden_severe_-1_1119,"Dispatcher: いつもどおり手足は使えていますか？
Caller: 別の部屋にいて見えていないので、しびれや動かしにくさがあるかは分かりません。",True,False,False,-1,False,False
sudden_severe_-1_1120,"Dispatcher: 手足のしびれや麻痺はありますか？
Caller: いいえ、妻は手足にしびれもなく、普通に動かせています。",True,False,False,-1,False,False
sudden_severe_0_1121,"Dispatcher: 頭の痛みは、突然起こった激しい痛みですか？
Caller: はい、弟が急に頭を押さえて、今までで一番ひどい痛みだと言っています。",True,False,False,0,False,False
sudden_severe_0_1122,"Dispatcher: 急に強い頭痛が出た感じですか？
Caller: はい、さっきまで普通に話していたのに、いきなり我慢できないほど痛いと言い出しました。",True,False,False,0,False,False
sudden_severe_0_1123,"Dispatcher: 頭の痛みは突然で、とても強いですか？
Caller: はい、急にひどい頭痛が来たようです。",True,False,False,0,False,False
sudden_severe_0_1124,"Dispatcher: 突然起きた激しい頭痛ですか？
Caller: はい、急にものすごく痛くなったと言っています。",True,False,False,0,False,False
sudden_severe_0_1125,"Dispatcher: いきなり耐えがたいくらいの頭痛になったんですか？
Caller: はい、母が食事中に急に顔をしかめて、耐えられないほど痛いと言っていました。",True,False,False,0,False,False
sudden_severe_1_1126,"Dispatcher: 急にひどくなった頭痛ですか？
Caller: いいえ、朝から少しずつ痛くなってきたようで、突然ではありません。",True,False,False,1,False,False
sudden_severe_1_1127,"Dispatcher: いつもの軽い頭痛ではなく、一気に強くなった感じですか？
Caller: いいえ、本人は前からある頭痛がだんだん増してきただけだと言っています。",True,False,False,1,False,False
sudden_severe_1_1128,"Dispatcher: 頭の痛みは、突然起こった激しい痛みですか？
Caller: いいえ、急にではなく、昼ごろから徐々に痛みが出てきています。",True,False,False,1,False,False
sudden_severe_1_1129,"Dispatcher: さっき急に我慢できないほどの頭痛が始まったんですか？
Caller: いいえ、会議中から重い感じが続いていて、急に起きた痛みではありません。",True,False,False,1,False,False
sudden_severe_1_1130,"Dispatcher: いきなりひどい頭痛ですか？
Caller: そうではなくて、少し前からじわじわ痛くなっています。",True,False,False,1,False,False
sudden_severe_2_1131,"Dispatcher: 頭の痛みは、突然起こった激しい痛みですか？
Caller: 本人から頭痛がするとだけ電話があって、急だったのか強かったのかはまだ聞けていません。",True,False,False,2,False,False
sudden_severe_2_1132,"Dispatcher: 頭の痛みは、突然起こった激しい痛みですか？
Caller: そこまでは分かりません。",True,False,False,2,False,False
sudden_severe_2_1133,"Dispatcher: 急に出た強い頭痛かどうか確認できますか？
Caller: 今は子どもと祖母しか家におらず、私は職場にいるので、突然だったか痛みが強いかまでは確認できません。",True,False,False,2,False,False
sudden_severe_2_1134,"Dispatcher: 急に強い頭痛ですか？
Caller: 分かりません。",True,False,False,2,False,False
sudden_severe_2_1135,"Dispatcher: いつもの頭痛ではなく、急にひどくなった感じですか？
Caller: 本人は頭が痛いとしか言っておらず、急に始まったのか強いのかは分かりません。",True,False,False,2,False,False
sudden_severe_-1_1136,"Dispatcher: 何か変わったことはありますか？
Caller: まだ電話で話しただけなので、普段と違う振る舞いがあるかは分かりません。",True,False,False,-1,False,False
sudden_severe_-1_1137,"Dispatcher: ぼんやりしている、返事がおかしいなど、普段と違う様子はありますか？
Caller: 今は本人を見ていないので、いつもと違う振る舞いがあるかは確認できません。",True,False,False,-1,False,False
sudden_severe_-1_1138,"Dispatcher: 手足のしびれや麻痺はありますか？
Caller: 今はそばにいないので、しびれや麻痺があるかは分かりません。",True,False,False,-1,False,False
sudden_severe_-1_1139,"Dispatcher: 何か変わった様子はありますか？
Caller: いいえ、話し方も行動も普段と変わりません。",True,False,False,-1,False,False
sudden_severe_-1_1140,"Dispatcher: 手足のしびれや麻痺はありますか？
Caller: はい、姉は左足がしびれていて、立つと力が入りにくいようです。",True,False,False,-1,False,False
sudden_severe_0_1141,"Dispatcher: 頭の痛みは、急に起きた強い痛みですか？
Caller: はい、夫がさっき急に頭を押さえて、今までにないくらいひどい痛みだと言っています。",True,False,False,0,False,False
sudden_severe_0_1142,"Dispatcher: 頭痛は突然始まって、とても激しいものですか？
Caller: はい、同僚が会議中にいきなり頭が割れるほど痛いと言い出して、急にうずくまったので間違いありません。",True,False,False,0,False,False
sudden_severe_0_1143,"Dispatcher: いつもの頭痛ではなく、一気にひどくなった感じですか？
Caller: はい、母はさっきまで普通だったのに、急に耐えられないくらい痛いと言っています。",True,False,False,0,False,False
sudden_severe_0_1144,"Dispatcher: 軽い痛みが続いている感じですか？
Caller: いいえ、弟は急にものすごく痛くなったと言っていて、かなりつらそうです。",True,False,False,0,False,False
sudden_severe_0_1145,"Dispatcher: いつもの頭痛ということでよいですか？
Caller: いいえ、急にすごい痛みが来たみたいです。",True,False,False,0,False,False
sudden_severe_1_1146,"Dispatcher: 頭の痛みは、突然起こった激しい痛みですか？
Caller: いいえ、朝から少しずつ痛くなってきたようで、急に強い痛みが出たわけではありません。",True,False,False,1,False,False
sudden_severe_1_1147,"Dispatcher: 頭痛は急に始まったひどい痛みですか？
Caller: いいえ、妻は昨日から重い感じが続いていて、急に我慢できないほど痛くなったわけではないです。",True,False,False,1,False,False
sudden_severe_1_1148,"Dispatcher: 突然、強い頭痛が出た感じでしょうか？
Caller: いいえ、友人は昼ごろからじわじわ痛くなってきたと言っていて、突然ではありません。",True,False,False,1,False,False
sudden_severe_1_1149,"Dispatcher: 頭の痛みは急激に起きた激しいものですか？
Caller: いいえ、父は前からある頭痛が少し強くなっただけで、急にひどくなったわけではないです。",True,False,False,1,False,False
sudden_severe_1_1150,"Dispatcher: 急に耐えられないほどの頭痛になったのですか？
Caller: いえ、そういう感じではなくて、だんだん痛くなってきたようです。",True,False,False,1,False,False
sudden_severe_2_1151,"Dispatcher: いつもの軽い頭痛ということでよいですか？
Caller: そこまでは分かりません。急に強くなったのか、前から痛かったのか確認できていません。",True,False,False,2,False,False
sudden_severe_2_1152,"Dispatcher: 頭の痛みは、突然起こった激しい痛みですか？
Caller: すみません、本人から頭が痛いとだけ連絡が来ていて、突然なのか強いのかまでは分かりません。",True,False,False,2,False,False
sudden_severe_2_1153,"Dispatcher: さっき急にひどくなった感じですか？
Caller: 妹からメッセージが来ただけで、始まり方や痛みの強さまでは聞けていません。",True,False,False,2,False,False
sudden_severe_2_1154,"Dispatcher: 頭痛は急に出た強い痛みか分かりますか？
Caller: 今は本人のそばにいないので、急に起きたのかひどい痛みなのかは確認できません。",True,False,False,2,False,False
sudden_severe_2_1155,"Dispatcher: 突然の激しい頭痛かどうか見て分かりますか？
Caller: 電話で聞いただけなので、そこまではまだ分かりません。",True,False,False,2,False,False
sudden_severe_-1_1156,"Dispatcher: 体の動きで変なところはありますか？
Caller: いいえ、手足のしびれや動かしにくさはないです。",True,False,False,-1,False,False
sudden_severe_-1_1157,"Dispatcher: 片方の手足が動かしにくい感じはありますか？
Caller: はい、父は右腕がしびれて力が入りにくいと言っています。",True,False,False,-1,False,False
sudden_severe_-1_1158,"Dispatcher: 歩き方や手の動きでおかしいところはありますか？
Caller: いいえ、娘は手足は普通に動かせていて、しびれもないと言っています。",True,False,False,-1,False,False
sudden_severe_-1_1159,"Dispatcher: ぼんやりしているとか、受け答えがおかしいなど、いつもと違う様子はありますか？
Caller: 今は職場から電話を受けただけで、普段と違う振る舞いがあるかまでは確認できません。",True,False,False,-1,False,False
sudden_severe_-1_1160,"Dispatcher: 普段と違う振る舞いや様子はありますか？
Caller: いいえ、会話も普通ですし、いつもと変わった様子はありません。",True,False,False,-1,False,False
sudden_severe_0_1161,"Dispatcher: 頭痛は急に始まった、とても強い痛みですか？
Caller: はい、祖母が突然叫ぶように痛がって、我慢できないほどだと言っています。",True,False,False,0,False,False
sudden_severe_0_1162,"Dispatcher: いつもの頭痛ですか？
Caller: いいえ、急にものすごく痛くなったみたいです。",True,False,False,0,False,False
sudden_severe_0_1163,"Dispatcher: 頭の痛みは、突然起きた激しいものですか？
Caller: はい、友人が運転中にいきなり頭が割れそうに痛いと言って車を止めました。",True,False,False,0,False,False
sudden_severe_0_1164,"Dispatcher: 少し前から重い感じが続いているだけですか？
Caller: いいえ、さっき急に耐えられないくらい痛くなったそうです。",True,False,False,0,False,False
sudden_severe_0_1165,"Dispatcher: 頭痛は突然の強い痛みですか？
Caller: はい、急に我慢できないほど痛くなったと言っています。",True,False,False,0,False,False
sudden_severe_1_1166,"Dispatcher: いきなりひどい頭痛になった感じですか？
Caller: いいえ、息子は部活の後から徐々に痛くなってきたと言っていて、突然ではありません。",True,False,False,1,False,False
sudden_severe_1_1167,"Dispatcher: 頭の痛みは突然の激しいものですか？
Caller: いいえ、母は朝から鈍い痛みが続いていて、急に強い痛みが出たわけではないです。",True,False,False,1,False,False
sudden_severe_1_1168,"Dispatcher: さっき急に耐えられない頭痛になったのですか？
Caller: いいえ、前から少し痛かったのが続いているだけです。",True,False,False,1,False,False
sudden_severe_1_1169,"Dispatcher: いきなり頭が割れるように痛くなった感じですか？
Caller: そこまでではなくて、同僚は午後からだんだん痛みが増してきたと言っています。",True,False,False,1,False,False
sudden_severe_1_1170,"Dispatcher: 頭の痛みは突然起こった激しい痛みですか？
Caller: いいえ、急にではなく、ゆっくり痛くなってきたようです。",True,False,False,1,False,False
sudden_severe_2_1171,"Dispatcher: いつもの頭痛ではなく、急に強く出た感じですか？
Caller: そこまでは分かりません。頭が痛いとだけ聞いています。",True,False,False,2,False,False
sudden_severe_2_1172,"Dispatcher: さっき急にひどい頭痛になった様子ですか？
Caller: 職場から連絡を受けただけで、急だったのか痛みが強いのかまでは確認できていません。",True,False,False,2,False,False
sudden_severe_2_1173,"Dispatcher: 我慢できないほどの頭痛が突然きた感じでしょうか？
Caller: 友人が頭痛でつらいとは言っていましたが、急に始まったのかどうかは聞けていません。",True,False,False,2,False,False
sudden_severe_2_1174,"Dispatcher: 急に強い頭痛が出たということですか？
Caller: いえ、そこはまだ分かりません。",True,False,False,2,False,False
sudden_severe_2_1175,"Dispatcher: 突然ひどく痛くなった頭痛ですか？
Caller: そこまでは確認できていません。",True,False,False,2,False,False
sudden_severe_-1_1176,"Dispatcher: ぼんやりしている、返事がおかしいなど、普段と違う振る舞いはありますか？
Caller: 今は本人と離れていて、頭痛があると聞いただけなので、いつもと違う様子かどうかは確認できません。",True,False,False,-1,False,False
sudden_severe_-1_1177,"Dispatcher: 受け答えや行動で、普段と違うところはありますか？
Caller: いいえ、会話も普通ですし、様子もいつもと変わりません。",True,False,False,-1,False,False
sudden_severe_-1_1178,"Dispatcher: 手足のしびれや麻痺はありますか？
Caller: はい、左腕がしびれていて、うまく力が入らないようです。",True,False,False,-1,False,False
sudden_severe_-1_1179,"Dispatcher: 片側の手足にしびれや動かしにくさはありますか？
Caller: はい、右足がしびれていて、少し動かしにくいと言っています。",True,False,False,-1,False,False
sudden_severe_-1_1180,"Dispatcher: 普通に歩けていますか？
Caller: そこは分かりません。しびれや麻痺があるかはまだ確認できていません。",True,False,False,-1,False,False
sudden_severe_0_1181,"Dispatcher: 頭の痛みは、突然起こった激しい痛みですか？
Caller: はい、急に我慢できないくらい痛いと言って倒れ込みました。",True,False,False,0,False,False
sudden_severe_0_1182,"Dispatcher: いつもの頭痛ではなく、急にひどくなった感じですか？
Caller: はい、さっきまで普通だったのに、急に頭を押さえてひどく痛がり始めました。",True,False,False,0,False,False
sudden_severe_0_1183,"Dispatcher: 軽い頭痛が続いている感じですか？
Caller: いいえ、突然ものすごく痛くなったみたいで、かなりつらそうです。",True,False,False,0,False,False
sudden_severe_0_1184,"Dispatcher: 頭痛は急に強く出たものですか？
Caller: はい、会話していた途中で急に激しい痛みを訴えて、その場でうずくまりました。",True,False,False,0,False,False
sudden_severe_0_1185,"Dispatcher: 突然、強い頭痛が始まったのですね？
Caller: はい、今まで何ともなかったのに、急に耐えられないほど痛いと言い出しました。",True,False,False,0,False,False
sudden_severe_1_1186,"Dispatcher: 頭の痛みは、突然起こった激しい痛みですか？
Caller: いいえ、朝から少しずつ痛くなってきたようで、急にではありません。",True,False,False,1,False,False
sudden_severe_1_1187,"Dispatcher: さっき急に我慢できないほどの頭痛が出たのですか？
Caller: いいえ、昨日から続いている頭痛で、急にひどくなったわけではありません。",True,False,False,1,False,False
sudden_severe_1_1188,"Dispatcher: いつもの軽い頭痛ではなく、急に強くなった感じですか？
Caller: いいえ、急な感じではなく、前から痛いと言っていました。",True,False,False,1,False,False
sudden_severe_1_1189,"Dispatcher: 突然ひどい頭痛がきた様子ですか？
Caller: そうではなくて、昼ごろからじわじわ痛くなってきたみたいです。",True,False,False,1,False,False
sudden_severe_1_1190,"Dispatcher: 急に強い頭痛が始まったのですか？
Caller: いいえ、仕事中から少しずつ痛みが増しただけで、突然ではありません。",True,False,False,1,False,False
sudden_severe_2_1191,"Dispatcher: 急にひどい頭痛が出た感じですか？
Caller: そこは分かりません。本人から頭痛とだけ連絡がありました。",True,False,False,2,False,False
sudden_severe_2_1192,"Dispatcher: さっきまで普通だったのに、急に強い頭痛になったのですか？
Caller: 私は現場にいないので、突然だったのか、どれくらい強いのかまでは分かりません。",True,False,False,2,False,False
sudden_severe_2_1193,"Dispatcher: いつもの頭痛ではなく、急に強く出たものですか？
Caller: まだそこは聞けていなくて、頭が痛いということしか分かりません。",True,False,False,2,False,False
sudden_severe_2_1194,"Dispatcher: 激しい痛みが突然起こりましたか？
Caller: 近くで見ていないので、突然なのか強いのかは確認できません。",True,False,False,2,False,False
sudden_severe_2_1195,"Dispatcher: 頭の痛みは、突然起こった激しい痛みですか？
Caller: すみません、家族から頭痛がすると聞いただけで、急に始まったのか激しいのかまでは分かりません。",True,False,False,2,False,False
sudden_severe_-1_1196,"Dispatcher: 何か変わったことはありますか？
Caller: 頭痛があるとしか聞いておらず、普段と違う振る舞いがあるかは分かりません。",True,False,False,-1,False,False
sudden_severe_-1_1197,"Dispatcher: しびれや麻痺はありますか？
Caller: いいえ、手足のしびれも動かしにくさもないようです。",True,False,False,-1,False,False
sudden_severe_-1_1198,"Dispatcher: いつも通りに受け答えできていますか？
Caller: いいえ、返事がちぐはぐで、同じことを何度も聞き返してきて普段と違います。",True,False,False,-1,False,False
sudden_severe_-1_1199,"Dispatcher: しびれや麻痺はありますか？
Caller: 今は電話で話しただけなので、しびれや麻痺があるかは確認できません。",True,False,False,-1,False,False
sudden_severe_-1_1200,"Dispatcher: 普段と違う振る舞いはありますか？
Caller: そこは分かりません。まだ本人に会えていません。",True,False,False,-1,False,False
numbness_0_1201,"Dispatcher: 片方の手足がしびれるとか、力が入りにくい様子はありますか？
Caller: ええ、夫は左手がしびれていて、コップも持ちにくそうです。",False,True,False,False,0,False
numbness_0_1202,"Dispatcher: 普通に手足は動かせていますか？
Caller: いいえ、右腕に力が入らず、しびれもあると言っています。",False,True,False,False,0,False
numbness_0_1203,"Dispatcher: まっすぐ歩けていますか？
Caller: いえ、母は左足がしびれていて、うまく踏ん張れません。",False,True,False,False,0,False
numbness_0_1204,"Dispatcher: しびれや麻痺はありますか？
Caller: はい、右手がしびれて動かしづらいです。",False,True,False,False,0,False
numbness_0_1205,"Dispatcher: 手足のしびれや動かしにくさは見られますか？
Caller: はい、同僚が片方の足に感覚がないみたいで、力も入りにくいと言っています。",False,True,False,False,0,False
numbness_1_1206,"Dispatcher: 手足のしびれや麻痺はありますか？
Caller: いいえ、妻は頭痛はありますが、手足のしびれや動かしにくさはないです。",False,True,False,False,1,False
numbness_1_1207,"Dispatcher: 手足のしびれや麻痺はありますか？
Caller: いいえ、しびれも麻痺もありません。",False,True,False,False,1,False
numbness_1_1208,"Dispatcher: 片側の手足がしびれるとか、動かしにくいことはありますか？
Caller: いいえ、父は両手両足とも普通に動かせていて、しびれも訴えていません。",False,True,False,False,1,False
numbness_1_1209,"Dispatcher: 手足のしびれや麻痺はありますか？
Caller: ないです。頭が痛いだけで、腕や足は普通に動いています。",False,True,False,False,1,False
numbness_1_1210,"Dispatcher: しびれたり、力が入らないところはありますか？
Caller: いいえ、友人は手足に違和感はなく、しっかり動かせています。",False,True,False,False,1,False
numbness_2_1211,"Dispatcher: 普通に歩けているということでよいですか？
Caller: そこは分かりません。電話で頭が痛いと聞いただけで、しびれや動かしにくさまでは確認できていません。",False,True,False,False,2,False
numbness_2_1212,"Dispatcher: しびれや麻痺はありますか？
Caller: しびれや麻痺があるかは分かりません。",False,True,False,False,2,False
numbness_2_1213,"Dispatcher: しびれや麻痺はありますか？
Caller: まだそこまでは確認できていなくて、分かりません。",False,True,False,False,2,False
numbness_2_1214,"Dispatcher: 手足のしびれや麻痺はありますか？
Caller: 今は本人のそばにいないので、しびれや麻痺があるかは分かりません。",False,True,False,False,2,False
numbness_2_1215,"Dispatcher: 右手だけ力が入らないなど、手足の異常は見られますか？
Caller: 職場から連絡を受けただけで本人を見ていないので、しびれや麻痺があるかは確認できません。",False,True,False,False,2,False
numbness_-1_1216,"Dispatcher: 何か変わった様子はありますか？
Caller: いいえ、姉は頭痛はありますが、受け答えや行動はいつも通りです。",False,True,False,False,-1,False
numbness_-1_1217,"Dispatcher: 普段と違う振る舞いや様子はありますか？
Caller: いいえ、父は会話も普通で、特にいつもと変わった様子はありません。",False,True,False,False,-1,False
numbness_-1_1218,"Dispatcher: ぼんやりしている、返事がおかしいなど、普段と違う様子は見えますか？
Caller: 今は別の部屋にいて直接見ていないので、いつもと違う振る舞いがあるかは分かりません。",False,True,False,False,-1,False
numbness_-1_1219,"Dispatcher: 普段と違う振る舞いはありますか？
Caller: はい、さっきから受け答えがちぐはぐで、落ち着きなく同じことを繰り返しています。",False,True,False,False,-1,False
numbness_-1_1220,"Dispatcher: いつもより元気で普通に過ごしていますか？
Caller: そこは分かりません。電話で頭痛を訴えただけで、普段と違う様子までは確認できていません。",False,True,False,False,-1,False
numbness_0_1221,"Dispatcher: ちゃんと両手とも使えていますか？
Caller: いいえ、弟は右手がしびれていて、物をつかみにくそうです。",False,True,False,False,0,False
numbness_0_1222,"Dispatcher: 歩き方は普段通りですか？
Caller: いや、母は左足がしびれると言っていて、少し引きずる感じです。",False,True,False,False,0,False
numbness_0_1223,"Dispatcher: しびれや麻痺はありますか？
Caller: はい、左腕にしびれがあります。",False,True,False,False,0,False
numbness_0_1224,"Dispatcher: しびれや麻痺はありますか？
Caller: はい、片方の足に力が入りにくいです。",False,True,False,False,0,False
numbness_0_1225,"Dispatcher: 手足のしびれや麻痺はありますか？
Caller: はい、同居している祖母が右半身がしびれると言っていて、右手もうまく上がりません。",False,True,False,False,0,False
numbness_1_1226,"Dispatcher: 手足のしびれや麻痺はありますか？
Caller: いいえ、息子は頭を痛がっていますが、手足のしびれや力の入りにくさはないです。",False,True,False,False,1,False
numbness_1_1227,"Dispatcher: 体のどこか動かしにくそうですか？
Caller: いいえ、妻は普通に手足を動かせていて、しびれもないようです。",False,True,False,False,1,False
numbness_1_1228,"Dispatcher: 手足のしびれや麻痺はありますか？
Caller: いいえ、しびれや麻痺はありません。",False,True,False,False,1,False
numbness_1_1229,"Dispatcher: 手足のしびれや麻痺はありますか？
Caller: いいえ、腕も足も問題なく動いていて、しびれも訴えていません。",False,True,False,False,1,False
numbness_1_1230,"Dispatcher: ちゃんと両手両足は使えていますか？
Caller: はい、普通に動けていますし、しびれや麻痺はありません。",False,True,False,False,1,False
numbness_2_1231,"Dispatcher: 体の様子で気になることはありますか？
Caller: 頭が痛いと言っていること以外は分からず、しびれがあるかは確認できていません。",False,True,False,False,2,False
numbness_2_1232,"Dispatcher: 手足のしびれや麻痺はありますか？
Caller: 私は職場から電話していて本人のそばにいないので、しびれや麻痺があるかまでは分かりません。",False,True,False,False,2,False
numbness_2_1233,"Dispatcher: 片側の手足にしびれや動かしにくさがあるか見られますか？
Caller: 今は別の部屋から連絡を受けているだけで姿が見えないので、しびれや麻痺の有無は確認できません。",False,True,False,False,2,False
numbness_2_1234,"Dispatcher: 普通に歩けているということでよいですか？
Caller: 友人からメッセージで頭痛とだけ来ていて、手足のしびれや動かしにくさまでは分かりません。",False,True,False,False,2,False
numbness_2_1235,"Dispatcher: しびれや麻痺はありますか？
Caller: しびれや麻痺があるかは分かりません。",False,True,False,False,2,False
numbness_-1_1236,"Dispatcher: 何か変わったことはありますか？
Caller: はい、同僚なんですが、受け答えがちぐはぐで普段と明らかに様子が違います。",False,True,False,False,-1,False
numbness_-1_1237,"Dispatcher: 激しい痛みが突然起こりましたか？
Caller: 本人から頭が痛いとしか聞けておらず、急に始まったのか強い痛みなのかは分かりません。",False,True,False,False,-1,False
numbness_-1_1238,"Dispatcher: 普段と違う振る舞いや様子はありますか？
Caller: 今は電話で聞いただけなので、いつもと違う様子があるかは確認できません。",False,True,False,False,-1,False
numbness_-1_1239,"Dispatcher: いつもより元気で普通に過ごしていますか？
Caller: そこは分かりません。家にいないので、普段と違う行動があるか見られていません。",False,True,False,False,-1,False
numbness_-1_1240,"Dispatcher: いつもの軽い頭痛ということでよいですか？
Caller: さっき息子から連絡があっただけで、急に強くなったのかいつもの頭痛なのかは分かりません。",False,True,False,False,-1,False
numbness_0_1241,"Dispatcher: しびれや麻痺はありますか？
Caller: はい、右手がしびれて力も入りにくいようです。",False,True,False,False,0,False
numbness_0_1242,"Dispatcher: 手足のしびれや麻痺はありますか？
Caller: はい、母なんですが、左腕と左足がしびれていてうまく動かせないと言っています。",False,True,False,False,0,False
numbness_0_1243,"Dispatcher: 体の様子で気になることはありますか？
Caller: はい、頭痛に加えて片方の足がしびれて力が入りにくいです。",False,True,False,False,0,False
numbness_0_1244,"Dispatcher: しびれや麻痺はありますか？
Caller: はい、左手がしびれて動かしづらいです。",False,True,False,False,0,False
numbness_0_1245,"Dispatcher: しびれや麻痺はありますか？
Caller: はい、顔の片側と腕にしびれが出ています。",False,True,False,False,0,False
numbness_1_1246,"Dispatcher: しびれや麻痺はありますか？
Caller: いいえ、手足のしびれや動かしにくさはありません。",False,True,False,False,1,False
numbness_1_1247,"Dispatcher: 手足のしびれや麻痺はありますか？
Caller: いいえ、夫の手足は左右とも普通に動いていて、しびれも訴えていません。",False,True,False,False,1,False
numbness_1_1248,"Dispatcher: 片側の手足にしびれや動かしにくさはありますか？
Caller: いいえ、しびれも麻痺もなく、両手両足とも普段どおり動かせています。",False,True,False,False,1,False
numbness_1_1249,"Dispatcher: 手足のしびれや麻痺はありますか？
Caller: いいえ、友人を見ていますが、腕も脚も問題なく動いていてしびれはないです。",False,True,False,False,1,False
numbness_1_1250,"Dispatcher: 普通に歩けているということでよいですか？
Caller: はい、歩けていますし、手足のしびれや力の入りにくさもありません。",False,True,False,False,1,False
numbness_2_1251,"Dispatcher: 手足のしびれや麻痺はありますか？
Caller: 娘から学校で頭が痛いと連絡が来ただけなので、しびれがあるかどうかまでは分かりません。",False,True,False,False,2,False
numbness_2_1252,"Dispatcher: 手足のしびれや麻痺はありますか？
Caller: 本人は寝室にいて返事が少なく、私はまだ近くで見ていないので、しびれや麻痺は確認できていません。",False,True,False,False,2,False
numbness_2_1253,"Dispatcher: 手足のしびれや麻痺はありますか？
Caller: 同僚から急に頭痛で休憩室にいると聞いただけで、手足の感覚や動きまでは確認できていません。",False,True,False,False,2,False
numbness_2_1254,"Dispatcher: 手足のしびれや麻痺はありますか？
Caller: 今は本人のそばにいないので、しびれや麻痺があるかは分かりません。",False,True,False,False,2,False
numbness_2_1255,"Dispatcher: 片側の手足にしびれや動かしにくさがあるか見られますか？
Caller: 別室にいて姿が見えないので、しびれや麻痺の有無は分かりません。",False,True,False,False,2,False
numbness_-1_1256,"Dispatcher: さっきまで普通だったのに、急に我慢できないほど頭が痛くなった感じですか？
Caller: はい、夫が会話の途中で突然頭を押さえて、今までにないくらいひどい痛みだと言っています。",False,True,False,False,-1,False
numbness_-1_1257,"Dispatcher: 普段と違う振る舞いや様子はありますか？
Caller: いいえ、受け答えも行動もいつもどおりです。",False,True,False,False,-1,False
numbness_-1_1258,"Dispatcher: いつもの軽い頭痛ということでよいですか？
Caller: 妹から短い連絡があっただけで、急に強くなったのかいつもの頭痛なのかは分かりません。",False,True,False,False,-1,False
numbness_-1_1259,"Dispatcher: 何か変わったことはありますか？
Caller: いいえ、普段と違う様子は特にありません。",False,True,False,False,-1,False
numbness_-1_1260,"Dispatcher: ぼんやりしている、返事がおかしいなど、普段と違う様子は見えますか？
Caller: いいえ、母は受け答えもしっかりしていて、行動も普段どおりです。",False,True,False,False,-1,False
numbness_0_1261,"Dispatcher: 片方の手足がうまく使えない感じはありますか？
Caller: はい、父が右手に力が入らないと言っていて、少ししびれているようです。",False,True,False,False,0,False
numbness_0_1262,"Dispatcher: しびれや動かしにくさはありますか？
Caller: はい、同僚が左腕と左脚がしびれていて、左手はうまく持ち上がりません。",False,True,False,False,0,False
numbness_0_1263,"Dispatcher: 手足のしびれや麻痺はありますか？
Caller: はい、妻が片方の足がしびれて動かしにくいと言っています。",False,True,False,False,0,False
numbness_0_1264,"Dispatcher: しびれや麻痺はありますか？
Caller: はい、弟の右半身がしびれていて、右腕に力が入っていません。",False,True,False,False,0,False
numbness_0_1265,"Dispatcher: まっすぐ歩けていますか？
Caller: いいえ、友人は左足がしびれると言っていて、うまく踏ん張れていません。",False,True,False,False,0,False
numbness_1_1266,"Dispatcher: 体のどこか動かしにくいところはありますか？
Caller: いえ、母は手足のしびれもなく、普通に動かせています。",False,True,False,False,1,False
numbness_1_1267,"Dispatcher: 手足のしびれや麻痺はありますか？
Caller: いいえ、夫は頭痛はありますが、しびれや動かしにくさはないです。",False,True,False,False,1,False
numbness_1_1268,"Dispatcher: しびれや麻痺はありますか？
Caller: いいえ、ありません。",False,True,False,False,1,False
numbness_1_1269,"Dispatcher: 片側の手足にしびれや力の入りにくさはありますか？
Caller: いいえ、娘は両手両足とも普通に動かせていて、しびれも訴えていません。",False,True,False,False,1,False
numbness_1_1270,"Dispatcher: しびれや麻痺はありますか？
Caller: いいえ、本人は手足にしびれはなく、左右とも問題なく動かせています。",False,True,False,False,1,False
numbness_2_1271,"Dispatcher: 手足のしびれや麻痺はありますか？
Caller: すみません、私は会社にいて本人のそばにいないので、しびれがあるかは分かりません。",False,True,False,False,2,False
numbness_2_1272,"Dispatcher: しびれや麻痺はありますか？
Caller: しびれや麻痺があるかは分かりません。",False,True,False,False,2,False
numbness_2_1273,"Dispatcher: ちゃんと手足は動いていますか？
Caller: 電話で頭が痛いと聞いただけで、しびれや麻痺があるかまでは確認できていません。",False,True,False,False,2,False
numbness_2_1274,"Dispatcher: 手足のしびれや麻痺はありますか？
Caller: 今は別室にいて様子が見えないので、しびれや麻痺の有無は確認できません。",False,True,False,False,2,False
numbness_2_1275,"Dispatcher: 手足のしびれや麻痺はありますか？
Caller: まだそこまでは分からず、しびれがあるか確認できていません。",False,True,False,False,2,False
numbness_-1_1276,"Dispatcher: 何かいつもと違う様子はありますか？
Caller: はい、母が同じことを何度も聞き返してきて、受け答えが普段と明らかに違います。",False,True,False,False,-1,False
numbness_-1_1277,"Dispatcher: 頭の痛みは、突然起こった激しい痛みですか？
Caller: はい、夫がさっき急に頭を押さえて、今までで一番ひどい痛みだと言っています。",False,True,False,False,-1,False
numbness_-1_1278,"Dispatcher: 何か変わった様子はありますか？
Caller: それが、電話で頭痛とだけ聞いていて、普段と違う振る舞いがあるかは分かりません。",False,True,False,False,-1,False
numbness_-1_1279,"Dispatcher: 急に我慢できないほどの頭痛が始まりましたか？
Caller: はい、同僚が会議中に突然うずくまって、急にものすごい頭痛が来たと言っています。",False,True,False,False,-1,False
numbness_-1_1280,"Dispatcher: いつもと違う振る舞いはありますか？
Caller: いいえ、受け答えは普段どおりで、様子も特に変わりません。",False,True,False,False,-1,False
numbness_0_1281,"Dispatcher: しびれや麻痺はありますか？
Caller: はい、あります。左手がしびれて力が入りにくいそうです。",False,True,False,False,0,False
numbness_0_1282,"Dispatcher: 手足のしびれや麻痺はありますか？
Caller: はい、祖母が左足の感覚がおかしいと言っていて、うまく動かせていません。",False,True,False,False,0,False
numbness_0_1283,"Dispatcher: 手足のしびれや麻痺はありますか？
Caller: はい、兄の右腕がしびれていて、コップを持とうとしても力が入らず落としました。",False,True,False,False,0,False
numbness_0_1284,"Dispatcher: しびれや麻痺はありますか？
Caller: はい、右足がしびれていて、うまく動かせないと言っています。",False,True,False,False,0,False
numbness_0_1285,"Dispatcher: 手足のしびれや麻痺はありますか？
Caller: はい、妻の左手がしびれていて、指が動かしにくいです。",False,True,False,False,0,False
numbness_1_1286,"Dispatcher: どこかしびれたり、力が入らないところはありますか？
Caller: いいえ、息子は手足とも普通に動いていて、しびれもないと言っています。",False,True,False,False,1,False
numbness_1_1287,"Dispatcher: 手足のしびれや麻痺はありますか？
Caller: いいえ、家内はしびれはなく、手足は普通に動かせています。",False,True,False,False,1,False
numbness_1_1288,"Dispatcher: 手足のしびれや麻痺はありますか？
Caller: いいえ、父は頭痛だけで、左右の手足にしびれも力の入りにくさもありません。",False,True,False,False,1,False
numbness_1_1289,"Dispatcher: 片側が動かしにくい感じはありますか？
Caller: いいえ、友人は両腕両脚とも問題なく動かせていて、しびれも訴えていません。",False,True,False,False,1,False
numbness_1_1290,"Dispatcher: しびれや麻痺はありますか？
Caller: いいえ、ありません。",False,True,False,False,1,False
numbness_2_1291,"Dispatcher: ふらついたり片手が動かしにくかったりする様子はありますか？
Caller: 同僚から電話を受けただけで、しびれや麻痺があるかは確認できていません。",False,True,False,False,2,False
numbness_2_1292,"Dispatcher: 手足のしびれや麻痺はありますか？
Caller: しびれや麻痺があるかは分かりません。",False,True,False,False,2,False
numbness_2_1293,"Dispatcher: 普通に両手両足は使えていますか？
Caller: 今は別の部屋にいて見えていないので、しびれや動かしにくさがあるかは分かりません。",False,True,False,False,2,False
numbness_2_1294,"Dispatcher: 片側の手足にしびれや力が入らない感じはありますか？
Caller: 妻からメッセージで頭痛とだけ来ていて、手足のしびれや麻痺までは確認できていません。",False,True,False,False,2,False
numbness_2_1295,"Dispatcher: 手足のしびれや麻痺はありますか？
Caller: そこはまだ確認できていません。",False,True,False,False,2,False
numbness_-1_1296,"Dispatcher: 頭の痛みは、突然起こった激しい痛みですか？
Caller: いいえ、朝から少しずつ痛くなってきたようで、急に激しく出た頭痛ではありません。",False,True,False,False,-1,False
numbness_-1_1297,"Dispatcher: ぼんやりしている、返事がおかしいなど、普段と違う様子は見えますか？
Caller: 友人から頭が痛いと連絡があっただけで、今はそばにいないので普段と違う振る舞いがあるかは確認できません。",False,True,False,False,-1,False
numbness_-1_1298,"Dispatcher: 頭の痛みは、突然起こった激しい痛みですか？
Caller: はい、さっき急に今までで一番ひどい頭痛だと言って、うずくまったそうです。",False,True,False,False,-1,False
numbness_-1_1299,"Dispatcher: いつもの頭痛ではなく、急にひどくなった感じですか？
Caller: はい、突然我慢できないくらい痛いと言っていました。",False,True,False,False,-1,False
numbness_-1_1300,"Dispatcher: いつもの軽い頭痛ということでよいですか？
Caller: はい、急に強くなったわけではなく、昼ごろからだんだん痛くなったようです。",False,True,False,False,-1,False
numbness_0_1301,"Dispatcher: 手足のしびれや麻痺はありますか？
Caller: はい、父が右手がしびれて力も入りにくいと言っています。",False,True,False,False,0,False
numbness_0_1302,"Dispatcher: ちゃんと歩けていますか？
Caller: いいえ、左足がしびれてうまく動かせず、ふらついています。",False,True,False,False,0,False
numbness_0_1303,"Dispatcher: 体の動きで気になることはありますか？
Caller: 妹が片方の腕がしびれると言っていて、コップも持ちにくそうです。",False,True,False,False,0,False
numbness_0_1304,"Dispatcher: しびれや麻痺はありますか？
Caller: はい、左手足にしびれがあって動かしにくそうです。",False,True,False,False,0,False
numbness_0_1305,"Dispatcher: しびれや麻痺はありますか？
Caller: はい、足がしびれて力が入りにくいようです。",False,True,False,False,0,False
numbness_1_1306,"Dispatcher: 手足のしびれや麻痺はありますか？
Caller: いいえ、しびれも麻痺もなく、手足は普通に動いています。",False,True,False,False,1,False
numbness_1_1307,"Dispatcher: 普通に手足は動かせていますか？
Caller: はい、しびれたり動かしにくかったりはしていません。",False,True,False,False,1,False
numbness_1_1308,"Dispatcher: 片側の手足がしびれる、力が入らないといったことはありますか？
Caller: いいえ、夫の手足は左右とも問題なく動いていて、しびれも訴えていません。",False,True,False,False,1,False
numbness_1_1309,"Dispatcher: ふらつきや手足の違和感はありますか？
Caller: しびれや麻痺はないようです。",False,True,False,False,1,False
numbness_1_1310,"Dispatcher: 右手だけ動かしにくいなどはありますか？
Caller: 会社の同僚ですが、手足は普通で、しびれもないと言っています。",False,True,False,False,1,False
numbness_2_1311,"Dispatcher: まっすぐ歩けていますか？
Caller: 母から頭痛の連絡だけ来ていて、手足のしびれや麻痺があるかまではまだ分かりません。",False,True,False,False,2,False
numbness_2_1312,"Dispatcher: しびれや麻痺はありますか？
Caller: しびれや麻痺があるかどうかは確認できていません。",False,True,False,False,2,False
numbness_2_1313,"Dispatcher: 手足のしびれや麻痺はありますか？
Caller: 今はオンライン会議中に同僚が頭痛を訴えただけで、しびれがあるかまでは見て取れていません。",False,True,False,False,2,False
numbness_2_1314,"Dispatcher: 片側の手足が動かしにくい様子はありますか？
Caller: そこは分かりません。しびれや麻痺の有無はまだ確認できていません。",False,True,False,False,2,False
numbness_2_1315,"Dispatcher: しびれや麻痺はありますか？
Caller: 分かりません。",False,True,False,False,2,False
numbness_-1_1316,"Dispatcher: 頭の痛みは、突然起こった激しい痛みですか？
Caller: はい、食事中に急に頭を押さえて、耐えられないほど痛いと言い出しました。",False,True,False,False,-1,False
numbness_-1_1317,"Dispatcher: 頭の痛みは、突然起こった激しい痛みですか？
Caller: いいえ、昨夜からじわじわ痛んでいて、急に襲うような激しい頭痛ではありません。",False,True,False,False,-1,False
numbness_-1_1318,"Dispatcher: 普段と違う振る舞いや様子はありますか？
Caller: 弟から頭が痛いとだけ電話があって、今は離れているのでいつもと違う様子かどうかは確認できません。",False,True,False,False,-1,False
numbness_-1_1319,"Dispatcher: 何か変わったことはありますか？
Caller: はい、友人が同じことを何度も聞き返してきて、普段よりかなり様子がおかしいです。",False,True,False,False,-1,False
numbness_-1_1320,"Dispatcher: 受け答えが変、落ち着きがないなど、いつもと違う振る舞いはありますか？
Caller: はい、母が質問にうまく答えられず、さっきからぼんやりしていて普段と明らかに違います。",False,True,False,False,-1,False
numbness_0_1321,"Dispatcher: 体のどこか動かしにくい感じはありますか？
Caller: はい、妻は右腕がしびれていて、うまく力が入りません。",False,True,False,False,0,False
numbness_0_1322,"Dispatcher: まっすぐ立てていますか？
Caller: いいえ、同僚は左足がしびれると言っていて、少しもつれています。",False,True,False,False,0,False
numbness_0_1323,"Dispatcher: 普通に手足は使えていますか？
Caller: いや、父は片方の手が重い感じで、コップを持ちにくそうです。",False,True,False,False,0,False
numbness_0_1324,"Dispatcher: 歩き方に変なところはありますか？
Caller: はい、友人は左足がしびれていると言って、足を引きずるように歩いています。",False,True,False,False,0,False
numbness_0_1325,"Dispatcher: 手足のしびれや麻痺はありますか？
Caller: はい、母の左手と左足にしびれがあって、力も入りにくいです。",False,True,False,False,0,False
numbness_1_1326,"Dispatcher: ちゃんと両手両足は使えていますか？
Caller: はい、同僚は手足のしびれもなく、普通に動かせています。",False,True,False,False,1,False
numbness_1_1327,"Dispatcher: 手足のしびれや麻痺はありますか？
Caller: いいえ、夫にしびれや麻痺はありません。",False,True,False,False,1,False
numbness_1_1328,"Dispatcher: 片側の手足にしびれや動かしにくさはありますか？
Caller: いいえ、そういう様子はなく、手足は普通に動いています。",False,True,False,False,1,False
numbness_1_1329,"Dispatcher: ふらつきや手の使いにくさはありますか？
Caller: いえ、姉はしびれもなく、物も普通につかめています。",False,True,False,False,1,False
numbness_1_1330,"Dispatcher: 手足のしびれや麻痺は見られますか？
Caller: いいえ、しびれや動かしにくさはなさそうです。",False,True,False,False,1,False
numbness_2_1331,"Dispatcher: 手足のしびれや麻痺はありますか？
Caller: そこはまだ確認できておらず、しびれがあるかは分かりません。",False,True,False,False,2,False
numbness_2_1332,"Dispatcher: 普通に手を使えていますか？
Caller: すみません、頭が痛いとだけ連絡があって、手足の様子までは分かりません。",False,True,False,False,2,False
numbness_2_1333,"Dispatcher: 歩けている感じですか？
Caller: まだ本人を見ていないので、しびれや動かしにくさがあるかは不明です。",False,True,False,False,2,False
numbness_2_1334,"Dispatcher: 片側の手足にしびれや動かしにくさがあるか見られますか？
Caller: 今は別室にいて姿が見えないので、しびれや麻痺の有無は確認できません。",False,True,False,False,2,False
numbness_2_1335,"Dispatcher: 体の様子で気になることはありますか？
Caller: 頭痛のことしか聞けておらず、しびれがあるかどうかは分かりません。",False,True,False,False,2,False
numbness_-1_1336,"Dispatcher: さっきまで普通だったのに急にひどい頭痛になった感じですか？
Caller: いいえ、友人は朝から少しずつ痛くなってきたと言っています。",False,True,False,False,-1,False
numbness_-1_1337,"Dispatcher: 頭の痛みは、突然起こった激しい痛みですか？
Caller: いいえ、母は昨日から続く頭痛で、急に強く出たものではありません。",False,True,False,False,-1,False
numbness_-1_1338,"Dispatcher: 頭の痛みは、急に出た強い痛みか確認できますか？
Caller: 本人から頭が痛いとだけ連絡があって、突然なのか強いのかまでは確認できません。",False,True,False,False,-1,False
numbness_-1_1339,"Dispatcher: いつもの軽い頭痛という感じですか？
Caller: はい、同僚は急にではなく、仕事中にだんだん痛くなったと言っています。",False,True,False,False,-1,False
numbness_-1_1340,"Dispatcher: 何か変わった様子はありますか？
Caller: いいえ、弟は受け答えも普段どおりで、変な行動はありません。",False,True,False,False,-1,False
numbness_0_1341,"Dispatcher: 手足のしびれや麻痺はありますか？
Caller: はい、父は右手がしびれていて、うまく動かせません。",False,True,False,False,0,False
numbness_0_1342,"Dispatcher: 片方の手足が使いにくいことはありますか？
Caller: はい、妻は左足に力が入りにくいと言っています。",False,True,False,False,0,False
numbness_0_1343,"Dispatcher: 手足のしびれや麻痺はありますか？
Caller: はい、兄の左腕がしびれていて、物を持ちにくそうです。",False,True,False,False,0,False
numbness_0_1344,"Dispatcher: どこか動かしにくいところはありますか？
Caller: はい、母は右足がしびれて、うまく踏ん張れません。",False,True,False,False,0,False
numbness_0_1345,"Dispatcher: 手足のしびれや麻痺はありますか？
Caller: あります、友人は片方の手に力が入りにくいみたいです。",False,True,False,False,0,False
numbness_1_1346,"Dispatcher: 手足は普段どおり動いていますか？
Caller: はい、父はしびれも麻痺もなく、両手両足とも普通に動いています。",False,True,False,False,1,False
numbness_1_1347,"Dispatcher: しびれや麻痺はありますか？
Caller: いいえ、それはないようです。",False,True,False,False,1,False
numbness_1_1348,"Dispatcher: どこか力が入りにくいところはありますか？
Caller: いいえ、妻は手足にしびれもなく、普通に歩けています。",False,True,False,False,1,False
numbness_1_1349,"Dispatcher: 手足のしびれや麻痺はありますか？
Caller: いいえ、同僚は両手とも普通に使えていて、しびれは訴えていません。",False,True,False,False,1,False
numbness_1_1350,"Dispatcher: しびれや麻痺はありますか？
Caller: いいえ、弟にしびれや麻痺はありません。",False,True,False,False,1,False
numbness_2_1351,"Dispatcher: 手足のしびれや麻痺はありますか？
Caller: 会社から連絡を受けただけで、本人の手足の様子まではまだ確認できていません。",False,True,False,False,2,False
numbness_2_1352,"Dispatcher: 手足のしびれや麻痺はありますか？
Caller: 今は本人が別の部屋にいて見えていないので、しびれや麻痺があるかは分かりません。",False,True,False,False,2,False
numbness_2_1353,"Dispatcher: 普通に手足は動かせていますか？
Caller: 電話で頭が痛いと聞いただけなので、しびれや動かしにくさがあるかは確認できません。",False,True,False,False,2,False
numbness_2_1354,"Dispatcher: しびれや麻痺はありますか？
Caller: それは分かりません。",False,True,False,False,2,False
numbness_2_1355,"Dispatcher: 手足のしびれや麻痺はありますか？
Caller: 本人が今トイレにこもっていて様子が見えないので、しびれや麻痺の有無は確認できません。",False,True,False,False,2,False
numbness_-1_1356,"Dispatcher: 普段と違う振る舞いや様子はありますか？
Caller: 妻ですが、受け答えも普段通りで、特におかしな様子はありません。",False,True,False,False,-1,False
numbness_-1_1357,"Dispatcher: 頭の痛みは、突然起こった激しい痛みですか？
Caller: はい、さっき急に今までで一番痛いと言い出して、我慢できないほどの頭痛です。",False,True,False,False,-1,False
numbness_-1_1358,"Dispatcher: いつもより元気で普通に過ごしていますか？
Caller: 今は電話で聞いただけなので、普段と違う様子があるかは分かりません。",False,True,False,False,-1,False
numbness_-1_1359,"Dispatcher: 頭の痛みは、突然起こった激しい痛みですか？
Caller: いいえ、朝から少しずつ痛くなってきたようで、急に強く出た感じではありません。",False,True,False,False,-1,False
numbness_-1_1360,"Dispatcher: いつもの軽い頭痛ということでよいですか？
Caller: 友人から頭が痛いとだけメッセージが来ていて、急に強くなったのかまでは分かりません。",False,True,False,False,-1,False
numbness_0_1361,"Dispatcher: しびれや麻痺はありますか？
Caller: はい、左手がしびれて力も入りにくいようです。",False,True,False,False,0,False
numbness_0_1362,"Dispatcher: しびれや麻痺はありますか？
Caller: はい、右足がしびれていて、うまく動かせないと言っています。",False,True,False,False,0,False
numbness_0_1363,"Dispatcher: しびれや麻痺はありますか？
Caller: はい、片方の腕がしびれて持ち上げにくそうです。",False,True,False,False,0,False
numbness_0_1364,"Dispatcher: 手足のしびれや麻痺はありますか？
Caller: はい、右手にしびれがあって、物をつかみにくいです。",False,True,False,False,0,False
numbness_0_1365,"Dispatcher: 片側の手足にしびれたり、力が入りにくかったりしていますか？
Caller: 姉なんですが、左足がしびれていて、立とうとしても力が入らないようです。",False,True,False,False,0,False
numbness_1_1366,"Dispatcher: 手足のしびれや麻痺はありますか？
Caller: いいえ、しびれも麻痺もなく、手足は普通に動かせています。",False,True,False,False,1,False
numbness_1_1367,"Dispatcher: 手足のしびれや麻痺はありますか？
Caller: いいえ、同僚ですが、両手両足とも普通に動いていてしびれはないです。",False,True,False,False,1,False
numbness_1_1368,"Dispatcher: 手足のしびれや麻痺はありますか？
Caller: いいえ、母はしびれは訴えておらず、腕も足も普段どおり動かせています。",False,True,False,False,1,False
numbness_1_1369,"Dispatcher: 普通に手足は動かせていますか？
Caller: はい、しびれや動かしにくさはないです。",False,True,False,False,1,False
numbness_1_1370,"Dispatcher: 手足のしびれや麻痺はありますか？
Caller: いいえ、そういう症状はありません。",False,True,False,False,1,False
numbness_2_1371,"Dispatcher: 普通に手足は動かせていますか？
Caller: そこはまだ見ていないので、しびれや麻痺があるかは分かりません。",False,True,False,False,2,False
numbness_2_1372,"Dispatcher: 手足のしびれや麻痺はありますか？
Caller: 息子から頭痛の連絡だけ来ていて、今は離れた場所にいるので、しびれや麻痺の有無は確認できません。",False,True,False,False,2,False
numbness_2_1373,"Dispatcher: 体の様子で気になることはありますか？
Caller: 頭痛以外は聞けていなくて、しびれがあるかどうかは分かりません。",False,True,False,False,2,False
numbness_2_1374,"Dispatcher: 手足のしびれや麻痺はありますか？
Caller: 隣の部署の者で、本人とはまだ話せていないので、その点は確認できていません。",False,True,False,False,2,False
numbness_2_1375,"Dispatcher: 歩き方や手の動きは普段どおりですか？
Caller: ビデオ通話ではなく音声だけなので、手足のしびれや動かしにくさまでは分かりません。",False,True,False,False,2,False
numbness_-1_1376,"Dispatcher: いつもの頭痛みたいなものですか？
Caller: はい、急に激しくではなく、昼ごろからじわじわ痛くなったと言っています。",False,True,False,False,-1,False
numbness_-1_1377,"Dispatcher: 普段と違う振る舞いや様子はありますか？
Caller: 今は職場から連絡を受けただけで本人を見ていないので、いつもと違う様子があるかは分かりません。",False,True,False,False,-1,False
numbness_-1_1378,"Dispatcher: 何か変わったことはありますか？
Caller: 頭が痛いとメッセージが来ただけで、普段と違う振る舞いがあるかまでは確認できていません。",False,True,False,False,-1,False
numbness_-1_1379,"Dispatcher: いつもの頭痛みたいなものですか？
Caller: はい、急にガツンと来た感じではなく、前からある頭痛と同じようです。",False,True,False,False,-1,False
numbness_-1_1380,"Dispatcher: いつもの軽い頭痛ということでよいですか？
Caller: 同居の父から頭痛だとは聞きましたが、急に始まったのか、どれほど強いのかはまだ確認できていません。",False,True,False,False,-1,False
numbness_0_1381,"Dispatcher: 片方の手足が動かしにくい感じはありますか？
Caller: はい、父は右腕と右足がしびれていて、力も入りにくいです。",False,True,False,False,0,False
numbness_0_1382,"Dispatcher: 手足のしびれや麻痺はありますか？
Caller: はい、左手がしびれて動かしづらいようです。",False,True,False,False,0,False
numbness_0_1383,"Dispatcher: まっすぐ歩けていますか？
Caller: いいえ、同僚が左足に力が入りにくいと言っています。",False,True,False,False,0,False
numbness_0_1384,"Dispatcher: 手足のしびれや麻痺はありますか？
Caller: はい、右手にしびれがあると言っています。",False,True,False,False,0,False
numbness_0_1385,"Dispatcher: 体の動きでおかしいところはありますか？
Caller: 妻の片側の腕がしびれて、うまく持ち上がらないです。",False,True,False,False,0,False
numbness_1_1386,"Dispatcher: 手足に違和感はありますか？
Caller: いいえ、しびれや麻痺はありません。",False,True,False,False,1,False
numbness_1_1387,"Dispatcher: 片側の手足が動かしにくいことはありますか？
Caller: いいえ、手足は普通に動いていて、しびれもないです。",False,True,False,False,1,False
numbness_1_1388,"Dispatcher: 手足のしびれや麻痺はありますか？
Caller: いいえ、しびれも麻痺も見られません。",False,True,False,False,1,False
numbness_1_1389,"Dispatcher: どこか力が入らない感じはありますか？
Caller: いいえ、友人は手足にしびれもなく、普通に動かせています。",False,True,False,False,1,False
numbness_1_1390,"Dispatcher: 体の片側がおかしい様子はありますか？
Caller: いいえ、麻痺やしびれはありません。",False,True,False,False,1,False
numbness_2_1391,"Dispatcher: 手足のしびれや麻痺はありますか？
Caller: 今は本人のそばにいないので、しびれや麻痺があるかは確認できません。",False,True,False,False,2,False
numbness_2_1392,"Dispatcher: 普通に歩けていますか？
Caller: そこは分かりません。しびれや動かしにくさはまだ確認できていません。",False,True,False,False,2,False
numbness_2_1393,"Dispatcher: 片側の手足にしびれや力が入らない様子はありますか？
Caller: 学校から連絡を受けただけで、本人の手足の状態まではまだ確認できていません。",False,True,False,False,2,False
numbness_2_1394,"Dispatcher: 手足のしびれや麻痺はありますか？
Caller: 今は別室にいて見えていないので、あるかどうか分かりません。",False,True,False,False,2,False
numbness_2_1395,"Dispatcher: 右手だけ力が入らないなどの様子はありますか？
Caller: メッセージで頭痛と来ただけなので、しびれや麻痺までは分かりません。",False,True,False,False,2,False
numbness_-1_1396,"Dispatcher: 頭の痛みは、突然起こった激しい痛みですか？
Caller: はい、夫がさっき急に頭を押さえて、今までで一番ひどい痛みだと言っています。",False,True,False,False,-1,False
numbness_-1_1397,"Dispatcher: 何かいつもと違う様子はありますか？
Caller: いいえ、受け答えも普段どおりで、変わった行動はありません。",False,True,False,False,-1,False
numbness_-1_1398,"Dispatcher: 何か変わったことはありますか？
Caller: はい、母が同じことを何度も聞いてきて、少し様子が変です。",False,True,False,False,-1,False
numbness_-1_1399,"Dispatcher: 頭の痛みは、急に出た強い痛みですか？
Caller: はい、同僚は会議中に突然うずくまって、我慢できないくらい頭が痛いと言っています。",False,True,False,False,-1,False
numbness_-1_1400,"Dispatcher: いつもの軽い頭痛ということでよいですか？
Caller: それが分からなくて、電話で頭が痛いと聞いただけなので、急に強くなったのか確認できていません。",False,True,False,False,-1,False
numbness_0_1401,"Dispatcher: 手足のしびれや麻痺はありますか？
Caller: 弟は左半身がしびれると言っていて、特に左腕に力が入りにくそうです。",False,True,False,False,0,False
numbness_0_1402,"Dispatcher: しびれや麻痺はありますか？
Caller: はい、右足がしびれてうまく動かせないです。",False,True,False,False,0,False
numbness_0_1403,"Dispatcher: どこか動かしにくいところはありますか？
Caller: はい、母の左手がしびれて、コップを持てません。",False,True,False,False,0,False
numbness_0_1404,"Dispatcher: 普通に両手足を使えていますか？
Caller: いいえ、友人は右腕がしびれて力が入らないと言っています。",False,True,False,False,0,False
numbness_0_1405,"Dispatcher: 手足のしびれや麻痺はありますか？
Caller: はい、祖母は左足がしびれていて、左手もうまく動かせません。",False,True,False,False,0,False
numbness_1_1406,"Dispatcher: 手足のしびれや麻痺はありますか？
Caller: 今のところ、しびれも麻痺もなく、手足は普通に動いています。",False,True,False,False,1,False
numbness_1_1407,"Dispatcher: 体の動きで気になることはありますか？
Caller: 頭痛はありますが、手足のしびれや動かしにくさはないようです。",False,True,False,False,1,False
numbness_1_1408,"Dispatcher: 手足のしびれや麻痺はありますか？
Caller: いいえ、娘は両手足とも普通に動かせていて、しびれも訴えていません。",False,True,False,False,1,False
numbness_1_1409,"Dispatcher: 手足のしびれや麻痺はありますか？
Caller: いいえ、そうした症状はありません。",False,True,False,False,1,False
numbness_1_1410,"Dispatcher: 片側だけ動かしにくい感じはありますか？
Caller: いいえ、兄は手足にしびれもなく、普段どおり動けています。",False,True,False,False,1,False
numbness_2_1411,"Dispatcher: 体は普通に動かせていますか？
Caller: 同僚から頭痛がすると連絡があっただけで、しびれや動かしにくさまでは分かりません。",False,True,False,False,2,False
numbness_2_1412,"Dispatcher: しびれや麻痺はありますか？
Caller: しびれや麻痺があるかは分かりません。",False,True,False,False,2,False
numbness_2_1413,"Dispatcher: 手足のしびれや麻痺はありますか？
Caller: 今は本人が別の部屋にいて、しびれや麻痺があるか確認できません。",False,True,False,False,2,False
numbness_2_1414,"Dispatcher: 片方の手足が動かしにくい感じはありますか？
Caller: 友人からメッセージで頭痛とだけ来ていて、手足の動きやしびれは確認できていません。",False,True,False,False,2,False
numbness_2_1415,"Dispatcher: しびれや麻痺はありますか？
Caller: 本人のそばにいないので、あるかどうかは確認できません。",False,True,False,False,2,False
numbness_-1_1416,"Dispatcher: 普段と違う振る舞いや様子はありますか？
Caller: いいえ、受け答えも普通で、いつもと変わった様子はありません。",False,True,False,False,-1,False
numbness_-1_1417,"Dispatcher: いつもの頭痛ではなく、急に強く痛くなった感じですか？
Caller: いいえ、朝から少しずつ痛くなってきたようで、急に激しくなったわけではありません。",False,True,False,False,-1,False
numbness_-1_1418,"Dispatcher: 何か変わった様子はありますか？
Caller: 今は職場から電話を受けただけで、普段と違う振る舞いがあるかまでは確認できません。",False,True,False,False,-1,False
numbness_-1_1419,"Dispatcher: さっきまで平気だったのに急にひどい頭痛になった感じですか？
Caller: 家族づてに聞いただけなので、急だったのか痛みがどれくらい強いのかは分かりません。",False,True,False,False,-1,False
numbness_-1_1420,"Dispatcher: 普段と違う振る舞いや様子はありますか？
Caller: いいえ、会話もいつも通りで、特に変わった行動はありません。",False,True,False,False,-1,False
numbness_0_1421,"Dispatcher: 手足のしびれや麻痺はありますか？
Caller: はい、夫が頭痛に加えて左腕がしびれて力も入りにくいと言っています。",False,True,False,False,0,False
numbness_0_1422,"Dispatcher: しびれや麻痺はありますか？
Caller: はい、母は右手がしびれると言っていて、物をつかみにくそうです。",False,True,False,False,0,False
numbness_0_1423,"Dispatcher: 普通に歩けていますか？
Caller: いいえ、弟は頭が痛いうえに左足がしびれると言っていて、うまく歩けていません。",False,True,False,False,0,False
numbness_0_1424,"Dispatcher: 片側の手足にしびれや動かしにくさはありますか？
Caller: はい、同僚は頭痛のあとから右半身に力が入りにくく、手もしびれると言っています。",False,True,False,False,0,False
numbness_0_1425,"Dispatcher: 体の動きで気になることはありますか？
Caller: あります、父が頭痛と一緒に片手がしびれて、うまく上がらない様子です。",False,True,False,False,0,False
numbness_1_1426,"Dispatcher: しびれや麻痺はありますか？
Caller: いいえ、手足のしびれも麻痺もありません。",False,True,False,False,1,False
numbness_1_1427,"Dispatcher: 体は普通に動かせていますか？
Caller: はい、妻は頭痛はありますが、手足のしびれや動かしにくさはないです。",False,True,False,False,1,False
numbness_1_1428,"Dispatcher: 手足に違和感はありますか？
Caller: いいえ、友人は頭痛だけで、しびれたり力が入らない感じはないそうです。",False,True,False,False,1,False
numbness_1_1429,"Dispatcher: 片側の手足にしびれや麻痺はありますか？
Caller: いいえ、左右とも普通に動いていて、しびれや麻痺は見られません。",False,True,False,False,1,False
numbness_1_1430,"Dispatcher: しびれや麻痺はありますか？
Caller: いいえ、頭痛はありますが、その症状はありません。",False,True,False,False,1,False
numbness_2_1431,"Dispatcher: 体はちゃんと動かせていますか？
Caller: 学校から連絡を受けただけなので、しびれがあるのかまではまだ分かりません。",False,True,False,False,2,False
numbness_2_1432,"Dispatcher: 手足のしびれや麻痺はありますか？
Caller: 今は本人が車内で休んでいて様子が見えず、しびれや麻痺の有無は確認できません。",False,True,False,False,2,False
numbness_2_1433,"Dispatcher: 片側の手足にしびれや力の入りにくさはありますか？
Caller: 妹から頭が痛いとだけ電話があって、手足の感覚や動きまでは聞けていません。",False,True,False,False,2,False
numbness_2_1434,"Dispatcher: しびれや麻痺はありますか？
Caller: しびれや麻痺があるかどうかは分かりません。",False,True,False,False,2,False
numbness_2_1435,"Dispatcher: 手足のしびれや麻痺はありますか？
Caller: 息子は隣の家にいて、頭痛がするとだけ聞いたので、しびれがあるかはまだ確認できていません。",False,True,False,False,2,False
numbness_-1_1436,"Dispatcher: 普段と違う振る舞いや様子はありますか？
Caller: いいえ、話し方も行動も普段通りで、特におかしな様子はありません。",False,True,False,False,-1,False
numbness_-1_1437,"Dispatcher: ぼんやりしているなど、いつもと違う振る舞いはありますか？
Caller: 今は電話で聞いただけなので、普段と違う様子があるかは確認できません。",False,True,False,False,-1,False
numbness_-1_1438,"Dispatcher: 頭の痛みは、突然起こった激しい痛みですか？
Caller: はい、さっきまで普通に話していたのに、急に頭を押さえて今までで一番痛いと訴えました。",False,True,False,False,-1,False
numbness_-1_1439,"Dispatcher: いつもの軽い頭痛ということでよいですか？
Caller: そこは分かりません。急に強くなったのか、どれほど激しいのかはまだ確認できていません。",False,True,False,False,-1,False
numbness_-1_1440,"Dispatcher: さっきまで普通だったのに、急に我慢できないほど頭が痛くなった感じですか？
Caller: はい、同僚が会議中に突然ひどい頭痛を訴えて、その場でうずくまってしまいました。",False,True,False,False,-1,False
numbness_0_1441,"Dispatcher: 片方の手足が動かしにくい感じはありますか？
Caller: はい、父が右腕と右足がしびれて力も入りにくいと言っています。",False,True,False,False,0,False
numbness_0_1442,"Dispatcher: しびれや麻痺はありますか？
Caller: はい、左手がしびれていて、うまく動かせません。",False,True,False,False,0,False
numbness_0_1443,"Dispatcher: ちゃんと両手両足は使えていますか？
Caller: いいえ、同僚は左側の足がしびれて、立とうとしても力が入らないです。",False,True,False,False,0,False
numbness_0_1444,"Dispatcher: 歩けていますか？
Caller: 妻は片足がしびれて動かしづらいみたいです。",False,True,False,False,0,False
numbness_0_1445,"Dispatcher: しびれや麻痺はありますか？
Caller: はい、母の右手にしびれがあって、握る力も弱いです。",False,True,False,False,0,False
numbness_1_1446,"Dispatcher: 手足のしびれや麻痺はありますか？
Caller: いいえ、しびれはないようです。",False,True,False,False,1,False
numbness_1_1447,"Dispatcher: 手足のしびれや麻痺はありますか？
Caller: いいえ、手足は普通に動いていて、しびれも訴えていません。",False,True,False,False,1,False
numbness_1_1448,"Dispatcher: 片側だけ動かしにくい様子はありますか？
Caller: いえ、友人は手足は普通で、しびれた感じもないと言っています。",False,True,False,False,1,False
numbness_1_1449,"Dispatcher: 手足のしびれや動かしにくさはありますか？
Caller: いいえ、弟は両手両足とも問題なく動かせていて、しびれもありません。",False,True,False,False,1,False
numbness_1_1450,"Dispatcher: 手足のしびれや麻痺はありますか？
Caller: いいえ、そういう症状はないです。",False,True,False,False,1,False
numbness_2_1451,"Dispatcher: しびれや麻痺はありますか？
Caller: それはまだ分かりません。",False,True,False,False,2,False
numbness_2_1452,"Dispatcher: しびれや麻痺はありますか？
Caller: 今は本人が別室にいて確認できず、しびれや麻痺があるかは分かりません。",False,True,False,False,2,False
numbness_2_1453,"Dispatcher: 体は普通に動いていそうですか？
Caller: 電話で頭が痛いと聞いただけで、手足のしびれまでは分からないです。",False,True,False,False,2,False
numbness_2_1454,"Dispatcher: 手足のしびれや動かしにくさはありますか？
Caller: すみません、今向かっている途中で、そこまではまだ確認できていません。",False,True,False,False,2,False
numbness_2_1455,"Dispatcher: 片側の手足にしびれや力の入りにくさはありますか？
Caller: 本人からは頭痛しか聞けておらず、しびれや麻痺の有無はまだ確認できていません。",False,True,False,False,2,False
numbness_-1_1456,"Dispatcher: 何かいつもと違う様子はありますか？
Caller: いいえ、妻は受け答えも普通で、変わった行動はありません。",False,True,False,False,-1,False
numbness_-1_1457,"Dispatcher: 頭の痛みは突然起こった激しい痛みですか？
Caller: はい、さっき急に今までにないくらい強い頭痛が来たと夫が言っています。",False,True,False,False,-1,False
numbness_-1_1458,"Dispatcher: 頭の痛みは突然起こった激しい痛みですか？
Caller: いいえ、朝から少しずつ痛くなってきたようで、急に激しくなったわけではありません。",False,True,False,False,-1,False
numbness_-1_1459,"Dispatcher: いつもの軽い頭痛ということでよいですか？
Caller: そこまでは分かりません。友人から頭が痛いと連絡があっただけで、急に強くなったのかは確認できていません。",False,True,False,False,-1,False
numbness_-1_1460,"Dispatcher: そんな頭痛は急に来ましたか？
Caller: はい、母が急に我慢できないほど痛いと言い出しました。",False,True,False,False,-1,False
numbness_0_1461,"Dispatcher: 手足のしびれや麻痺はありますか？
Caller: はい、兄が左腕にしびれがあって、物を持ちにくいと言っています。",False,True,False,False,0,False
numbness_0_1462,"Dispatcher: どこか動かしづらいところはありますか？
Caller: 娘が右手に力が入りにくいみたいで、しびれるとも言っています。",False,True,False,False,0,False
numbness_0_1463,"Dispatcher: 片側の手足にしびれや動かしにくさはありますか？
Caller: はい、同僚は左半身がしびれる感じがして、特に左腕が上がりにくいです。",False,True,False,False,0,False
numbness_0_1464,"Dispatcher: しびれや麻痺はありますか？
Caller: 夫は右足がしびれて、うまく踏ん張れないようです。",False,True,False,False,0,False
numbness_0_1465,"Dispatcher: しびれや麻痺はありますか？
Caller: はい、友人が左手の感覚がおかしくて、指に力が入らないと言っています。",False,True,False,False,0,False
numbness_1_1466,"Dispatcher: 手足は普段どおり使えていますか？
Caller: はい、母はしびれもなく普通に動かせています。",False,True,False,False,1,False
numbness_1_1467,"Dispatcher: どこか力が入りにくいところはありますか？
Caller: 兄はそういうのはないと言っていて、しびれも感じていません。",False,True,False,False,1,False
numbness_1_1468,"Dispatcher: 手足のしびれや麻痺はありますか？
Caller: いいえ、同僚は手も足も普通に動いていて、しびれはないそうです。",False,True,False,False,1,False
numbness_1_1469,"Dispatcher: 体の片側だけ変な感じはありますか？
Caller: いえ、妻は左右とも違和感なく、しびれもないと言っています。",False,True,False,False,1,False
numbness_1_1470,"Dispatcher: しびれたり、動かしにくかったりはしますか？
Caller: いいえ、父は手足にしびれはなく、普段どおり動けています。",False,True,False,False,1,False
numbness_2_1471,"Dispatcher: 体の動きで気になることはありますか？
Caller: 頭が痛いとは聞いていますが、手足のしびれや動かしにくさまではまだ確認できていません。",False,True,False,False,2,False
numbness_2_1472,"Dispatcher: 普通に手足は使えていそうですか？
Caller: そこは分かりません。電話で聞いただけで、しびれがあるかは確認できていないです。",False,True,False,False,2,False
numbness_2_1473,"Dispatcher: しびれや麻痺はありますか？
Caller: しびれや麻痺があるかは分かりません。",False,True,False,False,2,False
numbness_2_1474,"Dispatcher: 歩き方や手の動きは普段どおりですか？
Caller: まだ会えていないので、しびれや力の入りにくさがあるかは分かりません。",False,True,False,False,2,False
numbness_2_1475,"Dispatcher: 片方の手足だけおかしい様子はありますか？
Caller: 同僚から頭痛でうずくまっていると連絡があっただけで、しびれや麻痺の有無までは確認できていません。",False,True,False,False,2,False
numbness_-1_1476,"Dispatcher: いつもの頭痛ではなく、急に強い痛みが出た感じですか？
Caller: いいえ、朝から少しずつ痛くなってきたようで、急に激しくなったわけではありません。",False,True,False,False,-1,False
numbness_-1_1477,"Dispatcher: 頭の痛みは、突然起こった激しい痛みですか？
Caller: いいえ、母は昨日から重い感じが続いていたと言っていて、急に始まった強い痛みではないです。",False,True,False,False,-1,False
numbness_-1_1478,"Dispatcher: いつもの頭痛という感じですか？
Caller: いいえ、さっき急に今までで一番ひどい頭痛だと言って、その場にしゃがみ込みました。",False,True,False,False,-1,False
numbness_-1_1479,"Dispatcher: ぼんやりしているなど、普段と違う振る舞いはありますか？
Caller: いいえ、受け答えはいつもどおりで、変わった様子はありません。",False,True,False,False,-1,False
numbness_-1_1480,"Dispatcher: 頭の痛みは、突然起こった激しい痛みですか？
Caller: 近くにいないので、急に始まったのか、どの程度強いのかは分かりません。",False,True,False,False,-1,False
numbness_0_1481,"Dispatcher: 手足のしびれや麻痺はありますか？
Caller: はい、左手がしびれて力が入りにくいと言っています。",False,True,False,False,0,False
numbness_0_1482,"Dispatcher: 手足のしびれや麻痺はありますか？
Caller: はい、右足がしびれていて、うまく動かせない様子です。",False,True,False,False,0,False
numbness_0_1483,"Dispatcher: 片側の手足にしびれや動かしにくさはありますか？
Caller: はい、父が左腕だけ感覚がおかしいと言って、物をつかみにくそうです。",False,True,False,False,0,False
numbness_0_1484,"Dispatcher: いつもどおり歩けていますか？
Caller: いいえ、妻は右足がしびれてふらついていて、力も入りにくいみたいです。",False,True,False,False,0,False
numbness_0_1485,"Dispatcher: しびれや麻痺はありますか？
Caller: はい、手がしびれて動かしにくいです。",False,True,False,False,0,False
numbness_1_1486,"Dispatcher: 体のどこかにしびれはありますか？
Caller: いいえ、手足のしびれや麻痺はないです。",False,True,False,False,1,False
numbness_1_1487,"Dispatcher: 手足のしびれや麻痺はありますか？
Caller: いいえ、しびれも麻痺もなく、手足は普通に動かせています。",False,True,False,False,1,False
numbness_1_1488,"Dispatcher: 片方の手足が動かしにくいなどはありますか？
Caller: いいえ、同僚は両手両足とも問題なく動かせていて、しびれも訴えていません。",False,True,False,False,1,False
numbness_1_1489,"Dispatcher: 手足のしびれや麻痺はありますか？
Caller: いいえ、そういう様子はありません。",False,True,False,False,1,False
numbness_1_1490,"Dispatcher: 動かしにくいところはありますか？
Caller: いいえ、しびれも麻痺もないです。",False,True,False,False,1,False
numbness_2_1491,"Dispatcher: 手足のしびれや麻痺はありますか？
Caller: 弟から頭痛の連絡だけ来ていて、今は別の場所にいるので、しびれや麻痺があるかは確認できません。",False,True,False,False,2,False
numbness_2_1492,"Dispatcher: しびれや麻痺はありますか？
Caller: 分かりません、まだそこは見ていません。",False,True,False,False,2,False
numbness_2_1493,"Dispatcher: 片側の手足にしびれや力の入りにくさはありますか？
Caller: 友人からメッセージで頭痛がひどいと来ただけで、手足の状態までは聞けておらず、しびれや麻痺の有無は不明です。",False,True,False,False,2,False
numbness_2_1494,"Dispatcher: 普通に歩けていそうですか？
Caller: ドア越しに返事を聞いただけなので、しびれがあるのか、足が動かしにくいのかは確認できません。",False,True,False,False,2,False
numbness_2_1495,"Dispatcher: 手に力が入らないとか、足がしびれる感じはありますか？
Caller: 本人は暗い部屋で休んでいて、私はまだ中を見ていないので、しびれや麻痺については分かりません。",False,True,False,False,2,False
numbness_-1_1496,"Dispatcher: 何か変わった様子はありますか？
Caller: 頭が痛いとしか聞いておらず、普段と違う振る舞いがあるかまでは分かりません。",False,True,False,False,-1,False
numbness_-1_1497,"Dispatcher: 激しい痛みが突然起こりましたか？
Caller: それは分かりません。頭痛がすると連絡があっただけです。",False,True,False,False,-1,False
numbness_-1_1498,"Dispatcher: 頭の痛みは、突然起こった激しい痛みですか？
Caller: 本人から短い連絡があっただけで、急に始まったのか、痛みがどれくらい強いのかは確認できていません。",False,True,False,False,-1,False
numbness_-1_1499,"Dispatcher: いつもと違う振る舞いはありますか？
Caller: 今は電話で聞いただけなので、普段と違う様子があるかは分かりません。",False,True,False,False,-1,False
numbness_-1_1500,"Dispatcher: いつもの軽い頭痛という感じですか？
Caller: いいえ、さっき突然ひどい頭痛が来たと言って、我慢できない様子で倒れ込みました。",False,True,False,False,-1,False
numbness_0_1501,"Dispatcher: 体のどこか動かしにくいところはありますか？
Caller: はい、母が左手に力が入らないと言っています。",False,True,False,False,0,False
numbness_0_1502,"Dispatcher: 手足のしびれや麻痺はありますか？
Caller: はい、右足がしびれてうまく動かせないようです。",False,True,False,False,0,False
numbness_0_1503,"Dispatcher: 片側だけ変な感じや力が入らない様子はありますか？
Caller: ええ、弟が右腕だけしびれると言っています。",False,True,False,False,0,False
numbness_0_1504,"Dispatcher: 片側の手足にしびれや動かしにくさはありますか？
Caller: はい、父は左半身がしびれて、腕も上げにくいです。",False,True,False,False,0,False
numbness_0_1505,"Dispatcher: 手や足は普通に動いていますか？
Caller: いいえ、妻の左足がしびれて力が入りにくいです。",False,True,False,False,0,False
numbness_1_1506,"Dispatcher: 手足のしびれや麻痺はありますか？
Caller: いいえ、しびれはなく、手足も普通に動いています。",False,True,False,False,1,False
numbness_1_1507,"Dispatcher: 片側の手足にしびれや力の入りにくさはありますか？
Caller: いいえ、左右とも普通に動いていて、しびれも訴えていません。",False,True,False,False,1,False
numbness_1_1508,"Dispatcher: 手足の感覚がおかしいとか、動かしづらい様子はありますか？
Caller: いいえ、同僚は頭痛だけで、手足のしびれや麻痺はありません。",False,True,False,False,1,False
numbness_1_1509,"Dispatcher: どこかしびれている感じはありますか？
Caller: いいえ、しびれはないそうです。",False,True,False,False,1,False
numbness_1_1510,"Dispatcher: 片腕だけ上がらないとか、足がしびれる様子はありますか？
Caller: ありません。娘は両手両足とも普通に動いています。",False,True,False,False,1,False
numbness_2_1511,"Dispatcher: 手足のしびれや麻痺はありますか？
Caller: すみません、本人と離れていて、しびれがあるかは確認できません。",False,True,False,False,2,False
numbness_2_1512,"Dispatcher: 片側の手足にしびれや動かしにくさは見られますか？
Caller: 今は電話で聞いただけなので、右左どちらかがしびれているかまでは分かりません。",False,True,False,False,2,False
numbness_2_1513,"Dispatcher: 普通に手足は動いていそうですか？
Caller: そこまでは分かりません。しびれがあるかはまだ確認できていません。",False,True,False,False,2,False
numbness_2_1514,"Dispatcher: 片側の手足にしびれや麻痺があるか確認できますか？
Caller: 今は別室にいて本人の様子が見えないので、しびれや麻痺の有無は分かりません。",False,True,False,False,2,False
numbness_2_1515,"Dispatcher: 体の様子で気になることはありますか？
Caller: 頭が痛いとしか聞いておらず、手足のしびれがあるかは確認できていません。",False,True,False,False,2,False
numbness_-1_1516,"Dispatcher: その頭痛は、急に起きた激しい痛みですか？
Caller: いいえ、朝から少しずつ痛くなっていて、突然の強い痛みではありません。",False,True,False,False,-1,False
numbness_-1_1517,"Dispatcher: 何かいつもと違う振る舞いはありますか？
Caller: いいえ、受け答えも普段どおりで、変わった様子はありません。",False,True,False,False,-1,False
numbness_-1_1518,"Dispatcher: いつもの頭痛ではなく、急にひどくなった感じですか？
Caller: はい、同僚がさっき急に頭を押さえて、今までにないくらい痛いと言っています。",False,True,False,False,-1,False
numbness_-1_1519,"Dispatcher: ぼんやりしているなど、普段と違う様子はありますか？
Caller: 会社から連絡を受けただけで本人を見ていないので、いつもと違う振る舞いがあるかは分かりません。",False,True,False,False,-1,False
numbness_-1_1520,"Dispatcher: 急に我慢できないほどの頭痛になった感じですか？
Caller: はい、さっき突然ひどい頭痛が来たと夫が言っています。",False,True,False,False,-1,False
numbness_0_1521,"Dispatcher: どこかしびれていたり、力が入りにくいところはありますか？
Caller: はい、父の右手がしびれて握りにくいです。",False,True,False,False,0,False
numbness_0_1522,"Dispatcher: 体の片方だけ動かしづらい感じはありますか？
Caller: あります。友人が左足だけしびれて踏ん張れないと言っています。",False,True,False,False,0,False
numbness_0_1523,"Dispatcher: 手足のしびれや麻痺はありますか？
Caller: はい、母は右腕がしびれていて、コップを持ちにくそうです。",False,True,False,False,0,False
numbness_0_1524,"Dispatcher: 手足は普通に動いていますか？
Caller: いいえ、兄の左腕がしびれていて、うまく上がりません。",False,True,False,False,0,False
numbness_0_1525,"Dispatcher: 片側の手足にしびれや力の入りにくさはありますか？
Caller: はい、妻は右半身がしびれていて、右手に力が入りません。",False,True,False,False,0,False
numbness_1_1526,"Dispatcher: 手足のしびれや麻痺はありますか？
Caller: いいえ、息子は頭痛はありますが、手足のしびれはないと言っています。",False,True,False,False,1,False
numbness_1_1527,"Dispatcher: 片側の手足にしびれや動かしにくさはありますか？
Caller: いいえ、そういう症状はなく、普通に動けています。",False,True,False,False,1,False
numbness_1_1528,"Dispatcher: どこか力が入りにくいところはありますか？
Caller: いいえ、力は普通に入るそうです。",False,True,False,False,1,False
numbness_1_1529,"Dispatcher: 手や足に変な感覚はありますか？
Caller: ありません。夫はしびれもなく、手足もいつもどおりです。",False,True,False,False,1,False
numbness_1_1530,"Dispatcher: 手足のしびれや麻痺はありますか？
Caller: いいえ、友人は頭が痛いだけで、腕や足にしびれは出ていません。",False,True,False,False,1,False
numbness_2_1531,"Dispatcher: しびれや麻痺はありますか？
Caller: しびれや麻痺があるかは分かりません。",False,True,False,False,2,False
numbness_2_1532,"Dispatcher: 普通に歩けていますか？
Caller: そこは確認できておらず、手足のしびれや麻痺があるかは分かりません。",False,True,False,False,2,False
numbness_2_1533,"Dispatcher: 手足のしびれや麻痺はありますか？
Caller: 本人は会議室に一人でいて、私は電話で頭痛を聞いただけなので、しびれや麻痺の有無は確認できません。",False,True,False,False,2,False
numbness_2_1534,"Dispatcher: 片側の手足がしびれる、動かしにくいといった様子はありますか？
Caller: 友人からメッセージで頭が痛いと来ただけで、体の動きやしびれまでは見ていないので分かりません。",False,True,False,False,2,False
numbness_2_1535,"Dispatcher: 体の様子で気になることはありますか？
Caller: 頭痛があること以外はまだ聞けていなくて、しびれがあるかどうかは分かりません。",False,True,False,False,2,False
numbness_-1_1536,"Dispatcher: 普段と違う振る舞いや様子はありますか？
Caller: 今は本人と別の場所にいて、いつもと違う様子があるかは確認できません。",False,True,False,False,-1,False
numbness_-1_1537,"Dispatcher: いつもどおり受け答えできていますか？
Caller: 電話では頭が痛いとしか聞いておらず、普段と違う振る舞いがあるかは分かりません。",False,True,False,False,-1,False
numbness_-1_1538,"Dispatcher: いつもの頭痛ではなく、急に強くなった感じですか？
Caller: はい、さっき急に今までで一番ひどい頭痛だと言い出しました。",False,True,False,False,-1,False
numbness_-1_1539,"Dispatcher: いつもの軽い頭痛ということでよいですか？
Caller: そこまでは分かりません。急に強くなったのかどうか確認できていません。",False,True,False,False,-1,False
numbness_-1_1540,"Dispatcher: いつもの頭痛ではなく、急に強くなった感じですか？
Caller: はい、同僚が急に頭を押さえて、耐えられないくらい痛いと言っています。",False,True,False,False,-1,False
numbness_0_1541,"Dispatcher: 体は普通に動いていますか？
Caller: いいえ、父は右手がしびれて力が入らないと言っています。",False,True,False,False,0,False
numbness_0_1542,"Dispatcher: 普通に歩けていますか？
Caller: いいえ、母は左足がしびれてうまく踏ん張れない様子です。",False,True,False,False,0,False
numbness_0_1543,"Dispatcher: 手足は問題なさそうですか？
Caller: いえ、兄が片腕がしびれて持ち上がりにくいと言っています。",False,True,False,False,0,False
numbness_0_1544,"Dispatcher: 手足のしびれや麻痺はありますか？
Caller: はい、左手と左足にしびれがあって動かしにくそうです。",False,True,False,False,0,False
numbness_0_1545,"Dispatcher: 片側だけ動かしにくい感じはありますか？
Caller: はい、夫が右半身に力が入りにくいと言っています。",False,True,False,False,0,False
numbness_1_1546,"Dispatcher: 普通に歩けていますか？
Caller: はい、手足のしびれや麻痺はなく、普通に動かせています。",False,True,False,False,1,False
numbness_1_1547,"Dispatcher: 体は問題なさそうですか？
Caller: はい、しびれや麻痺はないようです。",False,True,False,False,1,False
numbness_1_1548,"Dispatcher: 手足は普通に動いていますか？
Caller: はい、しびれもなく、いつもどおり動かせています。",False,True,False,False,1,False
numbness_1_1549,"Dispatcher: しびれや麻痺はありますか？
Caller: いいえ、手足のしびれや動かしにくさはありません。",False,True,False,False,1,False
numbness_1_1550,"Dispatcher: 片側だけ力が入らない感じはありますか？
Caller: いいえ、友人は手足にしびれはないと言っています。",False,True,False,False,1,False
numbness_2_1551,"Dispatcher: 普通に歩けていますか？
Caller: 本人が寝室にこもっていて姿が見えず、しびれや麻痺があるかは確認できません。",False,True,False,False,2,False
numbness_2_1552,"Dispatcher: 普通に歩けていますか？
Caller: まだそこは見ておらず、手足のしびれや麻痺があるかは分かりません。",False,True,False,False,2,False
numbness_2_1553,"Dispatcher: 体はいつもどおり動いていそうですか？
Caller: 通勤中の夫から連絡があっただけで、しびれや動かしにくさは確認できていません。",False,True,False,False,2,False
numbness_2_1554,"Dispatcher: 手足のしびれや麻痺はありますか？
Caller: そこまではまだ確認できていません。",False,True,False,False,2,False
numbness_2_1555,"Dispatcher: 片側の手足にしびれや力の入りにくさはありますか？
Caller: 今は電話越しで、しびれや麻痺の有無までは分かりません。",False,True,False,False,2,False
numbness_-1_1556,"Dispatcher: いつもの軽い頭痛ということでよいですか？
Caller: 娘から頭が痛いと連絡があっただけで、急に始まったのか強いのかは確認できていません。",False,True,False,False,-1,False
numbness_-1_1557,"Dispatcher: 頭の痛みは、突然起こった激しい痛みですか？
Caller: いいえ、朝から少しずつ痛くなってきたようで、急にひどくなったわけではありません。",False,True,False,False,-1,False
numbness_-1_1558,"Dispatcher: 頭の痛みは、突然起こった激しい痛みですか？
Caller: いいえ、同僚は昨日から鈍い痛みが続いていると言っていて、急な激痛ではありません。",False,True,False,False,-1,False
numbness_-1_1559,"Dispatcher: ぼんやりしている、返事がおかしいなど、普段と違う様子は見えますか？
Caller: いいえ、受け答えも普段どおりで、変わった振る舞いはありません。",False,True,False,False,-1,False
numbness_-1_1560,"Dispatcher: いつもの軽い頭痛ということでよいですか？
Caller: いいえ、さっき急に始まって、本人が耐えられないほど痛いと言っています。",False,True,False,False,-1,False
numbness_0_1561,"Dispatcher: 体のどこか動かしにくい感じはありますか？
Caller: はい、夫が頭痛に加えて左腕がしびれて、うまく力が入らないと言っています。",False,True,False,False,0,False
numbness_0_1562,"Dispatcher: 手足のしびれや麻痺はありますか？
Caller: はい、同僚は頭を痛がっていて、右手だけ感覚が鈍くて物をつかみにくい様子です。",False,True,False,False,0,False
numbness_0_1563,"Dispatcher: 普通に手足は動いていますか？
Caller: いいえ、母は片方の足がしびれるみたいで、動かしづらそうです。",False,True,False,False,0,False
numbness_0_1564,"Dispatcher: 歩き方に変なところはありますか？
Caller: あります、友人が右足に力が入りにくいと言っていて、少し引きずる感じです。",False,True,False,False,0,False
numbness_0_1565,"Dispatcher: 体の動きは普段どおりですか？
Caller: いいえ、弟が左手のしびれを訴えていて、うまく持てないみたいです。",False,True,False,False,0,False
numbness_1_1566,"Dispatcher: 体のどこか動かしにくい感じはありますか？
Caller: いいえ、妻にしびれや麻痺はなく、手足は普通に動いています。",False,True,False,False,1,False
numbness_1_1567,"Dispatcher: 手足のしびれや麻痺はありますか？
Caller: いえ、父は頭痛はありますが、手足の感覚も動きも普段どおりです。",False,True,False,False,1,False
numbness_1_1568,"Dispatcher: 歩き方に変なところはありますか？
Caller: 特にないです、同僚は普通に歩けていて、しびれもないと言っています。",False,True,False,False,1,False
numbness_1_1569,"Dispatcher: 手足のしびれや麻痺はありますか？
Caller: ありません、母は頭痛だけで、腕や足は問題なく動かせています。",False,True,False,False,1,False
numbness_1_1570,"Dispatcher: 体の動きは普段どおりですか？
Caller: はい、友人はしびれも麻痺もなく、動きは普通です。",False,True,False,False,1,False
numbness_2_1571,"Dispatcher: 体のどこか動かしにくい感じはありますか？
Caller: すみません、本人と電話で話しただけで、しびれや麻痺があるかは分かりません。",False,True,False,False,2,False
numbness_2_1572,"Dispatcher: 歩き方に変なところはありますか？
Caller: そこまでは見ていなくて、手足のしびれがあるかどうかは確認できていません。",False,True,False,False,2,False
numbness_2_1573,"Dispatcher: 手足のしびれや麻痺はありますか？
Caller: 離れた場所にいる家族から頭痛の連絡だけ受けたので、しびれや動かしにくさは分かりません。",False,True,False,False,2,False
numbness_2_1574,"Dispatcher: 体の動きは普段どおりですか？
Caller: 今は別室にいて様子が見えないので、しびれや麻痺があるか確認できません。",False,True,False,False,2,False
numbness_2_1575,"Dispatcher: 片側の手足にしびれや動かしにくさはありますか？
Caller: 近くにいないので、しびれや麻痺の有無までは確認できません。",False,True,False,False,2,False
numbness_-1_1576,"Dispatcher: 普段と違う振る舞いや様子はありますか？
Caller: はい、父は頭痛のあとから返事がちぐはぐで、いつもみたいに会話ができません。",False,True,False,False,-1,False
numbness_-1_1577,"Dispatcher: いつもの頭痛ではなく、急にものすごく強い痛みが出た感じですか？
Caller: はい、同僚がさっき急に頭を押さえて、今までで一番ひどい痛みだと言っていました。",False,True,False,False,-1,False
numbness_-1_1578,"Dispatcher: 頭の痛みは、突然起こった激しい痛みですか？
Caller: 友人から頭が痛いとだけ連絡が来ていて、急に始まったのか、どれほど強いのかまでは分かりません。",False,True,False,False,-1,False
numbness_-1_1579,"Dispatcher: ぼんやりしている、返事がおかしいなど、普段と違う様子は見えますか？
Caller: 今は電話で聞いただけなので、いつもと違う振る舞いがあるかまでは確認できません。",False,True,False,False,-1,False
numbness_-1_1580,"Dispatcher: 受け答えや行動で、いつもと違うところはありますか？
Caller: いいえ、姉は頭痛を訴えていますが、会話も行動も普段どおりです。",False,True,False,False,-1,False
numbness_0_1581,"Dispatcher: 体のどこか動かしにくい感じはありますか？
Caller: はい、父は右手がしびれていて、コップを持つのもつらそうです。",False,True,False,False,0,False
numbness_0_1582,"Dispatcher: 普通に手足は動いていますか？
Caller: いいえ、妻は左足がしびれて、力が入りにくいと言っています。",False,True,False,False,0,False
numbness_0_1583,"Dispatcher: 体の動きにおかしいところはありますか？
Caller: あります、友人が頭痛のあとから左腕の感覚がおかしいと言っていて、指もうまく動かせません。",False,True,False,False,0,False
numbness_0_1584,"Dispatcher: 体のどこか動かしにくい感じはありますか？
Caller: はい、母が片側の手に力が入らないと言っていて、しびれもあるようです。",False,True,False,False,0,False
numbness_0_1585,"Dispatcher: 歩き方に変なところはありますか？
Caller: あります、同僚が足先のしびれを訴えていて、ふらつきながら歩いています。",False,True,False,False,0,False
numbness_1_1586,"Dispatcher: 普通に手足は動いていますか？
Caller: はい、弟はしびれも麻痺もなく、手足は問題なく動いています。",False,True,False,False,1,False
numbness_1_1587,"Dispatcher: 体のどこか動かしにくい感じはありますか？
Caller: いいえ、夫にしびれや力の入りにくさはありません。",False,True,False,False,1,False
numbness_1_1588,"Dispatcher: 手足のしびれや麻痺はありますか？
Caller: ありません、母は頭痛はあるものの、腕も足もいつもどおり使えています。",False,True,False,False,1,False
numbness_1_1589,"Dispatcher: 体の動きは普段どおりですか？
Caller: はい、友人はしびれを訴えておらず、左右とも普通に動かせています。",False,True,False,False,1,False
numbness_1_1590,"Dispatcher: 歩き方に変なところはありますか？
Caller: いいえ、父はまっすぐ歩けていますし、手足のしびれもないです。",False,True,False,False,1,False
numbness_2_1591,"Dispatcher: ふらついたり、手足が思うように動かない感じはありますか？
Caller: 電話で頭が痛いと聞いただけで、手足の動きやしびれまでは分かっていません。",False,True,False,False,2,False
numbness_2_1592,"Dispatcher: 手足のしびれや麻痺はありますか？
Caller: 今は別の階にいて本人を見ていないので、しびれや麻痺があるかは確認できません。",False,True,False,False,2,False
numbness_2_1593,"Dispatcher: 片方の手だけ使いにくいとか、そういう様子はありますか？
Caller: そこまでは聞けておらず、しびれや動かしにくさがあるかは分かりません。",False,True,False,False,2,False
numbness_2_1594,"Dispatcher: 普通に両手両足は動かせていますか？
Caller: 画面越しに少し見ただけなので、しびれや麻痺があるかどうかまでは判断できません。",False,True,False,False,2,False
numbness_2_1595,"Dispatcher: 手足のしびれや麻痺はありますか？
Caller: しびれや麻痺があるかはまだ分かりません。",False,True,False,False,2,False
numbness_-1_1596,"Dispatcher: 頭の痛みは、突然起こった激しい痛みですか？
Caller: 本人から頭痛がするとだけ連絡があって、急に強く出たのかは分かりません。",False,True,False,False,-1,False
numbness_-1_1597,"Dispatcher: 何か変わった様子はありますか？
Caller: まだ会えていないので、普段と違う振る舞いがあるかは分かりません。",False,True,False,False,-1,False
numbness_-1_1598,"Dispatcher: ぼんやりしている、受け答えがおかしいなど、普段と違う振る舞いはありますか？
Caller: 今は職場の別の人から連絡を受けただけで本人を見ていないので、いつもと違う様子があるかは確認できません。",False,True,False,False,-1,False
numbness_-1_1599,"Dispatcher: いつもと違う振る舞いはありますか？
Caller: 今は電話だけなので、普段と違う様子かどうかは確認できません。",False,True,False,False,-1,False
numbness_-1_1600,"Dispatcher: いきなり耐えられないほどの頭痛になった感じですか？
Caller: いいえ、朝から少しずつ痛くなってきたと言っています。",False,True,False,False,-1,False
numbness_0_1601,"Dispatcher: 体の片側が動かしにくい感じはありますか？
Caller: はい、左手に力が入りにくくてしびれると言っています。",False,True,False,False,0,False
numbness_0_1602,"Dispatcher: 手足のしびれや麻痺のような症状は見られますか？
Caller: はい、同僚が右腕がしびれてうまく持ち上がらないと言っています。",False,True,False,False,0,False
numbness_0_1603,"Dispatcher: 手足のしびれや麻痺はありますか？
Caller: あります。頭痛に加えて右足がしびれて歩きにくそうです。",False,True,False,False,0,False
numbness_0_1604,"Dispatcher: まっすぐ歩けていますか？
Caller: いいえ、左足がしびれるみたいで、うまく踏ん張れないです。",False,True,False,False,0,False
numbness_0_1605,"Dispatcher: 物を落としたり、手に力が入らない様子はありますか？
Caller: あります。コップを持てずに落として、右手がしびれると言っています。",False,True,False,False,0,False
numbness_1_1606,"Dispatcher: 体のどこか動かしにくいところはありますか？
Caller: いいえ、手足は普通に動いていて、しびれもないです。",False,True,False,False,1,False
numbness_1_1607,"Dispatcher: 手足のしびれや麻痺はありますか？
Caller: いいえ、隣で見ていますが、両手両足とも普通に動かせていて、しびれも訴えていません。",False,True,False,False,1,False
numbness_1_1608,"Dispatcher: 片側の手足にしびれや力の入りにくさはありますか？
Caller: いいえ、手足のしびれや麻痺はありません。",False,True,False,False,1,False
numbness_1_1609,"Dispatcher: 手足のしびれや麻痺はありますか？
Caller: いいえ、そういう症状はないです。",False,True,False,False,1,False
numbness_1_1610,"Dispatcher: 片方の腕や足だけ変な感じはありますか？
Caller: いいえ、しびれもなく、左右とも問題なく動かせています。",False,True,False,False,1,False
numbness_2_1611,"Dispatcher: しびれや麻痺はありますか？
Caller: しびれや麻痺があるかは分かりません。",False,True,False,False,2,False
numbness_2_1612,"Dispatcher: 手足のしびれや麻痺はありますか？
Caller: 私は今駅で本人を待っているだけでまだ会えていないので、しびれや麻痺があるかは確認できていません。",False,True,False,False,2,False
numbness_2_1613,"Dispatcher: 片側の手足が動かしづらい様子はありますか？
Caller: メッセージで頭痛と来ただけなので、しびれや動かしにくさまでは分からないです。",False,True,False,False,2,False
numbness_2_1614,"Dispatcher: 右手だけ力が入らない、足がしびれるなどの症状は確認できますか？
Caller: 今は子どもから頭が痛いと呼ばれて私が向かっている途中で、まだ姿を見ていないので、しびれや麻痺の有無は確認できません。",False,True,False,False,2,False
numbness_2_1615,"Dispatcher: 手足のしびれや麻痺はありますか？
Caller: 隣の部屋から呼ばれて電話していて、まだそばで見ていないので、その点は分かりません。",False,True,False,False,2,False
numbness_-1_1616,"Dispatcher: いきなりひどい頭痛が始まった感じですか？
Caller: はい、さっきまで普通だったのに急に頭を押さえて、今までで一番痛いと言っています。",False,True,False,False,-1,False
numbness_-1_1617,"Dispatcher: 頭の痛みは、突然起こった激しい痛みですか？
Caller: いいえ、昨日から続いていて、急に強くなったわけではありません。",False,True,False,False,-1,False
numbness_-1_1618,"Dispatcher: 急に我慢できないほどの強い頭痛が出たのですか？
Caller: いいえ、友人は昼ごろからじわじわ痛くなってきたと言っていて、突然ではありません。",False,True,False,False,-1,False
numbness_-1_1619,"Dispatcher: 受け答えがおかしい、落ち着きがないなど、普段と違う振る舞いはありますか？
Caller: いいえ、頭痛はありますが会話は普通で、いつもと変わった様子はありません。",False,True,False,False,-1,False
numbness_-1_1620,"Dispatcher: さっき急にものすごい頭痛になった感じですか？
Caller: いいえ、前からある頭痛が今日は少し強いだけみたいです。",False,True,False,False,-1,False
numbness_0_1621,"Dispatcher: 片側の手足にしびれたり、動かしにくかったりする様子はありますか？
Caller: はい、父が頭痛を訴えていて、右腕にしびれがあってうまく力が入らないと言っています。",False,True,False,False,0,False
numbness_0_1622,"Dispatcher: ちゃんと両手足は普段どおり使えていますか？
Caller: いいえ、同僚は左手がしびれていて、コップも持ちにくそうです。",False,True,False,False,0,False
numbness_0_1623,"Dispatcher: しびれや麻痺はありますか？
Caller: はい、左足がしびれて動かしにくいです。",False,True,False,False,0,False
numbness_0_1624,"Dispatcher: 手足のしびれや麻痺はありますか？
Caller: 妻ですが、さっきから片方の手に力が入りにくいみたいです。",False,True,False,False,0,False
numbness_0_1625,"Dispatcher: まっすぐ歩けていますか、それとも手足に違和感がありますか？
Caller: 友人は頭痛に加えて右足がしびれると言っていて、少し引きずるように歩いています。",False,True,False,False,0,False
numbness_1_1626,"Dispatcher: 手足のしびれや麻痺はありますか？
Caller: いいえ、しびれも麻痺もなく、手足は普通に動いています。",False,True,False,False,1,False
numbness_1_1627,"Dispatcher: 片側の手足がしびれたり、力が入らないことはありますか？
Caller: いいえ、そういう様子はなく、両手両足とも普段どおり動かせています。",False,True,False,False,1,False
numbness_1_1628,"Dispatcher: 右か左の手足だけ動かしにくい感じはありますか？
Caller: いいえ、母は頭痛はありますが、しびれもなく手足は普通に使えています。",False,True,False,False,1,False
numbness_1_1629,"Dispatcher: 手足のしびれや麻痺はありますか？
Caller: いいえ、しびれや動かしにくさはありません。",False,True,False,False,1,False
numbness_1_1630,"Dispatcher: ふらつかずに普段どおり体は使えていますか？
Caller: はい、弟は頭を痛がっていますが、手足のしびれや力が入らない感じはなさそうです。",False,True,False,False,1,False
numbness_2_1631,"Dispatcher: 手足のしびれや麻痺はありますか？
Caller: 今は本人のそばにいないので、しびれや麻痺があるかは確認できません。",False,True,False,False,2,False
numbness_2_1632,"Dispatcher: 普通に体は動かせていそうですか？
Caller: そこまでは分からなくて、頭が痛いと連絡があっただけです。",False,True,False,False,2,False
numbness_2_1633,"Dispatcher: 片側の手足にしびれや力の入りにくさがあるか見て分かりますか？
Caller: 職場の別フロアにいて本人を見ていないので、しびれや麻痺の有無は分かりません。",False,True,False,False,2,False
numbness_2_1634,"Dispatcher: しびれや麻痺はありますか？
Caller: しびれや麻痺があるかは分かりません。",False,True,False,False,2,False
numbness_2_1635,"Dispatcher: 手足に何か異常はありそうですか？
Caller: 頭痛のことしか聞けていなくて、そこまではまだ確認できていません。",False,True,False,False,2,False
numbness_-1_1636,"Dispatcher: 頭の痛みは、急に起こった強い痛みですか？
Caller: 娘からメッセージで頭痛とだけ来ていて、突然だったのか、かなり強いのかまでは分かりません。",False,True,False,False,-1,False
numbness_-1_1637,"Dispatcher: いつもの軽い頭痛ということでよいですか？
Caller: はい、夫は朝からじわじわ痛いと言っていて、急に激しくなった感じではありません。",False,True,False,False,-1,False
numbness_-1_1638,"Dispatcher: さっきまで普通だったのに、急にひどい頭痛になった様子ですか？
Caller: 友人から電話で頭が痛いと聞いただけで、いつからどのくらい強いのかは確認できていません。",False,True,False,False,-1,False
numbness_-1_1639,"Dispatcher: いつもの頭痛ではなく、急に強く出た感じですか？
Caller: そこはまだ分からなくて、本人がつらそうということしか聞いていません。",False,True,False,False,-1,False
numbness_-1_1640,"Dispatcher: ぼんやりしている、返事がおかしいなど、普段と違う様子はありますか？
Caller: はい、母なんですが、呼びかけへの返事がちぐはぐで、いつもより明らかに様子がおかしいです。",False,True,False,False,-1,False
numbness_0_1641,"Dispatcher: 普通に両手足は使えていますか？
Caller: いいえ、兄は右手がしびれていて、うまく持ち上げられていません。",False,True,False,False,0,False
numbness_0_1642,"Dispatcher: 体の片側だけ変な感じや力が入らないことはありますか？
Caller: 妻は左腕がずっとしびれると言っていて、指先もうまく動かしにくそうです。",False,True,False,False,0,False
numbness_0_1643,"Dispatcher: 手足のしびれや麻痺はありますか？
Caller: はい、父は頭痛と一緒に右足がしびれて、立ち上がるときに力が入りにくいです。",False,True,False,False,0,False
numbness_0_1644,"Dispatcher: 片方の手足が思うように動かない様子はありますか？
Caller: 同僚なんですが、左腕が変だと言っていて、ずっとだらんとしています。",False,True,False,False,0,False
numbness_0_1645,"Dispatcher: 手足のしびれや麻痺はありますか？
Caller: はい、しびれがあって左手に力が入りにくいです。",False,True,False,False,0,False
numbness_1_1646,"Dispatcher: 普段どおり手足は使えていますか？
Caller: はい、姉は頭痛はありますが、しびれたり動かしにくかったりはしていません。",False,True,False,False,1,False
numbness_1_1647,"Dispatcher: 体のどちらか片方だけ動かしにくい感じはありますか？
Caller: いいえ、父は両手両足とも普通に動いていて、しびれもないと言っています。",False,True,False,False,1,False
numbness_1_1648,"Dispatcher: 手足に変なしびれや力の入りにくさは出ていますか？
Caller: いいえ、友人は頭痛だけで、手も足も問題なく動かせています。",False,True,False,False,1,False
numbness_1_1649,"Dispatcher: 手足のしびれや麻痺はありますか？
Caller: 妻を見ていますが、そういう症状はなさそうで、普通に握ったり歩いたりできています。",False,True,False,False,1,False
numbness_1_1650,"Dispatcher: ちゃんと体は動かせていますか？
Caller: はい、母は頭痛はありますが、しびれや麻痺はなく普段どおり動けています。",False,True,False,False,1,False
numbness_2_1651,"Dispatcher: ふらついたり、手足がうまく動かない感じはありますか？
Caller: 同僚から頭痛がすると連絡をもらっただけで、しびれや動かしにくさまでは分かりません。",False,True,False,False,2,False
numbness_2_1652,"Dispatcher: 片側の手足にしびれや力が入りにくい様子はありますか？
Caller: 今は別の階にいて本人を見ていないので、しびれや麻痺があるかは確認できません。",False,True,False,False,2,False
numbness_2_1653,"Dispatcher: しびれや麻痺はありますか？
Caller: しびれや麻痺があるかは分かりません。",False,True,False,False,2,False
numbness_2_1654,"Dispatcher: 手足のしびれはありますか？
Caller: それはまだ確認できていません。",False,True,False,False,2,False
numbness_2_1655,"Dispatcher: 手足のしびれや麻痺はありますか？
Caller: 頭が痛いとは聞いていますが、しびれや麻痺があるかは分かりません。",False,True,False,False,2,False
numbness_-1_1656,"Dispatcher: 頭の痛みは、突然起こった激しい痛みですか？
Caller: 娘から頭が痛いとだけ電話があって、急に始まったのか、どれくらい強いのかまでは分かりません。",False,True,False,False,-1,False
numbness_-1_1657,"Dispatcher: 頭の痛みは、急に起きた強い痛みですか？
Caller: いいえ、朝から少しずつ痛くなってきたようで、急にひどくなった感じではありません。",False,True,False,False,-1,False
numbness_-1_1658,"Dispatcher: 何か変わった様子はありますか？
Caller: はい、夫なんですが、受け答えがちぐはぐでいつもよりぼんやりしています。",False,True,False,False,-1,False
numbness_-1_1659,"Dispatcher: いつもの頭痛ではなく、急にものすごく痛くなった感じですか？
Caller: はい、さっきまで普通に話していたのに、急に頭を押さえて耐えられないくらい痛いと言い出しました。",False,True,False,False,-1,False
numbness_-1_1660,"Dispatcher: 何かいつもと違う行動はありますか？
Caller: いいえ、妻は頭痛は訴えていますが、受け答えも普段どおりです。",False,True,False,False,-1,False
numbness_0_1661,"Dispatcher: しびれや麻痺はありますか？
Caller: はい、左手がしびれて力が入りにくいです。",False,True,False,False,0,False
numbness_0_1662,"Dispatcher: 手足のしびれや麻痺はありますか？
Caller: はい、父は右腕がしびれていて、うまく持ち上げられていません。",False,True,False,False,0,False
numbness_0_1663,"Dispatcher: 片方の手足が動かしにくい感じはありますか？
Caller: はい、友人が右足を引きずっていて、しびれるとも言っています。",False,True,False,False,0,False
numbness_0_1664,"Dispatcher: 手足のしびれや麻痺はありますか？
Caller: はい、母は片方の手に力が入らない様子です。",False,True,False,False,0,False
numbness_0_1665,"Dispatcher: しびれたり、思うように動かないところはありますか？
Caller: はい、同僚が左腕がしびれて動かしづらいと言っています。",False,True,False,False,0,False
numbness_1_1666,"Dispatcher: しびれや麻痺はありますか？
Caller: いいえ、しびれはないようです。",False,True,False,False,1,False
numbness_1_1667,"Dispatcher: 手足のしびれや麻痺はありますか？
Caller: いいえ、手足は普通に動いていて、しびれも訴えていません。",False,True,False,False,1,False
numbness_1_1668,"Dispatcher: 片側の手足にしびれや動かしにくさはありますか？
Caller: いいえ、兄は両手両足とも普通に動かせていて、しびれもないと言っています。",False,True,False,False,1,False
numbness_1_1669,"Dispatcher: 手足に違和感はありますか？
Caller: いいえ、娘はしびれも麻痺もなく、普通に歩けています。",False,True,False,False,1,False
numbness_1_1670,"Dispatcher: どこかしびれている様子はありますか？
Caller: いいえ、友人は頭痛だけで、手足は問題ないと言っています。",False,True,False,False,1,False
numbness_2_1671,"Dispatcher: 手足のしびれや麻痺はありますか？
Caller: 今は本人が寝込んでいて会話できず、しびれや麻痺の有無は確認できません。",False,True,False,False,2,False
numbness_2_1672,"Dispatcher: しびれや麻痺はありますか？
Caller: そこは分かりません。",False,True,False,False,2,False
numbness_2_1673,"Dispatcher: 片側の手足にしびれや動かしにくさはありますか？
Caller: 本人から頭痛しか聞けておらず、手足の状態までは分かりません。",False,True,False,False,2,False
numbness_2_1674,"Dispatcher: 手足のしびれや麻痺は見られますか？
Caller: 息子からメッセージだけ来ていて、体の動きまでは確認できていません。",False,True,False,False,2,False
numbness_2_1675,"Dispatcher: 普通に手足は動いていそうですか？
Caller: 電話越しではそこまで分からず、しびれがあるかは確認できません。",False,True,False,False,2,False
numbness_-1_1676,"Dispatcher: 頭の痛みは、突然起こった激しい痛みですか？
Caller: いいえ、昨日から続いている痛みで、急に始まったものではありません。",False,True,False,False,-1,False
numbness_-1_1677,"Dispatcher: さっき急に強い頭痛が出た感じですか？
Caller: 妹から頭痛いとだけ連絡があって、急にかどうかまでは聞けていません。",False,True,False,False,-1,False
numbness_-1_1678,"Dispatcher: いきなり我慢できないほどの頭痛になりましたか？
Caller: はい、兄が急に頭を抱えて、今までにないくらい強く痛むと言っています。",False,True,False,False,-1,False
numbness_-1_1679,"Dispatcher: 急に強い頭痛が起きたんですか？
Caller: いいえ、急ではなく、前からの頭痛が続いているだけです。",False,True,False,False,-1,False
numbness_-1_1680,"Dispatcher: さっき急にひどい頭痛になった感じですか？
Caller: はい、同僚が会議中に突然うずくまって、耐えられないほど頭が痛いと言いました。",False,True,False,False,-1,False
numbness_0_1681,"Dispatcher: 片方の手足が動かしにくい感じはありますか？
Caller: はい、同僚が左腕に力が入らないと言っています。",False,True,False,False,0,False
numbness_0_1682,"Dispatcher: 体のどこかに違和感は出ていますか？
Caller: はい、母は右足がしびれてうまく踏ん張れないようです。",False,True,False,False,0,False
numbness_0_1683,"Dispatcher: しびれや麻痺はありますか？
Caller: はい、右手がしびれて動かしにくいです。",False,True,False,False,0,False
numbness_0_1684,"Dispatcher: 普通に手足は使えていますか？
Caller: いいえ、夫は片方の足がしびれて力が入りにくいです。",False,True,False,False,0,False
numbness_0_1685,"Dispatcher: 手足のしびれや麻痺はありますか？
Caller: はい、左手がしびれて持てない感じです。",False,True,False,False,0,False
numbness_1_1686,"Dispatcher: 手足の動きにおかしなところはありますか？
Caller: いえ、しびれも麻痺もなく普通に動かせています。",False,True,False,False,1,False
numbness_1_1687,"Dispatcher: しびれや麻痺はありますか？
Caller: いいえ、ありません。",False,True,False,False,1,False
numbness_1_1688,"Dispatcher: 片側だけ動かしにくい様子はありますか？
Caller: いいえ、父は両手両足とも普通に動かせていて、しびれもないです。",False,True,False,False,1,False
numbness_1_1689,"Dispatcher: 体のどこかがしびれたり力が入らなかったりしていますか？
Caller: いいえ、友人は手足のしびれもなく、麻痺した感じもありません。",False,True,False,False,1,False
numbness_1_1690,"Dispatcher: しびれや麻痺はありますか？
Caller: いいえ、しびれも麻痺もありません。",False,True,False,False,1,False
numbness_2_1691,"Dispatcher: 手足のしびれや麻痺はありますか？
Caller: 今は本人が別室にいて見えていないので、しびれや麻痺があるか確認できません。",False,True,False,False,2,False
numbness_2_1692,"Dispatcher: 普通に歩けていますか？
Caller: そこは分かりません。電話で頭が痛いと聞いただけで、しびれや動かしにくさまでは確認できていません。",False,True,False,False,2,False
numbness_2_1693,"Dispatcher: 体の様子で気になることはありますか？
Caller: 頭痛の連絡だけで、手足のしびれや麻痺があるかはまだ分かりません。",False,True,False,False,2,False
numbness_2_1694,"Dispatcher: 片側の手足にしびれや麻痺はありますか？
Caller: それはまだ確認できていません。",False,True,False,False,2,False
numbness_2_1695,"Dispatcher: 手足のしびれや麻痺はありますか？
Caller: 分からないです、本人からは頭が痛いとしか聞いていません。",False,True,False,False,2,False
numbness_-1_1696,"Dispatcher: 何かいつもと違う様子はありますか？
Caller: はい、弟は質問に対する返事がちぐはぐで、落ち着きなく同じことを繰り返しています。",False,True,False,False,-1,False
numbness_-1_1697,"Dispatcher: ぼんやりしているとか、受け答えがおかしいなど普段と違う振る舞いはありますか？
Caller: いいえ、妻は頭痛はありますが受け答えは普段どおりで、行動も特に変わりません。",False,True,False,False,-1,False
numbness_-1_1698,"Dispatcher: 何か変わった様子はありますか？
Caller: いいえ、特に普段と変わりません。",False,True,False,False,-1,False
numbness_-1_1699,"Dispatcher: 激しい頭痛が急に起こった感じですか？
Caller: いいえ、朝からだんだん痛くなってきたようで、急に激しく出たわけではありません。",False,True,False,False,-1,False
numbness_-1_1700,"Dispatcher: 普段と違う振る舞いや様子はありますか？
Caller: はい、父が急に会話がかみ合わなくなって、呼びかけへの反応もいつもと違います。",False,True,False,False,-1,False
numbness_0_1701,"Dispatcher: 手足のしびれや麻痺はありますか？
Caller: はい、娘が右腕をしびれると言っていて、うまく上げられていません。",False,True,False,False,0,False
numbness_0_1702,"Dispatcher: どこか力が入りにくいところはありますか？
Caller: はい、夫は左手に力が入らず、コップを落としました。",False,True,False,False,0,False
numbness_0_1703,"Dispatcher: ちゃんと歩けていますか？
Caller: いいえ、同僚は右足がしびれてふらついています。",False,True,False,False,0,False
numbness_0_1704,"Dispatcher: 片側の手足にしびれや動かしにくさはありますか？
Caller: はい、母は左半身がしびれる感じがして、左手がうまく動かせません。",False,True,False,False,0,False
numbness_0_1705,"Dispatcher: 手足のしびれや麻痺はありますか？
Caller: はい、右足がしびれて力が入りにくいようです。",False,True,False,False,0,False
numbness_1_1706,"Dispatcher: 手足のしびれや麻痺はありますか？
Caller: いいえ、しびれも麻痺もなく、手足は普通に動いています。",False,True,False,False,1,False
numbness_1_1707,"Dispatcher: どこか動かしにくいところはありますか？
Caller: いいえ、姉は手足にしびれもなく、左右とも問題なく動かせています。",False,True,False,False,1,False
numbness_1_1708,"Dispatcher: 手足のしびれや麻痺はありますか？
Caller: いいえ、そういう訴えはありません。",False,True,False,False,1,False
numbness_1_1709,"Dispatcher: 片側の手足にしびれや力の入りにくさはありますか？
Caller: いいえ、本人は頭痛だけで、手足は普通に動くと言っています。",False,True,False,False,1,False
numbness_1_1710,"Dispatcher: 手足のしびれや麻痺はありますか？
Caller: いいえ、友人を見ていますが、しびれもなく両腕両足とも普段どおり動いています。",False,True,False,False,1,False
numbness_2_1711,"Dispatcher: 手足のしびれや麻痺はありますか？
Caller: しびれや麻痺があるかは分かりません。",False,True,False,False,2,False
numbness_2_1712,"Dispatcher: 手足のしびれや麻痺はありますか？
Caller: まだそこは確認できていません。",False,True,False,False,2,False
numbness_2_1713,"Dispatcher: 手足のしびれや麻痺はありますか？
Caller: 今は本人が別室にいて様子が見えないので、しびれや麻痺があるかは分かりません。",False,True,False,False,2,False
numbness_2_1714,"Dispatcher: 普通に手足は動かせていますか？
Caller: そこはまだ分かりません。しびれがあるか確認できていません。",False,True,False,False,2,False
numbness_2_1715,"Dispatcher: 手足のしびれや麻痺はありますか？
Caller: 頭痛があるとは聞いていますが、しびれや麻痺までは分かりません。",False,True,False,False,2,False
numbness_-1_1716,"Dispatcher: 頭の痛みは、急に起こった強い痛みですか？
Caller: 会社から連絡を受けただけで、いつからどのくらい強いのかまでは聞けていません。",False,True,False,False,-1,False
numbness_-1_1717,"Dispatcher: 受け答えがおかしいなど、普段と違う様子はありますか？
Caller: 友人づてに頭痛と聞いただけなので、いつもと違う振る舞いがあるかは分かりません。",False,True,False,False,-1,False
numbness_-1_1718,"Dispatcher: 頭の痛みは、突然起こった激しい痛みですか？
Caller: いいえ、朝から少しずつ痛くなってきたようで、急に強く出た感じではありません。",False,True,False,False,-1,False
numbness_-1_1719,"Dispatcher: ぼんやりしている、返事がおかしいなど、普段と違う様子はありますか？
Caller: はい、同じことを何度も聞き返してきて、受け答えがいつもと明らかに違います。",False,True,False,False,-1,False
numbness_-1_1720,"Dispatcher: 頭の痛みは、突然起こった激しい痛みですか？
Caller: 本人は頭が痛いと言っていますが、急に始まったのか、かなり強い痛みなのかは確認できていません。",False,True,False,False,-1,False
numbness_0_1721,"Dispatcher: 手足のしびれはありますか？
Caller: はい、右手がしびれて力も入りにくいです。",False,True,False,False,0,False
numbness_0_1722,"Dispatcher: 麻痺やしびれはありますか？
Caller: はい、左足がしびれてうまく動かせていません。",False,True,False,False,0,False
numbness_0_1723,"Dispatcher: 手足に異常はありますか？
Caller: はい、片方の腕がしびれて持ち上げにくそうです。",False,True,False,False,0,False
numbness_0_1724,"Dispatcher: しびれや麻痺はありますか？
Caller: あります、左手がしびれると言っています。",False,True,False,False,0,False
numbness_0_1725,"Dispatcher: 手足のしびれや麻痺はありますか？
Caller: はい、右半身がしびれる感じがすると本人が言っています。",False,True,False,False,0,False
numbness_1_1726,"Dispatcher: しびれや麻痺はありますか？
Caller: いいえ、しびれはないです。",False,True,False,False,1,False
numbness_1_1727,"Dispatcher: 手足のしびれや動かしにくさはありますか？
Caller: いいえ、手足は普通に動かせていて、しびれや麻痺はありません。",False,True,False,False,1,False
numbness_1_1728,"Dispatcher: しびれや麻痺はありますか？
Caller: いいえ、そういう様子はありません。",False,True,False,False,1,False
numbness_1_1729,"Dispatcher: 手足のしびれや麻痺はありますか？
Caller: いいえ、しびれも動かしにくさもないです。",False,True,False,False,1,False
numbness_1_1730,"Dispatcher: 片側の手足にしびれや力の入りにくさはありますか？
Caller: いいえ、妻のそばで見ていますが、両手足とも普通に動いていてしびれも訴えていません。",False,True,False,False,1,False
numbness_2_1731,"Dispatcher: 手足のしびれや麻痺はありますか？
Caller: そこはまだ分かりません。",False,True,False,False,2,False
numbness_2_1732,"Dispatcher: 普通に歩けていますか？
Caller: 今は電話だけで、しびれや麻痺があるかまでは確認できません。",False,True,False,False,2,False
numbness_2_1733,"Dispatcher: 手足のしびれや麻痺はありますか？
Caller: 近くにいないので、しびれや麻痺の有無は確認できません。",False,True,False,False,2,False
numbness_2_1734,"Dispatcher: 手足は普段どおり動いていそうですか？
Caller: メッセージで頭痛と来ただけで、しびれがあるかどうかは分からないです。",False,True,False,False,2,False
numbness_2_1735,"Dispatcher: 歩き方が変だったり、手足の動きに異常はありますか？
Caller: オンライン会議中に急に退席しただけなので、しびれや麻痺があるかは見ていません。",False,True,False,False,2,False
numbness_-1_1736,"Dispatcher: 普段と違う振る舞いや様子はありますか？
Caller: はい、質問しても話がかみ合わず、いつもよりぼんやりしています。",False,True,False,False,-1,False
numbness_-1_1737,"Dispatcher: 何か変わった様子はありますか？
Caller: あります、受け答えがいつもよりかなり遅いです。",False,True,False,False,-1,False
numbness_-1_1738,"Dispatcher: 受け答えがおかしいなど、普段と違う振る舞いはありますか？
Caller: いいえ、頭痛はありますが会話も行動も普段どおりです。",False,True,False,False,-1,False
numbness_-1_1739,"Dispatcher: いつもと違う様子はありますか？
Caller: はい、さっきから返事がちぐはぐで、落ち着きなく歩き回っています。",False,True,False,False,-1,False
numbness_-1_1740,"Dispatcher: いつもの頭痛ではなく、急に強い痛みが出た感じですか？
Caller: いいえ、母は昼ごろからじわじわ痛くなったと言っていて、突然の激しい痛みではありません。",False,True,False,False,-1,False
numbness_0_1741,"Dispatcher: 体の片側が動かしにくい感じはありますか？
Caller: はい、父は右腕に力が入らず、右足もしびれると言っています。",False,True,False,False,0,False
numbness_0_1742,"Dispatcher: 体の動きでおかしいところはありますか？
Caller: はい、左手がしびれてうまく持てない様子です。",False,True,False,False,0,False
numbness_0_1743,"Dispatcher: 手足に違和感はありますか？
Caller: はい、母が左足がしびれて、左手も力が入りにくいと言っています。",False,True,False,False,0,False
numbness_0_1744,"Dispatcher: 手足のしびれや麻痺はありますか？
Caller: 妻は片方の腕が重くて、指先もしびれるようだと言っています。",False,True,False,False,0,False
numbness_0_1745,"Dispatcher: 手足のしびれや麻痺はありますか？
Caller: はい、弟は左半身がしびれていて、左腕がうまく上がりません。",False,True,False,False,0,False
numbness_1_1746,"Dispatcher: 体の片側が動かしにくい感じはありますか？
Caller: いいえ、手足のしびれも麻痺もなく、普通に動かせています。",False,True,False,False,1,False
numbness_1_1747,"Dispatcher: 手足のしびれや麻痺はありますか？
Caller: いいえ、しびれも麻痺もないです。",False,True,False,False,1,False
numbness_1_1748,"Dispatcher: 体の動きでおかしいところはありますか？
Caller: いいえ、手足は普段どおり動いています。",False,True,False,False,1,False
numbness_1_1749,"Dispatcher: 手足のしびれや麻痺はありますか？
Caller: いいえ、そういう症状は出ていません。",False,True,False,False,1,False
numbness_1_1750,"Dispatcher: 片側の手足がしびれる、力が入らないなどはありますか？
Caller: いいえ、同僚は両手両足とも普通に動かせていて、しびれも訴えていません。",False,True,False,False,1,False
numbness_2_1751,"Dispatcher: 手足のしびれや麻痺はありますか？
Caller: 今は本人のそばにいないので、しびれや麻痺があるかは確認できません。",False,True,False,False,2,False
numbness_2_1752,"Dispatcher: 普通に歩けていますか？
Caller: そこは分かりません。しびれがあるかどうかもまだ確認できていません。",False,True,False,False,2,False
numbness_2_1753,"Dispatcher: 体の動きでおかしいところはありますか？
Caller: 頭が痛いと聞いただけで、手足のしびれや麻痺の有無は分かりません。",False,True,False,False,2,False
numbness_2_1754,"Dispatcher: 右手だけ力が入らない、足がしびれる、そういった様子は確認できますか？
Caller: 別の部屋から呼ばれているだけで姿が見えておらず、手足のしびれや動かしにくさはまだ分かりません。",False,True,False,False,2,False
numbness_2_1755,"Dispatcher: しびれや麻痺はありますか？
Caller: しびれや麻痺があるかは分かりません。",False,True,False,False,2,False
numbness_-1_1756,"Dispatcher: いつもの頭痛ではなく、急にひどくなった感じですか？
Caller: はい、さっき急に始まって、今までにないくらい強い痛みだと夫が言っています。",False,True,False,False,-1,False
numbness_-1_1757,"Dispatcher: 頭の痛みは、突然起こった激しい痛みですか？
Caller: いいえ、朝から少しずつ痛くなってきたもので、急に強くなったわけではありません。",False,True,False,False,-1,False
numbness_-1_1758,"Dispatcher: 急に我慢できないくらいの頭痛になった感じですか？
Caller: はい、会議中に突然頭を押さえて、その場で立っていられないほど痛いと言っていました。",False,True,False,False,-1,False
numbness_-1_1759,"Dispatcher: 何か変わった様子はありますか？
Caller: はい、受け答えがちぐはぐで、同じことを何度も聞き返しています。",False,True,False,False,-1,False
numbness_-1_1760,"Dispatcher: 普段と違う行動をしていますか？
Caller: はい、母が急に落ち着かなくなって、話しかけても返事がずれていていつもと明らかに違います。",False,True,False,False,-1,False
numbness_0_1761,"Dispatcher: 手足のしびれや麻痺はありますか？
Caller: はい、友人は右手がしびれてコップを落とし、右足にも力が入りにくいです。",False,True,False,False,0,False
numbness_0_1762,"Dispatcher: 手足のしびれや麻痺はありますか？
Caller: はい、母は左腕と左足がしびれていて、うまく動かせないと言っています。",False,True,False,False,0,False
numbness_0_1763,"Dispatcher: 片側の手足にしびれや動かしにくさはありますか？
Caller: はい、同僚は左手の感覚が鈍くて、左足ももつれる感じがすると言っています。",False,True,False,False,0,False
numbness_0_1764,"Dispatcher: 手足のしびれや麻痺はありますか？
Caller: 兄は右腕に力が入りにくくて、足先もしびれる感じがあるようです。",False,True,False,False,0,False
numbness_0_1765,"Dispatcher: 手足のしびれや麻痺はありますか？
Caller: はい、妻は左手がしびれていて、左足もうまく踏ん張れません。",False,True,False,False,0,False
numbness_1_1766,"Dispatcher: 体の動きでおかしいところはありますか？
Caller: いいえ、姉は手足のしびれもなく、左右とも普通に動かせています。",False,True,False,False,1,False
numbness_1_1767,"Dispatcher: 手足のしびれや麻痺はありますか？
Caller: いいえ、父は手も足もしっかり動いていて、しびれも感じていないそうです。",False,True,False,False,1,False
numbness_1_1768,"Dispatcher: 体の片側が動かしにくい感じはありますか？
Caller: いいえ、そういうことはなく、手足は普通に動いています。",False,True,False,False,1,False
numbness_1_1769,"Dispatcher: 手足のしびれや麻痺はありますか？
Caller: いいえ、しびれも麻痺もありません。",False,True,False,False,1,False
numbness_1_1770,"Dispatcher: 片側の手足がしびれる、力が入らないなどはありますか？
Caller: いいえ、友人は左右とも問題なく動かせていて、しびれや脱力はないです。",False,True,False,False,1,False
numbness_2_1771,"Dispatcher: 手足のしびれや麻痺はありますか？
Caller: 同僚から頭痛で動けないと連絡があっただけで、しびれや麻痺があるかまでは確認できていません。",False,True,False,False,2,False
numbness_2_1772,"Dispatcher: 片側の手足が動かしにくい感じはありますか？
Caller: 今は別のフロアにいて様子が見えないので、動かしにくさやしびれがあるかは分かりません。",False,True,False,False,2,False
numbness_2_1773,"Dispatcher: 手足のしびれや麻痺はありますか？
Caller: しびれや麻痺があるかは分かりません。",False,True,False,False,2,False
numbness_2_1774,"Dispatcher: まっすぐ歩けていますか？
Caller: 電話で聞いただけなので、しびれや麻痺があるのかは確認できていません。",False,True,False,False,2,False
numbness_2_1775,"Dispatcher: 右か左の手足にしびれたり、力が入らない様子はありますか？
Caller: 友人が一人でいるところから電話してきただけなので、片側のしびれや麻痺までは見ていません。",False,True,False,False,2,False
numbness_-1_1776,"Dispatcher: 頭の痛みは、突然起こった激しい痛みですか？
Caller: 本人から頭が痛いとだけ聞いていて、急に始まったのか強い痛みなのかは分かりません。",False,True,False,False,-1,False
numbness_-1_1777,"Dispatcher: 普段と違う振る舞いや様子はありますか？
Caller: いいえ、受け答えもしっかりしていますし、変わった様子はありません。",False,True,False,False,-1,False
numbness_-1_1778,"Dispatcher: さっきまで普通だったのに、急に激しく痛くなった感じですか？
Caller: いいえ、朝から少しずつ痛くなってきたと言っていました。",False,True,False,False,-1,False
numbness_-1_1779,"Dispatcher: いつもの軽い頭痛ではなく、急に強い痛みが出た感じですか？
Caller: いえ、急にではなくて、前からじわじわ痛かったみたいです。",False,True,False,False,-1,False
numbness_-1_1780,"Dispatcher: ぼんやりしている、返事がおかしいなど、普段と違う様子は見えますか？
Caller: はい、夫が質問しても話がかみ合わず、落ち着きなく同じことを繰り返しています。",False,True,False,False,-1,False
numbness_0_1781,"Dispatcher: 手足のしびれや麻痺はありますか？
Caller: はい、左手がしびれて力も入りにくいようです。",False,True,False,False,0,False
numbness_0_1782,"Dispatcher: 普通に歩けていますか？
Caller: いいえ、母は右足がしびれていて、うまく踏ん張れないと言っています。",False,True,False,False,0,False
numbness_0_1783,"Dispatcher: 体の動きで気になることはありますか？
Caller: あります。片方の腕がしびれて、持ち上げにくそうです。",False,True,False,False,0,False
numbness_0_1784,"Dispatcher: しびれや麻痺はありますか？
Caller: はい、あります。",False,True,False,False,0,False
numbness_0_1785,"Dispatcher: いつも通り動けていますか？
Caller: いいえ、左側の手足がしびれて力が入りにくいです。",False,True,False,False,0,False
numbness_1_1786,"Dispatcher: しびれや麻痺はありますか？
Caller: いいえ、手足のしびれはないようです。",False,True,False,False,1,False
numbness_1_1787,"Dispatcher: 手足のしびれや麻痺はありますか？
Caller: いいえ、両手両足とも普通に動いていて、しびれもないと言っています。",False,True,False,False,1,False
numbness_1_1788,"Dispatcher: 普通に歩けていますか？
Caller: はい、歩けていますし、しびれや動かしにくさもありません。",False,True,False,False,1,False
numbness_1_1789,"Dispatcher: 片側の手足が動かしにくい感じはありますか？
Caller: いいえ、そのような様子はなく、手足は普通に動いています。",False,True,False,False,1,False
numbness_1_1790,"Dispatcher: 何か手足に違和感はありますか？
Caller: ありません。しびれも麻痺もないです。",False,True,False,False,1,False
numbness_2_1791,"Dispatcher: 手足のしびれや麻痺はありますか？
Caller: そこまではまだ確認できていません。",False,True,False,False,2,False
numbness_2_1792,"Dispatcher: 片側の手足にしびれたり、力が入らない様子はありますか？
Caller: 娘からメッセージだけ来ていて、今向かっている途中なので、しびれや麻痺の有無は分かりません。",False,True,False,False,2,False
numbness_2_1793,"Dispatcher: 普通に物を持てていますか？
Caller: まだ会えていないので、しびれや麻痺があるかは分かりません。",False,True,False,False,2,False
numbness_2_1794,"Dispatcher: 手足のしびれや麻痺はありますか？
Caller: ビデオ通話では顔しか見えておらず、手足のしびれや動かしにくさは確認できません。",False,True,False,False,2,False
numbness_2_1795,"Dispatcher: 手足のしびれや麻痺はありますか？
Caller: しびれがあるかどうかは分かりません。",False,True,False,False,2,False
numbness_-1_1796,"Dispatcher: 何か変わった様子はありますか？
Caller: いいえ、普段と変わった振る舞いはありません。",False,True,False,False,-1,False
numbness_-1_1797,"Dispatcher: いつもの頭痛ではなく、急に強い痛みが出た感じですか？
Caller: いいえ、急にではなかったようです。",False,True,False,False,-1,False
numbness_-1_1798,"Dispatcher: 普段と違う振る舞いや様子はありますか？
Caller: いいえ、会話も普通で、行動もいつも通りです。",False,True,False,False,-1,False
numbness_-1_1799,"Dispatcher: 頭の痛みは、急に出た強い痛みか確認できますか？
Caller: 会社から連絡を受けただけで本人のそばにいないので、突然だったのか痛みが強いのかは確認できません。",False,True,False,False,-1,False
numbness_-1_1800,"Dispatcher: 頭の痛みは、突然起こった激しい痛みですか？
Caller: はい、さっきまで普通に話していたのに、急に今までで一番痛いと言ってうずくまりました。",False,True,False,False,-1,False
numbness_0_1801,"Dispatcher: 片方の手足が動かしにくい感じはありますか？
Caller: はい、父が右腕に力が入らないと言っています。",False,True,False,False,0,False
numbness_0_1802,"Dispatcher: 手足のしびれや麻痺はありますか？
Caller: はい、母の左手と左足がしびれていて、うまく動かせません。",False,True,False,False,0,False
numbness_0_1803,"Dispatcher: 普通に手足は使えていますか？
Caller: いいえ、同僚が片方の足がしびれて踏ん張れないと言っています。",False,True,False,False,0,False
numbness_0_1804,"Dispatcher: しびれや麻痺はありますか？
Caller: はい、左手がしびれて力も入りにくいです。",False,True,False,False,0,False
numbness_0_1805,"Dispatcher: 体のどこかに違和感はありますか？
Caller: 妻が右半身がしびれると言っていて、腕も上げにくそうです。",False,True,False,False,0,False
numbness_1_1806,"Dispatcher: 手足のしびれや麻痺はありますか？
Caller: 夫を見ていますが、しびれや動かしにくさはなさそうです。",False,True,False,False,1,False
numbness_1_1807,"Dispatcher: しびれや麻痺はありますか？
Caller: いいえ、手足は普通に動いています。",False,True,False,False,1,False
numbness_1_1808,"Dispatcher: どこか動かしにくいところはありますか？
Caller: いいえ、友人はしびれもなく、手足も普通に動かせています。",False,True,False,False,1,False
numbness_1_1809,"Dispatcher: 片側の手足にしびれや力の入りにくさはありますか？
Caller: いいえ、弟は両手両足とも問題なく動かせていて、しびれも訴えていません。",False,True,False,False,1,False
numbness_1_1810,"Dispatcher: しびれや麻痺はありますか？
Caller: いいえ、しびれも麻痺もありません。",False,True,False,False,1,False
numbness_2_1811,"Dispatcher: しびれや麻痺はありますか？
Caller: しびれや麻痺があるかは分かりません。",False,True,False,False,2,False
numbness_2_1812,"Dispatcher: 普通に手足は動いていそうですか？
Caller: 頭が痛いと連絡があっただけで、しびれがあるかまでは聞けていません。",False,True,False,False,2,False
numbness_2_1813,"Dispatcher: しびれや麻痺はありますか？
Caller: そこはまだ確認できていません。",False,True,False,False,2,False
numbness_2_1814,"Dispatcher: 手足のしびれや麻痺はありますか？
Caller: 今は本人のそばにいないので、しびれや麻痺があるかは確認できません。",False,True,False,False,2,False
numbness_2_1815,"Dispatcher: どこか動かしにくいところはありますか？
Caller: 電話で頭痛を訴えていただけで、手足の様子は分かりません。",False,True,False,False,2,False
numbness_-1_1816,"Dispatcher: 急に我慢できないほど強い頭痛が起きた感じですか？
Caller: はい、さっき突然、経験したことがないくらいひどく痛いと言い出しました。",False,True,False,False,-1,False
numbness_-1_1817,"Dispatcher: ぼんやりしている、返事がおかしいなど、普段と違う様子は見えますか？
Caller: 今は電話で聞いただけなので、普段と違う振る舞いがあるかまでは確認できません。",False,True,False,False,-1,False
numbness_-1_1818,"Dispatcher: 頭の痛みは、突然起こった激しい痛みですか？
Caller: いいえ、朝から少しずつ痛くなってきたようで、急に強く出た感じではありません。",False,True,False,False,-1,False
numbness_-1_1819,"Dispatcher: 何か変わった様子はありますか？
Caller: はい、弟が質問にうまく答えられず、落ち着きなく同じことを繰り返しています。",False,True,False,False,-1,False
numbness_-1_1820,"Dispatcher: 普段と違う振る舞いや様子はありますか？
Caller: 職場から連絡を受けただけで、受け答えや行動がいつもと違うかはまだ確認できていません。",False,True,False,False,-1,False
numbness_0_1821,"Dispatcher: 手足のしびれや麻痺はありますか？
Caller: はい、祖母の左腕と左脚がしびれていて、力も入りにくいです。",False,True,False,False,0,False
numbness_0_1822,"Dispatcher: 片側の手足にしびれや動かしにくさはありますか？
Caller: はい、友人が右手の感覚がおかしいと言っていて、コップをうまく持てません。",False,True,False,False,0,False
numbness_0_1823,"Dispatcher: 手足のしびれや麻痺は見られますか？
Caller: はい、同僚は左足がしびれていて、立つとふらついています。",False,True,False,False,0,False
numbness_0_1824,"Dispatcher: しびれや麻痺はありますか？
Caller: はい、右手がしびれて動かしづらいそうです。",False,True,False,False,0,False
numbness_0_1825,"Dispatcher: しびれや麻痺はありますか？
Caller: はい、母は左半身がしびれていて、左腕にほとんど力が入っていません。",False,True,False,False,0,False
numbness_1_1826,"Dispatcher: 手足のしびれや麻痺はありますか？
Caller: いいえ、しびれや麻痺はなく、手足は普通に動いています。",False,True,False,False,1,False
numbness_1_1827,"Dispatcher: しびれや麻痺はありますか？
Caller: いいえ、兄は頭痛だけで、手足のしびれはないと言っています。",False,True,False,False,1,False
numbness_1_1828,"Dispatcher: どこかしびれたり、力が入りにくかったりしますか？
Caller: いいえ、妻は両手両足とも普段どおり動かせていて、しびれもありません。",False,True,False,False,1,False
numbness_1_1829,"Dispatcher: しびれや麻痺はありますか？
Caller: いいえ、その症状はありません。",False,True,False,False,1,False
numbness_1_1830,"Dispatcher: 片側の手足にしびれや麻痺はありますか？
Caller: いいえ、父にはしびれも麻痺もなく、左右とも普通に動いています。",False,True,False,False,1,False
numbness_2_1831,"Dispatcher: 普通に歩けていますか？
Caller: それが今そばで見られないので、しびれや麻痺があるかは確認できません。",False,True,False,False,2,False
numbness_2_1832,"Dispatcher: 手足のしびれや麻痺はありますか？
Caller: 今は本人が別の部屋にいて、しびれや麻痺があるかは分かりません。",False,True,False,False,2,False
numbness_2_1833,"Dispatcher: 体は問題なく動かせていますか？
Caller: 頭痛があるとは聞いていますが、しびれたり動かしにくかったりするかは確認できていません。",False,True,False,False,2,False
numbness_2_1834,"Dispatcher: 片方の手足が動かしにくい感じはありますか？
Caller: 会社から連絡を受けただけで、手足のしびれや麻痺まではまだ確認できていません。",False,True,False,False,2,False
numbness_2_1835,"Dispatcher: 手足のしびれや麻痺はありますか？
Caller: そこはまだ見ていなくて分かりません。",False,True,False,False,2,False
numbness_-1_1836,"Dispatcher: 頭の痛みは、突然起こった激しい痛みですか？
Caller: いいえ、朝から少しずつ痛くなってきたようです。",False,True,False,False,-1,False
numbness_-1_1837,"Dispatcher: 普段と違う振る舞いや様子はありますか？
Caller: 電話で頭が痛いと聞いただけなので、いつもと違う様子かどうかは分かりません。",False,True,False,False,-1,False
numbness_-1_1838,"Dispatcher: 何か変わったことはありますか？
Caller: いいえ、受け答えも普段どおりで、変わった様子はありません。",False,True,False,False,-1,False
numbness_-1_1839,"Dispatcher: いつもの頭痛ではなく、急に強い痛みが来た感じですか？
Caller: メッセージで頭が痛いとだけ来ていて、急にだったのか痛みが強いのかまでは分かりません。",False,True,False,False,-1,False
numbness_-1_1840,"Dispatcher: 何か変わったことはありますか？
Caller: 頭痛があることしか聞けておらず、普段と違う振る舞いがあるかは確認できません。",False,True,False,False,-1,False
numbness_0_1841,"Dispatcher: ふらつきなく動けていますか？
Caller: いいえ、右手がしびれてうまく持てないようです。",False,True,False,False,0,False
numbness_0_1842,"Dispatcher: 体の動きはいつもどおりですか？
Caller: 左足に力が入りにくいみたいです。",False,True,False,False,0,False
numbness_0_1843,"Dispatcher: 手足のしびれや麻痺はありますか？
Caller: はい、左腕がしびれていて動かしにくそうです。",False,True,False,False,0,False
numbness_0_1844,"Dispatcher: しびれはなさそうですか？
Caller: いや、片方の手がずっとしびれると言っています。",False,True,False,False,0,False
numbness_0_1845,"Dispatcher: 片側の手足にしびれや動かしにくさはありますか？
Caller: はい、右足がしびれて力が入りにくいです。",False,True,False,False,0,False
numbness_1_1846,"Dispatcher: 手足は普通に動いていますか？
Caller: はい、しびれも麻痺もなく普通に動かせています。",False,True,False,False,1,False
numbness_1_1847,"Dispatcher: しびれや麻痺はありますか？
Caller: いいえ、手足のしびれや動かしにくさはありません。",False,True,False,False,1,False
numbness_1_1848,"Dispatcher: 片方の手足がしびれる、力が入らないといった様子はありますか？
Caller: いいえ、両手足とも普通に動いていて、しびれもないです。",False,True,False,False,1,False
numbness_1_1849,"Dispatcher: 手足の感覚や動きにおかしなところはありますか？
Caller: ありません。歩けていますし、しびれも訴えていません。",False,True,False,False,1,False
numbness_1_1850,"Dispatcher: しびれはありますか？
Caller: ないです。",False,True,False,False,1,False
numbness_2_1851,"Dispatcher: ちゃんと手足は動いていそうですか？
Caller: 電話だけなので、そのあたりはまだ分かりません。",False,True,False,False,2,False
numbness_2_1852,"Dispatcher: 手足のしびれや麻痺はありますか？
Caller: 今は本人の近くにいないので、しびれや麻痺があるかは確認できません。",False,True,False,False,2,False
numbness_2_1853,"Dispatcher: 片側の手足にしびれや動かしにくさはありますか？
Caller: 姿が見えないため、しびれや麻痺の有無は分かりません。",False,True,False,False,2,False
numbness_2_1854,"Dispatcher: 普通に物を持てていますか？
Caller: そこまでは見ておらず、手足のしびれがあるかは確認できていません。",False,True,False,False,2,False
numbness_2_1855,"Dispatcher: 歩き方や手の動きで気になることはありますか？
Caller: 今はメモだけ受け取った状態で、しびれや麻痺があるかまでは分からないです。",False,True,False,False,2,False
numbness_-1_1856,"Dispatcher: 頭の痛みは、突然起こった激しい痛みですか？
Caller: いいえ、昨日から続いている頭痛で急に強くなった感じではありません。",False,True,False,False,-1,False
numbness_-1_1857,"Dispatcher: いつもの頭痛ではなく、急に強い痛みが来た感じですか？
Caller: はい、さっき急に我慢できないくらい強い頭痛が出たそうです。",False,True,False,False,-1,False
numbness_-1_1858,"Dispatcher: ぼんやりしている、返事がおかしいなど、普段と違う様子は見えますか？
Caller: はい、質問しても返事がちぐはぐで、いつもと明らかに違います。",False,True,False,False,-1,False
numbness_-1_1859,"Dispatcher: 普段と違う振る舞いや様子はありますか？
Caller: 今は本人に会えていないので、いつもと違う様子があるかは分かりません。",False,True,False,False,-1,False
numbness_-1_1860,"Dispatcher: いつもの軽い頭痛ということでよいですか？
Caller: いいえ、急に始まって、本人が耐えられないほど痛いと言っています。",False,True,False,False,-1,False
numbness_0_1861,"Dispatcher: 片側の手足にしびれたり、力が入りにくかったりする様子はありますか？
Caller: はい、夫が左腕と左足がしびれていて、コップもうまく持てません。",False,True,False,False,0,False
numbness_0_1862,"Dispatcher: 普通に手足は動いていますか？
Caller: いいえ、右手に力が入らないみたいです。",False,True,False,False,0,False
numbness_0_1863,"Dispatcher: 手足のしびれや麻痺はありますか？
Caller: はい、左側の手足がしびれて動かしにくいです。",False,True,False,False,0,False
numbness_0_1864,"Dispatcher: しびれや麻痺はありますか？
Caller: はい、右腕がしびれて力が入っていません。",False,True,False,False,0,False
numbness_0_1865,"Dispatcher: ちゃんと歩けていますか？
Caller: さっきから足がしびれると言っていて、ふらついています。",False,True,False,False,0,False
numbness_1_1866,"Dispatcher: 手足は普通に動いていますか？
Caller: はい、しびれも麻痺もなく、手足は普通に動いています。",False,True,False,False,1,False
numbness_1_1867,"Dispatcher: しびれはありますか？
Caller: ないです。",False,True,False,False,1,False
numbness_1_1868,"Dispatcher: 手や足のしびれ、片側だけ動かしにくいといったことはありますか？
Caller: いいえ、同僚を見ていますが、手足のしびれも麻痺もなく普通に動かせています。",False,True,False,False,1,False
numbness_1_1869,"Dispatcher: 手足のしびれや麻痺はありますか？
Caller: いいえ、そういう様子はありません。",False,True,False,False,1,False
numbness_1_1870,"Dispatcher: 歩き方や手の動きにおかしいところはありますか？
Caller: こちらで見る限り、しびれたり動かしにくそうな感じはないです。",False,True,False,False,1,False
numbness_2_1871,"Dispatcher: 手足のしびれや麻痺はありますか？
Caller: 今は本人のそばにいないので、しびれや麻痺があるかは分かりません。",False,True,False,False,2,False
numbness_2_1872,"Dispatcher: 片側の手足にしびれや動かしにくさはありますか？
Caller: 電話で頭が痛いとだけ聞いていて、手足のことまでは確認できていません。",False,True,False,False,2,False
numbness_2_1873,"Dispatcher: 普通に歩けていますか？
Caller: 別の部屋にいて姿が見えないので、しびれや麻痺があるかは確認できません。",False,True,False,False,2,False
numbness_2_1874,"Dispatcher: 手は両方とも同じように使えていますか？
Caller: 今メッセージで頭痛と来ただけで、腕や足のしびれは確認できていません。",False,True,False,False,2,False
numbness_2_1875,"Dispatcher: しびれや麻痺はありますか？
Caller: あるかどうか分かりません。",False,True,False,False,2,False
numbness_-1_1876,"Dispatcher: ぼんやりしている、返事がおかしいなど、普段と違う様子はありますか？
Caller: 妻を見ていますが、受け答えも普通で、いつもと変わった様子はありません。",False,True,False,False,-1,False
numbness_-1_1877,"Dispatcher: いつもの頭痛という感じですか？
Caller: いいえ、同僚が急に今までで一番ひどい頭痛だと言い出しました。",False,True,False,False,-1,False
numbness_-1_1878,"Dispatcher: 何か変わったことはありますか？
Caller: 頭が痛いと連絡があっただけで、普段と違う振る舞いがあるかは確認できません。",False,True,False,False,-1,False
numbness_-1_1879,"Dispatcher: いつもの軽い頭痛ということでよいですか？
Caller: そこまでは分からなくて、急にひどくなったのかどうか確認できていません。",False,True,False,False,-1,False
numbness_-1_1880,"Dispatcher: 頭の痛みは、突然起こった激しい痛みですか？
Caller: いいえ、朝から少しずつ痛くなってきたようで、急に強く出た感じではありません。",False,True,False,False,-1,False
numbness_0_1881,"Dispatcher: 手足のしびれや麻痺はありますか？
Caller: はい、母が右手の感覚がおかしいと言っていて、力も入りにくそうです。",False,True,False,False,0,False
numbness_0_1882,"Dispatcher: 右か左のどちらかだけしびれる、動かしにくいといった様子はありますか？
Caller: はい、友人が左半身がしびれると言っていて、左腕がだらんとして上がりにくいです。",False,True,False,False,0,False
numbness_0_1883,"Dispatcher: 手足のしびれや麻痺はありますか？
Caller: はい、右足がしびれていて、うまく踏ん張れない状態です。",False,True,False,False,0,False
numbness_0_1884,"Dispatcher: 普通に歩けていますか？
Caller: いいえ、足がしびれて歩きにくいと言っています。",False,True,False,False,0,False
numbness_0_1885,"Dispatcher: 手足にしびれたり、思うように動かせないところはありますか？
Caller: はい、父が箸を落としてしまって、右手がしびれて力が入らないと言っています。",False,True,False,False,0,False
numbness_1_1886,"Dispatcher: 歩き方や手の動きは普段どおりですか？
Caller: ええ、娘は手足のしびれもなく、普通に動けています。",False,True,False,False,1,False
numbness_1_1887,"Dispatcher: 手足のしびれや麻痺はありますか？
Caller: いいえ、しびれたり動かしにくいところはないそうです。",False,True,False,False,1,False
numbness_1_1888,"Dispatcher: 片側の手足がしびれる、力が入らないといったことはありますか？
Caller: いいえ、本人に確認しましたが、手足はどちらも普通でしびれはないとのことです。",False,True,False,False,1,False
numbness_1_1889,"Dispatcher: 手や足にしびれたり、片側だけ動かしにくい様子は見られますか？
Caller: いいえ、兄は両手両足とも普通に動かせていて、しびれや麻痺はありません。",False,True,False,False,1,False
numbness_1_1890,"Dispatcher: 手足のしびれや麻痺はありますか？
Caller: いいえ、しびれも麻痺もなく、手足は問題なく動いています。",False,True,False,False,1,False
numbness_2_1891,"Dispatcher: 手足のしびれや麻痺はありますか？
Caller: 同僚から頭が痛いと連絡が来ただけで、しびれや麻痺があるかまでは分かりません。",False,True,False,False,2,False
numbness_2_1892,"Dispatcher: 手足のしびれや麻痺はありますか？
Caller: しびれや麻痺があるかは分かりません。",False,True,False,False,2,False
numbness_2_1893,"Dispatcher: 普通に手足は動かせていますか？
Caller: 友人からは頭痛のことしか聞いておらず、しびれや麻痺があるかは確認できていません。",False,True,False,False,2,False
numbness_2_1894,"Dispatcher: 片方の手足が動かしにくい様子はありますか？
Caller: 母は別の部屋で休んでいて見えていないので、しびれや麻痺の有無は分かりません。",False,True,False,False,2,False
numbness_2_1895,"Dispatcher: 手足のしびれや麻痺はありますか？
Caller: 今はそばにいないので、しびれや麻痺があるかは確認できません。",False,True,False,False,2,False
numbness_-1_1896,"Dispatcher: いつもの頭痛ではなく、急にひどくなった感じですか？
Caller: はい、夫がさっき急に頭を押さえて、今までで一番ひどい痛みだと言っています。",False,True,False,False,-1,False
numbness_-1_1897,"Dispatcher: 何かいつもと違う様子はありますか？
Caller: はい、父は受け答えがちぐはぐで、落ち着きなく同じことを繰り返しています。",False,True,False,False,-1,False
numbness_-1_1898,"Dispatcher: 何か変わった様子はありますか？
Caller: 妹から頭痛の連絡だけで、普段と違う振る舞いがあるかまでは分かりません。",False,True,False,False,-1,False
numbness_-1_1899,"Dispatcher: ぼんやりしていたり、いつもと違う行動はありますか？
Caller: はい、同僚が急に会話がかみ合わなくなって、書類の置き場所も分からなくなっています。",False,True,False,False,-1,False
numbness_-1_1900,"Dispatcher: 頭の痛みは、突然起こった激しい痛みですか？
Caller: 本人から頭が痛いとは聞いていますが、急に始まったのか強さがどれほどかは分かりません。",False,True,False,False,-1,False
numbness_0_1901,"Dispatcher: 手足は普通に動かせていますか？
Caller: いいえ、妻は右腕がしびれて力も入りにくいです。",False,True,False,False,0,False
numbness_0_1902,"Dispatcher: 手足に何か異常はありますか？
Caller: はい、弟は左足がしびれると言っていて、少し引きずるように歩いています。",False,True,False,False,0,False
numbness_0_1903,"Dispatcher: しびれはありますか？
Caller: はい、母は左手がしびれてうまく持てないと言っています。",False,True,False,False,0,False
numbness_0_1904,"Dispatcher: 体の片側が動かしにくいことはありますか？
Caller: はい、父は右側の手足に力が入りにくいです。",False,True,False,False,0,False
numbness_0_1905,"Dispatcher: しびれや麻痺のような様子はありますか？
Caller: 娘が頭痛に加えて片腕がじんじんすると言っていて、コップも落としそうになっていました。",False,True,False,False,0,False
numbness_1_1906,"Dispatcher: 手足のしびれや麻痺はありますか？
Caller: いいえ、夫の手足にしびれや動かしにくさはありません。",False,True,False,False,1,False
numbness_1_1907,"Dispatcher: 手足は普通に動かせていますか？
Caller: はい、しびれも麻痺もなく普通に動いています。",False,True,False,False,1,False
numbness_1_1908,"Dispatcher: 片側の手足がしびれたり力が入りにくいことはありますか？
Caller: いいえ、友人は両手両足とも問題なく動かせていて、しびれも訴えていません。",False,True,False,False,1,False
numbness_1_1909,"Dispatcher: しびれはありますか？
Caller: いいえ、ありません。",False,True,False,False,1,False
numbness_1_1910,"Dispatcher: 手足に変わった感じはありますか？
Caller: 弟は頭痛だけで、しびれたり動かしにくかったりはしていません。",False,True,False,False,1,False
numbness_2_1911,"Dispatcher: 手足のしびれや麻痺はありますか？
Caller: 今は本人のそばにいないので、しびれや麻痺があるかは確認できません。",False,True,False,False,2,False
numbness_2_1912,"Dispatcher: 手足のしびれや麻痺はありますか？
Caller: まだそこは見ていないので、しびれや麻痺があるかは分かりません。",False,True,False,False,2,False
numbness_2_1913,"Dispatcher: 普通に歩けていますか？
Caller: 会社からの電話で頭痛とだけ聞いていて、手足のしびれや動かしにくさまでは確認できていません。",False,True,False,False,2,False
numbness_2_1914,"Dispatcher: 体の様子で気になることはありますか？
Caller: 祖母が頭痛を訴えていることしか分からず、しびれがあるかどうかはまだ見られていません。",False,True,False,False,2,False
numbness_2_1915,"Dispatcher: 手足は普通に動かせていますか？
Caller: しびれや麻痺があるかは確認できていません。",False,True,False,False,2,False
numbness_-1_1916,"Dispatcher: 普段と違う振る舞いや様子はありますか？
Caller: 今は電話で聞いただけなので、いつもと違う振る舞いがあるかまでは確認できません。",False,True,False,False,-1,False
numbness_-1_1917,"Dispatcher: 何か変わったことはありますか？
Caller: 頭が痛いとは聞きましたが、普段と違う様子かどうかは分かりません。",False,True,False,False,-1,False
numbness_-1_1918,"Dispatcher: いきなり強い頭痛になった感じですか？
Caller: いいえ、姉は朝から少しずつ痛くなってきたと言っていて、突然の激しい痛みではありません。",False,True,False,False,-1,False
numbness_-1_1919,"Dispatcher: 急に我慢できないほどの頭痛が起きましたか？
Caller: はい、同僚が会議中に突然頭を抱えて、耐えられないくらい痛いと言っています。",False,True,False,False,-1,False
numbness_-1_1920,"Dispatcher: 頭の痛みは、突然起こった激しい痛みですか？
Caller: はい、父がさっきまで普通だったのに、急に今までにない強い頭痛だと訴えました。",False,True,False,False,-1,False
numbness_0_1921,"Dispatcher: 片方の手足が動かしにくい感じはありますか？
Caller: はい、同僚が右手に力が入らないと言っています。",False,True,False,False,0,False
numbness_0_1922,"Dispatcher: 体のどこかに違和感は出ていますか？
Caller: はい、母が左足がしびれてうまく踏ん張れないようです。",False,True,False,False,0,False
numbness_0_1923,"Dispatcher: 手足のしびれや麻痺はありますか？
Caller: はい、父は左腕がしびれていて、うまく持ち上げられません。",False,True,False,False,0,False
numbness_0_1924,"Dispatcher: 普通に手足は使えていますか？
Caller: いいえ、友人が片方の足がしびれて歩きにくいと言っています。",False,True,False,False,0,False
numbness_0_1925,"Dispatcher: しびれや動かしにくさは見られますか？
Caller: はい、妻の右半身がしびれていて、コップを持つ手にも力が入っていません。",False,True,False,False,0,False
numbness_1_1926,"Dispatcher: 手足のしびれや麻痺はありますか？
Caller: いいえ、弟は頭痛だけで、しびれはないと言っています。",False,True,False,False,1,False
numbness_1_1927,"Dispatcher: 片側の手足が動かしにくい様子はありますか？
Caller: いいえ、同僚は両手両足とも普通に動いています。",False,True,False,False,1,False
numbness_1_1928,"Dispatcher: しびれたり力が入りにくかったりはしていますか？
Caller: いいえ、母はそういう症状はなく、頭が痛いだけです。",False,True,False,False,1,False
numbness_1_1929,"Dispatcher: 手足のしびれや麻痺はありますか？
Caller: いいえ、夫にしびれや麻痺は見られません。",False,True,False,False,1,False
numbness_1_1930,"Dispatcher: 片側の手足にしびれや動かしにくさはありますか？
Caller: いいえ、友人は左右とも問題なく動かせていて、しびれもないです。",False,True,False,False,1,False
numbness_2_1931,"Dispatcher: 手足のしびれや麻痺はありますか？
Caller: すみません、本人から頭痛とだけ連絡があって、しびれがあるかはまだ分かりません。",False,True,False,False,2,False
numbness_2_1932,"Dispatcher: 普通に歩けていますか？
Caller: 今そばにいないので、しびれや麻痺があるかは確認できません。",False,True,False,False,2,False
numbness_2_1933,"Dispatcher: 手足はいつも通り動いていますか？
Caller: 姿が見えないので、しびれや動かしにくさの有無は分かりません。",False,True,False,False,2,False
numbness_2_1934,"Dispatcher: 片側の手足にしびれや力の入りにくさはありますか？
Caller: 画面越しに頭痛を訴えていただけで、手足の感覚や動きまでは確認できていません。",False,True,False,False,2,False
numbness_2_1935,"Dispatcher: しびれや麻痺はありますか？
Caller: しびれや麻痺があるかは分かりません。",False,True,False,False,2,False
numbness_-1_1936,"Dispatcher: いつもの頭痛ではなく、急に強くなった感じですか？
Caller: 本人からは頭が痛いとしか聞いておらず、急に激しくなったのかは確認できません。",False,True,False,False,-1,False
numbness_-1_1937,"Dispatcher: さっきまで普通だったのに急にひどい頭痛になった感じですか？
Caller: はい、会議中に急に頭を押さえて、今までにないくらい痛いと言い出しました。",False,True,False,False,-1,False
numbness_-1_1938,"Dispatcher: 軽い痛みではなく強い頭痛ですか？
Caller: そこまでは分からず、急にだったのか痛みがどれほど強いのかもまだ確認できていません。",False,True,False,False,-1,False
numbness_-1_1939,"Dispatcher: 何かいつもと違う様子はありますか？
Caller: はい、父は受け答えがちぐはぐで、同じことを何度も聞き返しています。",False,True,False,False,-1,False
numbness_-1_1940,"Dispatcher: 頭の痛みは、突然起こった激しい痛みですか？
Caller: はい、妻が急に今までで一番ひどい頭痛だと言って、その場に座り込んでしまいました。",False,True,False,False,-1,False
numbness_0_1941,"Dispatcher: 手足のしびれや麻痺はありますか？
Caller: はい、兄が左手のしびれと足の動かしにくさを訴えています。",False,True,False,False,0,False
numbness_0_1942,"Dispatcher: どこか片側だけ使いにくい感じはありますか？
Caller: はい、祖母は右腕がしびれて、箸を持てない状態です。",False,True,False,False,0,False
numbness_0_1943,"Dispatcher: しびれや麻痺はありますか？
Caller: はい、娘が左足がしびれて力が入りにくいと言っています。",False,True,False,False,0,False
numbness_0_1944,"Dispatcher: 手足のしびれや麻痺はありますか？
Caller: はい、同僚は右足がしびれていて、うまく立てません。",False,True,False,False,0,False
numbness_0_1945,"Dispatcher: 片側の手足にしびれや動かしにくさはありますか？
Caller: はい、夫は左腕が重い感じで、手に力が入らないと言っています。",False,True,False,False,0,False
numbness_1_1946,"Dispatcher: 手足は普通に動いていますか？
Caller: はい、しびれも麻痺もなく動いています。",False,True,False,False,1,False
numbness_1_1947,"Dispatcher: どこかしびれているところはありますか？
Caller: いいえ、手足のしびれはないそうです。",False,True,False,False,1,False
numbness_1_1948,"Dispatcher: 手足のしびれや麻痺はありますか？
Caller: いいえ、娘にしびれや麻痺はありません。",False,True,False,False,1,False
numbness_1_1949,"Dispatcher: 片側の手足が動かしにくいことはありますか？
Caller: いいえ、父は両方とも普通に動かせています。",False,True,False,False,1,False
numbness_1_1950,"Dispatcher: 手足のしびれや麻痺はありますか？
Caller: いいえ、妻はしびれも麻痺もなく、手足は問題なく動いています。",False,True,False,False,1,False
numbness_2_1951,"Dispatcher: 普通に手足は動かせていますか？
Caller: 会社から連絡を受けただけで本人を見ていないので、しびれや動かしにくさがあるかは確認できません。",False,True,False,False,2,False
numbness_2_1952,"Dispatcher: しびれや麻痺はありますか？
Caller: しびれや麻痺があるかは分かりません。",False,True,False,False,2,False
numbness_2_1953,"Dispatcher: いつもどおり歩けていますか？
Caller: 頭が痛いとは聞いていますが、手足の感じまではまだ聞けていません。",False,True,False,False,2,False
numbness_2_1954,"Dispatcher: 片方の手足が動かしにくい様子はありますか？
Caller: 今はメッセージで頭痛と来ただけで、そのあたりはまだ分からないです。",False,True,False,False,2,False
numbness_2_1955,"Dispatcher: 手足のしびれや麻痺はありますか？
Caller: 本人が部屋にこもっていて、しびれがあるかどうかまでは確認できていません。",False,True,False,False,2,False
numbness_-1_1956,"Dispatcher: いつもの頭痛ではなく、急にひどくなった感じですか？
Caller: はい、同僚がさっき急に頭を押さえて、今までで一番痛いと言っています。",False,True,False,False,-1,False
numbness_-1_1957,"Dispatcher: 頭の痛みは、突然起こった激しい痛みですか？
Caller: いいえ、朝から少しずつ痛くなってきたようで、急に強く出た感じではありません。",False,True,False,False,-1,False
numbness_-1_1958,"Dispatcher: いきなり強い頭痛が出た感じですか？
Caller: 頭痛があるとは聞きましたが、急に始まったのか強さがどれくらいかは分かりません。",False,True,False,False,-1,False
numbness_-1_1959,"Dispatcher: 頭の痛みは、突然起こった激しい痛みですか？
Caller: はい、さっきまで普通に話していたのに急に起き上がれないほどの激しい頭痛を訴えました。",False,True,False,False,-1,False
numbness_-1_1960,"Dispatcher: 何か変わった様子はありますか？
Caller: 電話で頭が痛いと聞いただけなので、普段と違う振る舞いがあるかは確認できません。",False,True,False,False,-1,False
numbness_0_1961,"Dispatcher: しびれや麻痺はありますか？
Caller: はい、左手がしびれて力も入りにくいようです。",False,True,False,False,0,False
numbness_0_1962,"Dispatcher: しびれや麻痺はありますか？
Caller: はい、右足がしびれてうまく動かせないと言っています。",False,True,False,False,0,False
numbness_0_1963,"Dispatcher: 手足のしびれや麻痺はありますか？
Caller: はい、母は頭痛に加えて左側の腕と足がしびれて、立とうとしても力が入っていません。",False,True,False,False,0,False
numbness_0_1964,"Dispatcher: 片側の手足にしびれや動かしにくさはありますか？
Caller: ええ、右手がうまく上がらず、指先もしびれると言っています。",False,True,False,False,0,False
numbness_0_1965,"Dispatcher: 体のどこかにしびれたり、動かしにくいところはありますか？
Caller: はい、友人が左足の感覚がおかしいと言っていて、歩くとふらついています。",False,True,False,False,0,False
numbness_1_1966,"Dispatcher: 手足におかしな感じはありますか？
Caller: いいえ、しびれも麻痺もなく、手足は普通に動いています。",False,True,False,False,1,False
numbness_1_1967,"Dispatcher: 手足のしびれや麻痺はありますか？
Caller: いいえ、手足のしびれや動かしにくさはないです。",False,True,False,False,1,False
numbness_1_1968,"Dispatcher: しびれや麻痺はありますか？
Caller: いいえ、そのような症状はないようです。",False,True,False,False,1,False
numbness_1_1969,"Dispatcher: どこか動かしにくいところはありますか？
Caller: いいえ、手足は問題なく動いていて、しびれも訴えていません。",False,True,False,False,1,False
numbness_1_1970,"Dispatcher: 片側の手足にしびれや力の入りにくさはありますか？
Caller: いいえ、妻の手足は左右とも普通に動いていて、しびれや麻痺は見られません。",False,True,False,False,1,False
numbness_2_1971,"Dispatcher: 手足のしびれや麻痺はありますか？
Caller: すみません、本人から頭痛の連絡だけ来ていて、しびれや麻痺があるかまでは確認できていません。",False,True,False,False,2,False
numbness_2_1972,"Dispatcher: 片側の手足がしびれたり、動かしにくかったりしますか？
Caller: 今は別のフロアにいて様子が見えないので、しびれや麻痺の有無は分かりません。",False,True,False,False,2,False
numbness_2_1973,"Dispatcher: 手足に力が入らない感じはありますか？
Caller: 頭が痛くて休んでいるとは聞きましたが、そこまではまだ確認できていないです。",False,True,False,False,2,False
numbness_2_1974,"Dispatcher: しびれや麻痺は見られますか？
Caller: 画面越しに少し話しただけなので、手足の様子までは分かりません。",False,True,False,False,2,False
numbness_2_1975,"Dispatcher: 手足のしびれや麻痺はありますか？
Caller: しびれや麻痺があるかは分かりません。",False,True,False,False,2,False
numbness_-1_1976,"Dispatcher: 頭の痛みは、突然起こった激しい痛みですか？
Caller: はい、急に今までにないくらい強い痛みが来たと本人が言っています。",False,True,False,False,-1,False
numbness_-1_1977,"Dispatcher: ぼんやりしている、返事がおかしいなど、普段と違う様子はありますか？
Caller: いいえ、受け答えは普段どおりで、行動も特に変わりありません。",False,True,False,False,-1,False
numbness_-1_1978,"Dispatcher: 頭の痛みは、突然起こった激しい痛みですか？
Caller: いいえ、昨日から続いている頭痛で、急にひどくなったわけではないです。",False,True,False,False,-1,False
numbness_-1_1979,"Dispatcher: いきなり耐えられないほどの頭痛が出ましたか？
Caller: はい、さっき急に叫ぶほどの強い頭痛が来たと訴えました。",False,True,False,False,-1,False
numbness_-1_1980,"Dispatcher: 何か変わったことはありますか？
Caller: はい、さっきから同じことを何度も聞き返していて、普段より明らかに様子がおかしいです。",False,True,False,False,-1,False
numbness_0_1981,"Dispatcher: 体のどこか動かしにくい感じはありますか？
Caller: はい、本人が片方の腕に力が入らないと言っています。",False,True,False,False,0,False
numbness_0_1982,"Dispatcher: 手足のしびれや麻痺のような症状はありますか？
Caller: はい、同僚が左手と左足がしびれて、うまく動かせないと言っています。",False,True,False,False,0,False
numbness_0_1983,"Dispatcher: 手足のしびれや麻痺はありますか？
Caller: はい、右手がしびれて力も入りにくいようです。",False,True,False,False,0,False
numbness_0_1984,"Dispatcher: 片側の手足にしびれや動かしにくさはありますか？
Caller: あります、左足がしびれて歩きにくそうです。",False,True,False,False,0,False
numbness_0_1985,"Dispatcher: しびれはありますか？
Caller: はい、母は右腕がしびれて箸を持ちにくいと言っています。",False,True,False,False,0,False
numbness_1_1986,"Dispatcher: 体のどこか動かしにくい感じはありますか？
Caller: いいえ、手足は普通に動いていて、しびれもないです。",False,True,False,False,1,False
numbness_1_1987,"Dispatcher: 手足のしびれや麻痺はありますか？
Caller: いいえ、両手両足とも問題なく動いていて、しびれや力の入りにくさはありません。",False,True,False,False,1,False
numbness_1_1988,"Dispatcher: 片側の手足にしびれや動かしにくさはありますか？
Caller: いいえ、そういう様子はなく普通に動けています。",False,True,False,False,1,False
numbness_1_1989,"Dispatcher: しびれはありますか？
Caller: ありません。友人の手も足も普段どおりで、力が入らない感じもないです。",False,True,False,False,1,False
numbness_1_1990,"Dispatcher: 体のどこか感覚がおかしい様子はありますか？
Caller: いいえ、頭痛はありますが、手足のしびれや麻痺はなさそうです。",False,True,False,False,1,False
numbness_2_1991,"Dispatcher: しびれはありますか？
Caller: そこはまだ分かりません。",False,True,False,False,2,False
numbness_2_1992,"Dispatcher: 体のどこか動かしにくい感じはありますか？
Caller: 電話で頭が痛いと聞いただけで、手足のしびれや麻痺までは確認できていません。",False,True,False,False,2,False
numbness_2_1993,"Dispatcher: 手足のしびれや麻痺はありますか？
Caller: 今は別の部屋にいて本人の様子が見えないので、しびれや麻痺があるかは分かりません。",False,True,False,False,2,False
numbness_2_1994,"Dispatcher: 体の様子で気になることはありますか？
Caller: 娘から頭痛の連絡だけで、手足がしびれるとか動かしにくいとかは確認できていません。",False,True,False,False,2,False
numbness_2_1995,"Dispatcher: 片側の手足にしびれや動かしにくさがあるか見られますか？
Caller: 近くにいないので、しびれや麻痺の有無は確認できません。",False,True,False,False,2,False
numbness_-1_1996,"Dispatcher: 普段と違う振る舞いや様子はありますか？
Caller: はい、夫が質問にうまく答えられず、ぼんやりしていていつもと明らかに違います。",False,True,False,False,-1,False
numbness_-1_1997,"Dispatcher: 受け答えが変だったり、普段と違う行動はありますか？
Caller: いいえ、同僚は会話もしっかりしていて、様子や行動はいつもどおりです。",False,True,False,False,-1,False
numbness_-1_1998,"Dispatcher: いつもの頭痛ではなく、急にひどくなった感じですか？
Caller: はい、さっきまで普通だったのに、突然ものすごい頭痛が来たと本人が言っています。",False,True,False,False,-1,False
numbness_-1_1999,"Dispatcher: 痛みは急に強く出ましたか？
Caller: はい、妹が急に頭を押さえて、今までにないくらい痛いと言い出しました。",False,True,False,False,-1,False
numbness_-1_2000,"Dispatcher: 普段と違う振る舞いや様子はありますか？
Caller: いいえ、受け答えも普通で、変わった行動は見られません。",False,True,False,False,-1,False
numbness_0_2001,"Dispatcher: 手足のしびれや麻痺はありますか？
Caller: はい、父は左手がしびれて、コップを持つのもつらそうです。",False,True,False,False,0,False
numbness_0_2002,"Dispatcher: 片側の手足にしびれや動かしにくさはありますか？
Caller: はい、右半身にしびれがあって、特に右腕に力が入らないです。",False,True,False,False,0,False
numbness_0_2003,"Dispatcher: しびれはありますか？
Caller: はい、上司が左足の感覚がおかしくて、うまく踏ん張れないと言っています。",False,True,False,False,0,False
numbness_0_2004,"Dispatcher: 手足のしびれや麻痺はありますか？
Caller: はい、妻の右手がしびれていて、指が思うように動かせないです。",False,True,False,False,0,False
numbness_0_2005,"Dispatcher: 片側の手足にしびれや動かしにくさはありますか？
Caller: はい、友人は左腕と左脚がしびれていて、立ち上がるとふらつくほど力が入りにくいです。",False,True,False,False,0,False
numbness_1_2006,"Dispatcher: しびれはありますか？
Caller: いいえ、しびれも麻痺もなく、手足は普通に動いています。",False,True,False,False,1,False
numbness_1_2007,"Dispatcher: 体のどこか感覚がおかしい様子はありますか？
Caller: いいえ、頭痛だけで、手足の感覚や動きは特に変わりないようです。",False,True,False,False,1,False
numbness_1_2008,"Dispatcher: 手足のしびれや麻痺はありますか？
Caller: いいえ、そういった症状は見られません。",False,True,False,False,1,False
numbness_1_2009,"Dispatcher: 片側の手足にしびれや動かしにくさはありますか？
Caller: いいえ、母は左右とも手足を普通に動かせていて、しびれや力の入りにくさはありません。",False,True,False,False,1,False
numbness_1_2010,"Dispatcher: しびれはありますか？
Caller: いいえ、弟は頭痛は訴えていますが、手足は普通でしびれた感じもないそうです。",False,True,False,False,1,False
numbness_2_2011,"Dispatcher: しびれや麻痺はありますか？
Caller: しびれや麻痺があるかは分かりません。",False,True,False,False,2,False
numbness_2_2012,"Dispatcher: 普通に手足は動かせていますか？
Caller: 会社から連絡を受けただけで本人を見ていないので、しびれや動かしにくさがあるかは確認できません。",False,True,False,False,2,False
numbness_2_2013,"Dispatcher: 歩けているということでよいですか？
Caller: そこは分かりません。しびれがあるかどうかもまだ確認できていません。",False,True,False,False,2,False
numbness_2_2014,"Dispatcher: 片方の手足が動かしにくい様子はありますか？
Caller: 今は別の階にいて本人の様子を見られていないので、麻痺やしびれの有無は分かりません。",False,True,False,False,2,False
numbness_2_2015,"Dispatcher: 体のどこかに力が入らない感じはありますか？
Caller: 友人から頭痛がひどいとメッセージが来ただけで、手足のしびれや力の入り方までは確認できていません。",False,True,False,False,2,False
numbness_-1_2016,"Dispatcher: 何か変わったことはありますか？
Caller: 頭が痛いと聞いただけで、普段と違う様子かどうかは分かりません。",False,True,False,False,-1,False
numbness_-1_2017,"Dispatcher: 急に強い頭痛が起きた感じですか？
Caller: はい、さっき急に今までで一番痛いくらいの頭痛だと訴えました。",False,True,False,False,-1,False
numbness_-1_2018,"Dispatcher: 普段と違う振る舞いや様子はありますか？
Caller: いいえ、受け答えも行動もいつも通りです。",False,True,False,False,-1,False
numbness_-1_2019,"Dispatcher: ぼんやりしている、返事がおかしいなど、普段と違う様子は見えますか？
Caller: はい、同じことを何度も聞き返していて、いつもの受け答えと明らかに違います。",False,True,False,False,-1,False
numbness_-1_2020,"Dispatcher: 普段と違う振る舞いや様子はありますか？
Caller: いいえ、話し方も行動も特に変わりありません。",False,True,False,False,-1,False
numbness_0_2021,"Dispatcher: しびれや麻痺はありますか？
Caller: はい、左手がしびれて力も入りにくいです。",False,True,False,False,0,False
numbness_0_2022,"Dispatcher: 手足のしびれや麻痺はありますか？
Caller: はい、母が右足がしびれてうまく踏ん張れないと言っています。",False,True,False,False,0,False
numbness_0_2023,"Dispatcher: 普通に歩けていますか？
Caller: いいえ、片足がしびれると言っていてふらついています。",False,True,False,False,0,False
numbness_0_2024,"Dispatcher: しびれや麻痺はありますか？
Caller: はい、右腕がしびれて動かしづらそうです。",False,True,False,False,0,False
numbness_0_2025,"Dispatcher: 片側の手足にしびれや動かしにくさはありますか？
Caller: はい、弟は左半身に力が入りにくいと言っています。",False,True,False,False,0,False
numbness_1_2026,"Dispatcher: 手足のしびれや麻痺はありますか？
Caller: いいえ、しびれも麻痺もないです。",False,True,False,False,1,False
numbness_1_2027,"Dispatcher: 片方の手足が動かしにくい感じはありますか？
Caller: いいえ、両手両足とも普通に動かせていて、しびれも訴えていません。",False,True,False,False,1,False
numbness_1_2028,"Dispatcher: 手足のしびれや麻痺はありますか？
Caller: いいえ、そういう症状はありません。",False,True,False,False,1,False
numbness_1_2029,"Dispatcher: 右手だけ力が入らない、足がしびれる、そういった様子はありますか？
Caller: いいえ、私の前で普通に歩けていますし、手足のしびれや動かしにくさはありません。",False,True,False,False,1,False
numbness_1_2030,"Dispatcher: 体は普通に動かせていますか？
Caller: はい、手足にしびれや麻痺はありません。",False,True,False,False,1,False
numbness_2_2031,"Dispatcher: 体の様子で気になることはありますか？
Caller: 頭痛があるとは聞いていますが、私はまだ到着していないのでしびれや麻痺があるかは分かりません。",False,True,False,False,2,False
numbness_2_2032,"Dispatcher: しびれや麻痺はありますか？
Caller: そこはまだ確認できていません。",False,True,False,False,2,False
numbness_2_2033,"Dispatcher: 手足のしびれや麻痺はありますか？
Caller: 今は隣の部屋にいて本人の手足の様子を見ていないので、しびれや麻痺があるかは分かりません。",False,True,False,False,2,False
numbness_2_2034,"Dispatcher: 普通に歩けているということでよいですか？
Caller: まだ電話で話しただけなので、しびれがあるのか歩けるのかは分かりません。",False,True,False,False,2,False
numbness_2_2035,"Dispatcher: 力が入りにくいところはありますか？
Caller: 同僚から頭痛で動けないと連絡があっただけで、手足のしびれまでは聞けていません。",False,True,False,False,2,False
numbness_-1_2036,"Dispatcher: 普段と違う振る舞いや様子はありますか？
Caller: 今日は本人にまだ会えていないので、いつもと違う様子かどうかは分かりません。",False,True,False,False,-1,False
numbness_-1_2037,"Dispatcher: 頭の痛みは、突然起こった激しい痛みですか？
Caller: いいえ、朝から少しずつ痛くなってきたようで、急に激しく始まったわけではありません。",False,True,False,False,-1,False
numbness_-1_2038,"Dispatcher: 頭の痛みは、突然起こった激しい痛みですか？
Caller: はい、急に我慢できないほど痛いと言って倒れ込むようになりました。",False,True,False,False,-1,False
numbness_-1_2039,"Dispatcher: いつもの頭痛ではなく、急にひどくなった感じですか？
Caller: はい、さっきまで普通だったのに突然ものすごい頭痛が来たと言っています。",False,True,False,False,-1,False
numbness_-1_2040,"Dispatcher: 急に強い頭痛が起きましたか？
Caller: いいえ、急にではなく、昼ごろからだんだん痛くなってきたようです。",False,True,False,False,-1,False
numbness_0_2041,"Dispatcher: 手足のしびれや麻痺はありますか？
Caller: はい、右腕がしびれていて力も入りにくいです。",False,True,False,False,0,False
numbness_0_2042,"Dispatcher: 普通に手足は動かせていますか？
Caller: いいえ、左手がしびれてうまく持てないみたいです。",False,True,False,False,0,False
numbness_0_2043,"Dispatcher: 体のどこか動かしにくいところはありますか？
Caller: はい、片足がしびれて踏ん張れないと言っています。",False,True,False,False,0,False
numbness_0_2044,"Dispatcher: 片側の手足にしびれや動かしにくさはありますか？
Caller: あります。さっきから左腕だけ感覚がおかしくて、力も入らない様子です。",False,True,False,False,0,False
numbness_0_2045,"Dispatcher: 手足のしびれや麻痺はありますか？
Caller: はい、右足がしびれて動かしづらそうです。",False,True,False,False,0,False
numbness_1_2046,"Dispatcher: 手足のしびれや麻痺はありますか？
Caller: いいえ、手も足も普通に動いていて、しびれはないと言っています。",False,True,False,False,1,False
numbness_1_2047,"Dispatcher: 歩き方や手の動きでおかしいところはありますか？
Caller: いえ、しびれたり動かしにくかったりはしていません。",False,True,False,False,1,False
numbness_1_2048,"Dispatcher: 手足のしびれや麻痺はありますか？
Caller: ありません。頭痛はありますが、手足は問題なく動いています。",False,True,False,False,1,False
numbness_1_2049,"Dispatcher: 片手だけ動かしにくいとか、足がしびれる感じはありますか？
Caller: いいえ、左右とも普通に動いていて、しびれも麻痺も見られません。",False,True,False,False,1,False
numbness_1_2050,"Dispatcher: 体の動きはいつも通りですか？
Caller: はい、しびれや動かしにくさはないようです。",False,True,False,False,1,False
numbness_2_2051,"Dispatcher: 手足のしびれや麻痺はありますか？
Caller: 今は本人のそばにいないので、しびれや麻痺があるかは確認できません。",False,True,False,False,2,False
numbness_2_2052,"Dispatcher: 普通に歩けていますか？
Caller: そこは分かりません。しびれがあるかどうかまでは確認できていません。",False,True,False,False,2,False
numbness_2_2053,"Dispatcher: 右手だけ力が入らないような様子はありますか？
Caller: 電話で頭痛と聞いただけで、手足の状態までは分からないです。",False,True,False,False,2,False
numbness_2_2054,"Dispatcher: 片側の手足にしびれや動かしにくさがあるか見られますか？
Caller: 別の部屋にいて姿が見えないので、しびれや麻痺の有無は分かりません。",False,True,False,False,2,False
numbness_2_2055,"Dispatcher: 手足のしびれや麻痺はありますか？
Caller: まだそこは聞けておらず、あるかどうか分かりません。",False,True,False,False,2,False
numbness_-1_2056,"Dispatcher: 頭の痛みは、突然起こった激しい痛みですか？
Caller: はい、さっき急に今までにないくらい強い頭痛が来たと同僚が言っています。",False,True,False,False,-1,False
numbness_-1_2057,"Dispatcher: 何か変わった様子はありますか？
Caller: いいえ、受け答えも普段通りで、変な行動はありません。",False,True,False,False,-1,False
numbness_-1_2058,"Dispatcher: いつもより様子がおかしい感じはありますか？
Caller: いいえ、特に普段と変わったところはないです。",False,True,False,False,-1,False
numbness_-1_2059,"Dispatcher: 普段と違う振る舞いや様子はありますか？
Caller: 今は電話で聞いただけなので、いつもと違う様子があるかまでは確認できません。",False,True,False,False,-1,False
numbness_-1_2060,"Dispatcher: いつもの頭痛ではなく、急に強くなった感じですか？
Caller: そこまでは分かりません。突然だったのか、どれくらい強いのか確認できていません。",False,True,False,False,-1,False
numbness_0_2061,"Dispatcher: ちゃんと両手両足は使えていますか？
Caller: いいえ、左手がしびれてコップを持てません。",False,True,False,False,0,False
numbness_0_2062,"Dispatcher: 体の動きで気になることはありますか？
Caller: あります、右足がしびれてうまく歩けないです。",False,True,False,False,0,False
numbness_0_2063,"Dispatcher: 手足に違和感はありますか？
Caller: はい、片方の腕がしびれて力が入りにくいそうです。",False,True,False,False,0,False
numbness_0_2064,"Dispatcher: 手足のしびれや麻痺はありますか？
Caller: はい、左半身がしびれると言っていて、左手はうまく上がりません。",False,True,False,False,0,False
numbness_0_2065,"Dispatcher: 片側の手足にしびれや力が入らない感じはありますか？
Caller: はい、母は右腕がしびれていて、箸を持とうとしてもすぐ落としてしまいます。",False,True,False,False,0,False
numbness_1_2066,"Dispatcher: 手足のしびれや麻痺はありますか？
Caller: いいえ、しびれも麻痺もなく、両手両足とも普通に動かせています。",False,True,False,False,1,False
numbness_1_2067,"Dispatcher: 片側の手足が動かしにくいことはありますか？
Caller: ありません。弟は左右とも問題なく動かせていて、しびれも訴えていません。",False,True,False,False,1,False
numbness_1_2068,"Dispatcher: 手足のしびれや麻痺はありますか？
Caller: いいえ、頭は痛いそうですが、手足に変な感じはないと言っています。",False,True,False,False,1,False
numbness_1_2069,"Dispatcher: 片手に力が入らないとか、足がしびれることはありますか？
Caller: ないです。普通に立てていますし、手もちゃんと使えています。",False,True,False,False,1,False
numbness_1_2070,"Dispatcher: 体の動きは普段通りですか？
Caller: はい、しびれたり麻痺したりはしていないようです。",False,True,False,False,1,False
numbness_2_2071,"Dispatcher: 普通に手足は動かせていますか？
Caller: しびれや麻痺があるかは、まだ確認できていません。",False,True,False,False,2,False
numbness_2_2072,"Dispatcher: 体の片側が動かしにくい感じはありますか？
Caller: そこは分からず、しびれや麻痺の有無は確認できていません。",False,True,False,False,2,False
numbness_2_2073,"Dispatcher: 手足のしびれや麻痺はありますか？
Caller: 頭が痛いとは聞いていますが、しびれがあるかどうかまでは分かりません。",False,True,False,False,2,False
numbness_2_2074,"Dispatcher: ちゃんと歩けていますか、それとも手足に異常がありますか？
Caller: 今は職場の別フロアにいて見えていないので、しびれや麻痺があるかは確認できません。",False,True,False,False,2,False
numbness_2_2075,"Dispatcher: 手足のしびれや麻痺はありますか？
Caller: 本人のそばにいないので、しびれや麻痺の有無は分かりません。",False,True,False,False,2,False
numbness_-1_2076,"Dispatcher: 頭の痛みは、突然起こった激しい痛みですか？
Caller: はい、さっき急に今までで一番ひどい頭痛だと言って、我慢できない様子です。",False,True,False,False,-1,False
numbness_-1_2077,"Dispatcher: いつもの軽い頭痛ということでよいですか？
Caller: そこまでは分かりません。急に強くなったのか、もともと痛かったのか確認できていません。",False,True,False,False,-1,False
numbness_-1_2078,"Dispatcher: 急にひどくなった頭痛ですか？
Caller: いいえ、朝から少しずつ痛みが強くなってきたようで、突然ではありません。",False,True,False,False,-1,False
numbness_-1_2079,"Dispatcher: 突然の激しい頭痛ですか？
Caller: いいえ、急にではなく、昼ごろからじわじわ痛くなっています。",False,True,False,False,-1,False
numbness_-1_2080,"Dispatcher: いつもの頭痛ではなく、急に強い痛みが出た感じですか？
Caller: はい、会議中にいきなり頭を押さえて、耐えられないくらい痛いと言っていました。",False,True,False,False,-1,False
numbness_0_2081,"Dispatcher: 片側の手足にしびれや動かしにくさはありますか？
Caller: はい、母は右手がしびれて力が入らないと言っています。",False,True,False,False,0,False
numbness_0_2082,"Dispatcher: ちゃんと動けていますか？
Caller: いいえ、左足がしびれてうまく立てないみたいです。",False,True,False,False,0,False
numbness_0_2083,"Dispatcher: しびれや麻痺はありますか？
Caller: はい、左腕がしびれて動かしにくいです。",False,True,False,False,0,False
numbness_0_2084,"Dispatcher: 歩き方や手の動きにおかしさはありますか？
Caller: あります、同僚が片方の手に力が入らないと言って物を落としました。",False,True,False,False,0,False
numbness_0_2085,"Dispatcher: しびれや麻痺はありますか？
Caller: はい、顔の左側と左手がしびれると言っています。",False,True,False,False,0,False
numbness_1_2086,"Dispatcher: 手足のしびれや麻痺はありますか？
Caller: いいえ、しびれも麻痺もなく、手足は普通に動かせています。",False,True,False,False,1,False
numbness_1_2087,"Dispatcher: 片側だけ動かしにくいとか、しびれる様子はありますか？
Caller: いいえ、妻は両手両足とも問題なく動かせていて、しびれも訴えていません。",False,True,False,False,1,False
numbness_1_2088,"Dispatcher: しびれはありますか？
Caller: いいえ、手足のしびれや麻痺はないです。",False,True,False,False,1,False
numbness_1_2089,"Dispatcher: 手足に違和感や力の入りにくさはありますか？
Caller: いいえ、頭痛はありますが、しびれも動かしにくさも見られません。",False,True,False,False,1,False
numbness_1_2090,"Dispatcher: 普通に歩けて手も使えていますか？
Caller: はい、しびれや麻痺はなく、動きは普段どおりです。",False,True,False,False,1,False
numbness_2_2091,"Dispatcher: 体の動きで気になることはありますか？
Caller: 頭痛があることしか分からず、しびれがあるかはまだ聞けていません。",False,True,False,False,2,False
numbness_2_2092,"Dispatcher: 手足のしびれや麻痺はありますか？
Caller: 本人から頭が痛いとだけ連絡があって、しびれの有無までは分かりません。",False,True,False,False,2,False
numbness_2_2093,"Dispatcher: 右手だけ力が入らないなど、しびれや麻痺は見られますか？
Caller: 今はビデオ通話ではなく音声だけなので、手足の様子までは確認できず、しびれや麻痺があるか分かりません。",False,True,False,False,2,False
numbness_2_2094,"Dispatcher: しびれや麻痺はありますか？
Caller: そこはまだ分からないです。",False,True,False,False,2,False
numbness_2_2095,"Dispatcher: ちゃんと手足は動いていますか？
Caller: 友人からメッセージが来ただけで、しびれたり動かしにくかったりするかは確認できていません。",False,True,False,False,2,False
numbness_-1_2096,"Dispatcher: いきなり我慢できないほどの頭痛になりましたか？
Caller: いいえ、昨日からの頭痛が続いているだけで、急に強くなったわけではありません。",False,True,False,False,-1,False
numbness_-1_2097,"Dispatcher: 頭の痛みは、突然起こった激しい痛みですか？
Caller: 弟から頭痛でつらいと連絡はありましたが、急に始まったのか、どれほど強いのかまでは聞けていません。",False,True,False,False,-1,False
numbness_-1_2098,"Dispatcher: 何かいつもと違う様子はありますか？
Caller: 電話で頭が痛いと聞いただけで、普段と違う振る舞いがあるかは分かりません。",False,True,False,False,-1,False
numbness_-1_2099,"Dispatcher: 何か変わった行動や受け答えはありますか？
Caller: はい、父が同じことを何度も聞き返してきて、受け答えがいつもと明らかに違います。",False,True,False,False,-1,False
numbness_-1_2100,"Dispatcher: いつもと違う振る舞いはありますか？
Caller: 今は本人に会えていないので、普段と違う様子かどうかは確認できません。",False,True,False,False,-1,False
numbness_0_2101,"Dispatcher: 片方の手足が動かしにくい感じはありますか？
Caller: はい、同僚が左腕に力が入らないと言っていて、左足もしびれるようです。",False,True,False,False,0,False
numbness_0_2102,"Dispatcher: 手足のしびれや麻痺はありますか？
Caller: はい、母は右手がしびれていて、うまく持てない感じです。",False,True,False,False,0,False
numbness_0_2103,"Dispatcher: 手足のしびれや麻痺はありますか？
Caller: はい、右足がしびれて動かしにくいです。",False,True,False,False,0,False
numbness_0_2104,"Dispatcher: 普通に両手両足は使えていますか？
Caller: いいえ、夫は左手に力が入りにくいみたいです。",False,True,False,False,0,False
numbness_0_2105,"Dispatcher: 手足のしびれや麻痺はありますか？
Caller: はい、娘の左側の手足がしびれていて動かしづらそうです。",False,True,False,False,0,False
numbness_1_2106,"Dispatcher: 手足のしびれや麻痺はありますか？
Caller: いいえ、しびれや麻痺はないようです。",False,True,False,False,1,False
numbness_1_2107,"Dispatcher: 片方の手足が動かしにくい様子はありますか？
Caller: いいえ、友人は手足は普通に動かせています。",False,True,False,False,1,False
numbness_1_2108,"Dispatcher: 手足のしびれや麻痺はありますか？
Caller: いいえ、しびれも麻痺もありません。",False,True,False,False,1,False
numbness_1_2109,"Dispatcher: 体のどこかにしびれたり、力が入らないところはありますか？
Caller: いいえ、そういう様子はなく、手足は問題なく動いています。",False,True,False,False,1,False
numbness_1_2110,"Dispatcher: 片側の手足がしびれる、動かしにくいといったことはありますか？
Caller: いいえ、父は両手両足とも普通に動かせていて、しびれも訴えていません。",False,True,False,False,1,False
numbness_2_2111,"Dispatcher: 歩き方や手の動きにおかしさはありますか？
Caller: 会社から電話があっただけで、手足のしびれや動かしにくさまでは分かりません。",False,True,False,False,2,False
numbness_2_2112,"Dispatcher: 手足のしびれや麻痺はありますか？
Caller: 今は本人のそばにいないので、しびれや麻痺があるかは確認できません。",False,True,False,False,2,False
numbness_2_2113,"Dispatcher: 手足のしびれや麻痺はありますか？
Caller: しびれや麻痺があるかは分かりません。",False,True,False,False,2,False
numbness_2_2114,"Dispatcher: 手足のしびれや麻痺はありますか？
Caller: 今は電話で聞いただけなので、あるかどうか分かりません。",False,True,False,False,2,False
numbness_2_2115,"Dispatcher: 片側の手足にしびれや動かしにくさがあるか見られますか？
Caller: 別の部屋から呼ばれて来ただけで、まだ本人の手足の様子を確認できていないので分かりません。",False,True,False,False,2,False
numbness_-1_2116,"Dispatcher: 何かいつもと違う様子はありますか？
Caller: はい、弟は質問しても返事がちぐはぐで、落ち着きなく同じことを繰り返しています。",False,True,False,False,-1,False
numbness_-1_2117,"Dispatcher: 頭の痛みは、突然起こった激しい痛みですか？
Caller: 友人から頭が痛いと連絡が来ただけで、急に始まったのか、どれほど強いのかまでは分かりません。",False,True,False,False,-1,False
numbness_-1_2118,"Dispatcher: 頭の痛みは、突然起こった激しい痛みですか？
Caller: 本人から頭痛とだけ聞いていて、突然なのか激しいのかは分かりません。",False,True,False,False,-1,False
numbness_-1_2119,"Dispatcher: 受け答えが変だったり、いつもと違う感じはありますか？
Caller: 今はまだ会えていなくて、普段と違う振る舞いがあるかは確認できません。",False,True,False,False,-1,False
numbness_-1_2120,"Dispatcher: いつもの頭痛ではなく、急にひどくなった感じですか？
Caller: いいえ、朝から少しずつ痛くなってきたようで、急に激しく出た頭痛ではありません。",False,True,False,False,-1,False
numbness_0_2121,"Dispatcher: ちゃんと両手足は動いていますか？
Caller: いいえ、姉は右手がしびれて力が入りにくいです。",False,True,False,False,0,False
numbness_0_2122,"Dispatcher: 手足のしびれや麻痺はありますか？
Caller: はい、父が左足の感覚がおかしいと言っていて、少し動かしにくそうです。",False,True,False,False,0,False
numbness_0_2123,"Dispatcher: 体のどこかがしびれたり、力が入らないところはありますか？
Caller: はい、妻は右腕がしびれてコップを落としそうになり、握る力も弱いです。",False,True,False,False,0,False
numbness_0_2124,"Dispatcher: 手足のしびれや麻痺はありますか？
Caller: はい、祖母は片方の足がしびれると言っています。",False,True,False,False,0,False
numbness_0_2125,"Dispatcher: いつも通り歩いたり持ったりできていますか？
Caller: いいえ、友人は左足がしびれてふらついていて、左手にも力が入りにくいそうです。",False,True,False,False,0,False
numbness_1_2126,"Dispatcher: 手足は普段通り動いていますか？
Caller: はい、しびれたり動かしにくかったりはしていません。",False,True,False,False,1,False
numbness_1_2127,"Dispatcher: 手足のしびれや麻痺はありますか？
Caller: いいえ、母はしびれはなく、両手両足とも普段どおり動かせています。",False,True,False,False,1,False
numbness_1_2128,"Dispatcher: 片方だけ動かしづらいとか、感覚が変なところはありますか？
Caller: いいえ、同僚は手足の動きも感覚もいつもどおりです。",False,True,False,False,1,False
numbness_1_2129,"Dispatcher: 手足のしびれや麻痺はありますか？
Caller: いいえ、しびれも麻痺もなく普通に動いています。",False,True,False,False,1,False
numbness_1_2130,"Dispatcher: どこかしびれていたり、力が入らないところはありますか？
Caller: いいえ、夫は手足に異常はなく、しっかり動かせています。",False,True,False,False,1,False
numbness_2_2131,"Dispatcher: 手足のしびれや麻痺はありますか？
Caller: まだそこは確認できていなくて、しびれや麻痺があるかは分かりません。",False,True,False,False,2,False
numbness_2_2132,"Dispatcher: 手足のしびれや麻痺はありますか？
Caller: 頭が痛いとは聞いていますが、しびれや麻痺の有無までは分かりません。",False,True,False,False,2,False
numbness_2_2133,"Dispatcher: 手足のしびれや麻痺はありますか？
Caller: 今は本人が別の部屋にいて見えていないので、しびれや麻痺があるか確認できません。",False,True,False,False,2,False
numbness_2_2134,"Dispatcher: 片側の手足がしびれるとか、動かしにくい様子はありますか？
Caller: 電話で頭痛を訴えてきただけで、手足の状態までは見られていません。",False,True,False,False,2,False
numbness_2_2135,"Dispatcher: 普通に両手足は使えていますか？
Caller: 本人は布団に横になったままで、しびれや力の入り方まではこちらでは判断できません。",False,True,False,False,2,False
numbness_-1_2136,"Dispatcher: いつもの頭痛ではなく、急にものすごく強い痛みが出た感じですか？
Caller: はい、さっき急に今までで一番ひどい頭痛だと言ってうずくまりました。",False,True,False,False,-1,False
numbness_-1_2137,"Dispatcher: 普段と違う振る舞いや様子はありますか？
Caller: 今は職場から連絡を受けただけで本人を見ていないので、いつもと違う様子かは確認できません。",False,True,False,False,-1,False
numbness_-1_2138,"Dispatcher: ぼんやりしている、返事がおかしいなど、普段と違う様子はありますか？
Caller: はい、話しかけても言葉がかみ合わず、同じことを何度も聞き返していて明らかにいつもと違います。",False,True,False,False,-1,False
numbness_-1_2139,"Dispatcher: いつもの頭痛という感じですか？
Caller: 友人から頭が痛いと連絡があっただけで、急に始まったのか強いのかまでは分かりません。",False,True,False,False,-1,False
numbness_-1_2140,"Dispatcher: 普段と違う振る舞いや様子はありますか？
Caller: いいえ、受け答えも普段どおりで、変わった様子はありません。",False,True,False,False,-1,False
numbness_0_2141,"Dispatcher: 手足のしびれや麻痺はありますか？
Caller: はい、母が左腕がしびれて力も入りにくいと言っています。",False,True,False,False,0,False
numbness_0_2142,"Dispatcher: 手足のしびれや麻痺はありますか？
Caller: はい、右足がしびれて動かしにくいようです。",False,True,False,False,0,False
numbness_0_2143,"Dispatcher: ふらつかず普通に歩けていますか？
Caller: いいえ、左側に力が入らないみたいで、手もしびれると言っています。",False,True,False,False,0,False
numbness_0_2144,"Dispatcher: しびれや麻痺はありますか？
Caller: はい、片方の手足がしびれてうまく動かせません。",False,True,False,False,0,False
numbness_0_2145,"Dispatcher: ちゃんと両手で物を持てていますか？
Caller: いいえ、コップを持とうとしても右手に力が入らず、しびれると言っています。",False,True,False,False,0,False
numbness_1_2146,"Dispatcher: 手足のしびれや麻痺はありますか？
Caller: いいえ、同僚の手足は普通に動いていて、しびれもないと言っています。",False,True,False,False,1,False
numbness_1_2147,"Dispatcher: 手足のしびれや麻痺はありますか？
Caller: いいえ、しびれや麻痺はありません。",False,True,False,False,1,False
numbness_1_2148,"Dispatcher: 普通に手足は動いていますか？
Caller: はい、手足は問題なく動いていて、しびれもないそうです。",False,True,False,False,1,False
numbness_1_2149,"Dispatcher: 片側だけ動かしにくい感じはありますか？
Caller: いいえ、左右とも普通に動いていて、しびれも訴えていません。",False,True,False,False,1,False
numbness_1_2150,"Dispatcher: 手足のしびれや麻痺はありますか？
Caller: いいえ、妻に確認しましたが、感覚は普通で力も入るとのことです。",False,True,False,False,1,False
numbness_2_2151,"Dispatcher: 手足のしびれや麻痺はありますか？
Caller: そこはまだ聞けておらず、しびれや麻痺があるかは分かりません。",False,True,False,False,2,False
numbness_2_2152,"Dispatcher: 普通に手足は動いていそうですか？
Caller: そのあたりは分からなくて、しびれがあるかどうかも確認できていません。",False,True,False,False,2,False
numbness_2_2153,"Dispatcher: 手足のしびれや麻痺はありますか？
Caller: 頭痛のことしか聞いていないので、しびれや麻痺までは分かりません。",False,True,False,False,2,False
numbness_2_2154,"Dispatcher: 体の動きで気になることはありますか？
Caller: まだ様子を見ていなくて、しびれや動かしにくさがあるかは不明です。",False,True,False,False,2,False
numbness_2_2155,"Dispatcher: 片側の手足にしびれや動かしにくさはありますか？
Caller: 今はオンライン会議中に頭痛を訴えただけで映像が切れてしまい、手足の様子は確認できません。",False,True,False,False,2,False
numbness_-1_2156,"Dispatcher: 普段と違う振る舞いや様子はありますか？
Caller: はい、父が急に会話のつじつまが合わなくなって、落ち着きなく部屋をうろうろしています。",False,True,False,False,-1,False
numbness_-1_2157,"Dispatcher: 受け答えが変だったり、いつもと違う行動はありますか？
Caller: はい、同僚が自分の席が分からないような様子で、質問にも的外れな返事をしています。",False,True,False,False,-1,False
numbness_-1_2158,"Dispatcher: 何か変わった様子はありますか？
Caller: 頭が痛いと聞いただけで、普段と違う振る舞いがあるかはまだ分かりません。",False,True,False,False,-1,False
numbness_-1_2159,"Dispatcher: いつもの軽い頭痛ということでよいですか？
Caller: いいえ、急に耐えられないくらい痛いと言って、その場でしゃがみ込みました。",False,True,False,False,-1,False
numbness_-1_2160,"Dispatcher: 急に起こった激しい頭痛ですか？
Caller: はい、数分前まで普通だったのに、突然ガーンときたと言って我慢できないほど痛がっています。",False,True,False,False,-1,False
numbness_0_2161,"Dispatcher: 手足のしびれや麻痺はありますか？
Caller: はい、父は右腕と右足がしびれていて、うまく力が入らないです。",False,True,False,False,0,False
numbness_0_2162,"Dispatcher: 手足のしびれや麻痺はありますか？
Caller: はい、同僚が左手を動かしにくいと言っていて、足もしびれるそうです。",False,True,False,False,0,False
numbness_0_2163,"Dispatcher: 普通に手足は使えていますか？
Caller: いいえ、母は片方の手に力が入りにくくて、足先もしびれるみたいです。",False,True,False,False,0,False
numbness_0_2164,"Dispatcher: 歩いたり物を持ったりは普段どおりできていますか？
Caller: できていません、夫はコップを落としていて、右手がしびれて力が入らないと言っています。",False,True,False,False,0,False
numbness_0_2165,"Dispatcher: 体の動きで気になることはありますか？
Caller: はい、友人の左半身がしびれる感じで、腕が上がりにくくなっています。",False,True,False,False,0,False
numbness_1_2166,"Dispatcher: ふらつきではなく、手足の感覚が変だったり動かしにくかったりしますか？
Caller: いいえ、しびれも麻痺もなくて、手足は普通に動かせています。",False,True,False,False,1,False
numbness_1_2167,"Dispatcher: 手足のしびれや麻痺はありますか？
Caller: いいえ、頭痛はありますが、しびれや動かしにくさはないようです。",False,True,False,False,1,False
numbness_1_2168,"Dispatcher: 片側の手足にしびれや力の入りにくさはありますか？
Caller: ないです、弟は両手両足とも普通に動かせています。",False,True,False,False,1,False
numbness_1_2169,"Dispatcher: 手足のしびれや麻痺はありますか？
Caller: いいえ、妻に確認しましたが、しびれも麻痺もまったくないとのことです。",False,True,False,False,1,False
numbness_1_2170,"Dispatcher: 体の動きにおかしいところはありますか？
Caller: 特になくて、母は手足のしびれも力の入りにくさもないです。",False,True,False,False,1,False
numbness_2_2171,"Dispatcher: しびれや麻痺はありますか？
Caller: 今は本人のそばにいないので、しびれや麻痺があるかは分かりません。",False,True,False,False,2,False
numbness_2_2172,"Dispatcher: 手足のしびれや麻痺はありますか？
Caller: 職場から連絡を受けただけで、手足がしびれているか動かしにくいかまでは確認できていません。",False,True,False,False,2,False
numbness_2_2173,"Dispatcher: 手足のしびれや麻痺はありますか？
Caller: まだ本人と話せていないので、しびれや麻痺の有無は分かりません。",False,True,False,False,2,False
numbness_2_2174,"Dispatcher: 片側の手足がしびれる、動かしにくいような様子はありますか？
Caller: 友人づてに頭痛と聞いただけで、体の動きやしびれまでは見られていません。",False,True,False,False,2,False
numbness_2_2175,"Dispatcher: ちゃんと歩けていますか？
Caller: そこは分かりません。しびれや麻痺があるかどうかはまだ確認できていません。",False,True,False,False,2,False
numbness_-1_2176,"Dispatcher: 頭の痛みは、突然起こった激しい痛みですか？
Caller: いいえ、朝から少しずつ痛くなってきたようで、急に激しく出た感じではありません。",False,True,False,False,-1,False
numbness_-1_2177,"Dispatcher: いつもの頭痛という感じですか？
Caller: いいえ、さっき急に今までにないくらい強い頭痛が来たと本人が言っています。",False,True,False,False,-1,False
numbness_-1_2178,"Dispatcher: 頭の痛みは、突然起こった激しい痛みですか？
Caller: 別の部署にいて本人を見ていないので、急に始まったのか、どれほど強いのかまでは分かりません。",False,True,False,False,-1,False
numbness_-1_2179,"Dispatcher: 何か変わったことはありますか？
Caller: 頭が痛いと連絡があっただけで、普段と違う様子かどうかはまだ分かりません。",False,True,False,False,-1,False
numbness_-1_2180,"Dispatcher: ぼんやりしている、受け答えがおかしいなど、普段と違う様子はありますか？
Caller: はい、夫が質問しても話がかみ合わず、同じことを何度も言っていて明らかにいつもと違います。",False,True,False,False,-1,False
numbness_0_2181,"Dispatcher: 体は普段どおり動いていますか？
Caller: いいえ、姉は左腕がしびれていて、指先に力が入りにくいと言っています。",False,True,False,False,0,False
numbness_0_2182,"Dispatcher: しびれや麻痺はありますか？
Caller: はい、母の右足がしびれていて、うまく踏ん張れないです。",False,True,False,False,0,False
numbness_0_2183,"Dispatcher: 手足のしびれや麻痺はありますか？
Caller: はい、兄は左手がしびれていて、握ろうとしても力が入りにくいです。",False,True,False,False,0,False
numbness_0_2184,"Dispatcher: 手足のしびれや麻痺はありますか？
Caller: はい、妻の右半身にしびれがあって、腕も動かしづらそうです。",False,True,False,False,0,False
numbness_0_2185,"Dispatcher: 普通に歩けていますか？
Caller: いや、叔父は足がしびれると言っていて、片手にも力が入りにくそうです。",False,True,False,False,0,False
numbness_1_2186,"Dispatcher: 手足のしびれや麻痺はありますか？
Caller: いいえ、本人はしびれはなく、手足も問題なく動くと言っています。",False,True,False,False,1,False
numbness_1_2187,"Dispatcher: 手足は普段どおりですか？
Caller: はい、しびれたり動かしにくかったりはしていないようです。",False,True,False,False,1,False
numbness_1_2188,"Dispatcher: ちゃんと物は持てていますか？
Caller: 持てていますし、友人は手足のしびれもないと言っています。",False,True,False,False,1,False
numbness_1_2189,"Dispatcher: 手足のしびれや麻痺はありますか？
Caller: いいえ、同僚を見ていますが、両腕両足とも普通に動いていて、しびれは訴えていません。",False,True,False,False,1,False
numbness_1_2190,"Dispatcher: 体の動きに変わったところはありますか？
Caller: いいえ、しびれも麻痺もなく、手足は普通に動かせています。",False,True,False,False,1,False
numbness_2_2191,"Dispatcher: しびれや麻痺はありますか？
Caller: しびれや麻痺があるかは分かりません。",False,True,False,False,2,False
numbness_2_2192,"Dispatcher: 普通に手足は動かせていますか？
Caller: 今は本人のそばにいないので、しびれや麻痺があるかは確認できません。",False,True,False,False,2,False
numbness_2_2193,"Dispatcher: 片方の腕だけ動かしにくいようなことはありますか？
Caller: 職場から連絡を受けただけで見ていないので、しびれや麻痺の有無は分かりません。",False,True,False,False,2,False
numbness_2_2194,"Dispatcher: 手足のしびれや麻痺はありますか？
Caller: そこはまだ確認できていなくて、分かりません。",False,True,False,False,2,False
numbness_2_2195,"Dispatcher: 歩き方は普通ですか？
Caller: 電話で頭が痛いと聞いただけなので、しびれや麻痺があるかまでは分かりません。",False,True,False,False,2,False
numbness_-1_2196,"Dispatcher: 何か変わった様子はありますか？
Caller: いいえ、受け答えも普段どおりです。",False,True,False,False,-1,False
numbness_-1_2197,"Dispatcher: いつもと違う行動はありますか？
Caller: いいえ、特に変わった様子はありません。",False,True,False,False,-1,False
numbness_-1_2198,"Dispatcher: 急にものすごく強い頭痛になった感じですか？
Caller: いいえ、朝から少しずつ痛くなってきたようです。",False,True,False,False,-1,False
numbness_-1_2199,"Dispatcher: 普段と違う振る舞いや様子はありますか？
Caller: はい、話しかけても返事がちぐはぐで、いつもと明らかに違います。",False,True,False,False,-1,False
numbness_-1_2200,"Dispatcher: いつもの頭痛ではなく、急に我慢できないほど強く痛みましたか？
Caller: はい、さっき急に頭を押さえて、耐えられないくらい痛いと言いました。",False,True,False,False,-1,False
numbness_0_2201,"Dispatcher: 手足のしびれや麻痺はありますか？
Caller: はい、右手と右足がしびれて力も入りにくいです。",False,True,False,False,0,False
numbness_0_2202,"Dispatcher: 片側の手足にしびれや動かしにくさはありますか？
Caller: はい、左腕がしびれてうまく上がらないです。",False,True,False,False,0,False
numbness_0_2203,"Dispatcher: しびれや麻痺はありますか？
Caller: はい、片方の足がしびれて踏ん張れないようです。",False,True,False,False,0,False
numbness_0_2204,"Dispatcher: ちゃんと両手を使えていますか？
Caller: いいえ、右手に力が入らず、しびれると言っています。",False,True,False,False,0,False
numbness_0_2205,"Dispatcher: 手足のしびれや麻痺は見られますか？
Caller: はい、母は左半身がしびれて動かしづらそうです。",False,True,False,False,0,False
numbness_1_2206,"Dispatcher: しびれや麻痺はありますか？
Caller: いいえ、しびれはないようです。",False,True,False,False,1,False
numbness_1_2207,"Dispatcher: 手足は普通に動かせていますか？
Caller: はい、腕も足も普段どおり動いていて、しびれもありません。",False,True,False,False,1,False
numbness_1_2208,"Dispatcher: 片側の手足にしびれや力の入りにくさはありますか？
Caller: いいえ、しびれも麻痺もなく、両手足とも普通に動いています。",False,True,False,False,1,False
numbness_1_2209,"Dispatcher: 右手だけしびれる、足が動かしにくいなどはありますか？
Caller: いいえ、本人の横で見ていますが、手足のしびれも動かしにくさもありません。",False,True,False,False,1,False
numbness_1_2210,"Dispatcher: しびれや麻痺はありますか？
Caller: いいえ、そういう症状は出ていません。",False,True,False,False,1,False
numbness_2_2211,"Dispatcher: 体の動きで気になることはありますか？
Caller: 頭痛の連絡だけで、しびれがあるかどうかはまだ分かりません。",False,True,False,False,2,False
numbness_2_2212,"Dispatcher: しびれや麻痺はありますか？
Caller: 今は別室にいて見えていないので、しびれや麻痺があるか確認できません。",False,True,False,False,2,False
numbness_2_2213,"Dispatcher: 手足は普通に動かせていますか？
Caller: メッセージで頭痛と来ただけで、しびれや麻痺があるかは分かりません。",False,True,False,False,2,False
numbness_2_2214,"Dispatcher: 片側の体が動かしにくい様子はありますか？
Caller: 本人がトイレにこもっていて確認できず、しびれや麻痺の有無は分かりません。",False,True,False,False,2,False
numbness_2_2215,"Dispatcher: 手足のしびれや麻痺はありますか？
Caller: 近くにいないので、しびれや麻痺があるかは確認できません。",False,True,False,False,2,False
numbness_-1_2216,"Dispatcher: 普段と違う振る舞いや様子はありますか？
Caller: はい、急にぼんやりして会話がかみ合わなくなっています。",False,True,False,False,-1,False
numbness_-1_2217,"Dispatcher: 何か変わった様子はありますか？
Caller: いいえ、受け答えは普通で、いつもと変わりません。",False,True,False,False,-1,False
numbness_-1_2218,"Dispatcher: 頭の痛みは、突然起こった激しい痛みですか？
Caller: いいえ、昼ごろからじわじわ痛くなってきたと言っています。",False,True,False,False,-1,False
numbness_-1_2219,"Dispatcher: いつもと違う行動をしていますか？
Caller: はい、同じことを何度も聞き返してきて、普段の様子ではありません。",False,True,False,False,-1,False
numbness_-1_2220,"Dispatcher: 急に激しい頭痛が始まったのですか？
Caller: いいえ、急ではなく、夕方からだんだん痛みが強くなっています。",False,True,False,False,-1,False
numbness_0_2221,"Dispatcher: 片方の手足が動かしにくい感じはありますか？
Caller: はい、同僚が左腕に力が入らないと言っています。",False,True,False,False,0,False
numbness_0_2222,"Dispatcher: 手足のしびれや麻痺はありますか？
Caller: はい、母が右手と右足がしびれてうまく動かせない状態です。",False,True,False,False,0,False
numbness_0_2223,"Dispatcher: 片側の体に違和感は出ていますか？
Caller: はい、父が左半身がしびれると言っていて、力も入りにくそうです。",False,True,False,False,0,False
numbness_0_2224,"Dispatcher: 手や足にしびれたり、動かしにくかったりする様子はありますか？
Caller: はい、妻の右腕がしびれていて、コップを持とうとしても落としてしまいます。",False,True,False,False,0,False
numbness_0_2225,"Dispatcher: 普通に両手両足は使えていますか？
Caller: いいえ、友人は片方の足がしびれて踏ん張れないようです。",False,True,False,False,0,False
numbness_1_2226,"Dispatcher: 手足のしびれや麻痺はありますか？
Caller: いいえ、頭痛はありますが、しびれや動かしにくさはないです。",False,True,False,False,1,False
numbness_1_2227,"Dispatcher: 体のどこか動かしづらい感じはありますか？
Caller: いいえ、しびれも麻痺もありません。",False,True,False,False,1,False
numbness_1_2228,"Dispatcher: 手足のしびれや麻痺はありますか？
Caller: いいえ、手足は普通に動いていて、しびれも訴えていません。",False,True,False,False,1,False
numbness_1_2229,"Dispatcher: 片側の手足に力が入らない様子はありますか？
Caller: いいえ、そういう感じはなく、手足は問題なく動いています。",False,True,False,False,1,False
numbness_1_2230,"Dispatcher: しびれたり、麻痺したりしているところはありますか？
Caller: いいえ、娘は頭痛だけで、しびれや麻痺はありません。",False,True,False,False,1,False
numbness_2_2231,"Dispatcher: しびれや麻痺はありますか？
Caller: しびれや麻痺があるかは分かりません。",False,True,False,False,2,False
numbness_2_2232,"Dispatcher: 片側の手足にしびれや動かしにくさがあるか見られますか？
Caller: 今は別の部屋にいて姿が見えないので、しびれや麻痺の有無は確認できません。",False,True,False,False,2,False
numbness_2_2233,"Dispatcher: 普通に手足は動いていそうですか？
Caller: そこはまだ分からず、しびれがあるか確認できていません。",False,True,False,False,2,False
numbness_2_2234,"Dispatcher: 手足のしびれや麻痺はありますか？
Caller: 電話で頭が痛いと聞いただけで、しびれや麻痺があるかまでは分かりません。",False,True,False,False,2,False
numbness_2_2235,"Dispatcher: 体の動きで気になることはありますか？
Caller: 頭痛のことしか聞けていなくて、手足のしびれは分かりません。",False,True,False,False,2,False
numbness_-1_2236,"Dispatcher: 頭の痛みは、突然起こった激しい痛みですか？
Caller: いいえ、朝から少しずつ痛くなってきたようで、急に強く出た感じではありません。",False,True,False,False,-1,False
numbness_-1_2237,"Dispatcher: 普段と違う振る舞いや様子はありますか？
Caller: いいえ、受け答えはいつも通りで、変わった様子はありません。",False,True,False,False,-1,False
numbness_-1_2238,"Dispatcher: ぼんやりしている、返事がおかしいなど、普段と違う様子はありますか？
Caller: いいえ、会話も普通にできていて、いつもと変わりません。",False,True,False,False,-1,False
numbness_-1_2239,"Dispatcher: 何か変わったことはありますか？
Caller: はい、弟が同じことを何度も聞き返してきて、落ち着きもありません。",False,True,False,False,-1,False
numbness_-1_2240,"Dispatcher: 普段と違う振る舞いや様子はありますか？
Caller: 今日は本人にまだ会えていないので、いつもと違う様子かどうかは分かりません。",False,True,False,False,-1,False
numbness_0_2241,"Dispatcher: 手足のしびれや麻痺はありますか？
Caller: はい、夫の左手がしびれていて、うまく握れません。",False,True,False,False,0,False
numbness_0_2242,"Dispatcher: 手や足にしびれたり、力が入らないところはありますか？
Caller: はい、友人が右足の感覚がおかしいと言っていて、立つとふらついています。",False,True,False,False,0,False
numbness_0_2243,"Dispatcher: ちゃんと両手で物を持てていますか？
Caller: いいえ、母は片手に力が入らず、箸も落としてしまいました。",False,True,False,False,0,False
numbness_0_2244,"Dispatcher: 手足のしびれや麻痺はありますか？
Caller: はい、兄が左足がしびれて動かしにくいと言っています。",False,True,False,False,0,False
numbness_0_2245,"Dispatcher: 片側の手足にしびれや動かしにくさはありますか？
Caller: はい、同僚は右腕がしびれていて、キーボードを打ちにくそうです。",False,True,False,False,0,False
numbness_1_2246,"Dispatcher: 手足のしびれや麻痺はありますか？
Caller: いいえ、しびれはなく、手足も普通に動かせています。",False,True,False,False,1,False
numbness_1_2247,"Dispatcher: 体の動きにおかしいところはありますか？
Caller: いいえ、しびれも麻痺もありません。",False,True,False,False,1,False
numbness_1_2248,"Dispatcher: 手足のしびれや麻痺はありますか？
Caller: いいえ、左右とも問題なく動いていて、しびれもないです。",False,True,False,False,1,False
numbness_1_2249,"Dispatcher: 片側の手足に力が入らないことはありますか？
Caller: いいえ、そうした様子はなく、普段通りに動かせています。",False,True,False,False,1,False
numbness_1_2250,"Dispatcher: しびれたり動かしにくかったりしますか？
Caller: いいえ、その症状はありません。",False,True,False,False,1,False
numbness_2_2251,"Dispatcher: 手足のしびれや麻痺はありますか？
Caller: 会社から連絡を受けただけで本人を見ていないので、しびれや麻痺があるかはまだ分かりません。",False,True,False,False,2,False
numbness_2_2252,"Dispatcher: 片側の手足がしびれるとか、動かしにくい様子はありますか？
Caller: 友人から頭痛がひどいとメッセージが来ただけで、体の動きまでは確認できていません。",False,True,False,False,2,False
numbness_2_2253,"Dispatcher: しびれや麻痺はありますか？
Caller: しびれや麻痺があるかは分かりません。",False,True,False,False,2,False
numbness_2_2254,"Dispatcher: 普通に手足は動かせていそうですか？
Caller: そこまでは見ていなくて、しびれたり動かしにくかったりするかは分かりません。",False,True,False,False,2,False
numbness_2_2255,"Dispatcher: 手足のしびれや麻痺はありますか？
Caller: 今は別の部屋にいて様子が見えないので、しびれや麻痺の有無は確認できません。",False,True,False,False,2,False
numbness_-1_2256,"Dispatcher: 頭の痛みは、突然起こった激しい痛みですか？
Caller: はい、さっき急に我慢できないくらい強い頭痛が来たと本人が言っています。",False,True,False,False,-1,False
numbness_-1_2257,"Dispatcher: ぼんやりしている、返事がおかしいなど、普段と違う様子はありますか？
Caller: はい、同じことを何度も聞き返してきて、受け答えがいつもより明らかにおかしいです。",False,True,False,False,-1,False
numbness_-1_2258,"Dispatcher: いつもの頭痛という感じですか？
Caller: それが、頭が痛いとだけ連絡があって、急に始まったのか強さがどれほどかまでは分かりません。",False,True,False,False,-1,False
numbness_-1_2259,"Dispatcher: 何か変わったことはありますか？
Caller: はい、呼びかけても話がかみ合わず、普段と全然違う様子です。",False,True,False,False,-1,False
numbness_-1_2260,"Dispatcher: 普段と違う振る舞いや様子はありますか？
Caller: 今は電話で頭痛を訴えられただけで、いつもと違う行動があるかまでは確認できません。",False,True,False,False,-1,False
numbness_0_2261,"Dispatcher: 手足のしびれや麻痺はありますか？
Caller: はい、左手がしびれて力が入らないと言っています。",False,True,False,False,0,False
numbness_0_2262,"Dispatcher: 普通に手足は動かせていますか？
Caller: いいえ、右腕がうまく上がらなくてしびれるみたいです。",False,True,False,False,0,False
numbness_0_2263,"Dispatcher: 片側の手足にしびれや動かしにくさはありますか？
Caller: はい、右足がしびれて踏ん張れない様子です。",False,True,False,False,0,False
numbness_0_2264,"Dispatcher: 手足のしびれや麻痺はありますか？
Caller: はい、左半身がしびれて腕に力が入らないと言っています。",False,True,False,False,0,False
numbness_0_2265,"Dispatcher: どこかしびれたり、力が入りにくかったりしていますか？
Caller: はい、夫は箸を持とうとしても右手に力が入らず、しびれると言っています。",False,True,False,False,0,False
numbness_1_2266,"Dispatcher: 手足のしびれや麻痺はありますか？
Caller: いいえ、しびれはなく、手足も普通に動かせています。",False,True,False,False,1,False
numbness_1_2267,"Dispatcher: 片側の手足がしびれたり、動かしにくかったりはしますか？
Caller: いいえ、そういう様子はなく、両手両足とも問題なさそうです。",False,True,False,False,1,False
numbness_1_2268,"Dispatcher: 手足のしびれや麻痺はありますか？
Caller: いいえ、今見ていますが、しびれも麻痺もなく左右とも普通に動いています。",False,True,False,False,1,False
numbness_1_2269,"Dispatcher: 片側の体に力が入りにくいとか、しびれる感じはありますか？
Caller: いいえ、歩けていますし、手足のしびれや力の入りにくさはありません。",False,True,False,False,1,False
numbness_1_2270,"Dispatcher: 普通に手足は使えていますか？
Caller: はい、しびれたり動かしにくかったりはしていません。",False,True,False,False,1,False
numbness_2_2271,"Dispatcher: 普通に歩けていますか？
Caller: 電話だけで様子が分からず、しびれや動かしにくさがあるかは確認できていません。",False,True,False,False,2,False
numbness_2_2272,"Dispatcher: 手足はいつも通り動かせていますか？
Caller: そこはまだ聞けていなくて、しびれがあるかどうかは分かりません。",False,True,False,False,2,False
numbness_2_2273,"Dispatcher: 手足のしびれや麻痺はありますか？
Caller: 本人がトイレにこもっていて姿が見えないので、しびれや麻痺があるかは確認できません。",False,True,False,False,2,False
numbness_2_2274,"Dispatcher: 体の動きで気になるところはありますか？
Caller: 頭が痛いとは言っていますが、手足のしびれまではまだ分かっていません。",False,True,False,False,2,False
numbness_2_2275,"Dispatcher: しびれや麻痺はありますか？
Caller: しびれや麻痺があるかは分かりません。",False,True,False,False,2,False
numbness_-1_2276,"Dispatcher: 普段と違う振る舞いや様子はありますか？
Caller: はい、母はさっきから会話がかみ合わず、急に落ち着きなく部屋をうろうろしています。",False,True,False,False,-1,False
numbness_-1_2277,"Dispatcher: 頭の痛みは、突然起こった激しい痛みですか？
Caller: はい、急に頭を押さえて、今までにないくらいひどく痛いと言っています。",False,True,False,False,-1,False
numbness_-1_2278,"Dispatcher: 普段と違う振る舞いや様子はありますか？
Caller: はい、返事がちぐはぐで、いつもの受け答えではありません。",False,True,False,False,-1,False
numbness_-1_2279,"Dispatcher: ぼんやりしている、返事がおかしいなど、普段と違う様子はありますか？
Caller: すみません、私は職場から電話していて本人を見ていないので、普段と違う様子があるかは分かりません。",False,True,False,False,-1,False
numbness_-1_2280,"Dispatcher: いつもの軽い頭痛ということでよいですか？
Caller: それは分かりません。急に強くなったのか、もともとじわじわ痛かったのか確認できていません。",False,True,False,False,-1,False
numbness_0_2281,"Dispatcher: 体の片側が動かしにくい感じはありますか？
Caller: はい、父が右腕に力が入らないと言っていて、右足もしびれるようです。",False,True,False,False,0,False
numbness_0_2282,"Dispatcher: 手足のしびれや麻痺はありますか？
Caller: はい、母の左手と左足にしびれがあって、うまく動かせません。",False,True,False,False,0,False
numbness_0_2283,"Dispatcher: まっすぐ歩けていますか、それとも手足に異常がありますか？
Caller: 歩こうとしても弟の左足に力が入らず、左手もしびれているのを確認しています。",False,True,False,False,0,False
numbness_0_2284,"Dispatcher: 手足のしびれや麻痺はありますか？
Caller: はい、同僚は右半身がしびれると言っていて、右手がうまく使えていません。",False,True,False,False,0,False
numbness_0_2285,"Dispatcher: しびれや麻痺はありますか？
Caller: はい、左腕がしびれていて、指にも力が入りにくいです。",False,True,False,False,0,False
numbness_1_2286,"Dispatcher: 手足のしびれや麻痺はありますか？
Caller: いいえ、妻は頭痛はありますが、手足のしびれも麻痺もなく普通に動かせています。",False,True,False,False,1,False
numbness_1_2287,"Dispatcher: 手足のしびれや麻痺はありますか？
Caller: いいえ、しびれや麻痺はないです。",False,True,False,False,1,False
numbness_1_2288,"Dispatcher: 片側だけ動かしにくいとか、しびれる様子はありますか？
Caller: いいえ、同僚は両手両足とも普通に動いていて、しびれも訴えていません。",False,True,False,False,1,False
numbness_1_2289,"Dispatcher: 体の動きでおかしいところはありますか？
Caller: いいえ、母は手足にしびれもなく、力もちゃんと入っています。",False,True,False,False,1,False
numbness_1_2290,"Dispatcher: 手足のしびれや麻痺はありますか？
Caller: いいえ、そういう症状はありません。",False,True,False,False,1,False
numbness_2_2291,"Dispatcher: 手足のしびれや麻痺はありますか？
Caller: 今は本人のそばにいないので、しびれや麻痺があるかは分かりません。",False,True,False,False,2,False
numbness_2_2292,"Dispatcher: 手足のしびれや麻痺はありますか？
Caller: 電話で頭が痛いと聞いただけで、しびれがあるかまでは確認できていません。",False,True,False,False,2,False
numbness_2_2293,"Dispatcher: 片側の手足にしびれや動かしにくさがあるか見られますか？
Caller: 別室にいて姿が見えないので、しびれや麻痺の有無は分かりません。",False,True,False,False,2,False
numbness_2_2294,"Dispatcher: 普通に歩けている感じですか？
Caller: そこはまだ見ていなくて、手足のしびれや動かしにくさがあるかは分かりません。",False,True,False,False,2,False
numbness_2_2295,"Dispatcher: 手足のしびれや麻痺はありますか？
Caller: 友人から頭痛の連絡だけ来ていて、しびれや麻痺があるかどうかは確認できません。",False,True,False,False,2,False
numbness_-1_2296,"Dispatcher: 何かいつもと違う様子はありますか？
Caller: 会社から連絡を受けただけなので、普段と違う振る舞いがあるかまでは分かりません。",False,True,False,False,-1,False
numbness_-1_2297,"Dispatcher: 頭の痛みは、突然起こった激しい痛みですか？
Caller: はい、夫がさっき急に今までで一番ひどい頭痛だと言って、その場でうずくまりました。",False,True,False,False,-1,False
numbness_-1_2298,"Dispatcher: 頭の痛みは、突然起こった激しい痛みですか？
Caller: はい、同僚が会議中に急に頭を押さえて、耐えられないほど痛いと言い出しました。",False,True,False,False,-1,False
numbness_-1_2299,"Dispatcher: 頭の痛みは、突然起こった激しい痛みですか？
Caller: いいえ、妹は朝から少しずつ痛みが強くなったと言っていて、急に起きた感じではありません。",False,True,False,False,-1,False
numbness_-1_2300,"Dispatcher: いつもの頭痛という感じですか？
Caller: いいえ、息子が急にものすごく痛いと言って、そのまま動けなくなりました。",False,True,False,False,-1,False
numbness_0_2301,"Dispatcher: 体のどこか動かしづらいところはありますか？
Caller: はい、祖母は左手がしびれていて、コップを持とうとしても力が入っていません。",False,True,False,False,0,False
numbness_0_2302,"Dispatcher: しびれや麻痺はありますか？
Caller: はい、右手がしびれて動かしにくいです。",False,True,False,False,0,False
numbness_0_2303,"Dispatcher: 手足のしびれや麻痺はありますか？
Caller: はい、父は左足がしびれていて、うまく踏ん張れないようです。",False,True,False,False,0,False
numbness_0_2304,"Dispatcher: 手足のしびれや麻痺はありますか？
Caller: はい、妻の右腕にしびれがあって、力も入りにくいです。",False,True,False,False,0,False
numbness_0_2305,"Dispatcher: しびれや麻痺はありますか？
Caller: はい、弟は左半身がしびれると言っていて、左手が動かしづらそうです。",False,True,False,False,0,False
numbness_1_2306,"Dispatcher: しびれや麻痺はありますか？
Caller: いいえ、手足は普通に動いていて、しびれもないです。",False,True,False,False,1,False
numbness_1_2307,"Dispatcher: 手足のしびれや麻痺はありますか？
Caller: いいえ、友人は頭痛だけで、腕や足のしびれ、動かしにくさはありません。",False,True,False,False,1,False
numbness_1_2308,"Dispatcher: 体の片側がおかしい感じはありますか？
Caller: いいえ、兄は手足を普通に動かせていますし、しびれるとは言っていません。",False,True,False,False,1,False
numbness_1_2309,"Dispatcher: しびれや麻痺はありますか？
Caller: いいえ、母は手足にしびれはなく、左右とも問題なく動いています。",False,True,False,False,1,False
numbness_1_2310,"Dispatcher: しびれや麻痺はありますか？
Caller: いいえ、そのような様子はありません。",False,True,False,False,1,False
numbness_2_2311,"Dispatcher: 普通に手足は動かせていますか？
Caller: そこは分かりません。頭が痛いと聞いただけで、しびれや動かしにくさは確認できていません。",False,True,False,False,2,False
numbness_2_2312,"Dispatcher: まっすぐ歩けていますか？
Caller: 職場の別フロアから連絡を受けただけで、手足がしびれているのか力が入らないのかまでは見ていません。",False,True,False,False,2,False
numbness_2_2313,"Dispatcher: しびれや麻痺はありますか？
Caller: しびれや麻痺があるかは分かりません。",False,True,False,False,2,False
numbness_2_2314,"Dispatcher: 片側の手足にしびれや動かしにくさがあるか分かりますか？
Caller: 友人から頭痛の連絡が来ただけで今そばにいないので、しびれや麻痺があるかは確認できません。",False,True,False,False,2,False
numbness_2_2315,"Dispatcher: 手足のしびれや麻痺はありますか？
Caller: 今は本人が部屋にこもっていて見えないので、しびれや麻痺の有無は確認できません。",False,True,False,False,2,False
numbness_-1_2316,"Dispatcher: いつもどおりに受け答えできていますか？
Caller: そこは分かりません。頭痛がするとしか聞いておらず、普段と違う様子かは確認できていません。",False,True,False,False,-1,False
numbness_-1_2317,"Dispatcher: 何か変わった様子はありますか？
Caller: まだ会えていないので、いつもと違う振る舞いがあるかは分かりません。",False,True,False,False,-1,False
numbness_-1_2318,"Dispatcher: 頭の痛みは、突然起こった激しい痛みですか？
Caller: いいえ、朝から少しずつ痛くなってきたようで、急に強く出た感じではありません。",False,True,False,False,-1,False
numbness_-1_2319,"Dispatcher: ぼんやりしている、返事がおかしいなど、普段と違う様子はありますか？
Caller: 今は電話で頭が痛いと聞いただけで、受け答えや振る舞いがいつもと違うかまでは確認できません。",False,True,False,False,-1,False
numbness_-1_2320,"Dispatcher: いつもの軽い頭痛ということでよいですか？
Caller: そこまでは分かりません。急に激しくなったのか、いつもの頭痛なのか確認できていません。",False,True,False,False,-1,False
numbness_0_2321,"Dispatcher: 体のどこか動かしにくいところはありますか？
Caller: はい、同僚が右腕に力が入らないと言っています。",False,True,False,False,0,False
numbness_0_2322,"Dispatcher: 手足のしびれや麻痺はありますか？
Caller: はい、母が左手と左足がしびれて動かしづらいと言っています。",False,True,False,False,0,False
numbness_0_2323,"Dispatcher: しびれや麻痺はありますか？
Caller: はい、弟の右半身がしびれていて、うまく力が入らない様子です。",False,True,False,False,0,False
numbness_0_2324,"Dispatcher: ちゃんと歩けていますか？
Caller: いいえ、足がしびれるみたいでふらついていて、片足に力が入りにくいようです。",False,True,False,False,0,False
numbness_0_2325,"Dispatcher: 手足に何か異常はありますか？
Caller: はい、父が左腕の感覚が鈍いと言っていて、コップも持ちにくそうです。",False,True,False,False,0,False
numbness_1_2326,"Dispatcher: 手足のしびれや麻痺はありますか？
Caller: いいえ、しびれも麻痺もなく、手足は普段どおり動かせています。",False,True,False,False,1,False
numbness_1_2327,"Dispatcher: まっすぐ歩けていますか？
Caller: はい、歩けていますし、手足のしびれや動かしにくさもないです。",False,True,False,False,1,False
numbness_1_2328,"Dispatcher: 片側の手足にしびれや力の入りにくさはありますか？
Caller: いいえ、左右どちらにもそういう様子はなく、普通に動いています。",False,True,False,False,1,False
numbness_1_2329,"Dispatcher: しびれや麻痺はありますか？
Caller: いいえ、ありません。",False,True,False,False,1,False
numbness_1_2330,"Dispatcher: 手足は普通に動かせていますか？
Caller: はい、しびれもなく普通に動かせています。",False,True,False,False,1,False
numbness_2_2331,"Dispatcher: 手足のしびれや麻痺はありますか？
Caller: 今は本人のそばにいないので、しびれや麻痺があるかは確認できません。",False,True,False,False,2,False
numbness_2_2332,"Dispatcher: 片側の手足にしびれや動かしにくさはありますか？
Caller: 妹からメッセージで頭痛とだけ来ていて、手足の状態まではまだ聞けていません。",False,True,False,False,2,False
numbness_2_2333,"Dispatcher: 普通に歩けていますか？
Caller: そこはまだ見ていなくて、しびれがあるかどうかも分かりません。",False,True,False,False,2,False
numbness_2_2334,"Dispatcher: 手足のしびれや麻痺はありますか？
Caller: 電話しているのが隣人で、本人は部屋の中にいるため、しびれや麻痺の有無までは確認できていません。",False,True,False,False,2,False
numbness_2_2335,"Dispatcher: 片側の手足にしびれや動かしにくさがありますか？
Caller: 今はドア越しに話しているだけで姿が見えないので、しびれや麻痺があるかどうかは分かりません。",False,True,False,False,2,False
numbness_-1_2336,"Dispatcher: 急に我慢できないほど強い頭痛が始まりましたか？
Caller: はい、さっきまで普通だったのに、突然ひどい頭痛が来たと言っています。",False,True,False,False,-1,False
numbness_-1_2337,"Dispatcher: いつもの頭痛ではなく、急に強い痛みが出た感じですか？
Caller: いいえ、昼ごろからじわじわ痛くなってきたもので、急に激しくなったわけではありません。",False,True,False,False,-1,False
numbness_-1_2338,"Dispatcher: 頭の痛みは、突然起こった激しい痛みですか？
Caller: はい、急に頭を押さえて、その場で動けないくらい強い痛みだと言っています。",False,True,False,False,-1,False
numbness_-1_2339,"Dispatcher: 頭の痛みは、突然起こった激しい痛みですか？
Caller: いいえ、昨日から続いている頭痛で、急に始まった激しい痛みではありません。",False,True,False,False,-1,False
numbness_-1_2340,"Dispatcher: いきなり強い頭痛が来た感じですか？
Caller: はい、会話の途中で急に痛いと言い出して、今までにないくらい強いようです。",False,True,False,False,-1,False
numbness_0_2341,"Dispatcher: 手足のしびれや麻痺はありますか？
Caller: はい、本人が左腕がしびれて力も入りにくいと言っています。",False,True,False,False,0,False
numbness_0_2342,"Dispatcher: 片側の手足にしびれたり、動かしにくかったりする様子はありますか？
Caller: あります。頭痛のあとから右足がしびれると言っていて、歩き方も少しおかしいです。",False,True,False,False,0,False
numbness_0_2343,"Dispatcher: 普通に両手足は使えていますか？
Caller: いいえ、左手だけうまく持ち上がらず、しびれるとも言っています。",False,True,False,False,0,False
numbness_0_2344,"Dispatcher: 体の動きで気になることはありますか？
Caller: 右半身が動かしづらいみたいで、手もしびれると言っています。",False,True,False,False,0,False
numbness_0_2345,"Dispatcher: 手足のしびれや麻痺はありますか？
Caller: はい、右腕と右足にしびれがあって、力が入りにくいです。",False,True,False,False,0,False
numbness_1_2346,"Dispatcher: 手足のしびれや麻痺はありますか？
Caller: いいえ、頭痛はありますが、手足のしびれも動かしにくさもありません。",False,True,False,False,1,False
numbness_1_2347,"Dispatcher: 手足のしびれや麻痺はありますか？
Caller: いいえ、しびれも麻痺もなく、両手足とも普通に動かせています。",False,True,False,False,1,False
numbness_1_2348,"Dispatcher: 体の動きで気になることはありますか？
Caller: いえ、しびれたり動かしにくかったりはしていません。",False,True,False,False,1,False
numbness_1_2349,"Dispatcher: 普通に手足は使えていますか？
Caller: はい、しびれはなく、いつも通り動けています。",False,True,False,False,1,False
numbness_1_2350,"Dispatcher: どこかしびれる感じはありますか？
Caller: いいえ、しびれや麻痺はないです。",False,True,False,False,1,False
numbness_2_2351,"Dispatcher: 手足のしびれや麻痺はありますか？
Caller: すみません、本人と離れていて、しびれがあるかまでは確認できていません。",False,True,False,False,2,False
numbness_2_2352,"Dispatcher: 普通に歩けていますか？
Caller: そこは分かりません。しびれや麻痺があるかはまだ確認できていません。",False,True,False,False,2,False
numbness_2_2353,"Dispatcher: 体の動きでおかしいところはありますか？
Caller: ビデオ通話で頭が痛いと聞いただけで、手足のしびれや動かしにくさまでは見えていません。",False,True,False,False,2,False
numbness_2_2354,"Dispatcher: しびれたり力が入りにくかったりしていますか？
Caller: 同僚づてに聞いただけなので、そのあたりは分かりません。",False,True,False,False,2,False
numbness_2_2355,"Dispatcher: 片側の手足にしびれや動かしにくさはありますか？
Caller: 今は別室にいて見えていないので、しびれや麻痺の有無は確認できません。",False,True,False,False,2,False
numbness_-1_2356,"Dispatcher: 普段と違う振る舞いや様子はありますか？
Caller: まだ直接見ていないので、いつもと違う様子かどうかは分かりません。",False,True,False,False,-1,False
numbness_-1_2357,"Dispatcher: 何か変わった様子はありますか？
Caller: はい、さっきから質問しても話がかみ合わず、急に立ち上がって同じ場所をうろうろしています。",False,True,False,False,-1,False
numbness_-1_2358,"Dispatcher: いつもと違う振る舞いはありますか？
Caller: はい、受け答えがちぐはぐで、急に怒ったりぼんやりしたりしています。",False,True,False,False,-1,False
numbness_-1_2359,"Dispatcher: 受け答えや行動は普段通りですか？
Caller: はい、頭は痛がっていますが、話し方も行動もいつもと変わりません。",False,True,False,False,-1,False
numbness_-1_2360,"Dispatcher: 何か変わったことはありますか？
Caller: 頭痛があることしか分からず、普段と違う振る舞いがあるかは確認できません。",False,True,False,False,-1,False
numbness_0_2361,"Dispatcher: 手足のしびれや麻痺はありますか？
Caller: はい、母が左足がしびれて立ちにくいと言っていて、左手にも力が入りにくそうです。",False,True,False,False,0,False
numbness_0_2362,"Dispatcher: 片方の手足が動かしにくいとか、感覚がおかしい様子はありますか？
Caller: あります。父が右手の感覚が鈍いと言っていて、コップを落としました。",False,True,False,False,0,False
numbness_0_2363,"Dispatcher: 普通に歩いたり持ったりできていますか？
Caller: いや、左側がしびれるみたいで、物を持ちにくそうです。",False,True,False,False,0,False
numbness_0_2364,"Dispatcher: しびれや麻痺はありますか？
Caller: はい、右腕がしびれていて、うまく動かせないようです。",False,True,False,False,0,False
numbness_0_2365,"Dispatcher: 手足のしびれや麻痺はありますか？
Caller: はい、同僚が左手のしびれを訴えていて、左足にも力が入らずふらついています。",False,True,False,False,0,False
numbness_1_2366,"Dispatcher: 手足のしびれや麻痺はありますか？
Caller: いいえ、頭痛だけで、手足は左右とも普通に動いていてしびれもありません。",False,True,False,False,1,False
numbness_1_2367,"Dispatcher: 普通に物を持ったり歩いたりできていますか？
Caller: はい、できます。しびれや力の入りにくさは見られません。",False,True,False,False,1,False
numbness_1_2368,"Dispatcher: しびれたり動かしにくかったりしますか？
Caller: いいえ、その様子はないです。",False,True,False,False,1,False
numbness_1_2369,"Dispatcher: 手足のしびれや麻痺はありますか？
Caller: ありません。頭痛は強いですが、手足は普通です。",False,True,False,False,1,False
numbness_1_2370,"Dispatcher: 手足のしびれや麻痺はありますか？
Caller: いいえ、しびれも麻痺もなく、しっかり両手足を動かせています。",False,True,False,False,1,False
numbness_2_2371,"Dispatcher: 手足のしびれや麻痺はありますか？
Caller: 妻から頭が痛いと連絡が来ただけで、しびれがあるかまではまだ聞けていません。",False,True,False,False,2,False
numbness_2_2372,"Dispatcher: しびれや麻痺はありますか？
Caller: 今は本人が別室にいて、しびれや麻痺があるかは分かりません。",False,True,False,False,2,False
numbness_2_2373,"Dispatcher: 普通に手足は動かせていますか？
Caller: 電話してきた本人が頭痛を訴えただけなので、手足の動きやしびれは確認できていません。",False,True,False,False,2,False
numbness_2_2374,"Dispatcher: 片側の手足にしびれや動かしにくさはありますか？
Caller: 同僚が会議室で休んでいて、私は直接見ていないのでそこまでは分かりません。",False,True,False,False,2,False
numbness_2_2375,"Dispatcher: 体のどこかに違和感はありますか？
Caller: 息子は頭痛がすると言っていますが、しびれや力の入りにくさがあるかは確認できていません。",False,True,False,False,2,False
numbness_-1_2376,"Dispatcher: 頭の痛みは、突然起こった激しい痛みですか？
Caller: 友人からメッセージで頭痛いとだけ来ていて、急に強く出たのかまでは分かりません。",False,True,False,False,-1,False
numbness_-1_2377,"Dispatcher: いつもと違う振る舞いはありますか？
Caller: 今は電話で聞いただけなので、普段と違う様子があるかは確認できません。",False,True,False,False,-1,False
numbness_-1_2378,"Dispatcher: 頭の痛みは、突然起こった激しい痛みですか？
Caller: いいえ、朝から少しずつ痛くなってきたようで、急にひどくなった感じではありません。",False,True,False,False,-1,False
numbness_-1_2379,"Dispatcher: いつもの頭痛ではなく、急に強く出た感じですか？
Caller: そこは分かりません。始まり方も強さもまだ確認できていません。",False,True,False,False,-1,False
numbness_-1_2380,"Dispatcher: 頭の痛みは、急に出た強い痛みか確認できますか？
Caller: 本人は寝込んでいて返事ができず、突然だったのか激しいのかは確認できません。",False,True,False,False,-1,False
numbness_0_2381,"Dispatcher: 手足は普段どおり動いていますか？
Caller: いいえ、父は右腕がしびれてうまく上がらないと言っています。",False,True,False,False,0,False
numbness_0_2382,"Dispatcher: しびれや麻痺はありますか？
Caller: はい、母の左足がしびれていて力も入りにくいです。",False,True,False,False,0,False
numbness_0_2383,"Dispatcher: しびれや麻痺はありますか？
Caller: はい、同僚が片方の手がしびれて動かしづらいと言っています。",False,True,False,False,0,False
numbness_0_2384,"Dispatcher: 片側の手足にしびれや動かしにくさはありますか？
Caller: はい、弟の右手と右足にしびれがあって、うまく力が入っていません。",False,True,False,False,0,False
numbness_0_2385,"Dispatcher: 普通に歩けていますか？
Caller: いいえ、妻は左足がしびれていて、足に力が入りにくいようです。",False,True,False,False,0,False
numbness_1_2386,"Dispatcher: しびれや麻痺はありますか？
Caller: いいえ、手足のしびれも麻痺もなく、普通に動かせています。",False,True,False,False,1,False
numbness_1_2387,"Dispatcher: 手足はちゃんと動いていますか？
Caller: はい、夫はしびれもなく、腕も脚も普通に動かせています。",False,True,False,False,1,False
numbness_1_2388,"Dispatcher: 体のどこかにしびれたり、力が入らないところはありますか？
Caller: いいえ、友人は頭痛だけで、手足のしびれや動かしにくさはありません。",False,True,False,False,1,False
numbness_1_2389,"Dispatcher: 手足のしびれや麻痺はありますか？
Caller: いいえ、娘にしびれはなく、左右とも普通に手足を動かせています。",False,True,False,False,1,False
numbness_1_2390,"Dispatcher: しびれや麻痺はありますか？
Caller: いいえ、今のところそういう様子はありません。",False,True,False,False,1,False
numbness_2_2391,"Dispatcher: 手足のしびれや麻痺はありますか？
Caller: 今は本人のそばにいないので、しびれや麻痺があるかは確認できません。",False,True,False,False,2,False
numbness_2_2392,"Dispatcher: しびれや麻痺はありますか？
Caller: 分かりません、そこはまだ見ていません。",False,True,False,False,2,False
numbness_2_2393,"Dispatcher: 普通に歩けていますか？
Caller: そこは分かりません。しびれや動かしにくさがあるかも確認できていません。",False,True,False,False,2,False
numbness_2_2394,"Dispatcher: 手足のしびれや麻痺はありますか？
Caller: 本人からは頭が痛いとしか聞いておらず、しびれの有無は分かりません。",False,True,False,False,2,False
numbness_2_2395,"Dispatcher: 片方の腕や足がしびれる、力が入らないなどはありますか？
Caller: 隣の部署の同僚から呼ばれて来ただけで、まだ本人にそこまで確認できていません。",False,True,False,False,2,False
numbness_-1_2396,"Dispatcher: ぼんやりしている、返事がおかしいなど、普段と違う様子はありますか？
Caller: いいえ、夫は頭痛はありますが受け答えも普段どおりで、変わった様子はありません。",False,True,False,False,-1,False
numbness_-1_2397,"Dispatcher: 普段と違う振る舞いはありますか？
Caller: いいえ、娘はいつもどおり話せていて、様子も特に変わりません。",False,True,False,False,-1,False
numbness_-1_2398,"Dispatcher: 頭の痛みは、突然起こった激しい痛みですか？
Caller: 離れた場所にいる父から電話があっただけで、急に始まったのか、どれほど強いのかまでは分かりません。",False,True,False,False,-1,False
numbness_-1_2399,"Dispatcher: 頭の痛みは、突然起こった激しい痛みですか？
Caller: いいえ、妹は昨日から重い感じが続いていて、急にガンと来た痛みではないそうです。",False,True,False,False,-1,False
numbness_-1_2400,"Dispatcher: さっき急にひどい頭痛になった感じですか？
Caller: いいえ、同僚は昼前からじわじわ痛くなったと言っていて、突然の激しい痛みではありません。",False,True,False,False,-1,False
behavior_0_2401,"Dispatcher: 受け答えや行動で、普段と違う感じはありますか？
Caller: はい、同じことを何度も聞き返してきて、落ち着きなく部屋の中をうろうろしています。",False,False,True,False,False,0
behavior_0_2402,"Dispatcher: 普段と違う振る舞いや様子はありますか？
Caller: はい、いつもより明らかに受け答えがちぐはぐです。",False,False,True,False,False,0
behavior_0_2403,"Dispatcher: ぼんやりしている、返事がおかしいなど、普段と違う様子は見えますか？
Caller: はい、職場の同僚なんですが、さっきから話がかみ合わず、簡単な質問にも変な返事をしています。",False,False,True,False,False,0
behavior_0_2404,"Dispatcher: 普段と違う振る舞いや様子はありますか？
Caller: はい、母なんですが、急に会話のつじつまが合わなくなって、冷蔵庫を開けたまま何をしていたか分からない様子です。",False,False,True,False,False,0
behavior_0_2405,"Dispatcher: 何か変わったことはありますか？
Caller: はい、いつもと様子が違って反応が変です。",False,False,True,False,False,0
behavior_1_2406,"Dispatcher: 普段と違う振る舞いや様子はありますか？
Caller: いいえ、受け答えは普段どおりで、様子も特に変わりありません。",False,False,True,False,False,1
behavior_1_2407,"Dispatcher: いつもより元気で普通に過ごしていますか？
Caller: はい、頭痛はあるみたいですが、行動や話し方はいつもどおりです。",False,False,True,False,False,1
behavior_1_2408,"Dispatcher: 何か変わったことはありますか？
Caller: いいえ、友人ですが、受け答えも普通で変な様子は見当たりません。",False,False,True,False,False,1
behavior_1_2409,"Dispatcher: ぼんやりしている、返事がおかしいなど、普段と違う様子は見えますか？
Caller: いいえ、夫は頭を押さえていますが、質問にはきちんと答えていて、普段と変わった行動はありません。",False,False,True,False,False,1
behavior_1_2410,"Dispatcher: 普段と違う振る舞いや様子はありますか？
Caller: いいえ、同僚ですが、痛がってはいるものの会話も行動も普段どおりです。",False,False,True,False,False,1
behavior_2_2411,"Dispatcher: 普段と違う振る舞いや様子はありますか？
Caller: まだ電話で頭痛と聞いただけで、普段と違う様子があるかは確認できていません。",False,False,True,False,False,2
behavior_2_2412,"Dispatcher: ぼんやりしている、返事がおかしいなど、普段と違う様子は見えますか？
Caller: 今は本人のそばにいないので、受け答えや行動がいつもと違うかどうかは分かりません。",False,False,True,False,False,2
behavior_2_2413,"Dispatcher: 何か変わったことはありますか？
Caller: 頭が痛いとは聞いていますが、普段と違う振る舞いがあるかまではまだ分かりません。",False,False,True,False,False,2
behavior_2_2414,"Dispatcher: 普段と違う振る舞いや様子はありますか？
Caller: 別の部屋にいて今見えていないので、いつもと違う行動があるかは確認できません。",False,False,True,False,False,2
behavior_2_2415,"Dispatcher: 普段と違う振る舞いや様子はありますか？
Caller: 本人から短く連絡が来ただけなので、受け答えや行動が普段と違うかどうかは判断できません。",False,False,True,False,False,2
behavior_-1_2416,"Dispatcher: 頭の痛みは、突然起こった激しい痛みですか？
Caller: 頭が痛いと連絡はありましたが、急に始まったのか、どれくらい強いのかまでは分かりません。",False,False,True,False,False,-1
behavior_-1_2417,"Dispatcher: さっきまで普通だったのに、急に我慢できないほど頭が痛くなった感じですか？
Caller: 会社から呼ばれて来ている途中で本人に会えておらず、突然だったのか、激しい痛みなのかはまだ確認できません。",False,False,True,False,False,-1
behavior_-1_2418,"Dispatcher: 手足のしびれや麻痺はありますか？
Caller: はい、父は右腕がしびれていて、右足にも力が入りにくいと言っています。",False,False,True,False,False,-1
behavior_-1_2419,"Dispatcher: 頭の痛みは、突然起こった激しい痛みですか？
Caller: はい、さっきまで普通に話していたのに、急に今までで一番ひどい頭痛だと言ってうずくまりました。",False,False,True,False,False,-1
behavior_-1_2420,"Dispatcher: いつもの軽い頭痛ということでよいですか？
Caller: それが分からなくて、本人は頭が痛いとしか言わず、急に強くなったのか確認できません。",False,False,True,False,False,-1
behavior_0_2421,"Dispatcher: 何か変わったことはありますか？
Caller: はい、弟なんですが、急に話が飛び飛びになっていつもの受け答えじゃありません。",False,False,True,False,False,0
behavior_0_2422,"Dispatcher: いつもと違う感じはありますか？
Caller: はい、同僚が自分の席を間違えたり、呼びかけても少し遅れて見当違いの返事をしています。",False,False,True,False,False,0
behavior_0_2423,"Dispatcher: 何か変わったことはありますか？
Caller: はい、受け答えが変で、普段よりぼんやりしています。",False,False,True,False,False,0
behavior_0_2424,"Dispatcher: いつもと違う感じはありますか？
Caller: はい、妻が同じ話を繰り返していて、落ち着きもなく普段と明らかに違います。",False,False,True,False,False,0
behavior_0_2425,"Dispatcher: 何か変わったことはありますか？
Caller: はい、友人ですが、急に無言になったり的外れな返事をしたりしています。",False,False,True,False,False,0
behavior_1_2426,"Dispatcher: 普段と違う振る舞いや様子はありますか？
Caller: いいえ、娘は頭痛を訴えていますが、会話はしっかりしていて行動も普段どおりです。",False,False,True,False,False,1
behavior_1_2427,"Dispatcher: 普段と違う振る舞いや様子はありますか？
Caller: いいえ、同僚は痛そうではありますが、受け答えは正常で、変な行動もありません。",False,False,True,False,False,1
behavior_1_2428,"Dispatcher: いつもより元気で普通に過ごしていますか？
Caller: はい、頭痛はありますが、話し方も動きもいつもと変わりません。",False,False,True,False,False,1
behavior_1_2429,"Dispatcher: 普段と違う振る舞いや様子はありますか？
Caller: いいえ、特に変わった様子はなく、受け答えも普通です。",False,False,True,False,False,1
behavior_1_2430,"Dispatcher: 普段と違う振る舞いや様子はありますか？
Caller: いいえ、夫は頭痛を訴えていますが、会話も行動もいつもどおりでおかしな様子はありません。",False,False,True,False,False,1
behavior_2_2431,"Dispatcher: いつもと違う振る舞いはありますか？
Caller: まだそこは分かりません。頭が痛いと言っているだけで、普段と違う様子かは確認できていません。",False,False,True,False,False,2
behavior_2_2432,"Dispatcher: 普段と違う振る舞いや様子はありますか？
Caller: そこまではまだ分かりません。",False,False,True,False,False,2
behavior_2_2433,"Dispatcher: 受け答えや行動で、いつもと違うところはありますか？
Caller: 今は電話で聞いただけなので、普段と違うかどうかは確認できていません。",False,False,True,False,False,2
behavior_2_2434,"Dispatcher: ぼんやりしている、返事がおかしいなど、普段と違う様子は見えますか？
Caller: 職場から連絡を受けただけで本人を見ていないので、そういう様子があるかは分かりません。",False,False,True,False,False,2
behavior_2_2435,"Dispatcher: 何か変わったことはありますか？
Caller: 今は別室にいて見ていないので、普段と違う振る舞いがあるかは確認できません。",False,False,True,False,False,2
behavior_-1_2436,"Dispatcher: 手足のしびれや麻痺はありますか？
Caller: いいえ、同僚の手足は普通に動いていて、しびれもないです。",False,False,True,False,False,-1
behavior_-1_2437,"Dispatcher: いつもの頭痛ではなく、急にひどくなった感じですか？
Caller: いいえ、朝から少しずつ痛くなってきたようで、急に激しくなったわけではありません。",False,False,True,False,False,-1
behavior_-1_2438,"Dispatcher: 頭の痛みは、突然起こった激しい痛みですか？
Caller: いいえ、急にではなく、昼頃からだんだん痛くなってきたそうです。",False,False,True,False,False,-1
behavior_-1_2439,"Dispatcher: 手足のしびれや麻痺はありますか？
Caller: はい、父が右腕がしびれて力も入りにくいと言っています。",False,False,True,False,False,-1
behavior_-1_2440,"Dispatcher: 頭の痛みは、急に出た強い痛みですか？
Caller: いいえ、さっき急に始まった感じではなく、前からじわじわ痛かったそうです。",False,False,True,False,False,-1
behavior_0_2441,"Dispatcher: 普段と違う振る舞いや様子はありますか？
Caller: はい、妻が同じことを何度も聞き返してきて、受け答えがいつもと違います。",False,False,True,False,False,0
behavior_0_2442,"Dispatcher: ぼんやりしている、返事がおかしいなど、普段と違う様子はありますか？
Caller: はい、呼びかけには答えますが会話がかみ合わず、明らかにいつもと違います。",False,False,True,False,False,0
behavior_0_2443,"Dispatcher: いつも通りに話したり動いたりできていますか？
Caller: いいえ、息子が落ち着かず、返事も変で普段通りではありません。",False,False,True,False,False,0
behavior_0_2444,"Dispatcher: 何か変わった様子はありますか？
Caller: あります。母が急にうろうろしていて、話も少しかみ合いません。",False,False,True,False,False,0
behavior_0_2445,"Dispatcher: 受け答えや行動で、普段と違うところはありますか？
Caller: はい、同僚が質問に対して的外れな返事をしていて、明らかに様子がおかしいです。",False,False,True,False,False,0
behavior_1_2446,"Dispatcher: いつも通りに話したり動いたりできていますか？
Caller: はい、受け答えも行動も普段通りで、変わった様子はありません。",False,False,True,False,False,1
behavior_1_2447,"Dispatcher: 何か変わった様子はありますか？
Caller: 特にないです。友人は頭痛はありますが、普段と同じように話しています。",False,False,True,False,False,1
behavior_1_2448,"Dispatcher: いつもと違う行動をしている感じはありますか？
Caller: いいえ、兄は普通に会話できていますし、変な行動もありません。",False,False,True,False,False,1
behavior_1_2449,"Dispatcher: ぼんやりしている、返事がおかしいなど、普段と違う様子はありますか？
Caller: いいえ、受け答えはしっかりしていて、行動もいつも通りです。",False,False,True,False,False,1
behavior_1_2450,"Dispatcher: 何か変わったことはありますか？
Caller: いいえ、頭痛以外は特に変わりなく、普段通りです。",False,False,True,False,False,1
behavior_2_2451,"Dispatcher: 普段と違う振る舞いや様子はありますか？
Caller: 本人から頭が痛いと連絡があっただけで、様子まではまだ確認できていません。",False,False,True,False,False,2
behavior_2_2452,"Dispatcher: 受け答えや行動で、いつもと違うところはありますか？
Caller: 今そばにいないので、普段と違うかどうかは分かりません。",False,False,True,False,False,2
behavior_2_2453,"Dispatcher: いつも通りに過ごせていますか？
Caller: そこは分かりません。頭痛があることしか聞いていません。",False,False,True,False,False,2
behavior_2_2454,"Dispatcher: 何か変わったことはありますか？
Caller: 電話で頭が痛いと聞いただけなので、普段と違う振る舞いがあるかは確認できません。",False,False,True,False,False,2
behavior_2_2455,"Dispatcher: ぼんやりしているなど、いつもと違う様子はありますか？
Caller: まだ会えていないので、そのあたりは分かりません。",False,False,True,False,False,2
behavior_-1_2456,"Dispatcher: いつもの頭痛ではなく、急に我慢できないほど強くなった感じですか？
Caller: 妹からは頭が痛いとしか聞いておらず、急にだったのか、かなり強い痛みなのかまでは分かりません。",False,False,True,False,False,-1
behavior_-1_2457,"Dispatcher: 頭の痛みは、突然起こった激しい痛みですか？
Caller: はい、さっきまで普通に話していたのに、急に頭を押さえて耐えられないほど痛いと言い出しました。",False,False,True,False,False,-1
behavior_-1_2458,"Dispatcher: 手足の様子で気になることはありますか？
Caller: 電話だけなので、しびれや動かしにくさがあるかは分からないです。",False,False,True,False,False,-1
behavior_-1_2459,"Dispatcher: 頭の痛みは、突然起こった激しい痛みですか？
Caller: いいえ、急にではなく、夕方から少しずつ痛くなってきたそうです。",False,False,True,False,False,-1
behavior_-1_2460,"Dispatcher: 片側の手足にしびれや動かしにくさがあるか見られますか？
Caller: 今は本人が車で向かっている途中で私は一緒にいないので、しびれや麻痺があるかは確認できません。",False,False,True,False,False,-1
behavior_0_2461,"Dispatcher: 受け答えや様子で、いつもと違う感じはありますか？
Caller: はい、夫が質問にうまく答えられず、同じことを何度も聞き返していて普段と明らかに違います。",False,False,True,False,False,0
behavior_0_2462,"Dispatcher: 何か変わった様子は見られますか？
Caller: はい、同僚なんですが、さっきから机の前でぼんやりしていて、呼んでも反応が遅く、いつもの受け答えではありません。",False,False,True,False,False,0
behavior_0_2463,"Dispatcher: 普段と違う振る舞いや様子はありますか？
Caller: はい、母は今、会話がかみ合わず落ち着きなく歩き回っていて、明らかにいつもと違います。",False,False,True,False,False,0
behavior_0_2464,"Dispatcher: ぼんやりしている、返事がおかしいなど、普段と違う様子は見えますか？
Caller: ええ、娘なんですが、話しかけても要領を得ない返事で、少し様子がおかしいです。",False,False,True,False,False,0
behavior_0_2465,"Dispatcher: 何か変わったことはありますか？
Caller: はい、普段より受け答えが変で、様子がおかしいです。",False,False,True,False,False,0
behavior_1_2466,"Dispatcher: 普段と違う振る舞いや様子はありますか？
Caller: いいえ、妻は頭痛は訴えていますが、受け答えも行動もいつも通りです。",False,False,True,False,False,1
behavior_1_2467,"Dispatcher: いつもと違う感じはありますか？
Caller: いいえ、友人ですが、会話は普通にできていますし、様子も特に変わりません。",False,False,True,False,False,1
behavior_1_2468,"Dispatcher: 何か変わったことはありますか？
Caller: いいえ、普段と違う様子はありません。",False,False,True,False,False,1
behavior_1_2469,"Dispatcher: いつもより元気がないとか、変な受け答えはありますか？
Caller: いいえ、息子は痛がっていますが、返事は普通で行動も特におかしくないです。",False,False,True,False,False,1
behavior_1_2470,"Dispatcher: ぼんやりしている、返事がおかしいなど、普段と違う様子はありますか？
Caller: いいえ、同僚は頭を押さえていますが、受け答えはしっかりしていていつもと変わりません。",False,False,True,False,False,1
behavior_2_2471,"Dispatcher: 何か変わったことはありますか？
Caller: 頭が痛いとだけ連絡があって、普段と違う様子があるかは分かりません。",False,False,True,False,False,2
behavior_2_2472,"Dispatcher: いつもと違う感じはありますか？
Caller: まだ本人を見ていないので、普段と違う振る舞いがあるかは確認できません。",False,False,True,False,False,2
behavior_2_2473,"Dispatcher: 普段と違う振る舞いや様子はありますか？
Caller: 電話で頭痛を訴えられただけで、受け答えや行動がいつもと違うかまでは分かっていません。",False,False,True,False,False,2
behavior_2_2474,"Dispatcher: 何か変わった様子は見られますか？
Caller: 会社から連絡を受けただけで、実際の様子はまだ見ておらず分かりません。",False,False,True,False,False,2
behavior_2_2475,"Dispatcher: ぼんやりしている、返事がおかしいなど、普段と違う様子はありますか？
Caller: 今は別の場所にいて本人の様子を見られないので、そのあたりは確認できません。",False,False,True,False,False,2
behavior_-1_2476,"Dispatcher: いきなり強い頭痛になった感じですか？
Caller: いいえ、友人は朝からじわじわ痛くなってきたと言っていて、急に激しく出た感じではありません。",False,False,True,False,False,-1
behavior_-1_2477,"Dispatcher: 頭の痛みは、突然起こった激しい痛みですか？
Caller: いいえ、母は昨日から少しずつ痛くなっていて、急にガツンと来た痛みではないです。",False,False,True,False,False,-1
behavior_-1_2478,"Dispatcher: 頭の痛みは、急に出た強い痛みか確認できますか？
Caller: 本人から頭が痛いとだけメッセージが来ていて、突然だったのか、どれほど強いのかまでは分かりません。",False,False,True,False,False,-1
behavior_-1_2479,"Dispatcher: しびれや麻痺はありますか？
Caller: いいえ、手足は普通に動いていて、しびれもないと本人が言っています。",False,False,True,False,False,-1
behavior_-1_2480,"Dispatcher: 激しい痛みが突然起こりましたか？
Caller: そこはまだ聞けておらず、急に強くなったのかは分かりません。",False,False,True,False,False,-1
behavior_0_2481,"Dispatcher: 何か変わったことはありますか？
Caller: はい、父が自分のいる場所をうまく言えず、受け答えが普段と全然違います。",False,False,True,False,False,0
behavior_0_2482,"Dispatcher: いつもと違う感じはありますか？
Caller: はい、同居人なんですが、急に落ち着きがなくなって、話もかみ合わず変な行動をしています。",False,False,True,False,False,0
behavior_0_2483,"Dispatcher: 何か変わった様子は見られますか？
Caller: はい、姉が少し混乱している感じで、いつもの話し方ではないです。",False,False,True,False,False,0
behavior_0_2484,"Dispatcher: いつもより受け答えが変だったりしますか？
Caller: はい、部下なんですが、簡単な質問にもすぐ答えられず、ぼーっとしていて明らかに普段と違います。",False,False,True,False,False,0
behavior_0_2485,"Dispatcher: 普段と違う振る舞いや様子はありますか？
Caller: あります。祖母がさっきから話のつじつまが合わず、少し取り乱したような感じです。",False,False,True,False,False,0
behavior_1_2486,"Dispatcher: 普段と違う振る舞いや様子はありますか？
Caller: いいえ、兄は頭痛を訴えていますが、会話も行動も普段と同じです。",False,False,True,False,False,1
behavior_1_2487,"Dispatcher: 何か変わった様子は見られますか？
Caller: いいえ、妻は普通に受け答えできていますし、変な行動もありません。",False,False,True,False,False,1
behavior_1_2488,"Dispatcher: 普段と違う振る舞いや様子はありますか？
Caller: いいえ、特にいつもと変わる様子はありません。",False,False,True,False,False,1
behavior_1_2489,"Dispatcher: ぼんやりしている、返事がおかしいなど、普段と違う様子はありますか？
Caller: いいえ、父は痛みはあるようですが、受け答えははっきりしていて普段通りです。",False,False,True,False,False,1
behavior_1_2490,"Dispatcher: いつもと違う感じはありますか？
Caller: いいえ、娘は普通に話せていますし、様子も特に変わりません。",False,False,True,False,False,1
behavior_2_2491,"Dispatcher: 何か変わった様子はありますか？
Caller: 頭が痛いとは聞いていますが、普段と違う振る舞いがあるかまではまだ見れていません。",False,False,True,False,False,2
behavior_2_2492,"Dispatcher: ぼんやりしている、返事がおかしいなど、いつもと違う振る舞いはありますか？
Caller: 今は職場から連絡を受けただけで本人を見ていないので、普段と違う様子があるかは確認できません。",False,False,True,False,False,2
behavior_2_2493,"Dispatcher: 普段と違う振る舞いや様子はありますか？
Caller: 今そばにいないので、いつもと違う振る舞いがあるかは分かりません。",False,False,True,False,False,2
behavior_2_2494,"Dispatcher: 受け答えが変だったり、落ち着きがないなど、普段と違う様子は見られますか？
Caller: 友人から頭痛の連絡だけ来ていて、実際の様子は見ていないため、いつもと違う行動があるかは分かりません。",False,False,True,False,False,2
behavior_2_2495,"Dispatcher: 普通に会話できていますか？
Caller: 電話では頭が痛いとしか聞いておらず、普段どおりの受け答えかどうかまでは確認できていません。",False,False,True,False,False,2
behavior_-1_2496,"Dispatcher: しびれや麻痺はありますか？
Caller: いいえ、手足のしびれや動かしにくさはありません。",False,False,True,False,False,-1
behavior_-1_2497,"Dispatcher: 頭の痛みは、突然起こった激しい痛みですか？
Caller: メッセージで頭痛がすると来ただけなので、急に始まったのか、ひどい痛みなのかまでは分かりません。",False,False,True,False,False,-1
behavior_-1_2498,"Dispatcher: 頭の痛みは、突然起こった激しい痛みですか？
Caller: いいえ、朝から少しずつ痛くなってきたようで、急に起きた激しい頭痛ではありません。",False,False,True,False,False,-1
behavior_-1_2499,"Dispatcher: 手足のしびれや麻痺はありますか？
Caller: 今は別の部屋にいて見えていないので、しびれや麻痺があるかは確認できません。",False,False,True,False,False,-1
behavior_-1_2500,"Dispatcher: さっきまで普通だったのに、急に我慢できないほど頭が痛くなった感じですか？
Caller: はい、同僚が急に頭を押さえて、今までにないくらい強く痛むと言っています。",False,False,True,False,False,-1
behavior_0_2501,"Dispatcher: 普段と違う振る舞いや様子はありますか？
Caller: はい、質問しても話がかみ合わず、いつもの受け答えではありません。",False,False,True,False,False,0
behavior_0_2502,"Dispatcher: ぼんやりしていたり、返事がおかしいなど、普段と違う様子はありますか？
Caller: あります。母が何度も同じことを聞き返してきて、いつもより明らかに変です。",False,False,True,False,False,0
behavior_0_2503,"Dispatcher: 受け答えや行動で、いつもと違うところはありますか？
Caller: はい、夫が落ち着かず部屋の中をうろうろしていて、普段の様子ではありません。",False,False,True,False,False,0
behavior_0_2504,"Dispatcher: 何かいつもと違う振る舞いはありますか？
Caller: はい、さっきから会話がちぐはぐで、呼びかけても反応が鈍く、普段と明らかに違います。",False,False,True,False,False,0
behavior_0_2505,"Dispatcher: 何か変わった様子はありますか？
Caller: はい、いつもと違って受け答えがおかしいです。",False,False,True,False,False,0
behavior_1_2506,"Dispatcher: 普段と違う振る舞いや様子はありますか？
Caller: いいえ、頭痛はありますが、受け答えや行動はいつもどおりです。",False,False,True,False,False,1
behavior_1_2507,"Dispatcher: 何か変わった様子はありますか？
Caller: いいえ、話し方も行動も普段どおりです。",False,False,True,False,False,1
behavior_1_2508,"Dispatcher: いつもと違う振る舞いはありますか？
Caller: いいえ、ぼんやりもしていませんし、受け答えも普通です。",False,False,True,False,False,1
behavior_1_2509,"Dispatcher: ぼんやりしている、返事がおかしいなどの様子はありますか？
Caller: いいえ、そのような様子はなく、普段と変わりありません。",False,False,True,False,False,1
behavior_1_2510,"Dispatcher: 何か変わった行動はありますか？
Caller: いいえ、特に普段と違う行動はありません。",False,False,True,False,False,1
behavior_2_2511,"Dispatcher: ぼんやりしている、返事がおかしいなど、普段と違う様子はありますか？
Caller: 本人から頭痛の連絡だけ受けていて、今は顔を見ていないので、普段と違う振る舞いがあるかは分かりません。",False,False,True,False,False,2
behavior_2_2512,"Dispatcher: 受け答えが変、落ち着きがないなど、いつもと違う行動はありますか？
Caller: 隣の部署の者から頼まれて電話していて、私は本人と話していないので、普段と違う様子があるかは確認できません。",False,False,True,False,False,2
behavior_2_2513,"Dispatcher: 普段と違う振る舞いや様子はありますか？
Caller: 子どもから頭が痛いとメッセージが来ただけで、今一緒にいないので様子は分かりません。",False,False,True,False,False,2
behavior_2_2514,"Dispatcher: いつもと違う振る舞いはありますか？
Caller: いつもと違う振る舞いがあるかは分かりません。",False,False,True,False,False,2
behavior_2_2515,"Dispatcher: 会話がかみ合わない、変な行動をするなどの様子はありますか？
Caller: 友人の家族から代わりに連絡していて、私はその場にいないので、普段と違う行動があるかは確認できません。",False,False,True,False,False,2
behavior_-1_2516,"Dispatcher: しびれや麻痺はありますか？
Caller: いいえ、しびれや麻痺はありません。",False,False,True,False,False,-1
behavior_-1_2517,"Dispatcher: 頭の痛みは、突然起こった激しい痛みですか？
Caller: いいえ、昨日から続いている頭痛で、急に起きた激しい痛みではないです。",False,False,True,False,False,-1
behavior_-1_2518,"Dispatcher: いつもの頭痛という感じですか？
Caller: そこは分かりません。急に強くなったのかどうかは確認できていません。",False,False,True,False,False,-1
behavior_-1_2519,"Dispatcher: 急に強い頭痛が出ましたか？
Caller: はい、急に我慢できないくらいの頭痛が来たと言っています。",False,False,True,False,False,-1
behavior_-1_2520,"Dispatcher: 頭の痛みは、突然起こった激しい痛みですか？
Caller: はい、さっきまで普通に話していたのに、急に頭を抱えて耐えられないほど痛いと言い出しました。",False,False,True,False,False,-1
behavior_0_2521,"Dispatcher: 受け答えや様子で、普段と違う感じはありますか？
Caller: はい、同僚なんですが、さっきから質問にうまく答えられず、同じことを何度も言っています。",False,False,True,False,False,0
behavior_0_2522,"Dispatcher: 何か変わった様子はありますか？
Caller: はい、いつもより明らかに様子がおかしいです。",False,False,True,False,False,0
behavior_0_2523,"Dispatcher: ぼんやりしている、返事がおかしいなど、普段と違う振る舞いはありますか？
Caller: はい、母なんですが、呼びかけても話がかみ合わず、急に立ち上がって別の部屋に行こうとしたりして普段と全然違います。",False,False,True,False,False,0
behavior_0_2524,"Dispatcher: 普段と違う振る舞いや様子はありますか？
Caller: はい、夫がさっきから会話がちぐはぐで、落ち着きなく歩き回っています。",False,False,True,False,False,0
behavior_0_2525,"Dispatcher: 何か変わった様子はありますか？
Caller: はい、いつもと違って受け答えが変です。",False,False,True,False,False,0
behavior_1_2526,"Dispatcher: 何か変わった様子はありますか？
Caller: いいえ、頭痛はありますが、受け答えも行動も普段どおりです。",False,False,True,False,False,1
behavior_1_2527,"Dispatcher: 普段と違う振る舞いや様子はありますか？
Caller: いいえ、特におかしな様子はなく、いつもどおりです。",False,False,True,False,False,1
behavior_1_2528,"Dispatcher: 普段と違う振る舞いや様子はありますか？
Caller: いいえ、妻は普通に会話できていますし、行動もいつもと変わりません。",False,False,True,False,False,1
behavior_1_2529,"Dispatcher: ぼんやりしている、返事がおかしいなど、普段と違う様子は見えますか？
Caller: いいえ、友人ですが受け答えはしっかりしていて、変わった行動もありません。",False,False,True,False,False,1
behavior_1_2530,"Dispatcher: 普段と違う振る舞いや様子はありますか？
Caller: いいえ、父は頭を痛がっていますが、話し方も動きも普段どおりです。",False,False,True,False,False,1
behavior_2_2531,"Dispatcher: 何か変わった様子はありますか？
Caller: 弟から頭が痛いと連絡が来ただけで、今そばにいないので普段と違う様子かは分かりません。",False,False,True,False,False,2
behavior_2_2532,"Dispatcher: 何か変わった様子はありますか？
Caller: そこはまだ分かりません。普段と違う行動があるか確認できていません。",False,False,True,False,False,2
behavior_2_2533,"Dispatcher: 何か変わった様子はありますか？
Caller: 友人からメッセージで頭痛とだけ来ていて、受け答えや行動の変化までは分かりません。",False,False,True,False,False,2
behavior_2_2534,"Dispatcher: ぼんやりしている、返事がおかしいなど、普段と違う様子は見えますか？
Caller: 今は職場の別フロアにいて本人を見ていないので、受け答えや行動がいつもと違うかは確認できません。",False,False,True,False,False,2
behavior_2_2535,"Dispatcher: 普段と違う振る舞いや様子はありますか？
Caller: 分かりません、まだ直接会えていないので確認できていません。",False,False,True,False,False,2
behavior_-1_2536,"Dispatcher: しびれや動かしにくさはありますか？
Caller: 電話で頭痛を訴えてきただけなので、手足のしびれや麻痺があるかまでは分かりません。",False,False,True,False,False,-1
behavior_-1_2537,"Dispatcher: いつもの頭痛ではなく、急に強い痛みが出た感じですか？
Caller: はい、会議中に同僚が突然頭を押さえて、今までにないくらいひどい痛みだと言いました。",False,False,True,False,False,-1
behavior_-1_2538,"Dispatcher: 頭の痛みは、突然起こった激しい痛みですか？
Caller: いいえ、朝から少しずつ痛みが強くなってきたようで、急にガツンと来た感じではないです。",False,False,True,False,False,-1
behavior_-1_2539,"Dispatcher: 頭の痛みは、急に出た強い痛みですか？
Caller: はい、母がさっき普通に話していたのに、急に今までで一番ひどい頭痛だと言ってうずくまりました。",False,False,True,False,False,-1
behavior_-1_2540,"Dispatcher: 手足のしびれや麻痺はありますか？
Caller: いいえ、娘は手足を普通に動かせていますし、しびれも訴えていません。",False,False,True,False,False,-1
behavior_0_2541,"Dispatcher: 普段と違う振る舞いや様子はありますか？
Caller: はい、兄なんですが、話しかけても反応が遅くて、いつものような受け答えができていません。",False,False,True,False,False,0
behavior_0_2542,"Dispatcher: 何か変わった様子はありますか？
Caller: はい、普段とは違って少し様子がおかしいです。",False,False,True,False,False,0
behavior_0_2543,"Dispatcher: 普段と違う振る舞いや様子はありますか？
Caller: はい、妻が質問しても見当違いの返事をしていて、明らかにいつもと違います。",False,False,True,False,False,0
behavior_0_2544,"Dispatcher: 普段と違う振る舞いや様子はありますか？
Caller: はい、友人が急に無言になったり、さっき言ったことを忘れたような反応をしています。",False,False,True,False,False,0
behavior_0_2545,"Dispatcher: 何か変わった様子はありますか？
Caller: はい、父が落ち着かず、返事もいつもより変で明らかに普段どおりではありません。",False,False,True,False,False,0
behavior_1_2546,"Dispatcher: 何か変わった様子はありますか？
Caller: いいえ、息子は頭痛はありますが、様子は普段と変わりません。",False,False,True,False,False,1
behavior_1_2547,"Dispatcher: 何か変わった様子はありますか？
Caller: いいえ、受け答えもしっかりしていますし、普段と違う行動はありません。",False,False,True,False,False,1
behavior_1_2548,"Dispatcher: 何か変わった様子はありますか？
Caller: いいえ、同僚は普通に話せていますし、様子もいつもどおりです。",False,False,True,False,False,1
behavior_1_2549,"Dispatcher: 普段と違う振る舞いや様子はありますか？
Caller: いいえ、祖母ですが、受け答えははっきりしていて、特に変わった行動も見られません。",False,False,True,False,False,1
behavior_1_2550,"Dispatcher: 何か変わった様子はありますか？
Caller: いいえ、友達は痛がっていますが、話し方も態度もいつもと同じです。",False,False,True,False,False,1
behavior_2_2551,"Dispatcher: いつもと違う振る舞いはありますか？
Caller: 今は電話で頭が痛いと聞いただけで、普段と違う様子があるかは確認できません。",False,False,True,False,False,2
behavior_2_2552,"Dispatcher: 普段と違う振る舞いや様子はありますか？
Caller: 同僚からメッセージが来ただけで、受け答えがおかしいとか変な行動をしているかまでは見られていません。",False,False,True,False,False,2
behavior_2_2553,"Dispatcher: ぼんやりしている、返事がおかしいなど、普段と違う様子は見えますか？
Caller: 今日はまだ本人に会っていないので、いつもと違う振る舞いがあるかは分かりません。",False,False,True,False,False,2
behavior_2_2554,"Dispatcher: 普段と違う振る舞いや様子はありますか？
Caller: 娘から頭痛がひどいと連絡があっただけで、落ち着きがないとか様子がおかしいかどうかはまだ確認できていません。",False,False,True,False,False,2
behavior_2_2555,"Dispatcher: 何か変わった様子はありますか？
Caller: 隣の部屋にいて姿が見えないので、普段と違う行動をしているかは分かりません。",False,False,True,False,False,2
behavior_-1_2556,"Dispatcher: いつもの頭痛ではなく、急にものすごく強い痛みになった感じですか？
Caller: はい、夫がさっき急に頭を押さえて、今までにないくらい激しく痛むと言っています。",False,False,True,False,False,-1
behavior_-1_2557,"Dispatcher: しびれや麻痺はありますか？
Caller: はい、父は右腕にしびれがあって、うまく力が入らないです。",False,False,True,False,False,-1
behavior_-1_2558,"Dispatcher: 手足のしびれや麻痺はありますか？
Caller: いいえ、手足は普通に動いていて、しびれもないと言っています。",False,False,True,False,False,-1
behavior_-1_2559,"Dispatcher: 頭の痛みは、突然起こった激しい痛みですか？
Caller: はい、会話していた途中で急に顔色が変わって、我慢できないほど頭が痛いと言い出しました。",False,False,True,False,False,-1
behavior_-1_2560,"Dispatcher: 頭の痛みは、突然起こった激しい痛みですか？
Caller: 本人から頭痛がするとだけ聞いていて、急に始まったのかや痛みの強さまでは分かりません。",False,False,True,False,False,-1
behavior_0_2561,"Dispatcher: 受け答えが変だったり、普段と違う様子はありますか？
Caller: はい、母は同じことを何度も聞き返していて、いつもの受け答えと明らかに違います。",False,False,True,False,False,0
behavior_0_2562,"Dispatcher: 何か変わった様子はありますか？
Caller: はい、夫がさっきから落ち着かずに部屋をうろうろしていて、普段の様子ではありません。",False,False,True,False,False,0
behavior_0_2563,"Dispatcher: 普段と違う振る舞いや様子はありますか？
Caller: はい、少し様子がおかしくて、会話もいつも通りではないです。",False,False,True,False,False,0
behavior_0_2564,"Dispatcher: 普段と違う振る舞いや様子はありますか？
Caller: はい、いつもより反応が鈍くて、なんとなく普段と違います。",False,False,True,False,False,0
behavior_0_2565,"Dispatcher: いつも通りの様子ですか？
Caller: いいえ、弟は呼びかけても返事がちぐはぐで、普段の受け答えではないです。",False,False,True,False,False,0
behavior_1_2566,"Dispatcher: 普段と違う振る舞いや様子はありますか？
Caller: いいえ、頭痛はありますが、受け答えも行動もいつも通りです。",False,False,True,False,False,1
behavior_1_2567,"Dispatcher: ぼんやりしている、返事がおかしいなど、普段と違う様子はありますか？
Caller: いいえ、妻は会話もしっかりできていて、特に変わった行動はありません。",False,False,True,False,False,1
behavior_1_2568,"Dispatcher: 何か変わった様子はありますか？
Caller: いいえ、様子は普段と変わりません。",False,False,True,False,False,1
behavior_1_2569,"Dispatcher: 普段と違う振る舞いや様子はありますか？
Caller: いいえ、友人は頭が痛いと言っていますが、受け答えは普通で行動もいつも通りです。",False,False,True,False,False,1
behavior_1_2570,"Dispatcher: いつもと違う振る舞いはありますか？
Caller: いいえ、特に普段と変わった様子はありません。",False,False,True,False,False,1
behavior_2_2571,"Dispatcher: いつもと違う振る舞いはありますか？
Caller: 今は本人のそばにいないので、普段と違う様子があるかは分かりません。",False,False,True,False,False,2
behavior_2_2572,"Dispatcher: 何か変わった様子はありますか？
Caller: 頭が痛いと連絡があっただけで、行動や受け答えがいつもと違うかは確認できていません。",False,False,True,False,False,2
behavior_2_2573,"Dispatcher: 普段と違う振る舞いや様子はありますか？
Caller: 職場から連絡を受けただけなので、ぼんやりしているとか返事がおかしいとかまでは分かりません。",False,False,True,False,False,2
behavior_2_2574,"Dispatcher: 受け答えが変、落ち着きがないなど、いつもと違う行動はありますか？
Caller: 今は別の家族が付き添っていて、私は現場を見ていないので普段と違う振る舞いがあるか判断できません。",False,False,True,False,False,2
behavior_2_2575,"Dispatcher: いつも通りに見えますか？
Caller: そこまではまだ分からなくて、頭痛があることしか聞けていません。",False,False,True,False,False,2
behavior_-1_2576,"Dispatcher: 激しい痛みが突然起こりましたか？
Caller: はい、急に今まで経験したことがないくらい強い頭痛だと言っています。",False,False,True,False,False,-1
behavior_-1_2577,"Dispatcher: 手足のしびれや麻痺はありますか？
Caller: 今は離れた場所から電話していて、しびれや麻痺があるかは確認できません。",False,False,True,False,False,-1
behavior_-1_2578,"Dispatcher: 手足のしびれや麻痺はありますか？
Caller: ビデオ通話では顔しか見えていなくて、腕や足のしびれ、動かしにくさまでは分かりません。",False,False,True,False,False,-1
behavior_-1_2579,"Dispatcher: 体のどこかしびれたり、動かしにくかったりしますか？
Caller: それはないみたいで、手足は普通に動いています。",False,False,True,False,False,-1
behavior_-1_2580,"Dispatcher: 急に耐えられないほどの強い頭痛になった感じですか？
Caller: はい、さっきまで普通だったのに、突然ひどい痛みが来たと兄が言っています。",False,False,True,False,False,-1
behavior_0_2581,"Dispatcher: 受け答えが変だったり、いつもと違う様子はありますか？
Caller: はい、同僚なんですが、さっきから話がかみ合わず落ち着きなく歩き回っています。",False,False,True,False,False,0
behavior_0_2582,"Dispatcher: 何か変わった様子はありますか？
Caller: はい、普段と違って返事がおかしく、ぼんやりしています。",False,False,True,False,False,0
behavior_0_2583,"Dispatcher: 普段と違う振る舞いや様子はありますか？
Caller: はい、妻ですが、簡単な質問にも的外れな答えをしていて、いつもの受け答えではありません。",False,False,True,False,False,0
behavior_0_2584,"Dispatcher: いつも通りに見えますか？
Caller: いいえ、父なんですが、急に同じことを何度も聞いてきて明らかに様子が違います。",False,False,True,False,False,0
behavior_0_2585,"Dispatcher: 普段どおり過ごせていますか？
Caller: いいえ、友人ですが、さっきから意味なく立ったり座ったりしていていつもの感じではないです。",False,False,True,False,False,0
behavior_1_2586,"Dispatcher: 何か変わった様子はありますか？
Caller: いいえ、息子ですが、受け答えも行動もいつも通りです。",False,False,True,False,False,1
behavior_1_2587,"Dispatcher: 何か変わった様子はありますか？
Caller: いいえ、同僚ですが、頭痛はあるものの普段と変わった行動はありません。",False,False,True,False,False,1
behavior_1_2588,"Dispatcher: いつも通りに見えますか？
Caller: はい、母ですが、会話も普通で特におかしな様子はないです。",False,False,True,False,False,1
behavior_1_2589,"Dispatcher: ぼんやりしている、返事がおかしいなど普段と違う様子はありますか？
Caller: いいえ、夫ですが、受け答えはしっかりしていて普段と変わりません。",False,False,True,False,False,1
behavior_1_2590,"Dispatcher: いつも通り過ごせていますか？
Caller: はい、友人ですが、頭を押さえてはいますが話し方や様子は普段どおりです。",False,False,True,False,False,1
behavior_2_2591,"Dispatcher: 何か変わった様子はありますか？
Caller: 本人から頭痛とだけ連絡があって、普段と違う振る舞いがあるかは確認できません。",False,False,True,False,False,2
behavior_2_2592,"Dispatcher: 普段と違う振る舞いや様子はありますか？
Caller: 兄からメッセージで頭が痛いと来ただけで、受け答えや行動がいつもと違うかまでは分かりません。",False,False,True,False,False,2
behavior_2_2593,"Dispatcher: いつも通りに見えますか？
Caller: まだ電話で少し話しただけなので、普段と違う様子があるかは判断できません。",False,False,True,False,False,2
behavior_2_2594,"Dispatcher: ぼんやりしている、返事がおかしいなど、普段と違う様子は見えますか？
Caller: 今そばにいないので、いつもと違う振る舞いがあるかは分かりません。",False,False,True,False,False,2
behavior_2_2595,"Dispatcher: 普段と違う振る舞いや様子はありますか？
Caller: 学校から連絡を受けただけで、本人の受け答えや行動まではまだ確認できていません。",False,False,True,False,False,2
behavior_-1_2596,"Dispatcher: しびれや麻痺はありますか？
Caller: いいえ、姉ですが、手足は普通に動いていてしびれもないと言っています。",False,False,True,False,False,-1
behavior_-1_2597,"Dispatcher: 頭の痛みは、突然起こった激しい痛みですか？
Caller: はい、夫ですが、さっき急に頭を押さえて、今までにないくらい痛いと言い出しました。",False,False,True,False,False,-1
behavior_-1_2598,"Dispatcher: 頭の痛みは、突然起こった激しい痛みですか？
Caller: いいえ、同僚ですが、朝からじわじわ痛くなってきた感じで、急に強く出たものではありません。",False,False,True,False,False,-1
behavior_-1_2599,"Dispatcher: 頭の痛みは、突然起こった激しい痛みですか？
Caller: 本人から頭痛がするとだけ聞いていて、急に始まったのか、どれほど強いのかは分かりません。",False,False,True,False,False,-1
behavior_-1_2600,"Dispatcher: 激しい頭痛が急に起きましたか？
Caller: はい、母ですが、数分前に突然ものすごく痛いと言ってうずくまりました。",False,False,True,False,False,-1
behavior_0_2601,"Dispatcher: 受け答えが変だったり、普段と違う行動はありますか？
Caller: はい、祖父なんですが、呼びかけても話がちぐはぐで、さっきから同じ動作を繰り返しています。",False,False,True,False,False,0
behavior_0_2602,"Dispatcher: 普段と違う振る舞いや様子はありますか？
Caller: はい、娘ですが、名前を呼んでも反応が鈍く、いつもならできる会話が成り立っていません。",False,False,True,False,False,0
behavior_0_2603,"Dispatcher: 何かいつもと違う様子はありますか？
Caller: はい、友人ですが、急に無言になったり的外れな返事をしたりしていて明らかに変です。",False,False,True,False,False,0
behavior_0_2604,"Dispatcher: 普段と違う振る舞いはありますか？
Caller: はい、職場の先輩ですが、机の上の物を何度も落として、質問にも変な答え方をしています。",False,False,True,False,False,0
behavior_0_2605,"Dispatcher: 何か変わった様子はありますか？
Caller: はい、母ですが、いつもより反応が遅くて会話も少しおかしいです。",False,False,True,False,False,0
behavior_1_2606,"Dispatcher: いつも通りに見えますか？
Caller: はい、弟ですが、受け答えも普通で特に変わった行動はありません。",False,False,True,False,False,1
behavior_1_2607,"Dispatcher: 何か変わった様子はありますか？
Caller: いいえ、妻ですが、質問には普通に答えていますし、行動も普段どおりです。",False,False,True,False,False,1
behavior_1_2608,"Dispatcher: 普段と違う振る舞いや様子はありますか？
Caller: いいえ、父ですが、会話ははっきりしていますし、ぼんやりしたり変な行動をしたりはしていません。",False,False,True,False,False,1
behavior_1_2609,"Dispatcher: ぼんやりしている、返事がおかしいなど、普段と違う様子はありますか？
Caller: いいえ、同僚ですが、受け答えは正常で、いつもと変わったところはありません。",False,False,True,False,False,1
behavior_1_2610,"Dispatcher: 何か変わった様子はありますか？
Caller: いいえ、友人ですが、頭痛以外は普段どおりでおかしな様子はないです。",False,False,True,False,False,1
behavior_2_2611,"Dispatcher: 何か変わったことはありますか？
Caller: 頭が痛いとは聞いていますが、普段と違う振る舞いがあるかは確認できません。",False,False,True,False,False,2
behavior_2_2612,"Dispatcher: 普段と違う振る舞いや様子はありますか？
Caller: 私は職場から連絡を受けただけで本人を見ていないので、いつもと違う行動をしているかまでは分かりません。",False,False,True,False,False,2
behavior_2_2613,"Dispatcher: いつも通りに受け答えできていますか？
Caller: 友人づてに頭痛だと聞いただけで、受け答えや様子がおかしいかは確認できていません。",False,False,True,False,False,2
behavior_2_2614,"Dispatcher: ぼんやりしていたり、返事が変だったりしますか？
Caller: 今は別の部屋にいて本人の様子を見ていないので、普段と違う振る舞いがあるかは分かりません。",False,False,True,False,False,2
behavior_2_2615,"Dispatcher: 何かいつもと違う感じはありますか？
Caller: 電話で頭が痛いとだけ言われていて、行動や受け答えがいつもと違うかまでは確認できません。",False,False,True,False,False,2
behavior_-1_2616,"Dispatcher: しびれや麻痺はありますか？
Caller: いいえ、手足は普通に動いていて、しびれもないです。",False,False,True,False,False,-1
behavior_-1_2617,"Dispatcher: 手足のしびれや麻痺はありますか？
Caller: はい、右腕がしびれていて、うまく力が入らないようです。",False,False,True,False,False,-1
behavior_-1_2618,"Dispatcher: いつもの軽い頭痛ということでよいですか？
Caller: はい、急に強くなった感じではなくて、朝からだんだん痛くなってきたそうです。",False,False,True,False,False,-1
behavior_-1_2619,"Dispatcher: 体の様子で気になることはありますか？
Caller: あります、左足がしびれていて少し動かしにくそうです。",False,False,True,False,False,-1
behavior_-1_2620,"Dispatcher: 頭の痛みは、突然起こった激しい痛みですか？
Caller: いいえ、さっきから少しずつ痛みが強くなってきたようで、急に始まった感じではありません。",False,False,True,False,False,-1
behavior_0_2621,"Dispatcher: 普段と違う振る舞いや様子はありますか？
Caller: はい、夫が同じことを何度も聞き返してきて、受け答えがいつもと明らかに違います。",False,False,True,False,False,0
behavior_0_2622,"Dispatcher: ぼんやりしている、返事がおかしいなど、普段と違う様子は見えますか？
Caller: はい、母が話しかけても要領を得ない返事ばかりで、いつもの感じではありません。",False,False,True,False,False,0
behavior_0_2623,"Dispatcher: 普段と違う振る舞いや様子はありますか？
Caller: はい、同僚が急に落ち着きなく歩き回っていて、普段の様子と違います。",False,False,True,False,False,0
behavior_0_2624,"Dispatcher: 受け答えが変、落ち着きがない、いつもと違う行動をしている感じはありますか？
Caller: はい、弟が質問にうまく答えられず、ぼーっとしていて明らかに変です。",False,False,True,False,False,0
behavior_0_2625,"Dispatcher: いつもと違う振る舞いはありますか？
Caller: はい、さっきから話がかみ合わず、普段の受け答えではありません。",False,False,True,False,False,0
behavior_1_2626,"Dispatcher: 何か変わったことはありますか？
Caller: いいえ、頭痛はありますが、受け答えも行動もいつも通りです。",False,False,True,False,False,1
behavior_1_2627,"Dispatcher: いつもと違う振る舞いはありますか？
Caller: いいえ、特に変わった様子はありません。",False,False,True,False,False,1
behavior_1_2628,"Dispatcher: 普段と違う振る舞いや様子はありますか？
Caller: いいえ、会話もしっかりできていて、行動も普段と変わりません。",False,False,True,False,False,1
behavior_1_2629,"Dispatcher: 何かいつもと違う感じはありますか？
Caller: いいえ、友人は頭が痛いと言っていますが、受け答えは普通で変な行動もありません。",False,False,True,False,False,1
behavior_1_2630,"Dispatcher: ぼんやりしている、返事がおかしいなど、普段と違う様子はありますか？
Caller: いいえ、そのような様子はなく、普段通りに話せています。",False,False,True,False,False,1
behavior_2_2631,"Dispatcher: 普段と違う振る舞いや様子はありますか？
Caller: まだ本人と直接話せていないので、いつもと違う様子かどうかは分かりません。",False,False,True,False,False,2
behavior_2_2632,"Dispatcher: ぼんやりしている、返事がおかしいなど、普段と違う様子は見えますか？
Caller: 家族から頭痛とだけ連絡が来ていて、受け答えや行動についてはまだ確認できていません。",False,False,True,False,False,2
behavior_2_2633,"Dispatcher: 普段と違う振る舞いや様子はありますか？
Caller: 今は本人が寝室にいて私は見ていないので、いつもと違う行動があるかは確認できません。",False,False,True,False,False,2
behavior_2_2634,"Dispatcher: いつもと違う振る舞いはありますか？
Caller: 今日はまだ直接会えていないので、普段と違う様子かどうかは分かりません。",False,False,True,False,False,2
behavior_2_2635,"Dispatcher: 何か変わったことはありますか？
Caller: 頭痛があることしか分からず、普段と違う振る舞いがあるかは確認できません。",False,False,True,False,False,2
behavior_-1_2636,"Dispatcher: 激しい痛みが突然起こりましたか？
Caller: そこは分かりません。頭が痛いとだけ連絡があって、急に強くなったのかは確認できていません。",False,False,True,False,False,-1
behavior_-1_2637,"Dispatcher: いつもの頭痛ではなく、急にひどくなった感じですか？
Caller: はい、さっきまで普通だったのに急に頭を押さえて、我慢できないくらい痛いと言っています。",False,False,True,False,False,-1
behavior_-1_2638,"Dispatcher: いつもの軽い頭痛ということでよいですか？
Caller: はい、急に起きた感じではなく、昼ごろからじわじわ痛くなってきたそうです。",False,False,True,False,False,-1
behavior_-1_2639,"Dispatcher: 片側の手足にしびれや動かしにくさはありますか？
Caller: いいえ、手も足も普通に動いていて、しびれはないようです。",False,False,True,False,False,-1
behavior_-1_2640,"Dispatcher: 頭の痛みは、突然起こった激しい痛みですか？
Caller: いいえ、本人は前から少しずつ痛くなってきたと言っていて、急に強い痛みが出たわけではないです。",False,False,True,False,False,-1
behavior_0_2641,"Dispatcher: 普段どおりの様子ですか？
Caller: いいえ、さっきから話がかみ合わなくて、いつもと違う感じです。",False,False,True,False,False,0
behavior_0_2642,"Dispatcher: 普段と違う振る舞いや様子はありますか？
Caller: はい、呼びかけには反応しますが、質問への返事がちぐはぐで普段の受け答えではありません。",False,False,True,False,False,0
behavior_0_2643,"Dispatcher: 何か変わった様子はありますか？
Caller: はい、落ち着きがなくて、いつもの感じではないです。",False,False,True,False,False,0
behavior_0_2644,"Dispatcher: いつもと同じように受け答えできていますか？
Caller: いいえ、同じことを何度も聞き返してきて、明らかに普段と違います。",False,False,True,False,False,0
behavior_0_2645,"Dispatcher: 何か変わったことはありますか？
Caller: はい、急にぼんやりして会話の反応がおかしいです。",False,False,True,False,False,0
behavior_1_2646,"Dispatcher: 何か変わった様子はありますか？
Caller: いいえ、頭痛はありますが、様子はいつもどおりです。",False,False,True,False,False,1
behavior_1_2647,"Dispatcher: 普段と違う振る舞いや様子はありますか？
Caller: いいえ、受け答えも普段どおりで、行動も特に変わりません。",False,False,True,False,False,1
behavior_1_2648,"Dispatcher: いつもと比べて変な様子はありますか？
Caller: いいえ、本人は普通に話せていますし、特におかしな行動はありません。",False,False,True,False,False,1
behavior_1_2649,"Dispatcher: 普段どおりの様子ですか？
Caller: はい、頭が痛いと言っていますが、様子は普段と変わりません。",False,False,True,False,False,1
behavior_1_2650,"Dispatcher: ぼんやりしている、返事がおかしいなど、普段と違う様子は見えますか？
Caller: いいえ、会話は普通に成り立っていますし、歩き方や行動もいつもどおりです。",False,False,True,False,False,1
behavior_2_2651,"Dispatcher: 普段と違う振る舞いや様子はありますか？
Caller: 今は本人と離れた場所にいて見えていないので、いつもと違う様子があるかは確認できません。",False,False,True,False,False,2
behavior_2_2652,"Dispatcher: 何か変わったことはありますか？
Caller: 頭が痛いと連絡があっただけで、普段と違う様子かどうかまでは分かりません。",False,False,True,False,False,2
behavior_2_2653,"Dispatcher: いつもと同じ感じか分かりますか？
Caller: 電話で聞いただけで本人を見ていないので、受け答えや行動が変かどうかは確認できません。",False,False,True,False,False,2
behavior_2_2654,"Dispatcher: 受け答えは普通そうですか？
Caller: そこまでは分からなくて、今まだ直接会えていません。",False,False,True,False,False,2
behavior_2_2655,"Dispatcher: いつもと違う振る舞いはありますか？
Caller: いつもと違う振る舞いがあるかは分かりません。",False,False,True,False,False,2
behavior_-1_2656,"Dispatcher: いつもの頭痛ではなく、急に強い痛みが出た感じですか？
Caller: 本人から頭が痛いとだけ聞いていて、急に始まったのか、どれほど強いのかは確認できていません。",False,False,True,False,False,-1
behavior_-1_2657,"Dispatcher: 頭の痛みは、突然起こった激しい痛みですか？
Caller: いいえ、朝から少しずつ痛くなってきたようで、急に起きた強い痛みではありません。",False,False,True,False,False,-1
behavior_-1_2658,"Dispatcher: 体の様子で気になることはありますか？
Caller: 頭痛のことしか聞けておらず、しびれや麻痺があるかは分かりません。",False,False,True,False,False,-1
behavior_-1_2659,"Dispatcher: さっき急に我慢できないほどの頭痛になったんですか？
Caller: いいえ、急にではなく、前からじわじわ痛くなっていたようです。",False,False,True,False,False,-1
behavior_-1_2660,"Dispatcher: 手足の動きで気になることはありますか？
Caller: はい、左手に力が入りにくくて、足もしびれると言っています。",False,False,True,False,False,-1
behavior_0_2661,"Dispatcher: ぼんやりしているとか、受け答えがおかしい感じはありますか？
Caller: はい、質問しても見当違いの返事をしていて、いつもの話し方ではありません。",False,False,True,False,False,0
behavior_0_2662,"Dispatcher: 普段どおりの様子ですか？
Caller: いいえ、急にうろうろし始めて、会話もかみ合っていません。",False,False,True,False,False,0
behavior_0_2663,"Dispatcher: 何か変わった様子はありますか？
Caller: あります、さっきから同じことを繰り返していて普段と違います。",False,False,True,False,False,0
behavior_0_2664,"Dispatcher: 普段と違う振る舞いや様子はありますか？
Caller: はい、名前は言えますが、今いる場所を間違えて答えていて、落ち着きもなく明らかに普段と違います。",False,False,True,False,False,0
behavior_0_2665,"Dispatcher: いつもと同じ感じですか？
Caller: いいえ、反応が鈍くて、ふだんみたいに話せていません。",False,False,True,False,False,0
behavior_1_2666,"Dispatcher: 普段と違う振る舞いや様子はありますか？
Caller: いいえ、頭痛は訴えていますが、受け答えはしっかりしていますし、行動も普段と変わりません。",False,False,True,False,False,1
behavior_1_2667,"Dispatcher: ぼんやりしていたり、返事がおかしいことはありますか？
Caller: いいえ、会話は普通にできていて、特に変な様子はありません。",False,False,True,False,False,1
behavior_1_2668,"Dispatcher: 普段と違う様子はありますか？
Caller: いいえ、本人はいつもどおり落ち着いていて、受け答えも普通です。",False,False,True,False,False,1
behavior_1_2669,"Dispatcher: 何か変わったことはありますか？
Caller: いいえ、頭痛以外は特に変わらず、行動も普段どおりです。",False,False,True,False,False,1
behavior_1_2670,"Dispatcher: 普段と違う振る舞いや様子はありますか？
Caller: いいえ、質問には正確に答えていますし、表情や動きもいつもどおりで、おかしな行動は見られません。",False,False,True,False,False,1
behavior_2_2671,"Dispatcher: 何か変わった様子はありますか？
Caller: 頭が痛いとは聞いていますが、普段と違う振る舞いがあるかは分かりません。",False,False,True,False,False,2
behavior_2_2672,"Dispatcher: ぼんやりしている、返事がおかしいなど、普段と違う振る舞いはありますか？
Caller: 今は本人を見られていないので、いつもと違う様子があるかは確認できません。",False,False,True,False,False,2
behavior_2_2673,"Dispatcher: いつも通りに見えますか？
Caller: そこまでは分からなくて、普段と違う行動があるかは確認できていません。",False,False,True,False,False,2
behavior_2_2674,"Dispatcher: 普段と違う振る舞いや様子はありますか？
Caller: 頭痛の連絡だけ受けていて、普段と違うかどうかまではまだ分かりません。",False,False,True,False,False,2
behavior_2_2675,"Dispatcher: 受け答えが変だったり、落ち着きがないなどの様子はありますか？
Caller: 同僚からメッセージが来ただけで、実際の様子は見ていないので普段と違う振る舞いがあるかは確認できません。",False,False,True,False,False,2
behavior_-1_2676,"Dispatcher: 手足のしびれや麻痺はありますか？
Caller: はい、右腕がしびれていて、うまく力が入らないようです。",False,False,True,False,False,-1
behavior_-1_2677,"Dispatcher: 片側の手足にしびれや動かしにくさはありますか？
Caller: いいえ、手足は普通に動いていて、しびれもないと言っています。",False,False,True,False,False,-1
behavior_-1_2678,"Dispatcher: 頭の痛みは、突然起こった激しい痛みですか？
Caller: いいえ、朝から少しずつ痛くなってきたようで、急にひどくなった感じではありません。",False,False,True,False,False,-1
behavior_-1_2679,"Dispatcher: さっきまで普通だったのに、急に我慢できないほど強い頭痛になりましたか？
Caller: はい、会話していた直後に急に頭を押さえて、耐えられないくらい痛いと言い出しました。",False,False,True,False,False,-1
behavior_-1_2680,"Dispatcher: 手足のしびれや麻痺はありますか？
Caller: はい、母は左足がしびれていて、立とうとしても力が入りにくいです。",False,False,True,False,False,-1
behavior_0_2681,"Dispatcher: 何か様子がおかしいですか？
Caller: はい、夫は同じことを何度も聞き返してきて、普段の受け答えと明らかに違います。",False,False,True,False,False,0
behavior_0_2682,"Dispatcher: 普段と違う振る舞いや様子はありますか？
Caller: はい、返事がちぐはぐで、いつものように会話ができていません。",False,False,True,False,False,0
behavior_0_2683,"Dispatcher: ぼんやりしている、返事がおかしいなど、いつもと違う様子はありますか？
Caller: はい、呼びかけても反応が鈍くて、普段よりかなりぼんやりしています。",False,False,True,False,False,0
behavior_0_2684,"Dispatcher: 受け答えや行動で普段と違うところはありますか？
Caller: はい、急に立ち上がってうろうろしていて、落ち着きがなく普段の様子ではありません。",False,False,True,False,False,0
behavior_0_2685,"Dispatcher: 何か変わった様子はありますか？
Caller: はい、友人は話がかみ合わず、いつもと全然違う感じです。",False,False,True,False,False,0
behavior_1_2686,"Dispatcher: いつもと違う様子はありますか？
Caller: いいえ、頭痛はありますが、受け答えや行動は普段通りです。",False,False,True,False,False,1
behavior_1_2687,"Dispatcher: ぼんやりしている、返事がおかしいなど、普段と違う振る舞いはありますか？
Caller: いいえ、そのような様子はなく、会話も普通で行動もいつも通りです。",False,False,True,False,False,1
behavior_1_2688,"Dispatcher: 何か様子がおかしい感じはありますか？
Caller: いいえ、同僚は普通に受け答えできていて、変わった行動もありません。",False,False,True,False,False,1
behavior_1_2689,"Dispatcher: 普段と違う振る舞いや様子はありますか？
Caller: いいえ、痛がってはいますが、様子自体はいつもと変わりません。",False,False,True,False,False,1
behavior_1_2690,"Dispatcher: 何か変わった様子はありますか？
Caller: いいえ、頭痛以外は特におかしなところはありません。",False,False,True,False,False,1
behavior_2_2691,"Dispatcher: 受け答えが変、落ち着きがないなど、いつもと違う振る舞いはありますか？
Caller: 会社の別フロアにいて本人を見ていないので、普段と違う様子があるかは確認できません。",False,False,True,False,False,2
behavior_2_2692,"Dispatcher: 普段と違う振る舞いや様子はありますか？
Caller: 今は電話で頭痛と聞いただけなので、いつもと違う行動があるかは分かりません。",False,False,True,False,False,2
behavior_2_2693,"Dispatcher: ぼんやりしている、返事がおかしいなどの様子はありますか？
Caller: 娘から短く連絡が来ただけで、実際に会っていないため普段と違う振る舞いがあるかまでは判断できません。",False,False,True,False,False,2
behavior_2_2694,"Dispatcher: いつも通りに過ごせていますか？
Caller: そこはまだ見ていなくて、普段と違う様子があるかは確認できていません。",False,False,True,False,False,2
behavior_2_2695,"Dispatcher: 何か変わった行動や受け答えはありますか？
Caller: 友人づてに頭痛と聞いただけで、本人の様子は見ていないので普段と違う振る舞いがあるか分かりません。",False,False,True,False,False,2
behavior_-1_2696,"Dispatcher: いつもの頭痛ではなく、急に強くなった感じですか？
Caller: いいえ、昼ごろからじわじわ痛くなってきたそうで、突然の激しい痛みではないです。",False,False,True,False,False,-1
behavior_-1_2697,"Dispatcher: 手足のしびれや麻痺はありますか？
Caller: 本人が別室にいて見えていないので、しびれや麻痺があるかはまだ分かりません。",False,False,True,False,False,-1
behavior_-1_2698,"Dispatcher: 何か分かることはありますか、急に強い頭痛になった感じですか？
Caller: 頭が痛いとだけ連絡があって、突然なのか、かなり激しいのかまでは確認できていません。",False,False,True,False,False,-1
behavior_-1_2699,"Dispatcher: しびれや麻痺はありますか？
Caller: いいえ、手足のしびれも動かしにくさもないようです。",False,False,True,False,False,-1
behavior_-1_2700,"Dispatcher: 頭の痛みは、突然起こった激しい痛みですか？
Caller: はい、さっき急に頭を抱えて、今までにないくらいひどく痛むと言っています。",False,False,True,False,False,-1
behavior_0_2701,"Dispatcher: 普段と違う振る舞いや様子はありますか？
Caller: はい、話しかけても返事がちぐはぐで、落ち着きなく同じことを繰り返しています。",False,False,True,False,False,0
behavior_0_2702,"Dispatcher: いつも通りの受け答えができていますか？
Caller: いいえ、同僚なんですが、さっきから会話がかみ合わず、急に席を立ったり座ったりしています。",False,False,True,False,False,0
behavior_0_2703,"Dispatcher: 何か変わった様子はありますか？
Caller: はい、呼びかけへの返事がおかしくて、普段ならしないような意味不明なことを言っています。",False,False,True,False,False,0
behavior_0_2704,"Dispatcher: ぼんやりしている、返事がおかしいなど、普段と違う様子は見えますか？
Caller: あります。母なんですが、受け答えが遅くて、いつもならしない場所で立ち尽くしています。",False,False,True,False,False,0
behavior_0_2705,"Dispatcher: いつもより元気で普通に過ごしていますか？
Caller: いいえ、受け答えが変で、さっきから同じ質問ばかりしています。",False,False,True,False,False,0
behavior_1_2706,"Dispatcher: 普段と違う振る舞いや様子はありますか？
Caller: いいえ、頭痛はありますが、受け答えも行動もいつも通りです。",False,False,True,False,False,1
behavior_1_2707,"Dispatcher: ぼんやりしていたり、会話が変だったりはしますか？
Caller: そういうのはなくて、夫は普通に話せていますし様子も普段と変わりません。",False,False,True,False,False,1
behavior_1_2708,"Dispatcher: 受け答えが変、落ち着きがない、いつもと違う行動をしている感じはありますか？
Caller: ありません。娘は質問にちゃんと答えていますし、行動も普段通りです。",False,False,True,False,False,1
behavior_1_2709,"Dispatcher: 何か変わったことはありますか？
Caller: 頭が痛い以外は特になくて、普段と違う振る舞いは見られません。",False,False,True,False,False,1
behavior_1_2710,"Dispatcher: いつも通りの様子ですか？
Caller: はい、同僚は受け答えもしっかりしていて、変な行動もありません。",False,False,True,False,False,1
behavior_2_2711,"Dispatcher: 普段と違う振る舞いや様子はありますか？
Caller: 今は本人のそばにいないので、いつもと違う様子があるかは確認できません。",False,False,True,False,False,2
behavior_2_2712,"Dispatcher: ぼんやりしている、返事がおかしいなど、普段と違う様子は見えますか？
Caller: 友人から頭痛とだけ連絡が来ていて、実際の受け答えや行動までは見られていません。",False,False,True,False,False,2
behavior_2_2713,"Dispatcher: 普段と違う振る舞いや様子はありますか？
Caller: まだ直接会えていないので、そのあたりは分かりません。",False,False,True,False,False,2
behavior_2_2714,"Dispatcher: 普段と違う振る舞いや様子はありますか？
Caller: 頭が痛いとは聞いていますが、いつもと違う行動があるかは確認できていません。",False,False,True,False,False,2
behavior_2_2715,"Dispatcher: 受け答えが変、落ち着きがない、いつもと違う行動をしている感じはありますか？
Caller: 今は別の部屋にいて見えていないので、普段と違う振る舞いがあるかどうかは分かりません。",False,False,True,False,False,2
behavior_-1_2716,"Dispatcher: 普通に歩けているということでよいですか？
Caller: はい、手足のしびれも麻痺もなく、普通に動かせています。",False,False,True,False,False,-1
behavior_-1_2717,"Dispatcher: 頭の痛みは、突然起こった激しい痛みですか？
Caller: 本人から頭が痛いとだけメッセージが来ていて、急に始まったのか、どれほど強いのかは分かりません。",False,False,True,False,False,-1
behavior_-1_2718,"Dispatcher: 手足のしびれや麻痺はありますか？
Caller: 電話で聞いただけで姿が見えないので、しびれや麻痺があるかは確認できません。",False,False,True,False,False,-1
behavior_-1_2719,"Dispatcher: 片側の手足にしびれや動かしにくさはありますか？
Caller: ありません。父は両手足とも普通に動かせていて、しびれも訴えていません。",False,False,True,False,False,-1
behavior_-1_2720,"Dispatcher: 手足のしびれや麻痺はありますか？
Caller: いいえ、同僚に確認しましたが、しびれも動かしにくさもないそうです。",False,False,True,False,False,-1
behavior_0_2721,"Dispatcher: 普段と違う振る舞いや様子はありますか？
Caller: あります。兄なんですが、急に無言になったかと思うと、質問に見当違いな返事をします。",False,False,True,False,False,0
behavior_0_2722,"Dispatcher: いつも通りの様子ですか？
Caller: いいえ、返事が遅くて会話がかみ合わず、普段と明らかに違います。",False,False,True,False,False,0
behavior_0_2723,"Dispatcher: ぼんやりしている、返事がおかしいなど、普段と違う様子は見えますか？
Caller: はい、妻が急に話の筋が通らなくなって、何を聞いても的外れなことを言っています。",False,False,True,False,False,0
behavior_0_2724,"Dispatcher: 普段と違う振る舞いや様子はありますか？
Caller: はい、さっきから同じ動作を繰り返していて、呼びかけへの反応もいつもと違います。",False,False,True,False,False,0
behavior_0_2725,"Dispatcher: いつも通りに過ごせていますか？
Caller: いいえ、息子が落ち着かずうろうろしていて、返事の仕方も変です。",False,False,True,False,False,0
behavior_1_2726,"Dispatcher: 普段と違う振る舞いや様子はありますか？
Caller: ありません。母は頭痛を訴えていますが、話し方も行動も普段通りです。",False,False,True,False,False,1
behavior_1_2727,"Dispatcher: ぼんやりしている、返事がおかしいなどはありますか？
Caller: いいえ。友人は受け答えがはっきりしていて、変わった行動もしていません。",False,False,True,False,False,1
behavior_1_2728,"Dispatcher: いつも通りに過ごせていますか？
Caller: はい、特におかしな様子はなく、普段と違う振る舞いはありません。",False,False,True,False,False,1
behavior_1_2729,"Dispatcher: 普段と違う振る舞いや様子はありますか？
Caller: いいえ、受け答えは普通で、行動もいつもと変わりません。",False,False,True,False,False,1
behavior_1_2730,"Dispatcher: 受け答えが変、落ち着きがない、いつもと違う行動をしている感じはありますか？
Caller: ありません。夫は会話も普通にできていますし、様子も普段通りです。",False,False,True,False,False,1
behavior_2_2731,"Dispatcher: ぼんやりしている、返事がおかしいなど、普段と違う様子はありますか？
Caller: 会社から連絡を受けただけで本人を見ていないので、いつもと違う振る舞いがあるかは確認できません。",False,False,True,False,False,2
behavior_2_2732,"Dispatcher: いつも通りに話したり動いたりできていますか？
Caller: そこは分かりません。頭が痛いとだけ家族から聞いていて、普段と違う様子までは確認できていません。",False,False,True,False,False,2
behavior_2_2733,"Dispatcher: 普段と違う振る舞いや様子はありますか？
Caller: 友人から頭痛でつらそうだと連絡が来ただけで、受け答えや行動の変化までは分かりません。",False,False,True,False,False,2
behavior_2_2734,"Dispatcher: 受け答えが変だったり、落ち着かないなど、いつもと違う行動は見られますか？
Caller: 今は別の階にいて直接見ていないので、普段と違う振る舞いがあるかは判断できません。",False,False,True,False,False,2
behavior_2_2735,"Dispatcher: 何か変わった様子はありますか？
Caller: まだ確認できておらず、普段と違うかは分かりません。",False,False,True,False,False,2
behavior_-1_2736,"Dispatcher: 手足のしびれや麻痺はありますか？
Caller: いいえ、手足は普通に動いていて、しびれもないです。",False,False,True,False,False,-1
behavior_-1_2737,"Dispatcher: いつもの軽い頭痛という感じですか？
Caller: はい、急に激しく出た痛みではなく、朝からだんだん痛くなったようです。",False,False,True,False,False,-1
behavior_-1_2738,"Dispatcher: 手足のしびれや麻痺はありますか？
Caller: はい、左手がしびれていて、うまく力も入らないようです。",False,False,True,False,False,-1
behavior_-1_2739,"Dispatcher: 普通に手足は動かせていますか？
Caller: ええ、さっき一緒に歩きましたが、しびれも麻痺もないと言っています。",False,False,True,False,False,-1
behavior_-1_2740,"Dispatcher: 体の様子で気になることはありますか？
Caller: 頭痛のことしか聞けておらず、しびれや動かしにくさがあるかは分かりません。",False,False,True,False,False,-1
behavior_0_2741,"Dispatcher: 普段と違う振る舞いや様子はありますか？
Caller: はい、呼びかけへの返事がいつもより遅くて、話も少しかみ合っていません。",False,False,True,False,False,0
behavior_0_2742,"Dispatcher: ぼんやりしている、返事がおかしいなど、いつもと違う様子はありますか？
Caller: はい、同じことを何度も聞き返してきて、普段の受け答えと違います。",False,False,True,False,False,0
behavior_0_2743,"Dispatcher: 何かいつもと違う振る舞いはありますか？
Caller: あります。職場の同僚なんですが、急に机の前で落ち着かなく歩き回っていて、質問にも的外れに答えています。",False,False,True,False,False,0
behavior_0_2744,"Dispatcher: 普段と違う様子は見られますか？
Caller: はい、さっきから会話がちぐはぐで、いつものような受け答えができていません。",False,False,True,False,False,0
behavior_0_2745,"Dispatcher: いつも通りに過ごせていますか？
Caller: いいえ、明らかに様子がおかしくて、普段しないような行動をしています。",False,False,True,False,False,0
behavior_1_2746,"Dispatcher: 受け答えが変だったり、普段と違う行動はありますか？
Caller: いいえ、頭痛はありますが会話は普通で、様子もいつもと変わりません。",False,False,True,False,False,1
behavior_1_2747,"Dispatcher: 何か変わった様子はありますか？
Caller: 今のところ特におかしな振る舞いはなく、普段通りです。",False,False,True,False,False,1
behavior_1_2748,"Dispatcher: いつも通りに話したり動いたりできていますか？
Caller: はい、母は頭を押さえていますが、受け答えも歩き方も普段と同じです。",False,False,True,False,False,1
behavior_1_2749,"Dispatcher: 普段と違う振る舞いや様子はありますか？
Caller: いいえ、痛がってはいますが、受け答えはしっかりしていて変わった様子はありません。",False,False,True,False,False,1
behavior_1_2750,"Dispatcher: ぼんやりしている、返事がおかしいなどはありますか？
Caller: ありません。友人ですが、普通に受け答えできていて行動もいつも通りです。",False,False,True,False,False,1
behavior_2_2751,"Dispatcher: 普段と違う行動や受け答えはありますか？
Caller: メッセージで頭痛を訴えてきただけなので、様子が変かどうかまでは分かりません。",False,False,True,False,False,2
behavior_2_2752,"Dispatcher: いつも通りに過ごせていますか？
Caller: 分かりません。今そばにいないので、普段と違う振る舞いがあるか確認できません。",False,False,True,False,False,2
behavior_2_2753,"Dispatcher: 何か変わった様子はありますか？
Caller: 同僚づてに聞いただけで、受け答えや行動がいつもと違うかは見ていません。",False,False,True,False,False,2
behavior_2_2754,"Dispatcher: 普通な感じですか？
Caller: そこはまだ分からなくて、頭痛以外の様子は確認できていません。",False,False,True,False,False,2
behavior_2_2755,"Dispatcher: 普段と違う振る舞いはありますか？
Caller: 今は電話で聞いただけなので、いつもと違う様子があるかは分かりません。",False,False,True,False,False,2
behavior_-1_2756,"Dispatcher: 片側の手足にしびれや動かしにくさはありますか？
Caller: いいえ、両手足とも普通に動いていて、しびれも訴えていません。",False,False,True,False,False,-1
behavior_-1_2757,"Dispatcher: 右手だけ力が入らない、足がしびれるなどはありますか？
Caller: ありません。弟は頭痛はありますが、コップも両手で普通に持てていて、しびれもないです。",False,False,True,False,False,-1
behavior_-1_2758,"Dispatcher: 頭の痛みは、突然起こった激しい痛みですか？
Caller: はい、さっきまで普通だったのに、急に我慢できないほど頭が痛いと言い出しました。",False,False,True,False,False,-1
behavior_-1_2759,"Dispatcher: 普通に歩けていますか？
Caller: いいえ、右足がしびれると言っていて、右手にも力が入りにくいようです。",False,False,True,False,False,-1
behavior_-1_2760,"Dispatcher: 頭の痛みは、急に出た強い痛みですか？
Caller: そうではなくて、昼ごろから少しずつ痛くなってきたみたいで、突然の激しい痛みではありません。",False,False,True,False,False,-1
behavior_0_2761,"Dispatcher: いつも通りに受け答えできていますか？
Caller: いいえ、質問しても話がかみ合わず、普段と明らかに違います。",False,False,True,False,False,0
behavior_0_2762,"Dispatcher: 普段と違う振る舞いや様子はありますか？
Caller: はい、呼びかけても返事がちぐはぐで、落ち着きなく同じことを繰り返しています。",False,False,True,False,False,0
behavior_0_2763,"Dispatcher: ぼんやりしている、返事がおかしいなど、いつもと違う様子はありますか？
Caller: はい、会話が成立しにくくて、今朝から受け答えが明らかに変です。",False,False,True,False,False,0
behavior_0_2764,"Dispatcher: 普段と違う振る舞いや様子はありますか？
Caller: はい、なんとなく様子がおかしくて、受け答えもいつもより変です。",False,False,True,False,False,0
behavior_0_2765,"Dispatcher: いつも通りに見えますか？
Caller: いいえ、少し普段と違う感じで、受け答えも変に思います。",False,False,True,False,False,0
behavior_1_2766,"Dispatcher: いつも通りに受け答えできていますか？
Caller: はい、頭は痛がっていますが、受け答えは普段通りです。",False,False,True,False,False,1
behavior_1_2767,"Dispatcher: 何かおかしな様子はありますか？
Caller: いいえ、行動や話し方はいつもと変わりません。",False,False,True,False,False,1
behavior_1_2768,"Dispatcher: いつも通りに見えますか？
Caller: はい、特に変わった様子はなさそうです。",False,False,True,False,False,1
behavior_1_2769,"Dispatcher: 受け答えが変だったり、普段と違う行動はありますか？
Caller: いいえ、痛みは訴えていますが、会話も行動も普段と同じです。",False,False,True,False,False,1
behavior_1_2770,"Dispatcher: ぼんやりしている、返事がおかしいなど、いつもと違う様子はありますか？
Caller: ありません。友人として見ていますが、受け答えははっきりしていて普段通りです。",False,False,True,False,False,1
behavior_2_2771,"Dispatcher: 普段と違う振る舞いや様子はありますか？
Caller: 今は本人から電話で頭が痛いと聞いただけで、受け答えや行動がいつもと違うかまでは確認できません。",False,False,True,False,False,2
behavior_2_2772,"Dispatcher: いつも通りに見えますか？
Caller: そこはまだ分からなくて、頭痛の連絡しか受けていません。",False,False,True,False,False,2
behavior_2_2773,"Dispatcher: ぼんやりしている、返事がおかしいなど、普段と違う様子は見えますか？
Caller: 職場から連絡を受けただけで本人を見ていないので、普段と違う振る舞いがあるかは分かりません。",False,False,True,False,False,2
behavior_2_2774,"Dispatcher: 何か変わった様子はありますか？
Caller: 頭が痛いことしか聞けていなくて、様子の違いまでは確認できていません。",False,False,True,False,False,2
behavior_2_2775,"Dispatcher: いつもと違う行動をしている感じはありますか？
Caller: 今は別の部屋にいて見えていないので、その点は分かりません。",False,False,True,False,False,2
behavior_-1_2776,"Dispatcher: 手足のしびれや麻痺はありますか？
Caller: 今のところ、しびれも動かしにくさもないと言っています。",False,False,True,False,False,-1
behavior_-1_2777,"Dispatcher: いつもの頭痛ではなく、急に強い痛みが出た感じですか？
Caller: そこまでは聞けておらず、急だったのか痛みがどれほど強いのかは分かりません。",False,False,True,False,False,-1
behavior_-1_2778,"Dispatcher: 体にしびれたり、片側だけ力が入りにくい様子はありますか？
Caller: はい、父が左手がしびれてうまく持てないと言っています。",False,False,True,False,False,-1
behavior_-1_2779,"Dispatcher: いつもの軽い頭痛ということでよいですか？
Caller: それが分からなくて、急にひどくなったのかどうか確認できていません。",False,False,True,False,False,-1
behavior_-1_2780,"Dispatcher: しびれや麻痺はありますか？
Caller: しびれや麻痺があるかは分かりません。",False,False,True,False,False,-1
behavior_0_2781,"Dispatcher: いつも通りに見えますか？
Caller: いいえ、同僚なんですが、さっきから返事がずれていて明らかに普段と違います。",False,False,True,False,False,0
behavior_0_2782,"Dispatcher: 何かおかしな様子はありますか？
Caller: はい、受け答えが変で、少し様子がおかしいです。",False,False,True,False,False,0
behavior_0_2783,"Dispatcher: いつも通りに受け答えできていますか？
Caller: いいえ、母なんですが、呼びかけても話が飛んでしまって普段の返事と違います。",False,False,True,False,False,0
behavior_0_2784,"Dispatcher: 普段と違う振る舞いや様子はありますか？
Caller: はい、急に落ち着きがなくなって、質問にも的外れな答え方をしています。",False,False,True,False,False,0
behavior_0_2785,"Dispatcher: ぼんやりしている、返事がおかしいなど、普段と違う様子はありますか？
Caller: はい。夫が名前を呼んでも反応が鈍く、さっきから同じ動作を繰り返していて明らかに変です。",False,False,True,False,False,0
behavior_1_2786,"Dispatcher: 普段と違う振る舞いや様子はありますか？
Caller: いいえ、頭痛はありますが、様子は普段と変わらないです。",False,False,True,False,False,1
behavior_1_2787,"Dispatcher: ぼんやりしている、返事がおかしいなど、普段と違う様子はありますか？
Caller: ありません。娘ですが、会話も普通で行動もいつも通りです。",False,False,True,False,False,1
behavior_1_2788,"Dispatcher: いつも通りに見えますか？
Caller: はい、特におかしな行動や変な受け答えはありません。",False,False,True,False,False,1
behavior_1_2789,"Dispatcher: 何かおかしな様子はありますか？
Caller: いいえ、普段と同じように話せています。",False,False,True,False,False,1
behavior_1_2790,"Dispatcher: 普段と違う振る舞いや様子はありますか？
Caller: ありません。友人ですが、痛がってはいるものの受け答えはしっかりしていて、行動もいつも通りです。",False,False,True,False,False,1
behavior_2_2791,"Dispatcher: 何か変わった様子はありますか？
Caller: そこはまだ分かりません。頭が痛いと言っているだけで、普段と違う振る舞いかは確認できていません。",False,False,True,False,False,2
behavior_2_2792,"Dispatcher: 受け答えが変だったり、落ち着きがないなど、いつもと違う様子はありますか？
Caller: 職場から連絡を受けただけで本人をまだ見ていないので、普段と違う振る舞いがあるかまでは分かりません。",False,False,True,False,False,2
behavior_2_2793,"Dispatcher: 普段と違う振る舞いや様子はありますか？
Caller: 今は電話で聞いただけなので、いつもと違う様子かどうかは確認できていません。",False,False,True,False,False,2
behavior_2_2794,"Dispatcher: ぼんやりしているとか、返事がおかしいとか、何か普段と違う様子は見られますか？
Caller: 娘から頭痛がするとメッセージが来ただけで、実際の様子は見ていないので分かりません。",False,False,True,False,False,2
behavior_2_2795,"Dispatcher: いつもと違う行動や受け答えの変化はありますか？
Caller: 別の部屋にいて会話していないので、普段と違う振る舞いがあるかはまだ確認できません。",False,False,True,False,False,2
behavior_-1_2796,"Dispatcher: 手足のしびれや麻痺、片側だけ力が入らない感じはありますか？
Caller: はい、左腕がしびれていて、左足にも力が入りにくいと言っています。",False,False,True,False,False,-1
behavior_-1_2797,"Dispatcher: 普通に手足は動いていますか？
Caller: はい、しびれも麻痺もなく、両手両足とも普通に動いています。",False,False,True,False,False,-1
behavior_-1_2798,"Dispatcher: 体の片側が動かしにくい感じはありますか？
Caller: いいえ、しびれも動かしにくさもないです。",False,False,True,False,False,-1
behavior_-1_2799,"Dispatcher: 手足のしびれや麻痺はありますか？
Caller: 今は本人のそばにいないので、しびれや麻痺があるかは確認できません。",False,False,True,False,False,-1
behavior_-1_2800,"Dispatcher: 歩き方は普通ですか？
Caller: はい、しびれや麻痺はなく、普通に歩けています。",False,False,True,False,False,-1
behavior_0_2801,"Dispatcher: 普段と違う振る舞いや様子はありますか？
Caller: はい、質問しても話がかみ合わず、いつもよりぼんやりしています。",False,False,True,False,False,0
behavior_0_2802,"Dispatcher: いつもどおりに受け答えできていますか？
Caller: いいえ、呼びかけても返事がちぐはぐで普段と違います。",False,False,True,False,False,0
behavior_0_2803,"Dispatcher: 返事がおかしい、急に怒りっぽい、同じことを繰り返すなど、いつもと違う様子はありますか？
Caller: あります。夫が同じ質問を何度もしてきて、会話も少し混乱しています。",False,False,True,False,False,0
behavior_0_2804,"Dispatcher: 何か変わったことはありますか？
Caller: はい、落ち着きがなくて、普段しないような行動をしています。",False,False,True,False,False,0
behavior_0_2805,"Dispatcher: ぼんやりしている、言うことが変、ふらふら歩くなど、いつもと違う振る舞いは見られますか？
Caller: はい、同僚なんですが、さっきから受け答えが遅くて、机の前で何をするか分からなくなっている感じです。",False,False,True,False,False,0
behavior_1_2806,"Dispatcher: 普段と違う振る舞いや様子はありますか？
Caller: いいえ、受け答えはしっかりしていて、行動もいつもどおりです。",False,False,True,False,False,1
behavior_1_2807,"Dispatcher: 普段と違う振る舞いや様子はありますか？
Caller: いいえ、会話も普通で、特に変わった様子はありません。",False,False,True,False,False,1
behavior_1_2808,"Dispatcher: 返事がおかしいとか、ぼんやりしているとか、いつもと違う感じはありますか？
Caller: ありません。友人ですが、頭痛はあるものの受け答えは普段どおりです。",False,False,True,False,False,1
behavior_1_2809,"Dispatcher: いつもどおりに過ごせていますか？
Caller: はい、行動や受け答えに変わったところはありません。",False,False,True,False,False,1
behavior_1_2810,"Dispatcher: 何か変わったことはありますか？
Caller: いいえ、頭痛以外は普段と同じ様子です。",False,False,True,False,False,1
behavior_2_2811,"Dispatcher: 普段と違う振る舞いや様子はありますか？
Caller: まだ本人と直接話せていないので、いつもと違う様子があるかは分かりません。",False,False,True,False,False,2
behavior_2_2812,"Dispatcher: ぼんやりしている、返事がおかしいなど、普段と違う振る舞いは確認できますか？
Caller: 近くにいないので様子が見えず、普段と違う振る舞いがあるかどうかは確認できません。",False,False,True,False,False,2
behavior_2_2813,"Dispatcher: 何か変わったことはありますか？
Caller: 頭痛のことしか聞いておらず、普段と違う振る舞いがあるかはまだ分かりません。",False,False,True,False,False,2
behavior_2_2814,"Dispatcher: 受け答えが変だったり、いつもと違う行動をしていたりしますか？
Caller: 学校から呼ばれている途中で、まだ本人に会っていないので、そのあたりは確認できていません。",False,False,True,False,False,2
behavior_2_2815,"Dispatcher: いつもどおりに見えますか？
Caller: それがまだ分からなくて、普段と違う様子かどうかは確認できていません。",False,False,True,False,False,2
behavior_-1_2816,"Dispatcher: さっきまで普通だったのに、急に我慢できないほど強い頭痛になった感じですか？
Caller: はい、同僚が急に頭を押さえて、その場で動けないくらい痛いと言い出しました。",False,False,True,False,False,-1
behavior_-1_2817,"Dispatcher: いつもの軽い頭痛という感じですか？
Caller: それが、急に強くなったのか、もともとじわじわ痛かったのかは聞けていません。",False,False,True,False,False,-1
behavior_-1_2818,"Dispatcher: 激しい痛みが突然起こりましたか？
Caller: はい、さっき急にものすごく痛いと言ってうずくまりました。",False,False,True,False,False,-1
behavior_-1_2819,"Dispatcher: いつもの頭痛ではなく、急に強い痛みが出た感じですか？
Caller: 本人から頭が痛いとだけ連絡があって、突然なのか痛みがどれほど強いのかまでは分かりません。",False,False,True,False,False,-1
behavior_-1_2820,"Dispatcher: 体の動きで気になることはありますか？
Caller: あります。母は右手がしびれていて、コップを持つ力が入りにくいです。",False,False,True,False,False,-1
behavior_0_2821,"Dispatcher: 受け答えや様子、いつも通りではない感じはありますか？
Caller: はい、会社の同僚なんですが、さっきから質問しても話がかみ合わず、ぼんやりした返事ばかりです。",False,False,True,False,False,0
behavior_0_2822,"Dispatcher: 普段と違う振る舞いや様子はありますか？
Caller: はい、母なんですが、落ち着きがなくて同じことを何度も言っています。",False,False,True,False,False,0
behavior_0_2823,"Dispatcher: ぼんやりしている、返事がおかしいなど、いつもと違う様子はありますか？
Caller: はい、夫ですが呼びかけには反応するものの、名前を聞いても言い間違えていて普段の受け答えと明らかに違います。",False,False,True,False,False,0
behavior_0_2824,"Dispatcher: 普段と違う振る舞いはありますか？
Caller: はい、いつもより受け答えが変で、そわそわしています。",False,False,True,False,False,0
behavior_0_2825,"Dispatcher: 何か変わった様子はありますか？
Caller: はい、話し方も行動もいつもと違います。",False,False,True,False,False,0
behavior_1_2826,"Dispatcher: 何か変わった様子はありますか？
Caller: いいえ、頭痛はありますが、受け答えは普段通りです。",False,False,True,False,False,1
behavior_1_2827,"Dispatcher: いつもと違う感じはありますか？
Caller: いいえ、友人ですが会話も普通で、変わった行動は見ていません。",False,False,True,False,False,1
behavior_1_2828,"Dispatcher: 何かおかしな様子はありますか？
Caller: いいえ、特に普段と変わりません。",False,False,True,False,False,1
behavior_1_2829,"Dispatcher: 受け答えが変だったり、普段と違う行動はありますか？
Caller: いいえ、妻ですが質問にはきちんと答えられていて、行動もいつも通りです。",False,False,True,False,False,1
behavior_1_2830,"Dispatcher: 普段と違う振る舞いや様子はありますか？
Caller: いいえ、同僚は頭を押さえていますが、受け答えははっきりしていていつもと変わりありません。",False,False,True,False,False,1
behavior_2_2831,"Dispatcher: 普段と違う振る舞いや様子はありますか？
Caller: 今は本人のそばにいないので、いつもと違う様子があるかは確認できません。",False,False,True,False,False,2
behavior_2_2832,"Dispatcher: 何か変わったことはありますか？
Caller: 弟から頭が痛いと連絡が来ただけで、受け答えや行動が普段と違うかまでは分かりません。",False,False,True,False,False,2
behavior_2_2833,"Dispatcher: いつも通りに見えますか？
Caller: そこはまだ見ていなくて、変な受け答えがあるかどうかは確認できていません。",False,False,True,False,False,2
behavior_2_2834,"Dispatcher: ぼんやりしている、返事がおかしいなど、普段と違う様子は見えますか？
Caller: 電話で頭痛を訴えられただけなので、普段と違う振る舞いがあるかは分かりません。",False,False,True,False,False,2
behavior_2_2835,"Dispatcher: 普段と違う振る舞いはありますか？
Caller: まだ直接見ていないので、その点は分かりません。",False,False,True,False,False,2
behavior_-1_2836,"Dispatcher: 手足のしびれや麻痺はありますか？
Caller: いいえ、娘ですが手足は普通に動いていて、しびれもないようです。",False,False,True,False,False,-1
behavior_-1_2837,"Dispatcher: いつもの頭痛ではなく、急に強い痛みが出た感じですか？
Caller: はい、夫がさっき急に頭を押さえて、今までにないくらいひどく痛いと言い出しました。",False,False,True,False,False,-1
behavior_-1_2838,"Dispatcher: 体の様子で気になることはありますか？
Caller: 頭が痛いとしか聞けておらず、しびれや麻痺があるかは分かりません。",False,False,True,False,False,-1
behavior_-1_2839,"Dispatcher: いつもの軽い頭痛ということでよいですか？
Caller: はい、急にひどくなったわけではなく、朝から少しずつ痛くなってきたようです。",False,False,True,False,False,-1
behavior_-1_2840,"Dispatcher: 手足のしびれや麻痺はありますか？
Caller: 同僚からメッセージが来ただけで、しびれや動かしにくさまでは確認できていません。",False,False,True,False,False,-1
behavior_0_2841,"Dispatcher: 普段と違う振る舞いや様子はありますか？
Caller: はい、父ですが、さっきから話がちぐはぐでいつものように会話できません。",False,False,True,False,False,0
behavior_0_2842,"Dispatcher: 何か変わったことはありますか？
Caller: はい、妹なんですが、呼びかけても見当違いの返事をしていて明らかに様子がおかしいです。",False,False,True,False,False,0
behavior_0_2843,"Dispatcher: 普段と違う振る舞いや様子はありますか？
Caller: はい、友人ですが急に無言になったり、同じ質問を繰り返したりしています。",False,False,True,False,False,0
behavior_0_2844,"Dispatcher: 受け答えが変だったり、いつもと違う行動はありますか？
Caller: はい、同僚が机の周りをうろうろしていて、問いかけにも的外れな返事をしています。",False,False,True,False,False,0
behavior_0_2845,"Dispatcher: 普段と違う振る舞いや様子はありますか？
Caller: はい、母の受け答えが鈍くて、いつものような反応ではありません。",False,False,True,False,False,0
behavior_1_2846,"Dispatcher: 普段と違う振る舞いや様子はありますか？
Caller: いいえ、兄ですが、会話も行動もいつも通りです。",False,False,True,False,False,1
behavior_1_2847,"Dispatcher: 普段と違う振る舞いや様子はありますか？
Caller: いいえ、夫は頭痛を訴えていますが、返事はしっかりしていて普段と変わりません。",False,False,True,False,False,1
behavior_1_2848,"Dispatcher: 普段と違う振る舞いや様子はありますか？
Caller: いいえ、娘は普通に話せていて、特に変わった様子はありません。",False,False,True,False,False,1
behavior_1_2849,"Dispatcher: ぼんやりしている、返事がおかしいなど、普段と違う様子はありますか？
Caller: いいえ、同僚は受け答えも正常で、行動もいつも通りです。",False,False,True,False,False,1
behavior_1_2850,"Dispatcher: 普段と違う振る舞いや様子はありますか？
Caller: いいえ、友人ですが、意識もはっきりしていて話し方や様子に変化はありません。",False,False,True,False,False,1
behavior_2_2851,"Dispatcher: 受け答えが変だったり、いつもと違う行動をしている様子はありますか？
Caller: 職場の同僚から頭痛で休憩室にいると聞いただけで、普段と違う振る舞いがあるかまでは見れていません。",False,False,True,False,False,2
behavior_2_2852,"Dispatcher: 普段と違う振る舞いや様子はありますか？
Caller: まだ本人に会えていないので、いつもと違う様子かどうかは分かりません。",False,False,True,False,False,2
behavior_2_2853,"Dispatcher: 何かいつもと違う振る舞いはありますか？
Caller: 頭が痛いとは聞いていますが、普段と違う行動があるかは確認できていません。",False,False,True,False,False,2
behavior_2_2854,"Dispatcher: いつも通りに見えますか？
Caller: 今は電話で連絡を受けただけなので、普段と違う振る舞いがあるかどうかは判断できません。",False,False,True,False,False,2
behavior_2_2855,"Dispatcher: 今日は普通に過ごせている感じですか？
Caller: 友人づてに頭痛と聞いただけで、いつもと違う様子かはまだ分からないです。",False,False,True,False,False,2
behavior_-1_2856,"Dispatcher: いきなり強い頭痛が出た感じではありますか？
Caller: いいえ、朝から少しずつ痛くなってきたようで、急にひどくなったわけではありません。",False,False,True,False,False,-1
behavior_-1_2857,"Dispatcher: 手足のしびれや麻痺はありますか？
Caller: 夫を見ていますが、手足のしびれも麻痺もなく、普通に動かせています。",False,False,True,False,False,-1
behavior_-1_2858,"Dispatcher: 頭の痛みは、突然起こった激しい痛みですか？
Caller: いいえ、急にではなく、昼ごろからだんだん痛くなってきたそうです。",False,False,True,False,False,-1
behavior_-1_2859,"Dispatcher: ちゃんと歩けていますか？
Caller: 今は別の部屋に寝かせていて見えていないので、しびれや動かしにくさがあるかは確認できません。",False,False,True,False,False,-1
behavior_-1_2860,"Dispatcher: しびれや麻痺はありますか？
Caller: いいえ、しびれや麻痺はないです。",False,False,True,False,False,-1
behavior_0_2861,"Dispatcher: 何か変わった様子はありますか？
Caller: はい、返事がちぐはぐで普段の受け答えと違います。",False,False,True,False,False,0
behavior_0_2862,"Dispatcher: いつもと違う様子はありますか？
Caller: はい、母が同じことを何度も聞き返してきて、会話がかみ合いません。",False,False,True,False,False,0
behavior_0_2863,"Dispatcher: 普段と違う行動をしていますか？
Caller: はい、同僚が急に落ち着きなく歩き回っていて、質問しても要領を得ない返事です。",False,False,True,False,False,0
behavior_0_2864,"Dispatcher: 何かいつもと違う振る舞いはありますか？
Caller: はい、受け答えがおかしくて、ぼんやりしています。",False,False,True,False,False,0
behavior_0_2865,"Dispatcher: ぼんやりしているとか、返事がおかしいなど普段と違う様子はありますか？
Caller: あります。弟が話しかけても反応が鈍くて、いつものように会話できません。",False,False,True,False,False,0
behavior_1_2866,"Dispatcher: 何か変わった様子はありますか？
Caller: いいえ、受け答えはしっかりしていて普段通りです。",False,False,True,False,False,1
behavior_1_2867,"Dispatcher: 普段と違う振る舞いや様子はありますか？
Caller: いいえ、頭痛はありますが、話し方や行動はいつも通りです。",False,False,True,False,False,1
behavior_1_2868,"Dispatcher: ぼんやりしている、返事がおかしいなどの様子はありますか？
Caller: いいえ、妻は会話も普通で、受け答えもしっかりしていていつもと変わりません。",False,False,True,False,False,1
behavior_1_2869,"Dispatcher: 何かいつもと違う振る舞いはありますか？
Caller: いいえ、様子は普段と同じです。",False,False,True,False,False,1
behavior_1_2870,"Dispatcher: 普段と違う行動をしていますか？
Caller: いいえ、行動や受け答えはいつも通りです。",False,False,True,False,False,1
behavior_2_2871,"Dispatcher: 何か変わったことはありますか？
Caller: 今は本人からメッセージが来ただけで、普段と違う振る舞いがあるかは確認できません。",False,False,True,False,False,2
behavior_2_2872,"Dispatcher: ぼんやりしている、返事がおかしいなど、普段と違う様子は見えますか？
Caller: 祖母から頭が痛いと電話があっただけで、実際の様子は見えていないので普段と違う振る舞いがあるか分かりません。",False,False,True,False,False,2
behavior_2_2873,"Dispatcher: いつも通りに見えますか？
Caller: 会社から連絡を受けただけで現場にいないので、普段と違う様子かどうかは判断できません。",False,False,True,False,False,2
behavior_2_2874,"Dispatcher: 普段と違う振る舞いや様子はありますか？
Caller: そこまでは分かりません。まだ直接会っていません。",False,False,True,False,False,2
behavior_2_2875,"Dispatcher: 受け答えが変だったり、いつもと違う行動はありますか？
Caller: 子どもから頭痛でつらいと連絡が来ただけで、話し方や様子が普段と違うかまでは確認できていません。",False,False,True,False,False,2
behavior_-1_2876,"Dispatcher: 頭の痛みは、突然起こった激しい痛みですか？
Caller: 娘から頭が痛いとだけ電話があって、急に始まったのか、どれくらい強いのかまでは確認できていません。",False,False,True,False,False,-1
behavior_-1_2877,"Dispatcher: 頭の痛みは、急に出た強い痛みですか？
Caller: はい、さっきまで普通に話していたのに、急に頭を押さえて今までで一番ひどい痛みだと言っています。",False,False,True,False,False,-1
behavior_-1_2878,"Dispatcher: しびれや麻痺はありますか？
Caller: はい、左腕がしびれて力が入りにくいと言っています。",False,False,True,False,False,-1
behavior_-1_2879,"Dispatcher: 手足のしびれや麻痺はありますか？
Caller: はい、右足がしびれていて、うまく踏ん張れないようです。",False,False,True,False,False,-1
behavior_-1_2880,"Dispatcher: 頭の痛みは、突然起こった激しい痛みですか？
Caller: いいえ、昨日から続いている鈍い痛みで、急に強く出たものではありません。",False,False,True,False,False,-1
behavior_0_2881,"Dispatcher: 受け答えが変だったり、普段と違う行動はありますか？
Caller: はい、妻なんですが、同じことを何度も聞き返してきて会話がかみ合いません。",False,False,True,False,False,0
behavior_0_2882,"Dispatcher: いつもと違う様子や振る舞いは見られますか？
Caller: はい、同僚ですけど、さっきから机の前でぼんやりしていて呼んでも反応が鈍いです。",False,False,True,False,False,0
behavior_0_2883,"Dispatcher: 普段と違う振る舞いはありますか？
Caller: はい、少し様子がおかしくて、受け答えがいつもより変です。",False,False,True,False,False,0
behavior_0_2884,"Dispatcher: いつも通りに見えますか？
Caller: いいえ、父なんですが落ち着きがなくて、同じ場所をうろうろしています。",False,False,True,False,False,0
behavior_0_2885,"Dispatcher: 何か変わった様子はありますか？
Caller: はい、普段より明らかに受け答えがおかしいです。",False,False,True,False,False,0
behavior_1_2886,"Dispatcher: いつも通りに見えますか？
Caller: はい、頭痛はありますが、話し方も行動も普段と変わりません。",False,False,True,False,False,1
behavior_1_2887,"Dispatcher: 何か変わった様子はありますか？
Caller: いいえ、特に普段と違う様子はありません。",False,False,True,False,False,1
behavior_1_2888,"Dispatcher: ぼんやりしている、返事がおかしいなど、普段と違う振る舞いはありますか？
Caller: いいえ、娘ですが受け答えはしっかりしていて、行動もいつも通りです。",False,False,True,False,False,1
behavior_1_2889,"Dispatcher: いつもと違う振る舞いや様子はありますか？
Caller: いいえ、普段どおり会話できていますし、特におかしな行動もありません。",False,False,True,False,False,1
behavior_1_2890,"Dispatcher: 受け答えが変だったり、様子がおかしい感じはありますか？
Caller: 友人ですが、頭を痛がってはいますけど、話し方も態度もいつも通りです。",False,False,True,False,False,1
behavior_2_2891,"Dispatcher: 何か変わった様子はありますか？
Caller: 頭が痛いとは聞いていますが、普段と違う振る舞いがあるかは分かりません。",False,False,True,False,False,2
behavior_2_2892,"Dispatcher: 普段と違う振る舞いはありますか？
Caller: 今は本人と別の場所にいるので、様子がいつもと違うかまでは確認できていません。",False,False,True,False,False,2
behavior_2_2893,"Dispatcher: いつも通りに見えますか？
Caller: それが、会社から連絡を受けただけで、受け答えや行動の様子までは見ていないんです。",False,False,True,False,False,2
behavior_2_2894,"Dispatcher: 何か変わった様子はありますか？
Caller: まだ直接会っていないので、普段と違う振る舞いがあるかは分かりません。",False,False,True,False,False,2
behavior_2_2895,"Dispatcher: いつも通りに見えますか？
Caller: メッセージで頭痛と来ただけなので、変な行動をしているかどうかは確認できません。",False,False,True,False,False,2
behavior_-1_2896,"Dispatcher: 手足のしびれや麻痺はありますか？
Caller: 今は電話で聞いただけで、しびれや麻痺があるかはまだ分かりません。",False,False,True,False,False,-1
behavior_-1_2897,"Dispatcher: 手足のしびれや動かしにくさはありますか？
Caller: はい、母ですが右手がしびれて力が入りにくいと言っています。",False,False,True,False,False,-1
behavior_-1_2898,"Dispatcher: いつもの頭痛ではなく、急に強い痛みが出た感じですか？
Caller: そこまでは聞けておらず、突然だったのか痛みがどれほど強いのかは分かりません。",False,False,True,False,False,-1
behavior_-1_2899,"Dispatcher: しびれや麻痺はありますか？
Caller: しびれや麻痺があるかは分かりません。",False,False,True,False,False,-1
behavior_-1_2900,"Dispatcher: さっきまで普通だったのに急にひどい頭痛になった感じですか？
Caller: 息子から頭が痛いとだけ連絡があって、急に始まったのか強い痛みなのかは確認できていません。",False,False,True,False,False,-1
behavior_0_2901,"Dispatcher: 普段と違う振る舞いや受け答えはありますか？
Caller: はい、兄なんですが、自分のいる場所が分からないようなことを言っていて明らかに様子が変です。",False,False,True,False,False,0
behavior_0_2902,"Dispatcher: いつもと違う振る舞いはありますか？
Caller: はい、返事はしていますが、なんだか要領を得なくて普段と違います。",False,False,True,False,False,0
behavior_0_2903,"Dispatcher: いつも通りに過ごせていますか？
Caller: いいえ、同居の祖母ですが、急に服を何度も着直し始めて落ち着かない様子です。",False,False,True,False,False,0
behavior_0_2904,"Dispatcher: ぼんやりしている、返事がおかしいなど、普段と違う様子はありますか？
Caller: はい、夫ですが質問しても見当違いの返事をしていて、明らかにいつもと違います。",False,False,True,False,False,0
behavior_0_2905,"Dispatcher: いつも通りに見えますか？
Caller: いいえ、友人なんですが、急に黙り込んだり意味の通らないことを言ったりしています。",False,False,True,False,False,0
behavior_1_2906,"Dispatcher: いつも通りに見えますか？
Caller: はい、弟ですが頭痛はあるものの受け答えは普通で、変わった行動もありません。",False,False,True,False,False,1
behavior_1_2907,"Dispatcher: 普段と違う振る舞いや様子はありますか？
Caller: いいえ、会話も普通にできていますし、いつもと変わりません。",False,False,True,False,False,1
behavior_1_2908,"Dispatcher: ぼんやりしている、返事がおかしいなど、普段と違う振る舞いはありますか？
Caller: いいえ、同僚ですが受け答えはしっかりしていて、様子も普段どおりです。",False,False,True,False,False,1
behavior_1_2909,"Dispatcher: いつもと違う様子や行動はありますか？
Caller: いいえ、母は頭痛を訴えていますが、話し方や行動は普段と同じです。",False,False,True,False,False,1
behavior_1_2910,"Dispatcher: 受け答えが変、落ち着きがないなど、いつもと違う行動はありますか？
Caller: いいえ、職場の先輩ですが、痛がってはいるものの会話は普通で行動も特に変ではありません。",False,False,True,False,False,1
behavior_2_2911,"Dispatcher: 何か変わった様子はありますか？
Caller: 頭が痛いとは聞いていますが、普段と違う振る舞いがあるかはまだ分かりません。",False,False,True,False,False,2
behavior_2_2912,"Dispatcher: いつもと違う行動や受け答えはありますか？
Caller: 今は職場から連絡を受けただけで本人を見ていないので、普段と違う様子があるかは確認できません。",False,False,True,False,False,2
behavior_2_2913,"Dispatcher: 普段と違う振る舞いや様子はありますか？
Caller: 友人から頭痛でつらいとメッセージが来ただけで、様子までは分かっていません。",False,False,True,False,False,2
behavior_2_2914,"Dispatcher: ぼんやりしている、返事がおかしいなど、いつもと違う様子は見えますか？
Caller: 今は別の階にいて本人のところへ行けておらず、受け答えや行動が普段と違うかは確認できません。",False,False,True,False,False,2
behavior_2_2915,"Dispatcher: 何かいつもと違う振る舞いはありますか？
Caller: 娘から頭が痛いと電話があっただけで、今はそばにいないので普段と違う行動があるかは分かりません。",False,False,True,False,False,2
behavior_-1_2916,"Dispatcher: 頭の痛みは、突然起こった激しい痛みですか？
Caller: いいえ、朝から少しずつ痛くなってきたようで、急にひどくなった感じではありません。",False,False,True,False,False,-1
behavior_-1_2917,"Dispatcher: 頭の痛みは、急に出た強い痛みですか？
Caller: 同僚から頭痛がすると連絡をもらっただけで、急に始まったのか、どれくらい強いのかまでは聞けていません。",False,False,True,False,False,-1
behavior_-1_2918,"Dispatcher: いつもの頭痛という感じですか？
Caller: いいえ、さっき急にものすごく痛いと言ってうずくまったので、普段の頭痛とは違います。",False,False,True,False,False,-1
behavior_-1_2919,"Dispatcher: いつもの軽い頭痛ということでよいですか？
Caller: そこは分かりません。急に強くなったのかどうかまでは確認できていません。",False,False,True,False,False,-1
behavior_-1_2920,"Dispatcher: 頭の痛みは、突然起こった激しい痛みですか？
Caller: はい、夫がさっきまで普通だったのに急に頭を押さえて、今までで一番痛いと言っています。",False,False,True,False,False,-1
behavior_0_2921,"Dispatcher: 何か変わった様子はありますか？
Caller: はい、母は質問しても話がかみ合わず、いつもよりぼんやりしています。",False,False,True,False,False,0
behavior_0_2922,"Dispatcher: いつもどおりに受け答えできていますか？
Caller: いいえ、同僚なんですが返事がちぐはぐで、急に同じことを何度も言っています。",False,False,True,False,False,0
behavior_0_2923,"Dispatcher: 普段と同じ様子ですか？
Caller: いや、少しおかしい感じです。",False,False,True,False,False,0
behavior_0_2924,"Dispatcher: 何かいつもと違う行動はありますか？
Caller: はい、父が部屋の中を落ち着かず歩き回っていて、呼びかけても反応が鈍いです。",False,False,True,False,False,0
behavior_0_2925,"Dispatcher: 受け答えや様子で変なところはありますか？
Caller: あります。友人なんですが、簡単な質問にも答えがずれていて、急に黙り込んだりします。",False,False,True,False,False,0
behavior_1_2926,"Dispatcher: 何か変わった様子はありますか？
Caller: 夫は頭痛は訴えていますが、受け答えは普段どおりで変わった行動はありません。",False,False,True,False,False,1
behavior_1_2927,"Dispatcher: 普段と違う振る舞いや様子はありますか？
Caller: いいえ、会話も普通にできていますし、様子はいつもと変わりません。",False,False,True,False,False,1
behavior_1_2928,"Dispatcher: ぼんやりしている、返事がおかしいなど、いつもと違う様子はありますか？
Caller: いいえ、娘は頭が痛いと言っていますが、受け答えははっきりしていて行動も普段どおりです。",False,False,True,False,False,1
behavior_1_2929,"Dispatcher: 何か変わったことはありますか？
Caller: いえ、頭痛以外は特にいつもと変わらないです。",False,False,True,False,False,1
behavior_1_2930,"Dispatcher: いつもどおりに受け答えできていますか？
Caller: はい、同僚ですが会話は普通で、混乱した様子やおかしな行動はありません。",False,False,True,False,False,1
behavior_2_2931,"Dispatcher: 普段と違う振る舞いや様子はありますか？
Caller: 息子から頭痛がするとだけ連絡があって、今向かっているところなので様子までは分かりません。",False,False,True,False,False,2
behavior_2_2932,"Dispatcher: ぼんやりしている、返事がおかしいなど、普段と違う様子は見えますか？
Caller: 祖母の施設から電話を受けただけで、私自身は見ていないので受け答えが変かどうかは確認できません。",False,False,True,False,False,2
behavior_2_2933,"Dispatcher: 何かいつもと違う振る舞いはありますか？
Caller: 友達が頭痛で休んでいると聞いただけで、行動や話し方が普段と違うかは分からないです。",False,False,True,False,False,2
behavior_2_2934,"Dispatcher: 何か変わった様子はありますか？
Caller: 今は本人の姿が見えないので、普段と違う振る舞いがあるかは確認できません。",False,False,True,False,False,2
behavior_2_2935,"Dispatcher: 受け答えが変、落ち着きがないなど、いつもと違う様子はありますか？
Caller: 妹から短い連絡が来ただけで、実際の様子は見ていないのでそこまでは分かりません。",False,False,True,False,False,2
behavior_-1_2936,"Dispatcher: 頭の痛みは、急に出た強い痛みか確認できますか？
Caller: 近くにいないので、突然なのか激しい痛みなのかは確認できません。",False,False,True,False,False,-1
behavior_-1_2937,"Dispatcher: しびれや麻痺はありますか？
Caller: あります、左手がしびれて力も入りにくいと本人が言っています。",False,False,True,False,False,-1
behavior_-1_2938,"Dispatcher: さっきまで普通だったのに、急に我慢できないほど頭が痛くなった感じですか？
Caller: ビデオ通話ではなくメッセージだけで連絡が来たので、急に始まったのか、どれほど強いのかまでは分かりません。",False,False,True,False,False,-1
behavior_-1_2939,"Dispatcher: いつもの頭痛ではなく、突然の激しい痛みですか？
Caller: いいえ、昼ごろからじわじわ痛くなってきたそうで、急にひどくなったわけではありません。",False,False,True,False,False,-1
behavior_-1_2940,"Dispatcher: しびれや麻痺はありますか？
Caller: 今は電話で話しただけなので、手足のしびれや麻痺があるかは確認できません。",False,False,True,False,False,-1
behavior_0_2941,"Dispatcher: 普段と違う振る舞いや様子はありますか？
Caller: はい、さっきから同じことを何度も聞き返していて、受け答えがいつもと明らかに違います。",False,False,True,False,False,0
behavior_0_2942,"Dispatcher: 普段と違う振る舞いや様子はありますか？
Caller: はい、なんだか様子がおかしくて、いつもみたいな受け答えじゃありません。",False,False,True,False,False,0
behavior_0_2943,"Dispatcher: 普段と違う振る舞いや様子はありますか？
Caller: はい、落ち着きがなくて、普段と違う感じです。",False,False,True,False,False,0
behavior_0_2944,"Dispatcher: ぼんやりしている、返事がおかしいなど、普段と違う様子は見えますか？
Caller: はい、職場の同僚なんですが、質問しても話がかみ合わず、急に机の上を探し回るなどいつもと違う行動をしています。",False,False,True,False,False,0
behavior_0_2945,"Dispatcher: 受け答えが変、落ち着きがない、いつもと違う行動をしている感じはありますか？
Caller: はい、母なんですが、頭が痛いと言ったあと急に無口になって、呼びかけても反応が鈍く、普段の様子ではありません。",False,False,True,False,False,0
behavior_1_2946,"Dispatcher: いつもより元気で普通に過ごしていますか？
Caller: いいえ、頭は痛がっていますが、受け答えは普段どおりで、行動も特に変わったところはありません。",False,False,True,False,False,1
behavior_1_2947,"Dispatcher: 普段と違う振る舞いや様子はありますか？
Caller: いいえ、夫は頭痛を訴えていますが、会話はしっかりできていて、いつもと変わった様子はありません。",False,False,True,False,False,1
behavior_1_2948,"Dispatcher: 普段と違う振る舞いや様子はありますか？
Caller: いいえ、頭が痛い以外は受け答えも普通で、普段と違う行動はありません。",False,False,True,False,False,1
behavior_1_2949,"Dispatcher: ぼんやりしている、返事がおかしいなど、普段と違う様子は見えますか？
Caller: いいえ、少しつらそうではありますが、話し方や様子はいつもどおりです。",False,False,True,False,False,1
behavior_1_2950,"Dispatcher: 何か変わったことはありますか？
Caller: いいえ、痛がってはいますが、特におかしな様子はないです。",False,False,True,False,False,1
behavior_2_2951,"Dispatcher: 何か変わったことはありますか？
Caller: 頭が痛いとだけ連絡があって、普段と違う様子があるかまでは分かりません。",False,False,True,False,False,2
behavior_2_2952,"Dispatcher: いつもより元気で普通に過ごしていますか？
Caller: そこは分かりません。私は今まだ現場に着いていなくて、普段と違う行動があるか確認できていません。",False,False,True,False,False,2
behavior_2_2953,"Dispatcher: 普段と違う振る舞いや様子はありますか？
Caller: 友人から頭痛の連絡だけ受けていて、受け答えや行動がいつもと違うかどうかはまだ見られていません。",False,False,True,False,False,2
behavior_2_2954,"Dispatcher: 何か変わったことはありますか？
Caller: それがまだ分からなくて、頭痛以外の様子は確認できていません。",False,False,True,False,False,2
behavior_2_2955,"Dispatcher: 何か変わったことはありますか？
Caller: 普段と違う振る舞いがあるかは分かりません。",False,False,True,False,False,2
behavior_-1_2956,"Dispatcher: しびれや麻痺はありますか？
Caller: 頭が痛いとだけ聞いていて、しびれや麻痺があるかは分かりません。",False,False,True,False,False,-1
behavior_-1_2957,"Dispatcher: 手足のしびれや麻痺はありますか？
Caller: 今は本人のそばにいないので、しびれや麻痺があるかは確認できません。",False,False,True,False,False,-1
behavior_-1_2958,"Dispatcher: いつもの軽い頭痛ということでよいですか？
Caller: いいえ、さっき急に『今までで一番痛い』と言い出して、その場にしゃがみ込んだそうです。",False,False,True,False,False,-1
behavior_-1_2959,"Dispatcher: 頭の痛みは、突然起こった激しい痛みですか？
Caller: いいえ、朝から少しずつ痛くなってきたようで、急に強く出た感じではないです。",False,False,True,False,False,-1
behavior_-1_2960,"Dispatcher: 片側の手足にしびれや動かしにくさがあるか見られますか？
Caller: ビデオ通話では顔しか見えていなくて、手足のしびれや麻痺までは確認できません。",False,False,True,False,False,-1
behavior_0_2961,"Dispatcher: 何か変わったことはありますか？
Caller: はい、弟なんですが、呼んでも返事がちぐはぐで、急に立ち上がって別の部屋に行こうとするなど明らかに普段と違います。",False,False,True,False,False,0
behavior_0_2962,"Dispatcher: 何か変わったことはありますか？
Caller: はい、受け答えがおかしくて普段と違います。",False,False,True,False,False,0
behavior_0_2963,"Dispatcher: 何か変わったことはありますか？
Caller: はい、いつもと様子が違って変です。",False,False,True,False,False,0
behavior_0_2964,"Dispatcher: 普段と違う振る舞いや様子はありますか？
Caller: はい、同僚ですが、簡単な質問にも答えがずれていて、ぼんやりしており普段のしっかりした様子ではありません。",False,False,True,False,False,0
behavior_0_2965,"Dispatcher: いつもより元気で普通に過ごしていますか？
Caller: いいえ、父は痛みのあと急に怒りっぽくなって、話しかけても要領を得ない返し方で、明らかに普段と違います。",False,False,True,False,False,0
behavior_1_2966,"Dispatcher: 何か変わったことはありますか？
Caller: いいえ、頭痛はありますが、様子はいつもどおりです。",False,False,True,False,False,1
behavior_1_2967,"Dispatcher: 普段と違う振る舞いや様子はありますか？
Caller: いいえ、友人は頭を押さえていますが、受け答えははっきりしていて、行動も普段と変わりません。",False,False,True,False,False,1
behavior_1_2968,"Dispatcher: いつもより元気で普通に過ごしていますか？
Caller: はい、痛みはあるようですが、話し方も動きも普段どおりで変わった様子はありません。",False,False,True,False,False,1
behavior_1_2969,"Dispatcher: 普段と違う振る舞いや様子はありますか？
Caller: いいえ、少し顔色は悪いですが、会話も行動もいつもと同じです。",False,False,True,False,False,1
behavior_1_2970,"Dispatcher: 何か変わったことはありますか？
Caller: いいえ、頭痛以外は特に普段と変わりません。",False,False,True,False,False,1
behavior_2_2971,"Dispatcher: 何か変わった様子はありますか？
Caller: 職場から連絡を受けただけで、受け答えや行動がいつもと違うかまでは確認できていません。",False,False,True,False,False,2
behavior_2_2972,"Dispatcher: いつもと違う振る舞いはありますか？
Caller: それは分かりません。",False,False,True,False,False,2
behavior_2_2973,"Dispatcher: 普段と違う振る舞いや様子はありますか？
Caller: 今は本人と別の部屋にいて見えていないので、いつもと違う様子があるかは確認できません。",False,False,True,False,False,2
behavior_2_2974,"Dispatcher: 何か変わったことはありますか？
Caller: まだそこは確認できていません。",False,False,True,False,False,2
behavior_2_2975,"Dispatcher: いつも通り話したり動いたりできていますか？
Caller: 頭が痛いとは聞いていますが、普段と違う振る舞いがあるかは分かりません。",False,False,True,False,False,2
behavior_-1_2976,"Dispatcher: いつもの頭痛ではなく、急に強く出た感じですか？
Caller: いいえ、朝から少しずつ痛くなってきたようで、急に激しくなったわけではありません。",False,False,True,False,False,-1
behavior_-1_2977,"Dispatcher: 体の動きで気になることはありますか？
Caller: いいえ、妻は手足のしびれも麻痺もなく、普通に動かせています。",False,False,True,False,False,-1
behavior_-1_2978,"Dispatcher: しびれや麻痺はありますか？
Caller: いいえ、しびれや麻痺はありません。",False,False,True,False,False,-1
behavior_-1_2979,"Dispatcher: 片側の手足に違和感はありますか？
Caller: 本人から頭痛の連絡だけ受けていて、しびれや麻痺があるかまでは確認できていません。",False,False,True,False,False,-1
behavior_-1_2980,"Dispatcher: 手足は普通に動かせていますか？
Caller: 今見る限りでは問題なさそうで、しびれたり動かしにくかったりはしていません。",False,False,True,False,False,-1
behavior_0_2981,"Dispatcher: ぼんやりしている、返事がおかしいなど、普段と違う様子はありますか？
Caller: はい、同僚なんですが、質問しても話がかみ合わず、いつもより反応がかなり変です。",False,False,True,False,False,0
behavior_0_2982,"Dispatcher: 何か変わったことはありますか？
Caller: はい、受け答えが普段と違っておかしいです。",False,False,True,False,False,0
behavior_0_2983,"Dispatcher: いつも通りの様子ですか？
Caller: いいえ、母はさっきから落ち着きがなくて、普段と違う行動をしています。",False,False,True,False,False,0
behavior_0_2984,"Dispatcher: 普段と比べて、受け答えや行動に違いはありますか？
Caller: はい、夫は呼びかけには応じますが、返事がちぐはぐで、いつもの様子ではありません。",False,False,True,False,False,0
behavior_0_2985,"Dispatcher: 何か変わった様子はありますか？
Caller: はい、友人が急に同じことを何度も言っていて、明らかに普段と違います。",False,False,True,False,False,0
behavior_1_2986,"Dispatcher: 普段と違う振る舞いや様子はありますか？
Caller: いいえ、頭は痛がっていますが、受け答えや様子はいつも通りです。",False,False,True,False,False,1
behavior_1_2987,"Dispatcher: 何か変わったことはありますか？
Caller: いえ、特に様子は変わっていません。",False,False,True,False,False,1
behavior_1_2988,"Dispatcher: ぼんやりしている、返事がおかしいなど、いつもと違う様子はありますか？
Caller: いいえ、同僚は頭痛を訴えていますが、会話は普通で行動も普段と変わりません。",False,False,True,False,False,1
behavior_1_2989,"Dispatcher: 受け答えが変だったり、落ち着きがなかったりしますか？
Caller: いいえ、父は痛いとは言っていますが、返事もしっかりしていて普段通りです。",False,False,True,False,False,1
behavior_1_2990,"Dispatcher: 普段と違う振る舞いや様子はありますか？
Caller: いいえ、特に普段と違う振る舞いはありません。",False,False,True,False,False,1
behavior_2_2991,"Dispatcher: 受け答えが変だったり、いつもと違う感じはありますか？
Caller: 娘からメッセージで頭痛とだけ来ていて、普段と違う振る舞いがあるかは分かりません。",False,False,True,False,False,2
behavior_2_2992,"Dispatcher: 普段と違う振る舞いや様子はありますか？
Caller: まだ直接見ていないので、そこは分かりません。",False,False,True,False,False,2
behavior_2_2993,"Dispatcher: ぼんやりしているとか、返事がおかしいとかはありますか？
Caller: 今は電話越しに頭が痛いと聞いただけで、普段と違う様子かどうかまでは判断できません。",False,False,True,False,False,2
behavior_2_2994,"Dispatcher: 普段と違う様子はありますか？
Caller: 弟から連絡を受けただけなので、行動や受け答えが変かどうかはまだ分かりません。",False,False,True,False,False,2
behavior_2_2995,"Dispatcher: いつもと違う振る舞いはありますか？
Caller: 私はいま現場にいなくて、普段と違う様子があるかは確認できていません。",False,False,True,False,False,2
behavior_-1_2996,"Dispatcher: 手足のしびれや麻痺はありますか？
Caller: 今は本人のそばにいないので、しびれや麻痺があるかどうかは確認できません。",False,False,True,False,False,-1
behavior_-1_2997,"Dispatcher: 体の動きでおかしいところはありますか？
Caller: 見た感じでは普通に動けていて、しびれや麻痺はなさそうです。",False,False,True,False,False,-1
behavior_-1_2998,"Dispatcher: 手足のしびれや麻痺はありますか？
Caller: いいえ、しびれも麻痺もなく、両手足とも普通に動かせています。",False,False,True,False,False,-1
behavior_-1_2999,"Dispatcher: しびれや麻痺はありますか？
Caller: 分かりません、そこはまだ確認していません。",False,False,True,False,False,-1
behavior_-1_3000,"Dispatcher: 頭の痛みは、突然起こった激しい痛みですか？
Caller: いいえ、急にではなく、昼ごろからだんだん痛みが強くなってきたようです。",False,False,True,False,False,-1
behavior_0_3001,"Dispatcher: ぼんやりしている、受け答えがおかしいなど、普段と違う様子はありますか？
Caller: はい、同僚なんですが、さっきから質問しても話がかみ合わず、いつもの受け答えと明らかに違います。",False,False,True,False,False,0
behavior_0_3002,"Dispatcher: 何かいつもと違う振る舞いはありますか？
Caller: はい、普段よりかなり様子がおかしいです。",False,False,True,False,False,0
behavior_0_3003,"Dispatcher: 普段と違う振る舞いや様子はありますか？
Caller: はい、母なんですが、急に同じことを何度も言っていて、いつもの感じではありません。",False,False,True,False,False,0
behavior_0_3004,"Dispatcher: いつもと違う様子は見られますか？
Caller: はい、友人なんですけど、落ち着きがなくて会話も変で、普段と違います。",False,False,True,False,False,0
behavior_0_3005,"Dispatcher: ぼんやりしている、返事がおかしいなど、普段と違う様子はありますか？
Caller: はい、夫ですが、呼びかけには答えるものの返事がちぐはぐで、普段と違ってぼんやりしています。",False,False,True,False,False,0
behavior_1_3006,"Dispatcher: 普段と違う振る舞いや様子はありますか？
Caller: いいえ、頭痛はありますが、受け答えも行動もいつも通りです。",False,False,True,False,False,1
behavior_1_3007,"Dispatcher: いつもより元気がなくて変な感じはありますか？
Caller: いいえ、様子は普段と変わりません。",False,False,True,False,False,1
behavior_1_3008,"Dispatcher: 普段と違う振る舞いや様子はありますか？
Caller: いいえ、兄ですが、会話も普通で変わった行動はしていません。",False,False,True,False,False,1
behavior_1_3009,"Dispatcher: 何か変わったことはありますか？
Caller: いいえ、頭を痛がっている以外はいつも通りです。",False,False,True,False,False,1
behavior_1_3010,"Dispatcher: いつもと違う振る舞いはありますか？
Caller: いいえ、普段と違う様子はありません。",False,False,True,False,False,1
behavior_2_3011,"Dispatcher: 普段と違う振る舞いや様子はありますか？
Caller: 今は本人のそばにいないので、いつもと違う様子があるかは確認できません。",False,False,True,False,False,2
behavior_2_3012,"Dispatcher: 何か変わったことはありますか？
Caller: 頭が痛いと連絡があっただけで、普段と違う振る舞いがあるかはまだ分かりません。",False,False,True,False,False,2
behavior_2_3013,"Dispatcher: いつもより元気で普通に過ごしていますか？
Caller: そこは分かりません。普段と違う様子かどうかは確認できていません。",False,False,True,False,False,2
behavior_2_3014,"Dispatcher: 何か変な様子はありますか？
Caller: 電話で聞いただけなので、受け答えや行動がいつもと違うかまでは分かりません。",False,False,True,False,False,2
behavior_2_3015,"Dispatcher: 受け答えが変、落ち着きがないなど、いつもと違う行動はありますか？
Caller: 弟から頭痛の連絡だけ来ていて、実際の様子は見ていないのでそこまでは分かりません。",False,False,True,False,False,2
behavior_-1_3016,"Dispatcher: 手足のしびれや麻痺はありますか？
Caller: いいえ、同僚を見ていますが、手足のしびれや動かしにくさはないようです。",False,False,True,False,False,-1
behavior_-1_3017,"Dispatcher: いつもの軽い頭痛ということでよいですか？
Caller: はい、急に激しく始まった感じではなく、朝からだんだん痛くなったそうです。",False,False,True,False,False,-1
behavior_-1_3018,"Dispatcher: 急に強い頭痛が出た感じですか？
Caller: はい、父がさっき急に頭を押さえて、今までにないくらいひどく痛いと言っています。",False,False,True,False,False,-1
behavior_-1_3019,"Dispatcher: いつもの頭痛に近い感じですか？
Caller: はい、妻は前からある頭痛と同じで、急にひどくなったわけではないと言っています。",False,False,True,False,False,-1
behavior_-1_3020,"Dispatcher: さっきまで普通だったのに、急に我慢できないほど頭が痛くなった感じですか？
Caller: そうです、友人が突然うずくまって、今までで一番強い痛みだと言っています。",False,False,True,False,False,-1
behavior_0_3021,"Dispatcher: いつも通りに話せていますか？
Caller: いいえ、娘なんですが、呼びかけても見当違いの返事ばかりで明らかに普段と違います。",False,False,True,False,False,0
behavior_0_3022,"Dispatcher: ぼんやりしている、返事がおかしいなど、普段と違う様子はありますか？
Caller: はい、同居の父ですが、急に無言になったり質問にうまく答えられず、いつもと違う様子です。",False,False,True,False,False,0
behavior_0_3023,"Dispatcher: 普通に受け答えできていますか？
Caller: いいえ、同僚ですが、会話が成立しにくくて明らかに変です。",False,False,True,False,False,0
behavior_0_3024,"Dispatcher: いつも通りの様子ですか？
Caller: いいえ、夫は落ち着きなく部屋をうろうろしていて、普段の様子ではありません。",False,False,True,False,False,0
behavior_0_3025,"Dispatcher: 普段と違う振る舞いや様子はありますか？
Caller: はい、受け答えが少しおかしくて、いつものしっかりした感じではありません。",False,False,True,False,False,0
behavior_1_3026,"Dispatcher: 普段と違う振る舞いや様子はありますか？
Caller: いいえ、友人ですが、頭痛は訴えていますが会話はしっかりしていて行動も普段通りです。",False,False,True,False,False,1
behavior_1_3027,"Dispatcher: いつもより変な様子はありますか？
Caller: いいえ、特に変わりありません。",False,False,True,False,False,1
behavior_1_3028,"Dispatcher: 普通に過ごせていますか？
Caller: はい、頭痛はありますが、普段と違う振る舞いは見られません。",False,False,True,False,False,1
behavior_1_3029,"Dispatcher: いつも通りに話したり動いたりできていますか？
Caller: はい、母ですが、受け答えはしっかりしていて、行動も特におかしいところはありません。",False,False,True,False,False,1
behavior_1_3030,"Dispatcher: 普段と違う振る舞いや様子はありますか？
Caller: いいえ、同僚ですが、痛がってはいるものの受け答えは普通で、いつもと変わった行動はありません。",False,False,True,False,False,1
behavior_2_3031,"Dispatcher: 何か変わった様子はありますか？
Caller: 頭が痛いとは聞いていますが、普段と違う振る舞いがあるかは分かりません。",False,False,True,False,False,2
behavior_2_3032,"Dispatcher: いつも通りに過ごせている感じですか？
Caller: 同僚から連絡を受けただけで、普段と違う行動をしているかまでは確認できていません。",False,False,True,False,False,2
behavior_2_3033,"Dispatcher: 何か変わったことはありますか？
Caller: 今は本人と別の建物にいて様子が見えないので、受け答えや行動がいつもと違うかは確認できません。",False,False,True,False,False,2
behavior_2_3034,"Dispatcher: いつもと違う感じはありますか？
Caller: そこはまだ分かりません。頭痛のことしか聞けていません。",False,False,True,False,False,2
behavior_2_3035,"Dispatcher: 普段と違う振る舞いや様子はありますか？
Caller: まだ直接見ていないので、いつもと違うかどうかは分かりません。",False,False,True,False,False,2
behavior_-1_3036,"Dispatcher: いつもの頭痛ではなく、急にひどくなった感じですか？
Caller: はい、さっき突然、我慢できないくらい強い頭痛が来たと家族が言っています。",False,False,True,False,False,-1
behavior_-1_3037,"Dispatcher: 手足のしびれや麻痺はありますか？
Caller: 今は本人のそばにいないので、しびれや麻痺があるかは確認できません。",False,False,True,False,False,-1
behavior_-1_3038,"Dispatcher: しびれなどはありますか？
Caller: はい、右手と右足がしびれていて、力も入りにくいようです。",False,False,True,False,False,-1
behavior_-1_3039,"Dispatcher: 手足のしびれや麻痺はありますか？
Caller: いいえ、しびれも麻痺もなく、手足は普通に動かせています。",False,False,True,False,False,-1
behavior_-1_3040,"Dispatcher: 手足のしびれや麻痺はありますか？
Caller: 別室にいて姿が見えないので、しびれや麻痺の有無は分かりません。",False,False,True,False,False,-1
behavior_0_3041,"Dispatcher: 普段と違う振る舞いや様子はありますか？
Caller: はい、質問しても返事がちぐはぐで、いつもの受け答えと明らかに違います。",False,False,True,False,False,0
behavior_0_3042,"Dispatcher: 普段と違う振る舞いや様子はありますか？
Caller: はい、同僚なんですが、急に同じことを何度も聞いてきて会話がかみ合いません。",False,False,True,False,False,0
behavior_0_3043,"Dispatcher: 普段と違う振る舞いや様子はありますか？
Caller: はい、母ですが、ぼんやりしていて呼びかけても反応が遅く、いつもと全然違います。",False,False,True,False,False,0
behavior_0_3044,"Dispatcher: 普段と違う振る舞いや様子はありますか？
Caller: はい、落ち着きがなくて、言っていることも少しおかしいです。",False,False,True,False,False,0
behavior_0_3045,"Dispatcher: 普段と違う振る舞いや様子はありますか？
Caller: はい、友人なんですが、さっきから受け答えが鈍くて、普段ならしないような場所に座り込んで動こうとしません。",False,False,True,False,False,0
behavior_1_3046,"Dispatcher: 何か変わった様子はありますか？
Caller: いいえ、頭痛はありますが、受け答えや行動はいつも通りです。",False,False,True,False,False,1
behavior_1_3047,"Dispatcher: 普段と違う振る舞いや様子はありますか？
Caller: いいえ、特に変わった様子はなく、普段どおり話せています。",False,False,True,False,False,1
behavior_1_3048,"Dispatcher: 普段と違う振る舞いや様子はありますか？
Caller: いいえ、会話もしっかりしていて、行動もいつもと変わりません。",False,False,True,False,False,1
behavior_1_3049,"Dispatcher: いつもと違う感じはありますか？
Caller: いいえ、頭を痛がってはいますが、様子は普段と同じです。",False,False,True,False,False,1
behavior_1_3050,"Dispatcher: 普段と違う振る舞いや様子はありますか？
Caller: いいえ、ぼんやりもしていませんし、返事も普通で、いつも通りです。",False,False,True,False,False,1
behavior_2_3051,"Dispatcher: 普段と違う振る舞いや様子はありますか？
Caller: 弟から頭痛の連絡だけ来ていて、実際の様子は見ていないので普段と違うかは分かりません。",False,False,True,False,False,2
behavior_2_3052,"Dispatcher: 普段と違う振る舞いや様子はありますか？
Caller: 今は電話で聞いただけで本人を見ていないので、受け答えや行動がいつもと違うかは確認できません。",False,False,True,False,False,2
behavior_2_3053,"Dispatcher: 普段と違う振る舞いや様子はありますか？
Caller: まだ会えていないので、いつもと違う様子があるかどうかは分かりません。",False,False,True,False,False,2
behavior_2_3054,"Dispatcher: 何か変わったことはありますか？
Caller: 今はメッセージで頭痛と来ただけで、普段と違う振る舞いがあるかは確認できません。",False,False,True,False,False,2
behavior_2_3055,"Dispatcher: 普段と違う振る舞いや様子はありますか？
Caller: 職場の別フロアにいる同僚から頼まれて電話していて、本人の受け答えや行動まではまだ見られていません。",False,False,True,False,False,2
behavior_-1_3056,"Dispatcher: いきなり強い頭痛が始まった感じですか？
Caller: はい、さっきまで普通に話していたのに、急に頭を押さえて、今までにないくらい激痛だと言っています。",False,False,True,False,False,-1
behavior_-1_3057,"Dispatcher: 頭の痛みは、突然起こった激しい痛みですか？
Caller: いいえ、朝から少しずつ痛くなってきたようで、急にひどくなったわけではありません。",False,False,True,False,False,-1
behavior_-1_3058,"Dispatcher: 激しい痛みが突然起こりましたか？
Caller: 近くにいないので、急に始まったのか、どれくらい強いのかは分かりません。",False,False,True,False,False,-1
behavior_-1_3059,"Dispatcher: さっき急にひどい頭痛になった感じですか？
Caller: 本人から頭が痛いとだけ連絡があって、始まり方や痛みの強さまでは聞けていません。",False,False,True,False,False,-1
behavior_-1_3060,"Dispatcher: 手足のしびれや麻痺はありますか？
Caller: はい、父なんですが、左腕がしびれていて、左足もうまく動かせないと言っています。",False,False,True,False,False,-1
behavior_0_3061,"Dispatcher: 受け答えや様子、いつも通りですか？
Caller: いいえ、さっきから質問にかみ合わない返事をしていて、普段と明らかに違います。",False,False,True,False,False,0
behavior_0_3062,"Dispatcher: 普段と違う振る舞いや様子はありますか？
Caller: はい、会話がちぐはぐで落ち着きもなく、いつもの様子ではありません。",False,False,True,False,False,0
behavior_0_3063,"Dispatcher: 何か変わった様子はありますか？
Caller: はい、呼びかけには答えますが、言っていることがまとまらず普段と違います。",False,False,True,False,False,0
behavior_0_3064,"Dispatcher: いつも通りに見えますか？
Caller: いいえ、急にうろうろし始めて、受け答えも変で明らかに普段と違います。",False,False,True,False,False,0
behavior_0_3065,"Dispatcher: ぼんやりしているなど、普段と違う様子はありますか？
Caller: はい、返事が遅くて少しぼんやりしており、いつもの感じではないです。",False,False,True,False,False,0
behavior_1_3066,"Dispatcher: 何か変わった様子はありますか？
Caller: いいえ、頭は痛がっていますが受け答えは普通です。",False,False,True,False,False,1
behavior_1_3067,"Dispatcher: いつも通りに見えますか？
Caller: はい、話し方も動きも普段と変わりません。",False,False,True,False,False,1
behavior_1_3068,"Dispatcher: 普段と違う振る舞いや様子はありますか？
Caller: いいえ、受け答えはしっかりしていて、行動もいつも通りです。",False,False,True,False,False,1
behavior_1_3069,"Dispatcher: 何か変わった様子はありますか？
Caller: いいえ、頭痛以外は特に普段と変わりません。",False,False,True,False,False,1
behavior_1_3070,"Dispatcher: ぼんやりしていたり、返事がおかしい感じはありますか？
Caller: そういう様子はなくて、会話も普通にできています。",False,False,True,False,False,1
behavior_2_3071,"Dispatcher: 普段と違う振る舞いや様子はありますか？
Caller: まだ本人に会えていないので、いつもと違うかどうかは分かりません。",False,False,True,False,False,2
behavior_2_3072,"Dispatcher: ぼんやりしているなど、普段と違う様子はありますか？
Caller: 電話で頭が痛いと聞いただけで、様子までは確認できていません。",False,False,True,False,False,2
behavior_2_3073,"Dispatcher: 受け答えが変だったり、いつもと違う感じはありますか？
Caller: 今は別の部屋にいて見ていないので、そこは分かりません。",False,False,True,False,False,2
behavior_2_3074,"Dispatcher: 普通にしている感じですか？
Caller: メッセージで頭痛と来ただけなので、普段と違う行動があるかまでは確認できません。",False,False,True,False,False,2
behavior_2_3075,"Dispatcher: 何か変わったことはありますか？
Caller: 私は職場にいなくて、頭が痛いと連絡を受けただけなので様子は分からないです。",False,False,True,False,False,2
behavior_-1_3076,"Dispatcher: しびれや麻痺はありますか？
Caller: 今は本人のそばにいないので、しびれや麻痺があるかは確認できません。",False,False,True,False,False,-1
behavior_-1_3077,"Dispatcher: 手足のしびれはありますか？
Caller: いいえ、しびれはないと言っています。",False,False,True,False,False,-1
behavior_-1_3078,"Dispatcher: 体のどこかしびれている様子はありますか？
Caller: ありません。手も足も普通に動いています。",False,False,True,False,False,-1
behavior_-1_3079,"Dispatcher: 片側の手足にしびれや動かしにくさはありますか？
Caller: いいえ、コップも持てていますし、しびれもないようです。",False,False,True,False,False,-1
behavior_-1_3080,"Dispatcher: さっき急に強い頭痛が始まった感じですか？
Caller: 同僚から頭が痛いと聞いただけで、急にだったのか痛みが強いのかまでは分かりません。",False,False,True,False,False,-1
behavior_0_3081,"Dispatcher: ぼんやりしている、返事がおかしいなど、普段と違う様子はありますか？
Caller: はい、夫が同じことを何度も聞き返してきて、明らかにいつもと違います。",False,False,True,False,False,0
behavior_0_3082,"Dispatcher: 普段と違う振る舞いや様子はありますか？
Caller: はい、受け答えがちぐはぐで、急に立ち上がったり座ったりして落ち着きがありません。",False,False,True,False,False,0
behavior_0_3083,"Dispatcher: 普段と違う振る舞いや様子はありますか？
Caller: はい、話しかけても反応が鈍く、いつもよりぼんやりしています。",False,False,True,False,False,0
behavior_0_3084,"Dispatcher: 受け答えが変だったり、いつもと違う行動はありますか？
Caller: あります。父がテレビのリモコンの使い方が分からないような様子で、返事も的外れです。",False,False,True,False,False,0
behavior_0_3085,"Dispatcher: いつも通りに見えますか？
Caller: いいえ、友人が急に無言になったり笑ったりして、普段の様子と全然違います。",False,False,True,False,False,0
behavior_1_3086,"Dispatcher: 何か変わった様子はありますか？
Caller: いいえ、受け答えははっきりしていて普段通りです。",False,False,True,False,False,1
behavior_1_3087,"Dispatcher: 普段と違う振る舞いや様子はありますか？
Caller: いいえ、頭痛はありますが、話し方や行動はいつも通りです。",False,False,True,False,False,1
behavior_1_3088,"Dispatcher: いつも通りに見えますか？
Caller: はい、同僚ですが会話も普通で、変な様子はありません。",False,False,True,False,False,1
behavior_1_3089,"Dispatcher: ぼんやりしている、返事がおかしいなど、普段と違う様子はありますか？
Caller: ありません。母は質問にもきちんと答えていて、行動も普段どおりです。",False,False,True,False,False,1
behavior_1_3090,"Dispatcher: 普段と違う振る舞いや様子はありますか？
Caller: いいえ、特に変わった行動や受け答えはありません。",False,False,True,False,False,1
behavior_2_3091,"Dispatcher: 普段と違う振る舞いや様子はありますか？
Caller: 今は本人のそばにいないので、普段と違う様子があるかは確認できません。",False,False,True,False,False,2
behavior_2_3092,"Dispatcher: いつも通りに受け答えできていますか？
Caller: 職場から連絡を受けただけで、話し方や行動が普段と違うかまでは分かりません。",False,False,True,False,False,2
behavior_2_3093,"Dispatcher: ぼんやりしている、返事がおかしいなど、いつもと違う振る舞いはありますか？
Caller: まだ直接見ていないので、そういう普段と違う様子があるかは分かりません。",False,False,True,False,False,2
behavior_2_3094,"Dispatcher: 何かいつもと違う振る舞いはありますか？
Caller: 頭が痛いとは聞いていますが、普段と違う様子かどうかは確認できていません。",False,False,True,False,False,2
behavior_2_3095,"Dispatcher: 受け答えが変だったり、落ち着きがない感じはありますか？
Caller: メッセージで頭痛と来ただけなので、いつもと違う行動があるかまでは見られていません。",False,False,True,False,False,2
behavior_-1_3096,"Dispatcher: 頭の痛みは、突然起こった激しい痛みですか？
Caller: はい、さっき急に我慢できないほど頭が痛いと言って倒れ込みました。",False,False,True,False,False,-1
behavior_-1_3097,"Dispatcher: 頭の痛みは、急に出た強い痛みか分かりますか？
Caller: 本人から頭が痛いとだけ電話があって、急になのか痛みが強いのかまでは確認できません。",False,False,True,False,False,-1
behavior_-1_3098,"Dispatcher: いつもの軽い頭痛ということでよいですか？
Caller: はい、朝から少しずつ痛くなってきたようで、急にひどくなった感じではないです。",False,False,True,False,False,-1
behavior_-1_3099,"Dispatcher: さっき急にひどい頭痛になった感じですか？
Caller: いいえ、同僚の話では昼ごろからじわじわ痛みが増したそうです。",False,False,True,False,False,-1
behavior_-1_3100,"Dispatcher: 体の動きで気になることはありますか？
Caller: 右手がしびれていて、うまく力が入らないと言っています。",False,False,True,False,False,-1
behavior_0_3101,"Dispatcher: 普段と違う振る舞いや様子はありますか？
Caller: はい、受け答えがちぐはぐで、いつもよりぼんやりしています。",False,False,True,False,False,0
behavior_0_3102,"Dispatcher: 何か変わった様子はありますか？
Caller: あります、母が同じことを何度も聞き返してきて普段と明らかに違います。",False,False,True,False,False,0
behavior_0_3103,"Dispatcher: いつもと違う振る舞いはありますか？
Caller: はい、話しかけても返事がかみ合わず、落ち着きなく歩き回っています。",False,False,True,False,False,0
behavior_0_3104,"Dispatcher: 普通に過ごせていますか？
Caller: いいえ、さっきから意味の通らないことを言っていて様子がおかしいです。",False,False,True,False,False,0
behavior_0_3105,"Dispatcher: 受け答えが変だったり、行動がおかしい感じはありますか？
Caller: はい、同僚が急に会議の内容を理解できなくなって、返答も普段と全然違います。",False,False,True,False,False,0
behavior_1_3106,"Dispatcher: 普通に受け答えできていますか？
Caller: はい、頭痛はありますが、受け答えも行動もいつも通りです。",False,False,True,False,False,1
behavior_1_3107,"Dispatcher: 何か変わった様子はありますか？
Caller: 特にないです。友人は痛がっていますが、話し方も行動も普段のままです。",False,False,True,False,False,1
behavior_1_3108,"Dispatcher: いつも通りに過ごせていますか？
Caller: そうですね、頭を押さえてはいますけど、変な受け答えやおかしな行動はありません。",False,False,True,False,False,1
behavior_1_3109,"Dispatcher: ぼんやりしている、返事がおかしいなど、普段と違う振る舞いはありますか？
Caller: いいえ、そのような様子はなく、会話もしっかりしていて普段通りです。",False,False,True,False,False,1
behavior_1_3110,"Dispatcher: 普段と違う振る舞いや様子はありますか？
Caller: 今のところはありません。妻は頭痛を訴えていますが、受け答えも態度もいつも通りです。",False,False,True,False,False,1
behavior_2_3111,"Dispatcher: 普段と違う振る舞いや様子はありますか？
Caller: 今は電話で聞いただけなので、普段と違う様子があるかは確認できません。",False,False,True,False,False,2
behavior_2_3112,"Dispatcher: いつも通りに話せていますか？
Caller: そこはまだ分からなくて、頭が痛いと連絡があっただけです。",False,False,True,False,False,2
behavior_2_3113,"Dispatcher: 何か変わったことはありますか？
Caller: 頭痛以外の様子はまだ分からず、普段と違う行動があるかは確認できていません。",False,False,True,False,False,2
behavior_2_3114,"Dispatcher: 普通に受け答えできていますか？
Caller: ビデオ通話ではなく文字だけの連絡だったので、返事の様子までは判断できません。",False,False,True,False,False,2
behavior_2_3115,"Dispatcher: ぼんやりしているなど、いつもと違う振る舞いはありますか？
Caller: まだ会えていないので、普段と違う様子があるかは分かりません。",False,False,True,False,False,2
behavior_-1_3116,"Dispatcher: 手足のしびれや麻痺はありますか？
Caller: 離れた場所にいて電話で聞いているだけなので、しびれや麻痺があるかはまだ分かりません。",False,False,True,False,False,-1
behavior_-1_3117,"Dispatcher: 体の動きで気になることはありますか？
Caller: 今のところ、手足のしびれや動かしにくさはないそうです。",False,False,True,False,False,-1
behavior_-1_3118,"Dispatcher: 普通に歩けていますか？
Caller: そこは確認できていません。しびれや麻痺があるかどうかはまだ分かりません。",False,False,True,False,False,-1
behavior_-1_3119,"Dispatcher: 頭の痛みは、突然起こった激しい痛みですか？
Caller: はい、弟が急に頭を押さえて、今までにないくらい強い痛みだと言っています。",False,False,True,False,False,-1
behavior_-1_3120,"Dispatcher: 片側の手足にしびれや動かしにくさはありますか？
Caller: はい、父は左腕がしびれていて、左足にも力が入りにくいです。",False,False,True,False,False,-1
behavior_0_3121,"Dispatcher: いつもと違う振る舞いはありますか？
Caller: はい、受け答えがちぐはぐで、普段みたいに話せていません。",False,False,True,False,False,0
behavior_0_3122,"Dispatcher: 普段と違う様子や行動はありますか？
Caller: はい、同僚なんですが、さっきから質問と違う返事をしていて明らかにいつもと違います。",False,False,True,False,False,0
behavior_0_3123,"Dispatcher: いつも通りに見えますか？
Caller: いいえ、母なんですが急に落ち着きがなくなって、同じことを何度も言っています。",False,False,True,False,False,0
behavior_0_3124,"Dispatcher: 何か変わった様子はありますか？
Caller: はい、呼びかけには応じますが、返事の内容がおかしくて普段の受け答えではありません。",False,False,True,False,False,0
behavior_0_3125,"Dispatcher: 何か変わったことはありますか？
Caller: はい、いつもよりぼんやりしていて、会話がかみ合っていません。",False,False,True,False,False,0
behavior_1_3126,"Dispatcher: いつも通りに見えますか？
Caller: はい、夫ですが受け答えも普段通りで、行動も特に変わったところはありません。",False,False,True,False,False,1
behavior_1_3127,"Dispatcher: 何か変わったことはありますか？
Caller: いいえ、受け答えも行動も普段と変わりません。",False,False,True,False,False,1
behavior_1_3128,"Dispatcher: 何か変わった様子はありますか？
Caller: いいえ、特に普段と違う振る舞いはありません。",False,False,True,False,False,1
behavior_1_3129,"Dispatcher: 普段と違う振る舞いや様子はありますか？
Caller: いいえ、友人ですが会話も普通で、変な行動もしていません。",False,False,True,False,False,1
behavior_1_3130,"Dispatcher: ぼんやりしている、返事がおかしいなどはありますか？
Caller: いいえ、娘ですが頭は痛がっていますが受け答えはしっかりしていて、いつもと同じです。",False,False,True,False,False,1
behavior_2_3131,"Dispatcher: いつも通りに見えますか？
Caller: まだ電話で頭痛と聞いただけで、普段と違う様子かどうかは分かりません。",False,False,True,False,False,2
behavior_2_3132,"Dispatcher: 普段と違う振る舞いや様子はありますか？
Caller: 今そばにいないので、受け答えや行動がいつもと違うかまでは確認できません。",False,False,True,False,False,2
behavior_2_3133,"Dispatcher: ぼんやりしているとか、返事がおかしい感じはありますか？
Caller: 職場から連絡を受けただけなので、そのあたりの様子はまだ分かりません。",False,False,True,False,False,2
behavior_2_3134,"Dispatcher: 普段と違う振る舞いや様子はありますか？
Caller: 今は本人を見ていないので、いつもと違う行動や受け答えがあるかは確認できません。",False,False,True,False,False,2
behavior_2_3135,"Dispatcher: 何か変わったことはありますか？
Caller: 頭が痛いとは聞いていますが、別の部屋にいて普段と違う振る舞いがあるかは見られていません。",False,False,True,False,False,2
behavior_-1_3136,"Dispatcher: 体のしびれや動かしにくさはありますか？
Caller: 会社からの連絡で知っただけで、手足のしびれや麻痺があるかは確認できていません。",False,False,True,False,False,-1
behavior_-1_3137,"Dispatcher: 頭の痛みは、突然起こった激しい痛みですか？
Caller: いいえ、朝からじわじわ痛くなってきたと言っていて、急に強く出た感じではありません。",False,False,True,False,False,-1
behavior_-1_3138,"Dispatcher: しびれや麻痺はありますか？
Caller: しびれや麻痺があるかは分かりません。",False,False,True,False,False,-1
behavior_-1_3139,"Dispatcher: いつもの軽い頭痛ということでよいですか？
Caller: そこまでは分かりません。急に強くなったのか、もともとじわじわだったのか確認できていません。",False,False,True,False,False,-1
behavior_-1_3140,"Dispatcher: 片側の手足にしびれや力の入りにくさはありますか？
Caller: はい、父が右腕がしびれてうまく持ち上がらないと言っています。",False,False,True,False,False,-1
behavior_0_3141,"Dispatcher: 何か変わったことはありますか？
Caller: はい、弟なんですが、名前を呼んでも話がずれていて、普段みたいな受け答えができていません。",False,False,True,False,False,0
behavior_0_3142,"Dispatcher: 何か変わった様子はありますか？
Caller: はい、いつもより反応が鈍くて、会話が少し変です。",False,False,True,False,False,0
behavior_0_3143,"Dispatcher: 何か変わったことはありますか？
Caller: はい、同居の祖母ですが、さっきから台所に行くつもりで玄関に向かうなど行動がおかしいです。",False,False,True,False,False,0
behavior_0_3144,"Dispatcher: 普段と違う振る舞いや様子はありますか？
Caller: はい、妻ですが、簡単な質問にも見当違いの返事をしていて、いつものように会話が成り立ちません。",False,False,True,False,False,0
behavior_0_3145,"Dispatcher: ぼんやりしている、返事がおかしいなど、普段と違う様子は見えますか？
Caller: はい、友人なんですが、急に無言になったり同じ質問を繰り返したりして、明らかに普段の様子ではありません。",False,False,True,False,False,0
behavior_1_3146,"Dispatcher: 普段と違う振る舞いや様子はありますか？
Caller: いいえ、姉ですが頭痛はあるものの、受け答えも行動もいつも通りです。",False,False,True,False,False,1
behavior_1_3147,"Dispatcher: いつも通りに見えますか？
Caller: はい、同僚ですが会話もしっかりしていて、変な行動は見られません。",False,False,True,False,False,1
behavior_1_3148,"Dispatcher: 普段と違う振る舞いや様子はありますか？
Caller: いいえ、受け答えは普通で、特に変わった様子はありません。",False,False,True,False,False,1
behavior_1_3149,"Dispatcher: 何か変わったことはありますか？
Caller: いいえ、特に普段と違う感じはありません。",False,False,True,False,False,1
behavior_1_3150,"Dispatcher: ぼんやりしている、返事がおかしいなどはありますか？
Caller: いいえ、息子ですが受け答えははっきりしていて、行動も普段通りです。",False,False,True,False,False,1
behavior_2_3151,"Dispatcher: 何か変わった様子はありますか？
Caller: まだ本人に会えていなくて、普段と違う振る舞いがあるかは分かりません。",False,False,True,False,False,2
behavior_2_3152,"Dispatcher: いつもと違う行動はありますか？
Caller: そこは確認できていません。頭が痛いと聞いただけです。",False,False,True,False,False,2
behavior_2_3153,"Dispatcher: ぼんやりしているとか、返事がおかしいなど、普段と違う様子はありますか？
Caller: 職場から連絡を受けただけで私はその場にいないので、普段と違う振る舞いがあるかまでは確認できません。",False,False,True,False,False,2
behavior_2_3154,"Dispatcher: 何かいつもと違う様子はありますか？
Caller: 今は電話だけで見えていないので、普段と違う振る舞いがあるかは分かりません。",False,False,True,False,False,2
behavior_2_3155,"Dispatcher: 普通に過ごせていますか？
Caller: そこまでは分かりません。いつもと違う様子かは確認できていません。",False,False,True,False,False,2
behavior_-1_3156,"Dispatcher: 頭の痛みは、突然起こった激しい痛みですか？
Caller: はい、さっき急に頭を押さえて、今までにないくらいひどく痛いと言っています。",False,False,True,False,False,-1
behavior_-1_3157,"Dispatcher: 手足の動きにくさとかはありますか？
Caller: はい、左手に力が入らないみたいで、しびれるとも言っています。",False,False,True,False,False,-1
behavior_-1_3158,"Dispatcher: 頭の痛みは、突然起こった激しい痛みですか？
Caller: 本人から頭痛とだけ連絡があって、急だったのか強い痛みなのかまでは分かりません。",False,False,True,False,False,-1
behavior_-1_3159,"Dispatcher: 手足のしびれや麻痺はありますか？
Caller: 今は別の部屋にいて様子が見えないので、しびれや麻痺があるかは確認できません。",False,False,True,False,False,-1
behavior_-1_3160,"Dispatcher: 片側の手足にしびれや動かしにくさはありますか？
Caller: はい、右腕がしびれていて、うまく持ち上がらないです。",False,False,True,False,False,-1
behavior_0_3161,"Dispatcher: 何か変わった様子はありますか？
Caller: はい、夫なんですが、さっきから同じことを何度も聞き返してきて普段と違います。",False,False,True,False,False,0
behavior_0_3162,"Dispatcher: いつもと違う振る舞いはありますか？
Caller: はい、受け答えがちぐはぐで、普段みたいに会話ができていません。",False,False,True,False,False,0
behavior_0_3163,"Dispatcher: 何かおかしな様子はありますか？
Caller: はい、同僚なんですが、急に落ち着きがなくなって机の周りをうろうろしています。",False,False,True,False,False,0
behavior_0_3164,"Dispatcher: 普通の様子ですか？
Caller: いいえ、母はぼーっとしていて、呼びかけても反応がいつもより鈍いです。",False,False,True,False,False,0
behavior_0_3165,"Dispatcher: 普段と違う振る舞いや様子はありますか？
Caller: はい、会話のつじつまが合わず、明らかにいつもの様子ではありません。",False,False,True,False,False,0
behavior_1_3166,"Dispatcher: 何か変わった様子はありますか？
Caller: いいえ、受け答えはしっかりしていて、行動も普段どおりです。",False,False,True,False,False,1
behavior_1_3167,"Dispatcher: 普段と違う振る舞いや様子はありますか？
Caller: いいえ、話し方も行動もいつもどおりで、特におかしな様子はありません。",False,False,True,False,False,1
behavior_1_3168,"Dispatcher: 返事がおかしいとか、いつもと違う感じはありますか？
Caller: いいえ、友人ですが普通に会話できていますし、様子も普段と変わりません。",False,False,True,False,False,1
behavior_1_3169,"Dispatcher: ぼんやりしているなど、普段と違う様子はありますか？
Caller: いいえ、意識もはっきりしていて、受け答えも普段どおりです。",False,False,True,False,False,1
behavior_1_3170,"Dispatcher: 何かいつもと違う行動はありますか？
Caller: いいえ、特に変わった行動はなく、いつもどおりに話せています。",False,False,True,False,False,1
behavior_2_3171,"Dispatcher: 受け答えが変だったり、いつもと違う行動をしていますか？
Caller: 娘からメッセージで頭痛だけ知らされて、今は離れた場所にいるので、普段と違う振る舞いがあるかは分かりません。",False,False,True,False,False,2
behavior_2_3172,"Dispatcher: 何か変わったことはありますか？
Caller: 今は電話越しで顔が見えないので、いつもと違う様子かどうかは判断できません。",False,False,True,False,False,2
behavior_2_3173,"Dispatcher: 普通の様子ですか？
Caller: まだ直接見ていないので、普段どおりかどうかは分かりません。",False,False,True,False,False,2
behavior_2_3174,"Dispatcher: いつもと違う振る舞いはありますか？
Caller: 今その場にいないので、普段と違う振る舞いがあるかは確認できません。",False,False,True,False,False,2
behavior_2_3175,"Dispatcher: 何かおかしな様子はありますか？
Caller: 兄から頭が痛いと連絡が来ただけで、実際の様子は見ておらず、いつもと違う行動があるかは分かりません。",False,False,True,False,False,2
behavior_-1_3176,"Dispatcher: 頭の痛みは、突然起こった激しい痛みですか？
Caller: はい、さっきまで普通に話していたのに急に頭を抱えて、耐えられないくらい痛いと言い出しました。",False,False,True,False,False,-1
behavior_-1_3177,"Dispatcher: 急にひどい頭痛になった感じですか？
Caller: それが、電話で頭が痛いとしか聞いておらず、急にかどうかや痛みの強さまでは分かりません。",False,False,True,False,False,-1
behavior_-1_3178,"Dispatcher: 手足のしびれや麻痺はありますか？
Caller: いいえ、歩けていますし、手足のしびれや動かしにくさはないようです。",False,False,True,False,False,-1
behavior_-1_3179,"Dispatcher: しびれや麻痺はありますか？
Caller: 今は本人のそばにいないので、しびれや麻痺があるかは分かりません。",False,False,True,False,False,-1
behavior_-1_3180,"Dispatcher: 頭の痛みは、突然起こった激しい痛みですか？
Caller: はい、同僚が会議中にいきなり頭を押さえて、今までで一番ひどい痛みだと言っていました。",False,False,True,False,False,-1
behavior_0_3181,"Dispatcher: ぼんやりしている、返事がおかしいなど、普段と違う様子はありますか？
Caller: はい、妻なんですが、同じことを何度も聞き返してきて会話がかみ合いません。",False,False,True,False,False,0
behavior_0_3182,"Dispatcher: いつも通りに受け答えできていますか？
Caller: いいえ、同僚ですが、質問しても的外れな返事ばかりで明らかに普段と違います。",False,False,True,False,False,0
behavior_0_3183,"Dispatcher: 普段と違う振る舞いや様子はありますか？
Caller: はい、父ですが、呼びかけても反応が鈍くて、さっきから落ち着きなくうろうろしています。",False,False,True,False,False,0
behavior_0_3184,"Dispatcher: いつもみたいに普通に話したり動いたりできていますか？
Caller: できていません。友人ですが、急に無言になったり、質問と違うことを話したりしています。",False,False,True,False,False,0
behavior_0_3185,"Dispatcher: 受け答えは普段通りですか？
Caller: いいえ、母ですが、名前を呼んでもすぐ返事ができず、様子が明らかに変です。",False,False,True,False,False,0
behavior_1_3186,"Dispatcher: いつも通りに受け答えできていますか？
Caller: はい、夫ですが、頭痛はあるものの会話も行動も普段と変わりません。",False,False,True,False,False,1
behavior_1_3187,"Dispatcher: 受け答えは普段通りですか？
Caller: はい、同僚ですが、返事はしっかりしていて特におかしな様子はありません。",False,False,True,False,False,1
behavior_1_3188,"Dispatcher: 普段と違う振る舞いや様子はありますか？
Caller: 今のところ、特に変わった様子はないです。",False,False,True,False,False,1
behavior_1_3189,"Dispatcher: ぼんやりしている、返事がおかしいなど、普段と違う様子はありますか？
Caller: いいえ、娘ですが、受け答えははっきりしていて普段通りです。",False,False,True,False,False,1
behavior_1_3190,"Dispatcher: 普段と違う振る舞いや様子はありますか？
Caller: いいえ、友人ですが、頭を痛がる以外は話し方も行動もいつも通りです。",False,False,True,False,False,1
behavior_2_3191,"Dispatcher: 何か変わったことはありますか？
Caller: 頭が痛いと連絡があっただけで、普段と違う様子かは分かりません。",False,False,True,False,False,2
behavior_2_3192,"Dispatcher: 普段と違う振る舞いや様子はありますか？
Caller: まだ本人に会えていないので、そのあたりは確認できていません。",False,False,True,False,False,2
behavior_2_3193,"Dispatcher: いつも通りに受け答えできていますか？
Caller: そこまでは分からなくて、頭痛があることしか聞けていません。",False,False,True,False,False,2
behavior_2_3194,"Dispatcher: ぼんやりしている、返事がおかしいなど、普段と違う様子は見えますか？
Caller: 今は別の部屋にいて様子が見えないので、普段と違う振る舞いがあるか確認できません。",False,False,True,False,False,2
behavior_2_3195,"Dispatcher: 普段と違う振る舞いや様子はありますか？
Caller: 電話で頭痛を訴えられただけで、受け答えや行動がいつもと違うかまでは分かりません。",False,False,True,False,False,2
behavior_-1_3196,"Dispatcher: 普通に歩けているということでよいですか？
Caller: そこは見ていなくて、手足のしびれや動かしにくさがあるかはまだ分かりません。",False,False,True,False,False,-1
behavior_-1_3197,"Dispatcher: 片方の手足が動かしにくい感じはありますか？
Caller: はい、弟なんですが、右腕に力が入らないと言っていて、右足もしびれるそうです。",False,False,True,False,False,-1
behavior_-1_3198,"Dispatcher: いつもの軽い頭痛ということでよいですか？
Caller: 友人から頭が痛いとだけメッセージが来ていて、急に強くなったのかは分かりません。",False,False,True,False,False,-1
behavior_-1_3199,"Dispatcher: 手足のしびれや麻痺はありますか？
Caller: 今は本人のそばにいないので、しびれや麻痺があるかは確認できません。",False,False,True,False,False,-1
behavior_-1_3200,"Dispatcher: いつもの軽い頭痛ということでよいですか？
Caller: はい、同僚ですが、朝から少しずつ痛くなったようで、急に激しく出た感じではありません。",False,False,True,False,False,-1
behavior_0_3201,"Dispatcher: 普段と違う振る舞いや様子はありますか？
Caller: 兄なんですが、なんだか会話がちぐはぐで、いつもの感じではないです。",False,False,True,False,False,0
behavior_0_3202,"Dispatcher: 普段と違う振る舞いや様子はありますか？
Caller: はい、母ですが、少し受け答えが変で普段と違います。",False,False,True,False,False,0
behavior_0_3203,"Dispatcher: いつも通りに話せていますか？
Caller: いえ、友達なんですが、話が飛び飛びで落ち着かない感じがして変です。",False,False,True,False,False,0
behavior_0_3204,"Dispatcher: 普段と違う振る舞いや様子はありますか？
Caller: はい、夫ですが、返事の仕方がいつもと違って少しおかしいです。",False,False,True,False,False,0
behavior_0_3205,"Dispatcher: ぼんやりしている、返事がおかしいなど、普段と違う様子はありますか？
Caller: 娘なんですが、受け答えが遅くて、何となくいつもと違う感じがあります。",False,False,True,False,False,0
behavior_1_3206,"Dispatcher: 普段と違う振る舞いや様子はありますか？
Caller: いいえ、姉ですが、頭痛は訴えていますが様子はいつも通りです。",False,False,True,False,False,1
behavior_1_3207,"Dispatcher: いつも通りに受け答えできていますか？
Caller: はい、特に変わった様子はなく普通に話せています。",False,False,True,False,False,1
behavior_1_3208,"Dispatcher: 普段と違う振る舞いや様子はありますか？
Caller: いいえ、父ですが、少なくとも話し方や様子は普段どおりです。",False,False,True,False,False,1
behavior_1_3209,"Dispatcher: 受け答えは普段通りですか？
Caller: はい、友人ですが、行動も会話も特に変わりありません。",False,False,True,False,False,1
behavior_1_3210,"Dispatcher: いつも通りに過ごせていますか？
Caller: はい、妻ですが、頭痛はあるものの受け答えはしっかりしていて、変な行動もありません。",False,False,True,False,False,1
behavior_2_3211,"Dispatcher: いつもと違う振る舞いはありますか？
Caller: いつもと違う様子があるかは分かりません。頭が痛いとしか聞いていません。",False,False,True,False,False,2
behavior_2_3212,"Dispatcher: 普段どおりに受け答えできていますか？
Caller: 今は職場から連絡を受けただけで、話し方や様子までは確認できていません。",False,False,True,False,False,2
behavior_2_3213,"Dispatcher: ぼんやりしている、返事がおかしいなど、普段と違う様子は見えますか？
Caller: 今は本人と別の場所にいて見えていないので、普段と違う振る舞いがあるかは確認できません。",False,False,True,False,False,2
behavior_2_3214,"Dispatcher: 受け答えが変だったり、落ち着きがないなど、いつもと違う行動はありますか？
Caller: 友人から頭痛でつらいとメッセージが来ただけで、実際の様子は見ていないため、普段と違う振る舞いがあるかは分かりません。",False,False,True,False,False,2
behavior_2_3215,"Dispatcher: ふだん通りに見えますか？
Caller: 母から頭が痛いと電話があっただけで、行動や受け答えがいつもと違うかまでは確認できていません。",False,False,True,False,False,2
behavior_-1_3216,"Dispatcher: しびれや麻痺はありますか？
Caller: いいえ、手足のしびれも麻痺もなく、普通に動かせています。",False,False,True,False,False,-1
behavior_-1_3217,"Dispatcher: 頭の痛みは、突然起こった激しい痛みですか？
Caller: はい、さっきまで普通に話していたのに、急に今までで一番ひどい頭痛だと言ってうずくまりました。",False,False,True,False,False,-1
behavior_-1_3218,"Dispatcher: 激しい痛みが突然起こりましたか？
Caller: はい、急に我慢できないほど頭が痛いと言い出しました。",False,False,True,False,False,-1
behavior_-1_3219,"Dispatcher: 頭の痛みは、突然起こった激しい痛みですか？
Caller: 本人から頭痛がするとだけ連絡があって、急に始まったのか、どれほど強いのかは分かりません。",False,False,True,False,False,-1
behavior_-1_3220,"Dispatcher: 頭の痛みは、突然起こった激しい痛みですか？
Caller: いいえ、朝から少しずつ痛くなってきたようで、急に起きた激しい頭痛ではありません。",False,False,True,False,False,-1
behavior_0_3221,"Dispatcher: 何かいつもと違う振る舞いはありますか？
Caller: はい、夫なんですが、質問しても話がかみ合わず、急に同じことを何度も言っています。",False,False,True,False,False,0
behavior_0_3222,"Dispatcher: 普段どおりに見えますか？
Caller: いいえ、同僚なんですが、受け答えが変で落ち着きもなく、いつもと明らかに違います。",False,False,True,False,False,0
behavior_0_3223,"Dispatcher: いつもと違う振る舞いはありますか？
Caller: はい、返事がおかしくて普段と違います。",False,False,True,False,False,0
behavior_0_3224,"Dispatcher: ぼんやりしている、返事がおかしいなど、普段と違う様子はありますか？
Caller: はい、娘ですが、呼びかけても反応が鈍く、質問にも的外れな答え方をしています。",False,False,True,False,False,0
behavior_0_3225,"Dispatcher: 何かいつもと違う振る舞いはありますか？
Caller: はい、友人なんですが、急に立ったり座ったりを繰り返していて、会話もまともにできず普段と全然違います。",False,False,True,False,False,0
behavior_1_3226,"Dispatcher: いつもと違う振る舞いはありますか？
Caller: いいえ、頭は痛がっていますが、受け答えや様子は普段どおりです。",False,False,True,False,False,1
behavior_1_3227,"Dispatcher: 普段どおりに見えますか？
Caller: はい、妻ですが、痛みはあるものの会話も普通で、変わった行動はありません。",False,False,True,False,False,1
behavior_1_3228,"Dispatcher: 何か変わった様子はありますか？
Caller: いいえ、同僚は頭痛を訴えていますが、受け答えも行動もいつもどおりです。",False,False,True,False,False,1
behavior_1_3229,"Dispatcher: ぼんやりしている、返事がおかしいなど、普段と違う様子はありますか？
Caller: いいえ、父は頭を痛がっていますが、会話はしっかりしていて、いつもと変わった振る舞いは見られません。",False,False,True,False,False,1
behavior_1_3230,"Dispatcher: いつもと違う振る舞いはありますか？
Caller: いいえ、様子は普段と変わりません。",False,False,True,False,False,1
behavior_2_3231,"Dispatcher: 何かいつもと違う振る舞いはありますか？
Caller: 息子から頭痛の連絡だけ来ていて、今そばにいないので普段と違う様子かは分かりません。",False,False,True,False,False,2
behavior_2_3232,"Dispatcher: ぼんやりしている、返事がおかしいなど、普段と違う様子は見えますか？
Caller: 今は本人が部屋にこもっていて姿が見えないので、普段と違う振る舞いがあるかは確認できません。",False,False,True,False,False,2
behavior_2_3233,"Dispatcher: 受け答えが変だったり、いつもと違う行動をしていますか？
Caller: 学校から連絡を受けただけで、私はまだ到着していないため、普段と違う振る舞いの有無は分かりません。",False,False,True,False,False,2
behavior_2_3234,"Dispatcher: 普通に過ごせていますか？
Caller: そこはまだ見ていなくて、頭が痛いとメッセージが来ただけなんです。",False,False,True,False,False,2
behavior_2_3235,"Dispatcher: いつもどおりの様子ですか？
Caller: 友人づてに頭痛と聞いただけで、普段と違う行動があるかまでは分かりません。",False,False,True,False,False,2
behavior_-1_3236,"Dispatcher: しびれや麻痺はありますか？
Caller: いいえ、しびれも麻痺もなく、両手足ともちゃんと動いています。",False,False,True,False,False,-1
behavior_-1_3237,"Dispatcher: しびれや麻痺はありますか？
Caller: はい、左腕がしびれると言っていて、足にも力が入りにくそうです。",False,False,True,False,False,-1
behavior_-1_3238,"Dispatcher: 片側の手足にしびれや動かしにくさはありますか？
Caller: はい、兄ですが、右手がしびれてコップを持てず、右足も動かしにくい様子です。",False,False,True,False,False,-1
behavior_-1_3239,"Dispatcher: 急に強い頭痛が起きた感じですか？
Caller: はい、さっき突然、頭を押さえて耐えられないくらい痛いと言い出しました。",False,False,True,False,False,-1
behavior_-1_3240,"Dispatcher: しびれや麻痺はありますか？
Caller: はい、母の左手がしびれていて、うまく力が入らないようです。",False,False,True,False,False,-1
behavior_0_3241,"Dispatcher: 何か変わった様子はありますか？
Caller: はい、受け答えがいつもよりちぐはぐで、落ち着きもありません。",False,False,True,False,False,0
behavior_0_3242,"Dispatcher: 普段と違う振る舞いや様子はありますか？
Caller: はい、いつもなら普通に話せるのに、今は話がかみ合っていません。",False,False,True,False,False,0
behavior_0_3243,"Dispatcher: 何か変わったことはありますか？
Caller: はい、同じことを何度も聞き返していて、普段の様子ではありません。",False,False,True,False,False,0
behavior_0_3244,"Dispatcher: いつもと違う感じはありますか？
Caller: はい、さっきからそわそわしていて、返事の仕方も変です。",False,False,True,False,False,0
behavior_0_3245,"Dispatcher: 何かおかしな様子はありますか？
Caller: はい、夫が急に黙り込んだかと思うと、質問しても見当違いな返事をしています。",False,False,True,False,False,0
behavior_1_3246,"Dispatcher: いつもと違う感じはありますか？
Caller: いいえ、頭痛はありますが、受け答えや様子は普段どおりです。",False,False,True,False,False,1
behavior_1_3247,"Dispatcher: 普段と違う振る舞いや様子はありますか？
Caller: いいえ、会話は普通にできていますし、行動もいつもと変わりません。",False,False,True,False,False,1
behavior_1_3248,"Dispatcher: 何か変わったことはありますか？
Caller: いいえ、頭が痛いと言っていますが、返事はしっかりしていて普段どおりです。",False,False,True,False,False,1
behavior_1_3249,"Dispatcher: いつもと違う感じはありますか？
Caller: いいえ、ぼんやりしたりおかしな行動はなく、普段のままです。",False,False,True,False,False,1
behavior_1_3250,"Dispatcher: 何か変わった様子はありますか？
Caller: いいえ、同僚ですが、受け答えはいつもどおりで変な行動も見当たりません。",False,False,True,False,False,1
behavior_2_3251,"Dispatcher: 何か変わった様子はありますか？
Caller: すみません、本人から頭痛とだけ連絡があって、普段と違う様子かは分かりません。",False,False,True,False,False,2
behavior_2_3252,"Dispatcher: 普段と違う振る舞いや様子はありますか？
Caller: 今は本人のそばにいないので、いつもと違う行動があるかは確認できません。",False,False,True,False,False,2
behavior_2_3253,"Dispatcher: 何か変わったことはありますか？
Caller: 頭が痛いとは聞いていますが、それ以外の様子はまだ分かりません。",False,False,True,False,False,2
behavior_2_3254,"Dispatcher: ぼんやりしている、返事がおかしいなど、普段と違う様子は見えますか？
Caller: 職場から電話を受けただけで、受け答えや行動まではこちらで確認できていません。",False,False,True,False,False,2
behavior_2_3255,"Dispatcher: いつもと違う感じはありますか？
Caller: そこはまだ見ていなくて、普段と違う様子かどうかは分かりません。",False,False,True,False,False,2
behavior_-1_3256,"Dispatcher: 手足のしびれや麻痺はありますか？
Caller: 今は本人の近くにいないので、しびれや麻痺があるかは確認できません。",False,False,True,False,False,-1
behavior_-1_3257,"Dispatcher: 頭の痛みは、突然起こった激しい痛みですか？
Caller: 本人から頭が痛いとだけ聞いていて、急に始まったのか、どれほど強いのかまでは分かりません。",False,False,True,False,False,-1
behavior_-1_3258,"Dispatcher: いつもの頭痛ではなく、急に強く出た感じですか？
Caller: 友人からメッセージが来ただけなので、急だったのか痛みが強いのかは確認できていません。",False,False,True,False,False,-1
behavior_-1_3259,"Dispatcher: 片側の手足にしびれや動かしにくさはありますか？
Caller: いいえ、姉の様子を見ていますが、手足のしびれも麻痺もなく普通に動かせています。",False,False,True,False,False,-1
behavior_-1_3260,"Dispatcher: 急にひどい頭痛になった感じですか？
Caller: そこは分かりません。頭が痛いとしか聞けていません。",False,False,True,False,False,-1
behavior_0_3261,"Dispatcher: 何か変わったことはありますか？
Caller: はい、母なんですが、自分の部屋に行こうとして台所に入ってしまうなど、明らかにいつもと違います。",False,False,True,False,False,0
behavior_0_3262,"Dispatcher: いつもと違う感じはありますか？
Caller: はい、同僚が急に無口になって、呼びかけても反応が鈍いです。",False,False,True,False,False,0
behavior_0_3263,"Dispatcher: 普段と違う振る舞いや様子はありますか？
Caller: はい、質問への返答がずれていて、落ち着きなく同じ場所を行ったり来たりしています。",False,False,True,False,False,0
behavior_0_3264,"Dispatcher: 普段と違う振る舞いや様子はありますか？
Caller: はい、いつもはしっかりしているのに、今は会話が少しおかしいです。",False,False,True,False,False,0
behavior_0_3265,"Dispatcher: 何か変わった様子はありますか？
Caller: はい、友人が急に笑ったり黙ったりしていて、普段の様子ではないです。",False,False,True,False,False,0
behavior_1_3266,"Dispatcher: 普段と違う振る舞いや様子はありますか？
Caller: いいえ、妹は頭痛を訴えていますが、話し方も行動もいつもどおりです。",False,False,True,False,False,1
behavior_1_3267,"Dispatcher: 何か変わったことはありますか？
Caller: いいえ、父は痛がっていますが、受け答えははっきりしていて普段と同じです。",False,False,True,False,False,1
behavior_1_3268,"Dispatcher: いつもと違う感じはありますか？
Caller: いいえ、友人ですが、特に変な様子はなく普通に話しています。",False,False,True,False,False,1
behavior_1_3269,"Dispatcher: 普段と違う振る舞いや様子はありますか？
Caller: いいえ、今のところ受け答えも行動も普段と変わりありません。",False,False,True,False,False,1
behavior_1_3270,"Dispatcher: 普段と違う振る舞いや様子はありますか？
Caller: いいえ、ぼんやりした様子もなく、いつもどおりに会話できています。",False,False,True,False,False,1
behavior_2_3271,"Dispatcher: 受け答えが変だったり、普段と違う様子はありますか？
Caller: 会社から連絡を受けただけで本人を見ていないので、いつもと違う振る舞いがあるかは分かりません。",False,False,True,False,False,2
behavior_2_3272,"Dispatcher: いつもと違う行動はありますか？
Caller: いつもと違う振る舞いがあるかは確認できません。",False,False,True,False,False,2
behavior_2_3273,"Dispatcher: 何か変わった様子はありますか？
Caller: 普段と違う振る舞いがあるかどうかは分かりません。",False,False,True,False,False,2
behavior_2_3274,"Dispatcher: ぼんやりしている、返事がおかしいなど、普段と違う様子はありますか？
Caller: 今は別の家族が付き添っていて、私は見ていないので普段と違う振る舞いがあるかは確認できません。",False,False,True,False,False,2
behavior_2_3275,"Dispatcher: 普段と違う振る舞いや様子はありますか？
Caller: 頭が痛いと連絡があっただけで、いつもと違う行動があるかまでは分かりません。",False,False,True,False,False,2
behavior_-1_3276,"Dispatcher: いつもの頭痛ではなく、急にものすごく強い痛みになった感じですか？
Caller: はい、同僚がさっき突然、我慢できないくらい頭が痛いと言ってうずくまりました。",False,False,True,False,False,-1
behavior_-1_3277,"Dispatcher: 頭の痛みは、突然起こった激しい痛みですか？
Caller: 友人から頭が痛いとだけ電話があって、急に始まったのか、どれほど強いのかまでは分かりません。",False,False,True,False,False,-1
behavior_-1_3278,"Dispatcher: 普通に手足は動いている感じですか？
Caller: しびれや麻痺があるかは分かりません。",False,False,True,False,False,-1
behavior_-1_3279,"Dispatcher: ちゃんと手足は動かせていますか？
Caller: はい、母は両手両足とも普通に動かせていて、しびれもないです。",False,False,True,False,False,-1
behavior_-1_3280,"Dispatcher: いつもの軽い頭痛ということでよいですか？
Caller: はい、朝から少しずつ痛くなっただけで、急に激しく出た頭痛ではありません。",False,False,True,False,False,-1
behavior_0_3281,"Dispatcher: 何か変わった様子はありますか？
Caller: はい、夫が同じことを何度も聞き返してきて、受け答えがいつもと明らかに違います。",False,False,True,False,False,0
behavior_0_3282,"Dispatcher: いつもと違う行動はありますか？
Caller: はい、普段と違って落ち着きがなく、返事も噛み合いません。",False,False,True,False,False,0
behavior_0_3283,"Dispatcher: 普段と違う振る舞いや様子はありますか？
Caller: はい、母はさっきから呼びかけても話がちぐはぐで、いつもの受け答えではありません。",False,False,True,False,False,0
behavior_0_3284,"Dispatcher: いつも通りに会話できていますか？
Caller: いいえ、同僚が急にぼんやりして質問に合わない返事をしています。",False,False,True,False,False,0
behavior_0_3285,"Dispatcher: 何か変わったことはありますか？
Caller: はい、娘が急に意味の通らないことを言っていて、普段の様子ではありません。",False,False,True,False,False,0
behavior_1_3286,"Dispatcher: いつもと違う行動はありますか？
Caller: いいえ、受け答えは普段通りです。",False,False,True,False,False,1
behavior_1_3287,"Dispatcher: ぼんやりしている、返事がおかしいなど、普段と違う様子はありますか？
Caller: いいえ、妻は頭痛はありますが会話は普通で、行動もいつもと変わりません。",False,False,True,False,False,1
behavior_1_3288,"Dispatcher: 何か変わった様子はありますか？
Caller: いいえ、特に普段と違う振る舞いはありません。",False,False,True,False,False,1
behavior_1_3289,"Dispatcher: 普段と違う振る舞いや様子はありますか？
Caller: いいえ、受け答えも行動もいつも通りです。",False,False,True,False,False,1
behavior_1_3290,"Dispatcher: 返事が変だったり、落ち着きがない感じはありますか？
Caller: いいえ、友人は頭を押さえていますが、話し方も様子も普段と変わりません。",False,False,True,False,False,1
behavior_2_3291,"Dispatcher: 何か変わった様子はありますか？
Caller: 電話で頭痛を訴えられただけで、普段と違う振る舞いがあるかは確認できません。",False,False,True,False,False,2
behavior_2_3292,"Dispatcher: いつも通りに会話できていますか？
Caller: 今はメッセージしか来ていないので、受け答えや様子が普段と違うかどうかは分かりません。",False,False,True,False,False,2
behavior_2_3293,"Dispatcher: 普段と違う振る舞いや様子はありますか？
Caller: 隣の部屋にいる家族から頭痛とだけ聞いていて、実際の様子まではまだ見られていません。",False,False,True,False,False,2
behavior_2_3294,"Dispatcher: 普段と違う振る舞いや様子はありますか？
Caller: 今は本人のそばにいないので、いつもと違う行動があるかは分かりません。",False,False,True,False,False,2
behavior_2_3295,"Dispatcher: 何か変わったことはありますか？
Caller: 頭痛があることしか分からず、普段と違う振る舞いの有無は確認できません。",False,False,True,False,False,2
behavior_-1_3296,"Dispatcher: いつもの頭痛ではなく、急に強い痛みが出た感じですか？
Caller: そこはまだ聞けておらず、突然だったのか痛みが強いのかは分かりません。",False,False,True,False,False,-1
behavior_-1_3297,"Dispatcher: 手足のしびれや動かしにくさはありますか？
Caller: いいえ、同僚はしびれも麻痺もなく、手足は普通に動いています。",False,False,True,False,False,-1
behavior_-1_3298,"Dispatcher: いつもの軽い頭痛ということでよいですか？
Caller: いいえ、弟が急に今までで一番ひどい頭痛だと言って倒れ込みました。",False,False,True,False,False,-1
behavior_-1_3299,"Dispatcher: 手足に違和感はありますか？
Caller: いいえ、父はしびれもなく、麻痺した感じもありません。",False,False,True,False,False,-1
behavior_-1_3300,"Dispatcher: 片側の手足にしびれや動かしにくさはありますか？
Caller: いいえ、兄は左右とも普通に動かせていて、しびれや麻痺はありません。",False,False,True,False,False,-1
behavior_0_3301,"Dispatcher: 受け答えや様子、いつも通りではない感じですか？
Caller: はい、同僚なんですが、さっきから質問しても話がかみ合わず、机の前でぼんやりしています。",False,False,True,False,False,0
behavior_0_3302,"Dispatcher: ぼんやりしている、返事がおかしいなど、普段と違う振る舞いはありますか？
Caller: はい、母なんですが、名前を呼んでも反応が鈍くて、いつもなら普通に会話できるのに今は返事がちぐはぐです。",False,False,True,False,False,0
behavior_0_3303,"Dispatcher: 何か変わった様子はありますか？
Caller: はい、夫ですが、急に落ち着きなく部屋をうろうろしていて、受け答えも普段と違います。",False,False,True,False,False,0
behavior_0_3304,"Dispatcher: 普段と違う振る舞いや様子はありますか？
Caller: はい、娘ですが、話しかけても要領を得ない返事で、いつもの様子ではありません。",False,False,True,False,False,0
behavior_0_3305,"Dispatcher: 受け答えが変だったり、いつもと違う感じはありますか？
Caller: ええ、弟なんですが、会話のテンポがおかしくて、普段よりかなり様子が変です。",False,False,True,False,False,0
behavior_1_3306,"Dispatcher: 受け答えや様子、いつも通りではない感じですか？
Caller: いいえ、妻ですが、頭痛はあるものの受け答えは普通で、行動もいつもと変わりません。",False,False,True,False,False,1
behavior_1_3307,"Dispatcher: 何か変わった様子はありますか？
Caller: いいえ、同僚ですが、痛がってはいますけど話し方も行動も普段どおりです。",False,False,True,False,False,1
behavior_1_3308,"Dispatcher: 普段と違う振る舞いや様子はありますか？
Caller: いいえ、父は頭を押さえていますが、受け答えはしっかりしていて特におかしな様子はありません。",False,False,True,False,False,1
behavior_1_3309,"Dispatcher: 何か変わった様子はありますか？
Caller: いいえ、母ですが、会話も普通にできていて、いつもと違う行動はありません。",False,False,True,False,False,1
behavior_1_3310,"Dispatcher: ぼんやりしている、返事がおかしいなど、普段と違う様子は見えますか？
Caller: いいえ、友人ですけど、頭痛は訴えていますが受け答えは明確で、変な行動もしていません。",False,False,True,False,False,1
behavior_2_3311,"Dispatcher: いつもより元気で普通に過ごしていますか？
Caller: そこはまだ分かりません。頭が痛いと連絡があっただけで、普段と違う様子までは確認できていません。",False,False,True,False,False,2
behavior_2_3312,"Dispatcher: 何か変わったことはありますか？
Caller: 今は別の部屋にいて本人を見ていないので、普段と違う振る舞いがあるかは確認できません。",False,False,True,False,False,2
behavior_2_3313,"Dispatcher: 何か変わったことはありますか？
Caller: 頭痛があることしか分からず、普段と違う様子かどうかはまだ確認できていません。",False,False,True,False,False,2
behavior_2_3314,"Dispatcher: 普段と違う振る舞いや様子はありますか？
Caller: 今日は本人と会えていないので、いつもと違う行動があるかは分かりません。",False,False,True,False,False,2
behavior_2_3315,"Dispatcher: ぼんやりしている、返事がおかしいなど、普段と違う様子は見えますか？
Caller: 電話で頭が痛いと聞いただけで、受け答えや行動が普段と違うかまでは確認できていません。",False,False,True,False,False,2
behavior_-1_3316,"Dispatcher: いつもの軽い頭痛ということでよいですか？
Caller: はい、姉ですが、急にひどくなった感じではなく、朝からだんだん痛くなってきたそうです。",False,False,True,False,False,-1
behavior_-1_3317,"Dispatcher: 手足のしびれや麻痺はありますか？
Caller: いいえ、父ですが、手足は普通に動いていて、しびれもないと言っています。",False,False,True,False,False,-1
behavior_-1_3318,"Dispatcher: 頭の痛みは、突然起こった激しい痛みですか？
Caller: いいえ、同僚ですが、急にではなく仕事中に少しずつ痛くなったそうです。",False,False,True,False,False,-1
behavior_-1_3319,"Dispatcher: さっきまで普通だったのに、急に我慢できないほど頭が痛くなった感じですか？
Caller: はい、夫がさっき急に頭を押さえて、その場にしゃがみ込むくらい強い痛みだと言っています。",False,False,True,False,False,-1
behavior_-1_3320,"Dispatcher: 頭の痛みは、急に出た強い痛みか確認できますか？
Caller: 妹ですが、突然ではなく、昼ごろからじわじわ痛みが強くなってきたみたいです。",False,False,True,False,False,-1
behavior_0_3321,"Dispatcher: 何か変わった様子はありますか？
Caller: はい、祖母なんですが、話が途中で飛んだりして、普段の受け答えと違います。",False,False,True,False,False,0
behavior_0_3322,"Dispatcher: 普段と違う振る舞いや様子はありますか？
Caller: はい、友人ですが、急に同じことを何度も聞き返してきて、いつものしっかりした感じではありません。",False,False,True,False,False,0
behavior_0_3323,"Dispatcher: 何か変わった様子はありますか？
Caller: はい、兄ですが、返事が遅くてぼんやりしており、普段と違います。",False,False,True,False,False,0
behavior_0_3324,"Dispatcher: 普段と違う振る舞いや様子はありますか？
Caller: はい、息子なんですが、落ち着きがなくて質問にも変な答え方をしています。",False,False,True,False,False,0
behavior_0_3325,"Dispatcher: 普段と違う振る舞いや様子はありますか？
Caller: はい、同居の叔父ですが、さっきから話がちぐはぐで、明らかにいつもと違います。",False,False,True,False,False,0
behavior_1_3326,"Dispatcher: 何か変わった様子はありますか？
Caller: いいえ、姉ですが、頭痛以外は普段通りで、受け答えも普通です。",False,False,True,False,False,1
behavior_1_3327,"Dispatcher: 何か変わった様子はありますか？
Caller: いいえ、夫は痛がっていますが、会話も行動もいつもと変わりません。",False,False,True,False,False,1
behavior_1_3328,"Dispatcher: 普段と違う振る舞いや様子はありますか？
Caller: いいえ、母ですが、こちらの質問にも普通に答えられていて、行動もいつも通りです。",False,False,True,False,False,1
behavior_1_3329,"Dispatcher: 何か変わったことはありますか？
Caller: いいえ、友人ですけど、頭痛を訴えているだけで、受け答えや様子におかしな点はありません。",False,False,True,False,False,1
behavior_1_3330,"Dispatcher: 何か変わった様子はありますか？
Caller: いいえ、弟ですが、普通に話せていますし、変わった行動もありません。",False,False,True,False,False,1
behavior_2_3331,"Dispatcher: 何か変わった様子はありますか？
Caller: 頭が痛いとは聞いていますが、普段と違う振る舞いがあるかはまだ確認できていません。",False,False,True,False,False,2
behavior_2_3332,"Dispatcher: いつもと違う感じはありますか？
Caller: そこはまだ分からず、様子までは見られていません。",False,False,True,False,False,2
behavior_2_3333,"Dispatcher: ぼんやりしている、返事がおかしいなど、普段と違う振る舞いはありますか？
Caller: 今は職場から電話していて本人を見ていないので、受け答えや行動がいつもと違うかは確認できません。",False,False,True,False,False,2
behavior_2_3334,"Dispatcher: 普段どおりに見えますか？
Caller: まだ会えていないので、そのあたりは分かりません。",False,False,True,False,False,2
behavior_2_3335,"Dispatcher: 受け答えが変だったり、落ち着きがないなど、いつもと違う様子はありますか？
Caller: 娘から頭痛がすると連絡を受けただけで、今は別の場所にいるので普段と違う振る舞いがあるかは確認できません。",False,False,True,False,False,2
behavior_-1_3336,"Dispatcher: 手足のしびれや動かしにくさはありますか？
Caller: いいえ、夫は両手両足とも普通に動いていて、しびれもないです。",False,False,True,False,False,-1
behavior_-1_3337,"Dispatcher: 体のどこかしびれている感じはありますか？
Caller: 電話で頭痛だけ聞いただけなので、手足のことまでは分かっていません。",False,False,True,False,False,-1
behavior_-1_3338,"Dispatcher: 手足のしびれや麻痺はありますか？
Caller: いいえ、しびれや麻痺はないそうです。",False,False,True,False,False,-1
behavior_-1_3339,"Dispatcher: 片側の手足にしびれや力の入りにくさはありますか？
Caller: 友人を見ていますが、左右とも普通に動かせていて、しびれも訴えていません。",False,False,True,False,False,-1
behavior_-1_3340,"Dispatcher: 頭の痛みは、突然起こった激しい痛みですか？
Caller: いいえ、朝から少しずつ痛くなってきたようで、急にガツンと来た感じではありません。",False,False,True,False,False,-1
behavior_0_3341,"Dispatcher: 普段と違う振る舞いや様子はありますか？
Caller: はい、同僚なんですが、質問しても話がかみ合わず、いつもよりぼんやりしています。",False,False,True,False,False,0
behavior_0_3342,"Dispatcher: 何か変わった様子はありますか？
Caller: はい、母なんですが、さっきから同じことを何度も聞いてきて普段と明らかに違います。",False,False,True,False,False,0
behavior_0_3343,"Dispatcher: いつもと違う感じはありますか？
Caller: はい、受け答えが変で落ち着きもありません。",False,False,True,False,False,0
behavior_0_3344,"Dispatcher: ぼんやりしている、返事がおかしいなど、普段と違う振る舞いはありますか？
Caller: はい、夫が名前を呼んでも反応が鈍くて、会話もいつものように成り立ちません。",False,False,True,False,False,0
behavior_0_3345,"Dispatcher: 何か変わったことはありますか？
Caller: はい、普段はしっかりしている父が今は話がちぐはぐです。",False,False,True,False,False,0
behavior_1_3346,"Dispatcher: 普段と違う振る舞いや様子はありますか？
Caller: いいえ、頭痛は訴えていますが、受け答えは普段どおりです。",False,False,True,False,False,1
behavior_1_3347,"Dispatcher: 何か変わった様子はありますか？
Caller: いいえ、同僚ですが会話も普通で、いつもと変わる感じはありません。",False,False,True,False,False,1
behavior_1_3348,"Dispatcher: 普段と違う感じはありますか？
Caller: いいえ、落ち着いていて、返事もいつもどおりです。",False,False,True,False,False,1
behavior_1_3349,"Dispatcher: 何か変わったことはありますか？
Caller: いいえ、友人は頭が痛いと言っていますが、行動や話し方は普段と同じです。",False,False,True,False,False,1
behavior_1_3350,"Dispatcher: ぼんやりしている、返事がおかしいなど、普段と違う振る舞いはありますか？
Caller: いいえ、そのような様子はなく、娘は普通に受け答えしています。",False,False,True,False,False,1
behavior_2_3351,"Dispatcher: 普段と違う振る舞いや様子はありますか？
Caller: 頭痛はあるようですが、今はそばにいないので様子までは分かりません。",False,False,True,False,False,2
behavior_2_3352,"Dispatcher: 受け答えが変、落ち着きがない、いつもと違う行動をしている感じはありますか？
Caller: 弟からメッセージで頭が痛いと来ただけで、今は会えていないので普段と違う振る舞いがあるかは確認できません。",False,False,True,False,False,2
behavior_2_3353,"Dispatcher: 普段と違う振る舞いや様子はありますか？
Caller: 隣の部署から連絡を受けただけで、本人の受け答えや行動まではまだ見ていません。",False,False,True,False,False,2
behavior_2_3354,"Dispatcher: ぼんやりしている、返事がおかしいなど、普段と違う様子は見えますか？
Caller: 子どもが学校で頭痛を訴えたと先生から聞いただけで、私は現場にいないため、いつもと違う振る舞いがあるかは確認できません。",False,False,True,False,False,2
behavior_2_3355,"Dispatcher: いつもどおりに見えますか？
Caller: まだ直接見ていないので、そのへんは何とも言えません。",False,False,True,False,False,2
behavior_-1_3356,"Dispatcher: 頭の痛みは、急に出た激しい痛みですか？
Caller: 兄は昨日からじわじわ痛いと言っていて、突然ひどくなった頭痛ではありません。",False,False,True,False,False,-1
behavior_-1_3357,"Dispatcher: 片側の手足にしびれや力の入りにくさはありますか？
Caller: はい、母は右手がしびれると言っていて、コップも持ちにくそうです。",False,False,True,False,False,-1
behavior_-1_3358,"Dispatcher: 手足のしびれや麻痺はありますか？
Caller: 今は本人が別室にいて見えていないので、しびれや麻痺があるかは確認できません。",False,False,True,False,False,-1
behavior_-1_3359,"Dispatcher: 手足のしびれや麻痺はありますか？
Caller: 会社から連絡を受けただけで、手足の感覚や動きまではまだ確認できていません。",False,False,True,False,False,-1
behavior_-1_3360,"Dispatcher: 片側の手足にしびれや動かしにくさはありますか？
Caller: いいえ、父は両腕も両脚も普通に動かせていて、しびれも訴えていません。",False,False,True,False,False,-1
behavior_0_3361,"Dispatcher: 何か普段と違う様子はありますか？
Caller: 同僚なんですが、さっきから話がかみ合わなくて、いつもの受け答えと違います。",False,False,True,False,False,0
behavior_0_3362,"Dispatcher: 何か変わった様子はありますか？
Caller: はい、母なんですが、落ち着きがなくて同じことを何度も言っています。",False,False,True,False,False,0
behavior_0_3363,"Dispatcher: いつも通りに見えますか？
Caller: いいえ、友人なんですが、急にぼんやりして返事が遅くなっています。",False,False,True,False,False,0
behavior_0_3364,"Dispatcher: 何か変わった様子はありますか？
Caller: はい、夫ですが、受け答えが少しおかしくて普段と違います。",False,False,True,False,False,0
behavior_0_3365,"Dispatcher: 受け答えが変だったり、いつもと違う行動はありますか？
Caller: はい、父が質問しても見当違いの返事をして、立ち上がっては座るのを繰り返していて明らかに普段と違います。",False,False,True,False,False,0
behavior_1_3366,"Dispatcher: 何か変わった様子はありますか？
Caller: いいえ、妻は頭痛はありますが受け答えも行動も普段通りです。",False,False,True,False,False,1
behavior_1_3367,"Dispatcher: いつも通りに見えますか？
Caller: はい、同僚ですが、話し方も様子も特に変わりありません。",False,False,True,False,False,1
behavior_1_3368,"Dispatcher: 普段と違う振る舞いや様子はありますか？
Caller: いいえ、母は頭を痛がっていますが、会話も行動もいつも通りです。",False,False,True,False,False,1
behavior_1_3369,"Dispatcher: 何か変わった様子はありますか？
Caller: いいえ、弟は普通に受け答えできていて、特におかしな行動はありません。",False,False,True,False,False,1
behavior_1_3370,"Dispatcher: いつも通りに見えますか？
Caller: はい、友人ですが、痛がってはいますけど話し方も態度も普段と同じです。",False,False,True,False,False,1
behavior_2_3371,"Dispatcher: ぼんやりしている、返事がおかしいなど、普段と違う様子は見えますか？
Caller: 今は本人から頭痛の連絡だけ受けていて、私はその場にいないので普段と違う振る舞いがあるか確認できません。",False,False,True,False,False,2
behavior_2_3372,"Dispatcher: 何か変わった様子はありますか？
Caller: そこはまだ分かりません。頭が痛いとしか聞いていません。",False,False,True,False,False,2
behavior_2_3373,"Dispatcher: 何か変わった様子はありますか？
Caller: 別の部屋にいて見えていないので、普段と違う振る舞いがあるかは分かりません。",False,False,True,False,False,2
behavior_2_3374,"Dispatcher: 普段と違う振る舞いや様子はありますか？
Caller: 今日はまだ本人に会えておらず、いつもと違う行動があるかどうかは確認できません。",False,False,True,False,False,2
behavior_2_3375,"Dispatcher: 受け答えが変だったり、いつもと違う行動はありますか？
Caller: 電話で頭痛を訴えてきただけで、今の様子は見えていないのでそこまでは分かりません。",False,False,True,False,False,2
behavior_-1_3376,"Dispatcher: 手足のしびれや麻痺はありますか？
Caller: 本人は職場にいて私は電話を受けただけなので、しびれや麻痺があるかまでは確認できません。",False,False,True,False,False,-1
behavior_-1_3377,"Dispatcher: 急に起きた強い頭痛ですか？
Caller: いいえ、朝から少しずつ痛くなってきたようで、急に激しく出た感じではありません。",False,False,True,False,False,-1
behavior_-1_3378,"Dispatcher: 突然の激しい頭痛ですか？
Caller: いいえ、前から重い感じが続いていて、急にひどくなったわけではないです。",False,False,True,False,False,-1
behavior_-1_3379,"Dispatcher: しびれや麻痺はありますか？
Caller: いいえ、妹は手足は普通に動かせていて、しびれもないと言っています。",False,False,True,False,False,-1
behavior_-1_3380,"Dispatcher: 急に我慢できないほどの頭痛が出ましたか？
Caller: いいえ、昨日からの頭痛で、突然強く始まったものではないです。",False,False,True,False,False,-1
behavior_0_3381,"Dispatcher: 普段と違う振る舞いはありますか？
Caller: はい、姉なんですが、受け答えがちぐはぐでいつもと違います。",False,False,True,False,False,0
behavior_0_3382,"Dispatcher: ぼんやりしているとか、いつもと違う様子はありますか？
Caller: はい、夫がさっきから同じ質問を繰り返していて普段の感じではありません。",False,False,True,False,False,0
behavior_0_3383,"Dispatcher: 受け答えが変、落ち着きがないなど、普段と違う振る舞いはありますか？
Caller: はい、母は呼びかけには答えますが話がかみ合わず、財布を冷蔵庫に入れようとするなど明らかにいつもと違う行動をしています。",False,False,True,False,False,0
behavior_0_3384,"Dispatcher: 何か変わった様子はありますか？
Caller: はい、友人が妙にぼーっとしていて普段と違います。",False,False,True,False,False,0
behavior_0_3385,"Dispatcher: 普段と違う振る舞いや様子はありますか？
Caller: はい、父が返事はするんですが内容がずれていて、いつもの話し方ではありません。",False,False,True,False,False,0
behavior_1_3386,"Dispatcher: いつも通りに見えますか？
Caller: はい、妻ですが、頭痛はあるものの受け答えも行動も普段と変わりません。",False,False,True,False,False,1
behavior_1_3387,"Dispatcher: 普段と違う振る舞いや様子はありますか？
Caller: いいえ、息子は普通に会話できていて、様子もいつも通りです。",False,False,True,False,False,1
behavior_1_3388,"Dispatcher: ぼんやりしている、返事がおかしいなど、普段と違う様子はありますか？
Caller: いいえ、同僚は頭痛を訴えていますが、受け答えははっきりしていて行動も普段と変わりありません。",False,False,True,False,False,1
behavior_1_3389,"Dispatcher: 普段と違う振る舞いや様子はありますか？
Caller: いいえ、母は少し横になっていますが、話し方や様子はいつも通りです。",False,False,True,False,False,1
behavior_1_3390,"Dispatcher: 何か変わった様子はありますか？
Caller: いいえ、夫は普通に返事ができていて、おかしな行動もありません。",False,False,True,False,False,1
behavior_2_3391,"Dispatcher: 何か変わった様子はありますか？
Caller: まだ本人を見られていないので、普段と違う振る舞いがあるかは分かりません。",False,False,True,False,False,2
behavior_2_3392,"Dispatcher: いつもと違う行動をしている感じはありますか？
Caller: 職場から連絡を受けただけで、実際の様子は見ていないので判断できません。",False,False,True,False,False,2
behavior_2_3393,"Dispatcher: 普段と違う振る舞いや様子はありますか？
Caller: 頭が痛いとは聞いていますが、受け答えや行動がいつもと違うかまでは確認できていません。",False,False,True,False,False,2
behavior_2_3394,"Dispatcher: 何かおかしいところはありますか？
Caller: そこはまだ分からなくて、普段と違う様子かどうかは確認できていません。",False,False,True,False,False,2
behavior_2_3395,"Dispatcher: ぼんやりしているとか、いつもと違う様子はありますか？
Caller: メッセージで頭痛を訴えてきただけなので、今の振る舞いまでは見られていません。",False,False,True,False,False,2
behavior_-1_3396,"Dispatcher: 頭の痛みは、突然起こった激しい痛みですか？
Caller: はい、さっき急に今までで一番ひどい頭痛だと言ってうずくまりました。",False,False,True,False,False,-1
behavior_-1_3397,"Dispatcher: 普通に動けていますか？
Caller: いいえ、同僚は右腕がしびれてコップも持てない状態です。",False,False,True,False,False,-1
behavior_-1_3398,"Dispatcher: いつもの頭痛という感じですか？
Caller: いいえ、急に耐えられないくらい強い痛みが来たと本人が言っています。",False,False,True,False,False,-1
behavior_-1_3399,"Dispatcher: 手足のしびれや麻痺はありますか？
Caller: 本人から頭痛の連絡だけで、しびれや麻痺があるかまでは分かりません。",False,False,True,False,False,-1
behavior_-1_3400,"Dispatcher: 片側の手足にしびれや動かしにくさはありますか？
Caller: はい、母は左手と左足がしびれて力も入りにくいです。",False,False,True,False,False,-1
behavior_0_3401,"Dispatcher: 何か変わった様子はありますか？
Caller: はい、受け答えがちぐはぐで普段と明らかに違います。",False,False,True,False,False,0
behavior_0_3402,"Dispatcher: 普段と違う振る舞いや様子はありますか？
Caller: はい、夫が同じことを何度も聞き返してきて、いつもの様子ではありません。",False,False,True,False,False,0
behavior_0_3403,"Dispatcher: ぼんやりしている、返事がおかしいなど、普段と違う様子は見えますか？
Caller: はい、友人が急に会話がかみ合わなくなって、立ったままぼーっとしています。",False,False,True,False,False,0
behavior_0_3404,"Dispatcher: 何かおかしいところはありますか？
Caller: はい、さっきから落ち着きがなくて、言うことも少し変です。",False,False,True,False,False,0
behavior_0_3405,"Dispatcher: いつもと違う行動をしていますか？
Caller: はい、弟が頭を痛がったあと急に意味の通らないことを話し始めました。",False,False,True,False,False,0
behavior_1_3406,"Dispatcher: 何か変わった様子はありますか？
Caller: いいえ、受け答えは普段どおりで、行動も特に変わりません。",False,False,True,False,False,1
behavior_1_3407,"Dispatcher: 普段と違う振る舞いや様子はありますか？
Caller: いいえ、頭痛はありますが、話し方も様子もいつもどおりです。",False,False,True,False,False,1
behavior_1_3408,"Dispatcher: いつもと違う行動をしている感じはありますか？
Caller: いいえ、同僚は普通に会話できていますし、変な様子は見当たりません。",False,False,True,False,False,1
behavior_1_3409,"Dispatcher: ぼんやりしている、返事がおかしいなどはありますか？
Caller: いいえ、父は受け答えもしっかりしていて、普段と変わったところはありません。",False,False,True,False,False,1
behavior_1_3410,"Dispatcher: 普段と違う振る舞いはありますか？
Caller: いいえ、痛がってはいますが、意識もはっきりしていて様子はいつもどおりです。",False,False,True,False,False,1
behavior_2_3411,"Dispatcher: ぼんやりしている、返事がおかしいなど、普段と違う様子は見えますか？
Caller: 今は本人と離れていて見えていないので、普段と違う振る舞いがあるかは確認できません。",False,False,True,False,False,2
behavior_2_3412,"Dispatcher: 何か変わったことはありますか？
Caller: 頭痛があることしか分からず、いつもと違う様子かどうかはまだ確認できていません。",False,False,True,False,False,2
behavior_2_3413,"Dispatcher: 受け答えが変だったり、普段と違う行動はありますか？
Caller: さっき子どもから泣きながら電話が来ただけで、今どんな様子かまでは分からないです。",False,False,True,False,False,2
behavior_2_3414,"Dispatcher: 普段と違う振る舞いや様子はありますか？
Caller: 本人に会えていないので、その点はまだ確認できていません。",False,False,True,False,False,2
behavior_2_3415,"Dispatcher: 何かおかしいところはありますか？
Caller: 今は電話越しで頭が痛いとしか聞いておらず、普段と違う行動があるかは分かりません。",False,False,True,False,False,2
behavior_-1_3416,"Dispatcher: 激しい痛みが突然起こりましたか？
Caller: はい、さっきまで普通だったのに急に叫ぶほどの頭痛が来たそうです。",False,False,True,False,False,-1
behavior_-1_3417,"Dispatcher: 頭の痛みは、突然起こった激しい痛みですか？
Caller: いいえ、朝から少しずつ痛くなってきたもので、急に強く出た感じではありません。",False,False,True,False,False,-1
behavior_-1_3418,"Dispatcher: 頭の痛みは、急に出た強い痛みか確認できますか？
Caller: 近くにいないので、突然だったのか、どれくらい強いのかまでは分かりません。",False,False,True,False,False,-1
behavior_-1_3419,"Dispatcher: いつもの軽い頭痛ということでよいですか？
Caller: いいえ、娘が急に今まで経験したことがないくらい痛いと言って倒れ込みました。",False,False,True,False,False,-1
behavior_-1_3420,"Dispatcher: 頭の痛みについて何か分かることはありますか？
Caller: 本人から頭が痛いとだけ連絡が来ていて、急に激しくなったのかどうかは確認できていません。",False,False,True,False,False,-1
behavior_0_3421,"Dispatcher: 普段と違う振る舞いや様子はありますか？
Caller: はい、呼びかけても返事がちぐはぐで、いつもの受け答えと明らかに違います。",False,False,True,False,False,0
behavior_0_3422,"Dispatcher: 普段と違う振る舞いや様子はありますか？
Caller: はい、さっきから様子がおかしくて、いつも通りではありません。",False,False,True,False,False,0
behavior_0_3423,"Dispatcher: ぼんやりしている、返事がおかしいなど、いつもと違う様子はありますか？
Caller: はい、同僚なんですが、簡単な質問にも答えがずれていて、席を立とうとしてもふらふら変な動きをしています。",False,False,True,False,False,0
behavior_0_3424,"Dispatcher: いつも通りに会話できていますか？
Caller: いいえ、話しかけても要領を得ない返事ばかりで、普段の様子ではありません。",False,False,True,False,False,0
behavior_0_3425,"Dispatcher: いつも通りに動けている感じですか？
Caller: いいえ、母なんですが、落ち着きなく同じことを何度も言っていて、明らかに普段と違います。",False,False,True,False,False,0
behavior_1_3426,"Dispatcher: いつも通りに過ごせていますか？
Caller: はい、頭痛はあるようですが、受け答えも行動も普段と変わりません。",False,False,True,False,False,1
behavior_1_3427,"Dispatcher: いつも通りに過ごせていますか？
Caller: はい、会話も普通で、特におかしな様子はありません。",False,False,True,False,False,1
behavior_1_3428,"Dispatcher: 普段と違う振る舞いや様子はありますか？
Caller: いいえ、友人ですが、痛いとは言っていますけど受け答えはいつも通りです。",False,False,True,False,False,1
behavior_1_3429,"Dispatcher: いつも通りに過ごせていますか？
Caller: はい、特に変わった行動はなく、普段と同じです。",False,False,True,False,False,1
behavior_1_3430,"Dispatcher: 何か変わった様子はありますか？
Caller: いえ、頭を押さえている以外は普段通りに見えます。",False,False,True,False,False,1
behavior_2_3431,"Dispatcher: 普段と違う振る舞いや様子はありますか？
Caller: 弟から頭痛とだけ連絡が来ていて、今そばにいないので様子までは分かりません。",False,False,True,False,False,2
behavior_2_3432,"Dispatcher: ぼんやりしている、返事がおかしいなど、普段と違う様子は見えますか？
Caller: 会社から電話を受けただけで本人を見ていないので、受け答えや行動がいつもと違うかは確認できません。",False,False,True,False,False,2
behavior_2_3433,"Dispatcher: 受け答えが変、落ち着きがない、いつもと違う行動をしている感じはありますか？
Caller: 友人からメッセージで頭が痛いと来ただけなので、変な行動や話し方があるかまでは分からないです。",False,False,True,False,False,2
behavior_2_3434,"Dispatcher: 何か変わったことはありますか？
Caller: そこはまだ確認できていなくて、普段と違う様子かどうかは分かりません。",False,False,True,False,False,2
behavior_2_3435,"Dispatcher: いつも通りに過ごせている感じですか？
Caller: 妻が寝室で休んでいて今は顔を見ていないので、普段通りかどうかははっきり分かりません。",False,False,True,False,False,2
behavior_-1_3436,"Dispatcher: 手足のしびれや麻痺はありますか？
Caller: まだ本人のそばに行けていないので、しびれや麻痺があるかは分かりません。",False,False,True,False,False,-1
behavior_-1_3437,"Dispatcher: 頭の痛みは、突然起こった激しい痛みですか？
Caller: いいえ、朝から少しずつ痛くなってきたようで、急に強い痛みが出たわけではないです。",False,False,True,False,False,-1
behavior_-1_3438,"Dispatcher: 普通に歩けていますか？
Caller: ええ、手足のしびれも動かしにくさもないと言っています。",False,False,True,False,False,-1
behavior_-1_3439,"Dispatcher: 体の動きで気になることはありますか？
Caller: はい、右手がしびれて力が入りにくいと本人が言っています。",False,False,True,False,False,-1
behavior_-1_3440,"Dispatcher: 頭の痛みは、突然起こった激しい痛みですか？
Caller: いいえ、昨日から続いている頭痛で、急に始まった感じではありません。",False,False,True,False,False,-1
behavior_0_3441,"Dispatcher: いつも通りの様子ですか？
Caller: いいえ、父が同じ質問を何度も繰り返していて、明らかに普段と違います。",False,False,True,False,False,0
behavior_0_3442,"Dispatcher: 普段と違う振る舞いや様子はありますか？
Caller: はい、同居の祖母ですが、急に黙り込んだかと思うと話がかみ合わず、いつものしっかりした様子ではありません。",False,False,True,False,False,0
behavior_0_3443,"Dispatcher: ぼんやりしている、返事がおかしいなど、普段と違う様子はありますか？
Caller: はい、同僚が自分の机の場所も一瞬分からなくなって、質問にも見当違いの返事をしています。",False,False,True,False,False,0
behavior_0_3444,"Dispatcher: いつも通りに過ごせている感じですか？
Caller: いいえ、友人なんですが、落ち着かず部屋の中を行ったり来たりしていて、明らかに普段の行動ではないです。",False,False,True,False,False,0
behavior_0_3445,"Dispatcher: 普段と違う振る舞いや様子はありますか？
Caller: はい、少し会話が変で、いつもと様子が違います。",False,False,True,False,False,0
behavior_1_3446,"Dispatcher: いつも通りに過ごせていますか？
Caller: はい、受け答えもしっかりしていて、普段と違う様子はありません。",False,False,True,False,False,1
behavior_1_3447,"Dispatcher: 普段と違う振る舞いや様子はありますか？
Caller: いいえ、夫ですが、頭痛は訴えていますが会話も行動もいつも通りです。",False,False,True,False,False,1
behavior_1_3448,"Dispatcher: 普段と違う振る舞いや様子はありますか？
Caller: いいえ、娘から見る限り、少しつらそうなだけで変な受け答えや行動はありません。",False,False,True,False,False,1
behavior_1_3449,"Dispatcher: 普段と違う振る舞いや様子はありますか？
Caller: いいえ、話もしっかり通じていますし、普段と変わったところはありません。",False,False,True,False,False,1
behavior_1_3450,"Dispatcher: 普段と違う振る舞いや様子はありますか？
Caller: いいえ、今のところ受け答えは普通で、いつもと変わらないです。",False,False,True,False,False,1
behavior_2_3451,"Dispatcher: 何か変わった様子はありますか？
Caller: そこはまだ分からず、普段と違う振る舞いがあるかは確認できていません。",False,False,True,False,False,2
behavior_2_3452,"Dispatcher: 普段と違う振る舞いや様子はありますか？
Caller: 今は本人に会えていないので、いつもと違う様子があるかは確認できません。",False,False,True,False,False,2
behavior_2_3453,"Dispatcher: 受け答えがおかしい、落ち着きがないなど、普段と違う様子はありますか？
Caller: 職場から連絡を受けただけで本人を見ていないので、いつもと違う振る舞いがあるかまでは分かりません。",False,False,True,False,False,2
behavior_2_3454,"Dispatcher: ぼんやりしているとか、変な行動をしている感じはありますか？
Caller: 今は夫から頭痛だと聞いただけで、普段との違いまでは確認できていません。",False,False,True,False,False,2
behavior_2_3455,"Dispatcher: 普通に会話できている感じですか？
Caller: 電話だけでは受け答えや行動の様子までは分からず、いつも通りか確認できません。",False,False,True,False,False,2
behavior_-1_3456,"Dispatcher: 頭の痛みは、突然起こった激しい痛みですか？
Caller: はい、さっき急に始まって、本人も今までで一番ひどい頭痛だと言っています。",False,False,True,False,False,-1
behavior_-1_3457,"Dispatcher: 普通に手足は動いていますか？
Caller: はい、両手足とも問題なく動いていて、しびれもないです。",False,False,True,False,False,-1
behavior_-1_3458,"Dispatcher: いきなりひどく痛くなった感じですか？
Caller: いいえ、朝から少しずつ痛くなってきたようで、急に強く出たわけではないです。",False,False,True,False,False,-1
behavior_-1_3459,"Dispatcher: 急に我慢できないほどの頭痛になりましたか？
Caller: いいえ、急にではなく、前から続いている頭痛です。",False,False,True,False,False,-1
behavior_-1_3460,"Dispatcher: しびれや麻痺はありますか？
Caller: 今そばにいないので、しびれや麻痺があるかは確認できません。",False,False,True,False,False,-1
behavior_0_3461,"Dispatcher: いつもと違う振る舞いはありますか？
Caller: はい、質問しても話がかみ合わず、同じことを何度も聞き返しています。",False,False,True,False,False,0
behavior_0_3462,"Dispatcher: 受け答えや様子で普段と違うところはありますか？
Caller: はい、母は普段しっかりしているのに、今はぼんやりしていて返事も遅いです。",False,False,True,False,False,0
behavior_0_3463,"Dispatcher: 普段と違う振る舞いや様子はありますか？
Caller: はい、受け答えがおかしくて、いつもと明らかに様子が違います。",False,False,True,False,False,0
behavior_0_3464,"Dispatcher: 何か変わった様子はありますか？
Caller: はい、さっきから落ち着きなく部屋をうろうろしていて、普段こんな行動はしません。",False,False,True,False,False,0
behavior_0_3465,"Dispatcher: ぼんやりしている、返事がおかしいなど、いつもと違う様子はありますか？
Caller: 弟なんですが、今は話しかけても的外れな返事ばかりで、明らかに普段と違います。",False,False,True,False,False,0
behavior_1_3466,"Dispatcher: 何か変わった様子はありますか？
Caller: いいえ、頭痛はありますが、普段と変わった振る舞いはありません。",False,False,True,False,False,1
behavior_1_3467,"Dispatcher: 普段と違う振る舞いや様子はありますか？
Caller: いいえ、受け答えはいつも通りで、行動も特に変わりありません。",False,False,True,False,False,1
behavior_1_3468,"Dispatcher: 何かおかしな様子はありますか？
Caller: いいえ、会話も普通ですし、いつもと違う感じはありません。",False,False,True,False,False,1
behavior_1_3469,"Dispatcher: ぼんやりしているとか、返事が変とかはありますか？
Caller: いいえ、本人は頭痛を訴えていますが、受け答えも行動も普段どおりです。",False,False,True,False,False,1
behavior_1_3470,"Dispatcher: 普段と違う振る舞いや様子はありますか？
Caller: いいえ、妻ははっきり受け答えできていますし、いつもと変わった行動はしていません。",False,False,True,False,False,1
behavior_2_3471,"Dispatcher: ぼんやりしている、返事がおかしいなど、普段と違う様子は見えますか？
Caller: 娘からメッセージで頭痛とだけ来ていて、今は一緒にいないので普段と違う振る舞いがあるかは分かりません。",False,False,True,False,False,2
behavior_2_3472,"Dispatcher: 普段と違う振る舞いや様子はありますか？
Caller: そこまでは確認できておらず、いつもと違うかどうかは分かりません。",False,False,True,False,False,2
behavior_2_3473,"Dispatcher: 受け答えがおかしいなど、普段と違う様子はありますか？
Caller: 今は頭が痛いとしか聞いていなくて、行動や受け答えまでは確認できていません。",False,False,True,False,False,2
behavior_2_3474,"Dispatcher: 普通に会話できていますか？
Caller: まだ直接見ていないので、普段どおりの様子かは確認できません。",False,False,True,False,False,2
behavior_2_3475,"Dispatcher: 何か変わった様子はありますか？
Caller: 今は別の場所にいて、普段と違う振る舞いがあるかどうかは分かりません。",False,False,True,False,False,2
behavior_-1_3476,"Dispatcher: 手足の動きにおかしいところはありますか？
Caller: 電話で聞いただけなので、しびれや動かしにくさがあるかはまだ分かりません。",False,False,True,False,False,-1
behavior_-1_3477,"Dispatcher: 片側だけ動かしにくい感じはありますか？
Caller: いいえ、本人は手も足も普通に動かせていて、しびれも訴えていません。",False,False,True,False,False,-1
behavior_-1_3478,"Dispatcher: 手足のしびれはありますか？
Caller: 友人から頭痛の連絡だけで、しびれがあるかどうかまでは聞けていません。",False,False,True,False,False,-1
behavior_-1_3479,"Dispatcher: しびれや麻痺はありますか？
Caller: 今は本人の姿が見えないので、しびれや麻痺の有無は確認できません。",False,False,True,False,False,-1
behavior_-1_3480,"Dispatcher: 頭の痛みは、突然起こった激しい痛みですか？
Caller: いいえ、昨夜から重い感じが続いていて、急に始まった強い痛みではありません。",False,False,True,False,False,-1
behavior_0_3481,"Dispatcher: 普段と違う振る舞いや様子はありますか？
Caller: はい、受け答えがちぐはぐで、同じことを何度も聞き返しています。",False,False,True,False,False,0
behavior_0_3482,"Dispatcher: 普段と違う振る舞いや様子はありますか？
Caller: はい、さっきから落ち着きがなくて、いつもの様子ではありません。",False,False,True,False,False,0
behavior_0_3483,"Dispatcher: いつも通りに見えますか？
Caller: いいえ、同僚なんですが、今日は返事の仕方が明らかに変です。",False,False,True,False,False,0
behavior_0_3484,"Dispatcher: ぼんやりしている、返事がおかしいなど、普段と違う様子はありますか？
Caller: はい、母なんですが話がかみ合わなくて、普段よりかなりぼんやりしています。",False,False,True,False,False,0
behavior_0_3485,"Dispatcher: 受け答えが変だったり、いつもと違う行動はありますか？
Caller: はい、夫が急に靴を履こうとして片方だけ何度も履き直していて、呼びかけにも変な返事をします。",False,False,True,False,False,0
behavior_1_3486,"Dispatcher: 普段と違う振る舞いや様子はありますか？
Caller: いいえ、頭痛は訴えていますが、受け答えや様子はいつも通りです。",False,False,True,False,False,1
behavior_1_3487,"Dispatcher: ぼんやりしていたり、返事がおかしい感じはありますか？
Caller: いいえ、友人ですが会話は普通にできていて、特に変わった様子はありません。",False,False,True,False,False,1
behavior_1_3488,"Dispatcher: 何かいつもと違う行動は見られますか？
Caller: いいえ、同僚は普段通りに話せていますし、行動もおかしくないです。",False,False,True,False,False,1
behavior_1_3489,"Dispatcher: 受け答えが変、落ち着きがないなど普段と違う様子はありますか？
Caller: いいえ、妻ですが質問にはしっかり答えられていて、行動も普段と変わりません。",False,False,True,False,False,1
behavior_1_3490,"Dispatcher: 普段と違う振る舞いはありますか？
Caller: いいえ、父は痛がっていますが、話し方や様子はいつも通りです。",False,False,True,False,False,1
behavior_2_3491,"Dispatcher: 何か変わったことはありますか？
Caller: 頭が痛いと連絡があっただけで、普段と違う様子があるかは確認できていません。",False,False,True,False,False,2
behavior_2_3492,"Dispatcher: 何か変わったことはありますか？
Caller: まだ直接見ていないので、いつもと違う振る舞いがあるかは分かりません。",False,False,True,False,False,2
behavior_2_3493,"Dispatcher: 何か変わったことはありますか？
Caller: 電話で聞いただけなので、普段と違う様子かどうかは分かりません。",False,False,True,False,False,2
behavior_2_3494,"Dispatcher: 普段と違う振る舞いや様子はありますか？
Caller: 今は別の部屋にいて見えていないので、受け答えや行動が普段と違うかは確認できません。",False,False,True,False,False,2
behavior_2_3495,"Dispatcher: 普段と違う振る舞いや様子はありますか？
Caller: すみません、本人から頭痛とだけ連絡が来ていて、様子までは分かりません。",False,False,True,False,False,2
behavior_-1_3496,"Dispatcher: 手足のしびれや麻痺はありますか？
Caller: はい、弟が左腕がしびれて力も入りにくいと言っています。",False,False,True,False,False,-1
behavior_-1_3497,"Dispatcher: 頭の痛みは、突然起こった激しい痛みですか？
Caller: いいえ、朝から少しずつ痛くなってきたようで、急に強く出た感じではありません。",False,False,True,False,False,-1
behavior_-1_3498,"Dispatcher: 頭の痛みは、突然起こった激しい痛みですか？
Caller: はい、さっき急に我慢できないくらい痛いと言ってうずくまりました。",False,False,True,False,False,-1
behavior_-1_3499,"Dispatcher: 普通に動けていますか？
Caller: いいえ、友人は右足がしびれてうまく踏ん張れないと言っています。",False,False,True,False,False,-1
behavior_-1_3500,"Dispatcher: いつもの頭痛みたいなものですか？
Caller: はい、急にガツンと来たわけではなく、昼ごろからだんだん痛くなったそうです。",False,False,True,False,False,-1
behavior_0_3501,"Dispatcher: 普段と違う振る舞いや様子はありますか？
Caller: はい、質問しても話がずれていて、いつもの受け答えじゃありません。",False,False,True,False,False,0
behavior_0_3502,"Dispatcher: 普段と違う振る舞いや様子はありますか？
Caller: はい、娘なんですが、急に黙り込んだり意味の合わない返事をしたりしています。",False,False,True,False,False,0
behavior_0_3503,"Dispatcher: ぼんやりしていたり、返事がおかしい感じはありますか？
Caller: はい、同僚なんですが、呼んでも反応が鈍くて会話がかみ合いません。",False,False,True,False,False,0
behavior_0_3504,"Dispatcher: いつも通りに過ごせていますか？
Caller: いいえ、さっきから同じ場所をうろうろしていて、普段の感じではないです。",False,False,True,False,False,0
behavior_0_3505,"Dispatcher: いつも通りに見えますか？
Caller: いいえ、兄は名前を呼んでも少し遅れて変な返事をするので、明らかに様子が違います。",False,False,True,False,False,0
behavior_1_3506,"Dispatcher: いつも通りに見えますか？
Caller: はい、姉は頭痛はありますが、受け答えも行動も普段通りです。",False,False,True,False,False,1
behavior_1_3507,"Dispatcher: 何かおかしな様子はありますか？
Caller: いいえ、友人は普通に会話できていますし、変わった行動もありません。",False,False,True,False,False,1
behavior_1_3508,"Dispatcher: いつもと違う感じはありますか？
Caller: いいえ、父は痛いとは言っていますが、様子自体は普段と同じです。",False,False,True,False,False,1
behavior_1_3509,"Dispatcher: 受け答えや行動で変わったところはありますか？
Caller: いいえ、同僚はいつも通り受け答えできていて、特に変な行動はしていません。",False,False,True,False,False,1
behavior_1_3510,"Dispatcher: 普段と違う振る舞いや様子はありますか？
Caller: いいえ、母は頭痛を訴えていますが、会話も行動も普段と変わりありません。",False,False,True,False,False,1
behavior_2_3511,"Dispatcher: いつもと違う振る舞いはありますか？
Caller: まだ本人に会えていないので、普段と違う様子があるかは分かりません。",False,False,True,False,False,2
behavior_2_3512,"Dispatcher: いつもより元気で普通に過ごせていますか？
Caller: 職場から連絡を受けただけで、受け答えや行動が普段どおりかまでは確認できていません。",False,False,True,False,False,2
behavior_2_3513,"Dispatcher: 何か変わった様子はありますか？
Caller: 頭が痛いとは聞いていますが、普段と違う振る舞いがあるかは分かりません。",False,False,True,False,False,2
behavior_2_3514,"Dispatcher: いつもと違う行動はありますか？
Caller: そこまでは見ていないので、変わった様子があるかは分かりません。",False,False,True,False,False,2
behavior_2_3515,"Dispatcher: 普通に受け答えできていますか？
Caller: さっきメッセージが来ただけなので、返事の仕方や様子がいつもと違うかは確認できません。",False,False,True,False,False,2
behavior_-1_3516,"Dispatcher: 手足のしびれや麻痺はありますか？
Caller: はい、左腕がしびれていて、うまく力が入らないようです。",False,False,True,False,False,-1
behavior_-1_3517,"Dispatcher: 普通に歩けていますか？
Caller: 電話で頭痛を訴えてきただけで、手足のしびれや動かしにくさは確認できていません。",False,False,True,False,False,-1
behavior_-1_3518,"Dispatcher: いつもの頭痛という感じですか？
Caller: そこは分からなくて、急に強くなったのかどうかまでは聞けていません。",False,False,True,False,False,-1
behavior_-1_3519,"Dispatcher: 頭の痛みは、突然起こった激しい痛みですか？
Caller: いいえ、朝から少しずつ痛くなってきたようで、急にひどくなった感じではありません。",False,False,True,False,False,-1
behavior_-1_3520,"Dispatcher: 体の様子で気になることはありますか？
Caller: 頭痛があることしか分からず、しびれや麻痺があるかまでは確認できていません。",False,False,True,False,False,-1
behavior_0_3521,"Dispatcher: 何か変わったことはありますか？
Caller: はい、夫が同じことを何度も聞いてきて、いつもより受け答えがおかしいです。",False,False,True,False,False,0
behavior_0_3522,"Dispatcher: 普段どおりの様子ですか？
Caller: いいえ、同僚なんですが、急に落ち着きがなくなって机の周りをうろうろしています。",False,False,True,False,False,0
behavior_0_3523,"Dispatcher: ぼんやりしている、返事がおかしいなど、普段と違う様子は見えますか？
Caller: はい、母が呼びかけても話がかみ合わず、いつもの受け答えではありません。",False,False,True,False,False,0
behavior_0_3524,"Dispatcher: いつもと違う振る舞いはありますか？
Caller: はい、返事がちぐはぐで、普段よりぼんやりしています。",False,False,True,False,False,0
behavior_0_3525,"Dispatcher: 何か変わった様子はありますか？
Caller: はい、友人が急に無言になったり、質問への答えがずれていたりします。",False,False,True,False,False,0
behavior_1_3526,"Dispatcher: 何か変わったことはありますか？
Caller: いいえ、頭痛はありますが、受け答えや様子は普段どおりです。",False,False,True,False,False,1
behavior_1_3527,"Dispatcher: いつもと違う振る舞いはありますか？
Caller: いいえ、会話も普通にできていて、行動も普段と変わりません。",False,False,True,False,False,1
behavior_1_3528,"Dispatcher: 普通に受け答えできていますか？
Caller: はい、返答はしっかりしていて、特におかしな様子はありません。",False,False,True,False,False,1
behavior_1_3529,"Dispatcher: いつもより元気がないとか、変わった様子はありますか？
Caller: いいえ、頭を痛がってはいますが、普段と違う行動は見られません。",False,False,True,False,False,1
behavior_1_3530,"Dispatcher: ぼんやりしている、返事がおかしいなど、普段と違う様子はありますか？
Caller: いいえ、そのような様子はなく、受け答えはいつもどおりです。",False,False,True,False,False,1
behavior_2_3531,"Dispatcher: 何か変わったことはありますか？
Caller: 頭痛があること以外はまだ分からず、普段と違う様子かどうかは確認できていません。",False,False,True,False,False,2
behavior_2_3532,"Dispatcher: 普段と違う振る舞いや様子はありますか？
Caller: 今は電話で聞いただけなので、いつもと違う行動があるかは分かりません。",False,False,True,False,False,2
behavior_2_3533,"Dispatcher: ぼんやりしているとか、受け答えが変な感じはありますか？
Caller: 近くにいないので、そういう様子があるかは確認できません。",False,False,True,False,False,2
behavior_2_3534,"Dispatcher: 普段と違う振る舞いはありますか？
Caller: 今は別の部屋にいて見えていないので、普段と違う様子があるかは分かりません。",False,False,True,False,False,2
behavior_2_3535,"Dispatcher: いつもより元気で普通に過ごしていますか？
Caller: 祖母から頭が痛いとだけ電話があって、普段と違う行動があるかまでは分かりません。",False,False,True,False,False,2
behavior_-1_3536,"Dispatcher: しびれや麻痺はありますか？
Caller: いいえ、手足は普通に動いていて、しびれもないと言っています。",False,False,True,False,False,-1
behavior_-1_3537,"Dispatcher: 激しい痛みが突然起こりましたか？
Caller: はい、さっきまで普通だったのに、急に我慢できないくらいの頭痛が来たようです。",False,False,True,False,False,-1
behavior_-1_3538,"Dispatcher: いつもの軽い頭痛ということでよいですか？
Caller: それが、隣の部署から呼ばれて来ただけで、急に始まったのか痛みがどれくらい強いのかはまだ確認できていません。",False,False,True,False,False,-1
behavior_-1_3539,"Dispatcher: 普通に歩けているということでよいですか？
Caller: オンライン会議中に頭痛を訴えただけなので、しびれや動かしにくさは分かりません。",False,False,True,False,False,-1
behavior_-1_3540,"Dispatcher: 頭の痛みは、急に出た強い痛みか確認できますか？
Caller: 本人は別の階にいて直接見ておらず、突然だったのか、かなり激しい痛みなのかは確認できません。",False,False,True,False,False,-1
behavior_0_3541,"Dispatcher: 様子は普段どおりですか？
Caller: いいえ、会話がかみ合わず、さっきから同じことを何度も聞き返しています。",False,False,True,False,False,0
behavior_0_3542,"Dispatcher: いつもと違う振る舞いはありますか？
Caller: はい、呼びかけには答えますが、返事がちぐはぐで落ち着きもありません。",False,False,True,False,False,0
behavior_0_3543,"Dispatcher: ぼんやりしている、返事がおかしいなど、普段と違う様子はありますか？
Caller: はい、妻なんですが、質問しても見当違いの答えが返ってきて、普段より明らかに変です。",False,False,True,False,False,0
behavior_0_3544,"Dispatcher: 何か変わった様子はありますか？
Caller: はい、同僚ですが、受け答えが遅くて話の内容もおかしく、いつもの様子ではありません。",False,False,True,False,False,0
behavior_0_3545,"Dispatcher: 普段と違う振る舞いや様子はありますか？
Caller: あります。父が急に服を着たり脱いだり落ち着かず、話しかけても要領を得ない感じです。",False,False,True,False,False,0
behavior_1_3546,"Dispatcher: 普段と違う振る舞いや様子はありますか？
Caller: いいえ、受け答えは普段どおりで、行動も特に変わりありません。",False,False,True,False,False,1
behavior_1_3547,"Dispatcher: ぼんやりしている、返事がおかしいなど、普段と違う様子はありますか？
Caller: いいえ、友人ですが、頭痛はあるものの会話は普通で変わった様子はありません。",False,False,True,False,False,1
behavior_1_3548,"Dispatcher: 受け答えが変、落ち着きがない、いつもと違う行動をしている感じはありますか？
Caller: いいえ、弟ですが、ちゃんと受け答えできていますし、行動もいつもどおりです。",False,False,True,False,False,1
behavior_1_3549,"Dispatcher: 何か変わったことはありますか？
Caller: いいえ、頭を痛がってはいますが、話し方も態度も普段と同じです。",False,False,True,False,False,1
behavior_1_3550,"Dispatcher: 普段と違う振る舞いや様子はありますか？
Caller: いいえ、母ですが、しっかり会話できていて特におかしな行動はしていません。",False,False,True,False,False,1
behavior_2_3551,"Dispatcher: 普段と違う振る舞いや様子はありますか？
Caller: まだ本人と電話で少し話しただけで、いつもと違う様子があるかまでは分かりません。",False,False,True,False,False,2
behavior_2_3552,"Dispatcher: 何か変わったことはありますか？
Caller: 今は別の部屋にいて見えていないので、普段と違う振る舞いがあるかは確認できません。",False,False,True,False,False,2
behavior_2_3553,"Dispatcher: ぼんやりしている、返事がおかしいなど、普段と違う様子は見えますか？
Caller: 近くにいないので、受け答えや行動がいつもと違うかどうかは分かりません。",False,False,True,False,False,2
behavior_2_3554,"Dispatcher: いつもより元気で普通に過ごしていますか？
Caller: そこは分かりません。頭が痛いと連絡があっただけで、普段と違う様子までは確認できていません。",False,False,True,False,False,2
behavior_2_3555,"Dispatcher: いつもと違う振る舞いはありますか？
Caller: まだ直接見ていないので、いつもと違う振る舞いがあるかは分かりません。",False,False,True,False,False,2
behavior_-1_3556,"Dispatcher: 頭の痛みは、突然起こった激しい痛みですか？
Caller: 本人から頭が痛いとだけ聞いていて、急に強く出たのかまでは分かりません。",False,False,True,False,False,-1
behavior_-1_3557,"Dispatcher: 頭の痛みは、急に出た強い痛みですか？
Caller: はい、さっきまで普通に話していたのに、急に頭を押さえて、今までで一番痛いと言っています。",False,False,True,False,False,-1
behavior_-1_3558,"Dispatcher: いつもの軽い頭痛ということでよいですか？
Caller: それが分からなくて、電話で痛いとだけ言っていて、急にひどくなったのか確認できていません。",False,False,True,False,False,-1
behavior_-1_3559,"Dispatcher: しびれや麻痺はありますか？
Caller: 今は本人の姿が見えないので、しびれや麻痺があるかは確認できません。",False,False,True,False,False,-1
behavior_-1_3560,"Dispatcher: 手足のしびれや麻痺はありますか？
Caller: 電話で聞いただけなので、しびれや動かしにくさがあるかまでは分かりません。",False,False,True,False,False,-1
behavior_0_3561,"Dispatcher: 何か変わったことはありますか？
Caller: はい、妹なんですが、名前を呼んでも反応が鈍くて、質問にもずれた返事をしています。",False,False,True,False,False,0
behavior_0_3562,"Dispatcher: 普段と違う振る舞いや様子はありますか？
Caller: はい、夫が急に無言になったかと思うと、話しかけても内容がかみ合わず普段と違います。",False,False,True,False,False,0
behavior_0_3563,"Dispatcher: 様子は普段どおりですか？
Caller: いいえ、友人ですが、急にそわそわ歩き回っていて返事も変です。",False,False,True,False,False,0
behavior_0_3564,"Dispatcher: 受け答えが変、落ち着きがない、いつもと違う行動をしている感じはありますか？
Caller: はい、同僚が机の前でぼんやりしていて、簡単な質問にもすぐ答えられず明らかにいつもと違います。",False,False,True,False,False,0
behavior_0_3565,"Dispatcher: 普通に過ごせていますか？
Caller: いいえ、母が急に話のつじつまが合わなくなって、同じ場所を行ったり来たりしています。",False,False,True,False,False,0
behavior_1_3566,"Dispatcher: 様子は普段どおりですか？
Caller: はい、兄ですが、頭痛は訴えていますが受け答えも行動も普段のままです。",False,False,True,False,False,1
behavior_1_3567,"Dispatcher: 何か変わった様子はありますか？
Caller: いいえ、会話はしっかりしていますし、行動もいつもどおりです。",False,False,True,False,False,1
behavior_1_3568,"Dispatcher: いつもと違う振る舞いはありますか？
Caller: いいえ、特に変わった様子はありません。",False,False,True,False,False,1
behavior_1_3569,"Dispatcher: ぼんやりしている、返事がおかしいなど、普段と違う様子はありますか？
Caller: いいえ、父ですが、痛みはあるようでも受け答えは普通で、いつもと変わりません。",False,False,True,False,False,1
behavior_1_3570,"Dispatcher: 普通に過ごせていますか？
Caller: はい、妻は頭痛を訴えていますが、会話も行動も普段どおりで変な様子はありません。",False,False,True,False,False,1
behavior_2_3571,"Dispatcher: 何か変わった様子はありますか？
Caller: 同僚から頭痛の連絡を受けただけで、受け答えや行動がいつもと違うかまでは確認できていません。",False,False,True,False,False,2
behavior_2_3572,"Dispatcher: 普段と違う振る舞いや様子はありますか？
Caller: 今朝はまだ本人に会えていないので、そのあたりは分かりません。",False,False,True,False,False,2
behavior_2_3573,"Dispatcher: ぼんやりしているとか、返事がおかしいなど、いつもと違う様子はありますか？
Caller: 友人から電話で頭が痛いと聞いただけなので、普段と違う振る舞いがあるかは確認できません。",False,False,True,False,False,2
behavior_2_3574,"Dispatcher: 普段と違う振る舞いや様子はありますか？
Caller: 今は本人のそばにいないので、いつもと違う様子があるかは分かりません。",False,False,True,False,False,2
behavior_2_3575,"Dispatcher: 普段と違う振る舞いや様子はありますか？
Caller: 家族づてに頭痛と聞いただけで、行動の変化まではまだ見ていません。",False,False,True,False,False,2
behavior_-1_3576,"Dispatcher: 手足のしびれや麻痺はありますか？
Caller: いいえ、しびれも麻痺もなく、手足は普通に動いています。",False,False,True,False,False,-1
behavior_-1_3577,"Dispatcher: いつもの頭痛ではなく、急にものすごく強い痛みが出た感じですか？
Caller: はい、さっき急に我慢できないくらい強い頭痛が来たと夫が言っています。",False,False,True,False,False,-1
behavior_-1_3578,"Dispatcher: ちゃんと手足は動かせていますか？
Caller: はい、しびれた感じもなく、動きも普通です。",False,False,True,False,False,-1
behavior_-1_3579,"Dispatcher: 片側の手足がしびれるとか、力が入らない様子はありますか？
Caller: いいえ、母は両手両足とも普通に動かせていて、しびれもないです。",False,False,True,False,False,-1
behavior_-1_3580,"Dispatcher: 頭の痛みは、突然起こった激しい痛みですか？
Caller: いいえ、朝からだんだん痛くなってきたもので、急に強く出た感じではありません。",False,False,True,False,False,-1
behavior_0_3581,"Dispatcher: 何か変わった様子はありますか？
Caller: はい、質問しても話がかみ合わず、普段の受け答えと明らかに違います。",False,False,True,False,False,0
behavior_0_3582,"Dispatcher: ぼんやりしている、返事がおかしいなど、普段と違う様子は見えますか？
Caller: はい、弟なんですが、名前を呼んでも反応が鈍くて、言っていることもいつもよりかなり変です。",False,False,True,False,False,0
behavior_0_3583,"Dispatcher: いつも通りの様子ですか？
Caller: いいえ、落ち着きなく部屋をうろうろしていて、普段とは明らかに違います。",False,False,True,False,False,0
behavior_0_3584,"Dispatcher: 普段と違う振る舞いや様子はありますか？
Caller: はい、同僚が急に会話の途中で意味の通らないことを言い出して、いつもの様子ではありません。",False,False,True,False,False,0
behavior_0_3585,"Dispatcher: 何か変わった様子はありますか？
Caller: はい、受け答えが変で普段通りではないです。",False,False,True,False,False,0
behavior_1_3586,"Dispatcher: 普段と違う振る舞いや様子はありますか？
Caller: いいえ、頭痛はありますが、会話も行動もいつも通りです。",False,False,True,False,False,1
behavior_1_3587,"Dispatcher: ぼんやりしている、返事がおかしいなど、普段と違う様子はありますか？
Caller: いいえ、受け答えははっきりしていて、普段と変わった様子はありません。",False,False,True,False,False,1
behavior_1_3588,"Dispatcher: 普段と違う振る舞いや様子はありますか？
Caller: いいえ、行動も会話も普段通りです。",False,False,True,False,False,1
behavior_1_3589,"Dispatcher: 普段と違う振る舞いや様子はありますか？
Caller: いいえ、今のところ変な行動やおかしな受け答えは見られません。",False,False,True,False,False,1
behavior_1_3590,"Dispatcher: 普段と違う振る舞いや様子はありますか？
Caller: 夫は頭が痛いとは言っていますが、話し方も態度もいつも通りに見えます。",False,False,True,False,False,1
behavior_2_3591,"Dispatcher: 普段と違う振る舞いや様子はありますか？
Caller: 娘からメッセージで頭痛とだけ来ていて、実際の様子までは分かりません。",False,False,True,False,False,2
behavior_2_3592,"Dispatcher: 普段と違う振る舞いや様子はありますか？
Caller: 今は電話で聞いただけなので、いつもと違う振る舞いがあるかは確認できません。",False,False,True,False,False,2
behavior_2_3593,"Dispatcher: いつも通りに見えますか？
Caller: そこは分かりません。頭痛があるとしか聞いていません。",False,False,True,False,False,2
behavior_2_3594,"Dispatcher: 受け答えが変だったり、普段と違う行動をしていますか？
Caller: 隣の部署の人から知らせを受けただけで、私は本人を見ていないので、いつもと違う様子かどうかは確認できません。",False,False,True,False,False,2
behavior_2_3595,"Dispatcher: 何か変わった様子はありますか？
Caller: ビデオ通話ではなく音声だけだったので、行動や表情が普段と違うかは分かりません。",False,False,True,False,False,2
behavior_-1_3596,"Dispatcher: 手足にしびれや動かしにくさはありますか？
Caller: はい、左手がしびれていて、うまく力が入らないと言っています。",False,False,True,False,False,-1
behavior_-1_3597,"Dispatcher: 手足のしびれや麻痺はありますか？
Caller: はい、父は右腕がしびれていて、コップを持ちにくそうです。",False,False,True,False,False,-1
behavior_-1_3598,"Dispatcher: 片側の手足にしびれや動かしにくさはありますか？
Caller: はい、友人が左足の感覚がおかしいと言っていて、少し引きずるように歩いています。",False,False,True,False,False,-1
behavior_-1_3599,"Dispatcher: いつもの軽い頭痛ということでよいですか？
Caller: それが、本人から頭が痛いとだけ連絡があって、急に強く出たのかどうかまでは分かりません。",False,False,True,False,False,-1
behavior_-1_3600,"Dispatcher: 頭の痛みは、突然起こった激しい痛みですか？
Caller: いいえ、昨日から少しずつ痛くなっていて、急にひどくなった頭痛ではありません。",False,False,True,False,False,-1
