ID,ペア,is_sudden_severe,is_numbness,is_behavior,label_sudden_severe,label_numbness,label_behavior,投入先モデル,生成時に質問した症状,意味保持度,根拠保持度,表現多様度
sudden_severe_1_0001,"Dispatcher: 頭の痛みは、突然起こった激しい痛みですか？
Caller: はい、さっき急に我慢できないほど強い頭痛が出たと家族が言っています。",True,False,False,1,0,0,is_sudden_severe,is_sudden_severe,High,High,Low
sudden_severe_1_0002,"Dispatcher: さっきまで普通だったのに、急にひどい頭痛になった感じですか？
Caller: はい、同僚が会議中にいきなり頭を押さえて、今までにないくらい痛いと言っています。",True,False,False,1,0,0,is_sudden_severe,is_sudden_severe,High,High,High
sudden_severe_1_0003,"Dispatcher: 激しい頭痛が突然始まりましたか？
Caller: はい、急に耐えられないほどの頭痛が来たと本人が言っています。",True,False,False,1,0,0,is_sudden_severe,is_sudden_severe,High,High,Low
sudden_severe_1_0004,"Dispatcher: 頭痛は急に強く出たものですか？
Caller: はい、友人と話していたら突然うずくまって、いきなりものすごく痛いと言い出しました。",True,False,False,1,0,0,is_sudden_severe,is_sudden_severe,High,High,High
sudden_severe_1_0005,"Dispatcher: 頭の痛みは、突然の激しい痛みですか？
Caller: はい、さっきまで平気だったのに急に我慢できないくらいの頭痛になっています。",True,False,False,1,0,0,is_sudden_severe,is_sudden_severe,High,High,High
sudden_severe_2_0006,"Dispatcher: 頭の痛みは、突然起こった激しい痛みですか？
Caller: いいえ、朝から少しずつ痛くなってきたようで、急にではないです。",True,False,False,2,0,0,is_sudden_severe,is_sudden_severe,High,Low,High
sudden_severe_2_0007,"Dispatcher: いつもの軽い頭痛ということでよいですか？
Caller: そんな感じで、昼頃からじわじわ痛んできたと言っています。",True,False,False,2,0,0,is_sudden_severe,is_sudden_severe,Low,Low,High
sudden_severe_2_0008,"Dispatcher: 激しい痛みが突然起こりましたか？
Caller: いいえ、急にではなく、だんだん痛くなっています。",True,False,False,2,0,0,is_sudden_severe,is_sudden_severe,High,Low,Low
sudden_severe_2_0009,"Dispatcher: いつもの軽い頭痛ということでよいですか？
Caller: はい、夫は前からある頭痛に近いと言っていて、急に強くなったわけではありません。",True,False,False,2,0,0,is_sudden_severe,is_sudden_severe,Low,High,High
sudden_severe_2_0010,"Dispatcher: 普通の頭痛という感じですか？
Caller: はい、母は夕方から徐々に痛くなっただけで、突然ひどくなったわけではないです。",True,False,False,2,0,0,is_sudden_severe,is_sudden_severe,Low,High,High
sudden_severe_3_0011,"Dispatcher: 激しい痛みが突然起こりましたか？
Caller: 激しい痛みが突然起こったかは分かりません。",True,False,False,3,0,0,is_sudden_severe,is_sudden_severe,Low,High,Low
sudden_severe_3_0012,"Dispatcher: いつもの軽い頭痛ということでよいですか？
Caller: そこまでは分からず、急に強くなったのかどうか確認できていません。",True,False,False,3,0,0,is_sudden_severe,is_sudden_severe,Low,Low,High
sudden_severe_3_0013,"Dispatcher: 激しい痛みが突然起こりましたか？
Caller: 突然だったのか、強い痛みなのかはまだ確認できていません。",True,False,False,3,0,0,is_sudden_severe,is_sudden_severe,Low,High,Low
sudden_severe_3_0014,"Dispatcher: 頭の痛みは、突然起こった激しい痛みですか？
Caller: 本人から頭が痛いとだけ連絡があって、急にひどくなったかは分かりません。",True,False,False,3,0,0,is_sudden_severe,is_sudden_severe,High,Low,Low
sudden_severe_3_0015,"Dispatcher: さっきまで普通だったのに、急に我慢できないほど頭が痛くなった感じですか？
Caller: 弟からメッセージで頭痛とだけ来ていて、始まり方や痛みの強さまでは確認できていません。",True,False,False,3,0,0,is_sudden_severe,is_sudden_severe,High,High,High
sudden_severe_0_0016,"Dispatcher: 手足のしびれや麻痺はありますか？
Caller: はい、父が右腕にしびれがあって、うまく力が入らないと言っています。",True,False,False,0,0,0,is_sudden_severe,is_numbness,High,Low,High
sudden_severe_0_0017,"Dispatcher: 何か変わったことはありますか？
Caller: はい、受け答えがいつもよりちぐはぐで、落ち着きなく同じことを繰り返しています。",True,False,False,0,0,0,is_sudden_severe,is_behavior,Low,Low,Low
sudden_severe_0_0018,"Dispatcher: 何か変わったことはありますか？
Caller: 頭が痛いと聞いただけで、普段と違う様子があるかまではまだ分かりません。",True,False,False,0,0,0,is_sudden_severe,is_behavior,Low,Low,High
sudden_severe_0_0019,"Dispatcher: 片側の手足にしびれや動かしにくさはありますか？
Caller: いいえ、妻の手足は左右とも普通に動いていて、しびれもないです。",True,False,False,0,0,0,is_sudden_severe,is_numbness,High,High,High
sudden_severe_0_0020,"Dispatcher: いつもより元気で普通に過ごしていますか？
Caller: いいえ、普段ははっきり話すのに、今はぼんやりして返事がおかしいです。",True,False,False,0,0,0,is_sudden_severe,is_behavior,Low,Low,High
sudden_severe_1_0021,"Dispatcher: 頭の痛みは、突然起こった激しい痛みですか？
Caller: はい、急にものすごい頭痛が始まって、本人も耐えられないと言っています。",True,False,False,1,0,0,is_sudden_severe,is_sudden_severe,High,High,Low
sudden_severe_1_0022,"Dispatcher: いつもの頭痛とは違って、急にかなり強い痛みになった感じですか？
Caller: はい、妹が急に今までで一番痛いと言って座り込んでしまいました。",True,False,False,1,0,0,is_sudden_severe,is_sudden_severe,Low,Low,High
sudden_severe_1_0023,"Dispatcher: 頭痛は急に強く出たものですか？
Caller: はい、さっき急にひどくなって、かなり強い痛みみたいです。",True,False,False,1,0,0,is_sudden_severe,is_sudden_severe,High,Low,High
sudden_severe_1_0024,"Dispatcher: 激しい痛みが突然起こりましたか？
Caller: はい、急にすごく痛い頭痛が出ています。",True,False,False,1,0,0,is_sudden_severe,is_sudden_severe,Low,Low,Low
sudden_severe_1_0025,"Dispatcher: さっきまで普通だったのに、急に強い頭痛になりましたか？
Caller: はい、同居している母が突然頭を抱えて、我慢できないくらい痛いと言っています。",True,False,False,1,0,0,is_sudden_severe,is_sudden_severe,High,Low,High
sudden_severe_2_0026,"Dispatcher: 頭の痛みは、突然起こった激しい痛みですか？
Caller: いいえ、急な痛みではなく、前から続いている頭痛です。",True,False,False,2,0,0,is_sudden_severe,is_sudden_severe,High,Low,Low
sudden_severe_2_0027,"Dispatcher: いつもの軽い頭痛ということでよいですか？
Caller: そうです、本人は前にもあったような痛みで、急にひどくなった感じではないと言っています。",True,False,False,2,0,0,is_sudden_severe,is_sudden_severe,Low,Low,High
sudden_severe_2_0028,"Dispatcher: 頭の痛みは、突然起こった激しい痛みですか？
Caller: いいえ、部活のあとから少しずつ痛くなってきたようで、いきなりではありません。",True,False,False,2,0,0,is_sudden_severe,is_sudden_severe,High,Low,High
sudden_severe_2_0029,"Dispatcher: 頭の痛みは、突然起こった激しい痛みですか？
Caller: いいえ、祖母は昨日から鈍く痛むと言っていて、突然の激痛ではありません。",True,False,False,2,0,0,is_sudden_severe,is_sudden_severe,High,High,High
sudden_severe_2_0030,"Dispatcher: 頭の痛みは、突然起こった激しい痛みですか？
Caller: いいえ、今朝から少し頭が重いと言っていただけで、急に強い痛みが出たわけではないです。",True,False,False,2,0,0,is_sudden_severe,is_sudden_severe,High,Low,High
sudden_severe_3_0031,"Dispatcher: いつもの頭痛ということでよいですか？
Caller: そこまでは分かりません。急に強くなったのかどうかは確認できていません。",True,False,False,3,0,0,is_sudden_severe,is_sudden_severe,Low,Low,Low
sudden_severe_3_0032,"Dispatcher: いつもの頭痛ではなく、急にひどくなった感じですか？
Caller: 職場から連絡を受けただけで、痛みが突然だったのか、強さがどの程度かまでは分かりません。",True,False,False,3,0,0,is_sudden_severe,is_sudden_severe,Low,High,High
sudden_severe_3_0033,"Dispatcher: 軽い頭痛ではなく、急に強い痛みが出た感じですか？
Caller: メッセージで頭が痛いと来ただけなので、そのあたりは分かりません。",True,False,False,3,0,0,is_sudden_severe,is_sudden_severe,Low,Low,High
sudden_severe_3_0034,"Dispatcher: 急に我慢できないくらい痛くなったんですか？
Caller: 本人とまだ少ししか話せていなくて、急だったかどうかは聞けていません。",True,False,False,3,0,0,is_sudden_severe,is_sudden_severe,Low,Low,High
sudden_severe_3_0035,"Dispatcher: 激しい痛みが突然起こりましたか？
Caller: 激しいのか、急に始まったのかはまだ確認できていません。",True,False,False,3,0,0,is_sudden_severe,is_sudden_severe,Low,High,Low
sudden_severe_0_0036,"Dispatcher: 手足のしびれや麻痺はありますか？
Caller: はい、左腕がしびれていて、左足にも力が入りにくいです。",True,False,False,0,0,0,is_sudden_severe,is_numbness,High,High,Low
sudden_severe_0_0037,"Dispatcher: 受け答えが変だったり、いつもと違う様子はありますか？
Caller: いいえ、同僚の私が見ている限り、話し方も行動も普段どおりです。",True,False,False,0,0,0,is_sudden_severe,is_behavior,Low,High,High
sudden_severe_0_0038,"Dispatcher: 普段と違う振る舞いや様子はありますか？
Caller: はい、母なんですが、さっきから質問にうまく答えられず、落ち着きなく同じことを繰り返しています。",True,False,False,0,0,0,is_sudden_severe,is_behavior,High,High,Low
sudden_severe_0_0039,"Dispatcher: 手足のしびれや麻痺はありますか？
Caller: 兄から頭痛いと電話が来ただけで、私は現場にいないのでしびれや麻痺があるかは分かりません。",True,False,False,0,0,0,is_sudden_severe,is_numbness,High,High,High
sudden_severe_0_0040,"Dispatcher: 普通に手足は動かせていますか？
Caller: ビデオ通話ではなく音声だけなので、しびれや動かしにくさまでは確認できていません。",True,False,False,0,0,0,is_sudden_severe,is_numbness,Low,High,High
sudden_severe_1_0041,"Dispatcher: 急にひどい頭痛が来た感じですか？
Caller: はい、さっきまで普通だったのに、突然ものすごく痛いと言ってうずくまりました。",True,False,False,1,0,0,is_sudden_severe,is_sudden_severe,Low,High,Low
sudden_severe_1_0042,"Dispatcher: いつもの頭痛ではなく、急に耐えられないほど強い痛みが出たんですか？
Caller: はい、同僚が会議中にいきなり頭を押さえて、今までで一番痛いと言っています。",True,False,False,1,0,0,is_sudden_severe,is_sudden_severe,Low,High,High
sudden_severe_1_0043,"Dispatcher: 激しい痛みが突然起こりましたか？
Caller: はい、急にひどい頭痛が出ました。",True,False,False,1,0,0,is_sudden_severe,is_sudden_severe,Low,Low,Low
sudden_severe_1_0044,"Dispatcher: さっきから少しずつではなく、急に強い頭痛になったんですか？
Caller: はい、突然すごく痛いと言い出しました。",True,False,False,1,0,0,is_sudden_severe,is_sudden_severe,Low,Low,High
sudden_severe_1_0045,"Dispatcher: 頭の痛みは、突然起こった激しい痛みですか？
Caller: はい、夫が食事中に急に頭を抱えて、我慢できないほど痛いと訴えました。",True,False,False,1,0,0,is_sudden_severe,is_sudden_severe,High,High,High
sudden_severe_2_0046,"Dispatcher: 軽い頭痛ではなく、急に強くなった感じですか？
Caller: いいえ、朝からじわじわ痛くなってきたもので、突然のひどい痛みではありません。",True,False,False,2,0,0,is_sudden_severe,is_sudden_severe,Low,High,High
sudden_severe_2_0047,"Dispatcher: 頭の痛みは、突然起こった激しい痛みですか？
Caller: いいえ、父は昨日から鈍い頭痛が続いているだけで、急に強く出たわけではないです。",True,False,False,2,0,0,is_sudden_severe,is_sudden_severe,High,High,High
sudden_severe_2_0048,"Dispatcher: さっきまで普通だったのに、急に我慢できないほど頭が痛くなった感じですか？
Caller: いいえ、友人は昼ごろから少しずつ痛くなったと言っていて、急激な痛みではありません。",True,False,False,2,0,0,is_sudden_severe,is_sudden_severe,High,High,High
sudden_severe_2_0049,"Dispatcher: 急にひどい頭痛が来たんですか？
Caller: いいえ、急な感じではなく前から痛がっていました。",True,False,False,2,0,0,is_sudden_severe,is_sudden_severe,High,Low,High
sudden_severe_2_0050,"Dispatcher: 頭の痛みは突然の激しいものですか？
Caller: いいえ、急にではないです。",True,False,False,2,0,0,is_sudden_severe,is_sudden_severe,High,Low,Low
sudden_severe_3_0051,"Dispatcher: 頭の痛みは、突然起こった激しい痛みですか？
Caller: すみません、本人から頭が痛いとだけ聞いていて、急に始まったのか、どれほど強いのかは分かりません。",True,False,False,3,0,0,is_sudden_severe,is_sudden_severe,High,High,Low
sudden_severe_3_0052,"Dispatcher: 急にひどい頭痛が出たんですか？
Caller: そこまでは聞けておらず、突然かどうかは分かりません。",True,False,False,3,0,0,is_sudden_severe,is_sudden_severe,High,Low,Low
sudden_severe_3_0053,"Dispatcher: さっきまで普通だったのに、急に我慢できないほど頭が痛くなった感じですか？
Caller: 娘から泣きながら電話が来ただけで、始まり方や痛みの強さまでは私には確認できません。",True,False,False,3,0,0,is_sudden_severe,is_sudden_severe,High,High,High
sudden_severe_3_0054,"Dispatcher: いつもの頭痛ではなく、急に強くなったんですか？
Caller: 分かりません。頭痛があることしか聞いていません。",True,False,False,3,0,0,is_sudden_severe,is_sudden_severe,Low,Low,Low
sudden_severe_3_0055,"Dispatcher: 軽い痛みではなく、急に激しい頭痛になった感じですか？
Caller: 本人は別の部屋で休んでいて、私はまだ詳しく聞けていないので突然かどうか分かりません。",True,False,False,3,0,0,is_sudden_severe,is_sudden_severe,Low,Low,High
sudden_severe_0_0056,"Dispatcher: 普段と違う振る舞いや様子はありますか？
Caller: はい、父が質問しても話がかみ合わず、ぼんやりしていていつもと明らかに違います。",True,False,False,0,0,0,is_sudden_severe,is_behavior,High,High,Low
sudden_severe_0_0057,"Dispatcher: 受け答えが変だったり、いつもと違う行動をしていますか？
Caller: はい、同僚なんですが、急に同じ書類を何度も探し始めて、呼びかけても返事がちぐはぐです。",True,False,False,0,0,0,is_sudden_severe,is_behavior,High,High,High
sudden_severe_0_0058,"Dispatcher: 何か変わった様子はありますか？
Caller: はい、妻の受け答えがいつもよりおかしくて、話がまとまりません。",True,False,False,0,0,0,is_sudden_severe,is_behavior,Low,High,Low
sudden_severe_0_0059,"Dispatcher: 片側の手足にしびれや動かしにくさはありますか？
Caller: 友人から頭痛の連絡を受けただけで、しびれや麻痺があるかどうかまでは聞けていません。",True,False,False,0,0,0,is_sudden_severe,is_numbness,High,Low,High
sudden_severe_0_0060,"Dispatcher: 手足のしびれや麻痺はありますか？
Caller: いいえ、母の手足は左右とも普通に動いていて、しびれもないと言っています。",True,False,False,0,0,0,is_sudden_severe,is_numbness,High,High,High
sudden_severe_1_0061,"Dispatcher: いきなり耐えられないくらい頭が痛くなった感じですか？
Caller: はい、夫がさっき急に頭を押さえて、今までにないくらいひどい痛みだと言っています。",True,False,False,1,0,0,is_sudden_severe,is_sudden_severe,Low,Low,High
sudden_severe_1_0062,"Dispatcher: 急に起きた強い頭痛でしょうか？
Caller: はい、同僚が会議中に突然頭が割れるように痛いと言い出して、その場でうずくまるほどでした。",True,False,False,1,0,0,is_sudden_severe,is_sudden_severe,Low,High,High
sudden_severe_1_0063,"Dispatcher: 激しい痛みが突然起こりましたか？
Caller: はい、母が急に我慢できないほど頭が痛いと言っています。",True,False,False,1,0,0,is_sudden_severe,is_sudden_severe,Low,High,Low
sudden_severe_1_0064,"Dispatcher: いつもの頭痛ではなく、急にひどくなった感じですか？
Caller: はい、弟が急にものすごく痛いと言っています。",True,False,False,1,0,0,is_sudden_severe,is_sudden_severe,Low,Low,Low
sudden_severe_1_0065,"Dispatcher: さっきまで普通だったのに、急に強い頭痛が出たんですか？
Caller: はい、友人が突然ひどい頭痛で動けないと言っています。",True,False,False,1,0,0,is_sudden_severe,is_sudden_severe,Low,Low,High
sudden_severe_2_0066,"Dispatcher: 頭の痛みは、突然起こった激しい痛みですか？
Caller: いいえ、朝から少しずつ痛くなってきたようで、急にひどくなったわけではありません。",True,False,False,2,0,0,is_sudden_severe,is_sudden_severe,High,Low,High
sudden_severe_2_0067,"Dispatcher: 頭の痛みは、突然起こった激しい痛みですか？
Caller: いいえ、父は昨日からじわじわ痛いと言っていて、急に強くなった頭痛ではありません。",True,False,False,2,0,0,is_sudden_severe,is_sudden_severe,High,High,Low
sudden_severe_2_0068,"Dispatcher: 頭の痛みは、突然起こった激しい痛みですか？
Caller: いいえ、妻は夕方から徐々に痛くなったと言っていて、突然の激しい痛みではないです。",True,False,False,2,0,0,is_sudden_severe,is_sudden_severe,High,High,Low
sudden_severe_2_0069,"Dispatcher: 急に我慢できないほどの頭痛が出た感じですか？
Caller: いいえ、同僚は昼ごろから重い感じが続いているだけで、急激に起きた強い痛みではないです。",True,False,False,2,0,0,is_sudden_severe,is_sudden_severe,High,High,High
sudden_severe_2_0070,"Dispatcher: 頭痛は突然の激しいものですか？
Caller: いいえ、娘は前から少し痛いと言っていて、いきなり耐えられない痛みになったわけではありません。",True,False,False,2,0,0,is_sudden_severe,is_sudden_severe,High,High,High
sudden_severe_3_0071,"Dispatcher: 頭の痛みは、突然起こった激しい痛みですか？
Caller: 兄から頭痛がすると連絡を受けただけで、急に始まったのか強いのかまでは分かりません。",True,False,False,3,0,0,is_sudden_severe,is_sudden_severe,High,Low,High
sudden_severe_3_0072,"Dispatcher: 急に出た強い頭痛か確認できますか？
Caller: いいえ、本人は別の部屋で休んでいて会話できていないので、突然なのか激しいのかは確認できません。",True,False,False,3,0,0,is_sudden_severe,is_sudden_severe,High,High,High
sudden_severe_3_0073,"Dispatcher: 激しい痛みが突然起こりましたか？
Caller: それは分かりません。",True,False,False,3,0,0,is_sudden_severe,is_sudden_severe,Low,Low,Low
sudden_severe_3_0074,"Dispatcher: さっきまで普通だったのに、急に我慢できないほど頭が痛くなった感じですか？
Caller: 友人から頭が痛いとだけメッセージが来ていて、始まり方や痛みの強さは確認できていません。",True,False,False,3,0,0,is_sudden_severe,is_sudden_severe,High,Low,High
sudden_severe_3_0075,"Dispatcher: いつもの軽い頭痛ということでよいですか？
Caller: そこまでは分からなくて、急にひどくなったのかどうかまだ聞けていません。",True,False,False,3,0,0,is_sudden_severe,is_sudden_severe,Low,Low,High
sudden_severe_0_0076,"Dispatcher: 手足のしびれや動かしにくさはありますか？
Caller: はい、父は右手にしびれがあって、うまく力が入らないようです。",True,False,False,0,0,0,is_sudden_severe,is_numbness,Low,Low,Low
sudden_severe_0_0077,"Dispatcher: 右手だけ力が入らない、足がしびれる、そういった様子は確認できますか？
Caller: 本人が職場にいて私はそばにいないので、しびれや麻痺があるかは確認できません。",True,False,False,0,0,0,is_sudden_severe,is_numbness,Low,High,High
sudden_severe_0_0078,"Dispatcher: しびれや麻痺はありますか？
Caller: はい、母の左足がしびれて動かしにくいです。",True,False,False,0,0,0,is_sudden_severe,is_numbness,Low,High,Low
sudden_severe_0_0079,"Dispatcher: 受け答えが変だったり、いつもと違う様子はありますか？
Caller: 電話で頭が痛いと聞いただけなので、普段と違う振る舞いがあるかは分かりません。",True,False,False,0,0,0,is_sudden_severe,is_behavior,Low,Low,High
sudden_severe_0_0080,"Dispatcher: しびれや麻痺はありますか？
Caller: はい、弟は片方の手がしびれて、物をつかみにくいと言っています。",True,False,False,0,0,0,is_sudden_severe,is_numbness,Low,High,Low
sudden_severe_1_0081,"Dispatcher: 急に始まったひどい頭痛ですか？
Caller: はい、隣にいた同僚が突然後頭部を押さえて、耐えられない痛みだと言ってその場にしゃがみ込みました。",True,False,False,1,0,0,is_sudden_severe,is_sudden_severe,Low,High,High
sudden_severe_1_0082,"Dispatcher: 頭の痛みは、突然起こった激しい痛みですか？
Caller: はい、夫が急に我慢できないほど痛いと言っています。",True,False,False,1,0,0,is_sudden_severe,is_sudden_severe,High,Low,Low
sudden_severe_1_0083,"Dispatcher: さっき急にものすごい頭痛が出た感じですか？
Caller: はい、母は洗い物をしていた途中で突然頭が割れるほど痛いと言って座り込んでしまいました。",True,False,False,1,0,0,is_sudden_severe,is_sudden_severe,High,Low,High
sudden_severe_1_0084,"Dispatcher: 激しい痛みが突然起こりましたか？
Caller: はい、娘が急にすごく頭が痛いと言っています。",True,False,False,1,0,0,is_sudden_severe,is_sudden_severe,Low,Low,Low
sudden_severe_1_0085,"Dispatcher: 頭の痛みは、突然起こった激しい痛みですか？
Caller: はい、友人がさっき急に今までで一番ひどい頭痛だと言い出して、我慢できない様子です。",True,False,False,1,0,0,is_sudden_severe,is_sudden_severe,High,High,Low
sudden_severe_2_0086,"Dispatcher: いきなり耐えられないほどの頭痛になったんですか？
Caller: いいえ、母は朝から少しずつ痛みが強くなったと言っていて、突然の激しい頭痛ではありません。",True,False,False,2,0,0,is_sudden_severe,is_sudden_severe,Low,High,High
sudden_severe_2_0087,"Dispatcher: 急に起きた強い頭痛でしょうか？
Caller: いいえ、夫は昨日から重い感じが続いていて、急に始まった痛みではないです。",True,False,False,2,0,0,is_sudden_severe,is_sudden_severe,Low,High,Low
sudden_severe_2_0088,"Dispatcher: 頭の痛みは、突然起こった激しい痛みですか？
Caller: いいえ、息子は前から少しずつ痛いと言っていて、急に強い頭痛が出たわけではありません。",True,False,False,2,0,0,is_sudden_severe,is_sudden_severe,High,Low,Low
sudden_severe_2_0089,"Dispatcher: 突然ガーンとくるような激しい頭痛でしたか？
Caller: いいえ、同居の祖母は昼過ぎからだんだん痛くなったと言っていて、急に起きた激痛ではないです。",True,False,False,2,0,0,is_sudden_severe,is_sudden_severe,High,High,High
sudden_severe_2_0090,"Dispatcher: 頭の痛みは、突然起こった激しい痛みですか？
Caller: いいえ、姉は今朝から徐々に痛くなったと言っていて、突然のひどい頭痛ではありません。",True,False,False,2,0,0,is_sudden_severe,is_sudden_severe,High,High,Low
sudden_severe_3_0091,"Dispatcher: 頭の痛みは、突然起こった激しい痛みですか？
Caller: 同僚から頭痛がすると連絡を受けただけで、急に始まったのか強い痛みなのかまでは分かりません。",True,False,False,3,0,0,is_sudden_severe,is_sudden_severe,High,Low,High
sudden_severe_3_0092,"Dispatcher: 頭の痛みは、突然起こった激しい痛みですか？
Caller: 突然だったか、激しい痛みかは分かりません。",True,False,False,3,0,0,is_sudden_severe,is_sudden_severe,High,Low,Low
sudden_severe_3_0093,"Dispatcher: 頭の痛みは、急に出た強い痛みでしょうか？
Caller: 母は別の部屋にいて、頭が痛いとしか聞いていないので、急だったかどうかも痛みの強さも確認できていません。",True,False,False,3,0,0,is_sudden_severe,is_sudden_severe,High,Low,High
sudden_severe_3_0094,"Dispatcher: 激しい頭痛が突然起こったか分かりますか？
Caller: いいえ、本人が寝込んでいて詳しく話せず、突然かどうかも激しいかどうかも確認できません。",True,False,False,3,0,0,is_sudden_severe,is_sudden_severe,High,High,Low
sudden_severe_3_0095,"Dispatcher: いつもの頭痛という感じですか？
Caller: 夫からは頭が痛いとだけ聞いていて、急に強くなったのか普段の頭痛なのかは分かりません。",True,False,False,3,0,0,is_sudden_severe,is_sudden_severe,Low,High,High
sudden_severe_0_0096,"Dispatcher: 手足のしびれや麻痺はありますか？
Caller: はい、父は右腕がしびれて力が入らないと言っています。",True,False,False,0,0,0,is_sudden_severe,is_numbness,High,High,Low
sudden_severe_0_0097,"Dispatcher: 何か変わった様子はありますか？
Caller: はい、さっきから話がかみ合わず、普段ならしない同じことを何度もしています。",True,False,False,0,0,0,is_sudden_severe,is_behavior,Low,Low,High
sudden_severe_0_0098,"Dispatcher: 普段と違う振る舞いや様子はありますか？
Caller: ええ、妹が急にぼんやりして、呼んでも返事の仕方がおかしいです。",True,False,False,0,0,0,is_sudden_severe,is_behavior,High,Low,High
sudden_severe_0_0099,"Dispatcher: いつもと違う振る舞いはありますか？
Caller: はい、受け答えがちぐはぐで、落ち着きなく部屋をうろうろしています。",True,False,False,0,0,0,is_sudden_severe,is_behavior,High,Low,Low
sudden_severe_0_0100,"Dispatcher: ぼんやりしている、返事がおかしいなど、普段と違う様子はありますか？
Caller: いいえ、会話は普通にできていますし、行動もいつも通りです。",True,False,False,0,0,0,is_sudden_severe,is_behavior,High,High,High
sudden_severe_1_0101,"Dispatcher: 急にものすごく強い頭痛になった感じですか？
Caller: はい、さっき突然、我慢できないくらい痛いと言い出しました。",True,False,False,1,0,0,is_sudden_severe,is_sudden_severe,Low,High,Low
sudden_severe_1_0102,"Dispatcher: 急にひどい頭痛が来た感じですか？
Caller: はい、急にガンと来て、かなり強い痛みだと言っています。",True,False,False,1,0,0,is_sudden_severe,is_sudden_severe,Low,Low,Low
sudden_severe_1_0103,"Dispatcher: 頭の痛みは、突然起こった激しい痛みですか？
Caller: はい、弟が数分前に急に頭を押さえて、今までにないほど強く痛むと言っています。",True,False,False,1,0,0,is_sudden_severe,is_sudden_severe,High,High,Low
sudden_severe_1_0104,"Dispatcher: さっきまで普通だったのに、急に耐えられないほど頭が痛くなった感じですか？
Caller: そうです、食事中にいきなり頭を抱えて、ものすごく痛いと訴えました。",True,False,False,1,0,0,is_sudden_severe,is_sudden_severe,High,Low,High
sudden_severe_1_0105,"Dispatcher: 頭の痛みは、突然起こった激しい痛みですか？
Caller: はい、急に始まって、本人も我慢できないくらい強いと言っています。",True,False,False,1,0,0,is_sudden_severe,is_sudden_severe,High,Low,Low
sudden_severe_2_0106,"Dispatcher: 急にひどい頭痛が来た感じですか？
Caller: いいえ、朝から少しずつ痛くなってきたようで、急に強くなったわけではありません。",True,False,False,2,0,0,is_sudden_severe,is_sudden_severe,Low,Low,High
sudden_severe_2_0107,"Dispatcher: 突然の激しい頭痛ですか？
Caller: いいえ、昨日から続いている鈍い痛みで、突然ではありません。",True,False,False,2,0,0,is_sudden_severe,is_sudden_severe,Low,High,Low
sudden_severe_2_0108,"Dispatcher: 頭の痛みは、突然起こった激しい痛みですか？
Caller: いえ、仕事中からじわじわ痛くなってきたみたいで、急にひどくなった感じではないです。",True,False,False,2,0,0,is_sudden_severe,is_sudden_severe,High,Low,High
sudden_severe_2_0109,"Dispatcher: 頭の痛みは、突然起こった激しい痛みですか？
Caller: いいえ、前からある頭痛が少し続いているだけで、突然の強い痛みではありません。",True,False,False,2,0,0,is_sudden_severe,is_sudden_severe,High,Low,Low
sudden_severe_2_0110,"Dispatcher: 激しい痛みが急に出たのですか？
Caller: いいえ、昼ごろからだんだん痛くなってきたと言っています。",True,False,False,2,0,0,is_sudden_severe,is_sudden_severe,High,Low,Low
sudden_severe_3_0111,"Dispatcher: 頭の痛みは、突然起こった激しい痛みですか？
Caller: 突然だったか、どれほど強いかはまだ確認できていません。",True,False,False,3,0,0,is_sudden_severe,is_sudden_severe,High,Low,Low
sudden_severe_3_0112,"Dispatcher: いつもの軽い頭痛ということでよいですか？
Caller: そこは分かりません。急に強くなったのかどうか、まだ本人に聞けていません。",True,False,False,3,0,0,is_sudden_severe,is_sudden_severe,Low,Low,Low
sudden_severe_3_0113,"Dispatcher: いつもの頭痛という感じですか？
Caller: 娘からメッセージで頭痛とだけ来ていて、急に激しくなったのか普段の痛みなのかは確認できません。",True,False,False,3,0,0,is_sudden_severe,is_sudden_severe,Low,High,High
sudden_severe_3_0114,"Dispatcher: 軽い頭痛ではなく、急に強くなった感じですか？
Caller: 会社から連絡があっただけなので、そのあたりはまだ分からないです。",True,False,False,3,0,0,is_sudden_severe,is_sudden_severe,Low,Low,High
sudden_severe_3_0115,"Dispatcher: さっき急にひどく痛み出した感じですか？
Caller: 友人から助けてと電話があっただけで、いつからどの程度痛いのかまでは聞けていません。",True,False,False,3,0,0,is_sudden_severe,is_sudden_severe,Low,Low,High
sudden_severe_0_0116,"Dispatcher: いつも通りに見えていますか？
Caller: そこは分かりません。今は電話越しで、普段と違う様子があるか確認できていません。",True,False,False,0,0,0,is_sudden_severe,is_behavior,Low,Low,High
sudden_severe_0_0117,"Dispatcher: いつもと違う振る舞いはありますか？
Caller: あるかどうかは分かりません。まだ直接会えていません。",True,False,False,0,0,0,is_sudden_severe,is_behavior,Low,Low,Low
sudden_severe_0_0118,"Dispatcher: 手足のしびれや麻痺はありますか？
Caller: いいえ、手も足も普通に動かせていて、しびれはないようです。",True,False,False,0,0,0,is_sudden_severe,is_numbness,High,Low,High
sudden_severe_0_0119,"Dispatcher: 何か変わった様子はありますか？
Caller: はい、夫は質問しても見当違いな返事ばかりで、普段と明らかに様子が違います。",True,False,False,0,0,0,is_sudden_severe,is_behavior,Low,High,High
sudden_severe_0_0120,"Dispatcher: 片側の手足にしびれや動かしにくさはありますか？
Caller: あります、母は左足がしびれてうまく立てず、左手にも力が入らないと言っています。",True,False,False,0,0,0,is_sudden_severe,is_numbness,High,High,High
sudden_severe_1_0121,"Dispatcher: いつもの頭痛ではなく、急にものすごく強い痛みが出た感じですか？
Caller: はい、夫がさっき急に頭を押さえて、今までで一番ひどくて我慢できない痛みだと言っています。",True,False,False,1,0,0,is_sudden_severe,is_sudden_severe,Low,High,Low
sudden_severe_1_0122,"Dispatcher: いきなり耐えられないくらいの頭痛になりましたか？
Caller: はい、同僚が突然うずくまって、急に耐えられないほど頭が痛いと言っています。",True,False,False,1,0,0,is_sudden_severe,is_sudden_severe,Low,High,Low
sudden_severe_1_0123,"Dispatcher: 軽い痛みが続いている感じではなく、急に強くきた頭痛ですか？
Caller: ええ、母はさっきまで普通だったのに、急に割れるような頭痛だと言い出しました。",True,False,False,1,0,0,is_sudden_severe,is_sudden_severe,Low,Low,High
sudden_severe_1_0124,"Dispatcher: 頭の痛みは、突然起こった激しい痛みですか？
Caller: はい、友人が会話の途中で急に頭を抱えて、今すぐ何とかしてほしいくらい強い痛みだと訴えています。",True,False,False,1,0,0,is_sudden_severe,is_sudden_severe,High,High,High
sudden_severe_1_0125,"Dispatcher: いつもの頭痛というより、急にひどくなった感じでしょうか？
Caller: はい、弟が急に殴られたみたいな強い頭痛が来たと言っていて、かなりつらそうです。",True,False,False,1,0,0,is_sudden_severe,is_sudden_severe,Low,High,High
sudden_severe_2_0126,"Dispatcher: さっき急に激しく痛くなった頭痛ですか？
Caller: いいえ、妻は朝から少しずつ痛くなってきたと言っていて、急にひどくなったわけではありません。",True,False,False,2,0,0,is_sudden_severe,is_sudden_severe,Low,High,High
sudden_severe_2_0127,"Dispatcher: 頭の痛みは、突然起こった激しい痛みですか？
Caller: いいえ、父は昨日から重い感じが続いていると言っていて、急に始まった強い痛みではなさそうです。",True,False,False,2,0,0,is_sudden_severe,is_sudden_severe,High,Low,High
sudden_severe_2_0128,"Dispatcher: いきなり我慢できないほどの頭痛になりましたか？
Caller: いいえ、じわじわ痛くなったようです。",True,False,False,2,0,0,is_sudden_severe,is_sudden_severe,Low,Low,Low
sudden_severe_2_0129,"Dispatcher: 急にものすごく痛くなった感じですか？
Caller: いいえ、娘は前から少し痛いと言っていました。",True,False,False,2,0,0,is_sudden_severe,is_sudden_severe,Low,Low,High
sudden_severe_2_0130,"Dispatcher: 突然の激しい頭痛ですか？
Caller: いいえ、急ではなく続いている痛みです。",True,False,False,2,0,0,is_sudden_severe,is_sudden_severe,Low,Low,Low
sudden_severe_3_0131,"Dispatcher: 頭の痛みは、突然起こった激しい痛みですか？
Caller: すみません、本人から頭が痛いとだけ聞いていて、急に強く出たのかまでは分かりません。",True,False,False,3,0,0,is_sudden_severe,is_sudden_severe,High,Low,Low
sudden_severe_3_0132,"Dispatcher: 頭の痛みは、突然起こった激しい痛みですか？
Caller: 今そばにいないので、急に始まったのか、どれくらい強いのか確認できていません。",True,False,False,3,0,0,is_sudden_severe,is_sudden_severe,High,Low,Low
sudden_severe_3_0133,"Dispatcher: さっきまで普通だったのに、急に我慢できないほど頭が痛くなった感じですか？
Caller: 職場から連絡を受けただけで、痛みの出方や強さまではまだ聞けていません。",True,False,False,3,0,0,is_sudden_severe,is_sudden_severe,High,Low,High
sudden_severe_3_0134,"Dispatcher: 激しい痛みが突然起こりましたか？
Caller: 激しい痛みが突然起こったかは分かりません。",True,False,False,3,0,0,is_sudden_severe,is_sudden_severe,Low,Low,Low
sudden_severe_3_0135,"Dispatcher: 頭の痛みは、急に出た強い痛みか確認できますか？
Caller: 近くにいない家族からの連絡だけなので、突然なのか、ひどい痛みなのかまでは確認できません。",True,False,False,3,0,0,is_sudden_severe,is_sudden_severe,High,High,High
sudden_severe_0_0136,"Dispatcher: 手足のしびれや麻痺はありますか？
Caller: はい、兄は右腕にしびれがあって、うまく力も入らないようです。",True,False,False,0,0,0,is_sudden_severe,is_numbness,High,Low,High
sudden_severe_0_0137,"Dispatcher: いつもと違う振る舞いはありますか？
Caller: いいえ、受け答えも普段どおりで、特に変わった様子はありません。",True,False,False,0,0,0,is_sudden_severe,is_behavior,Low,Low,Low
sudden_severe_0_0138,"Dispatcher: 普段と違う振る舞いや様子はありますか？
Caller: 今は本人のそばにいないので、いつもと違う様子があるかは確認できません。",True,False,False,0,0,0,is_sudden_severe,is_behavior,High,High,Low
sudden_severe_0_0139,"Dispatcher: 手足のしびれや麻痺はありますか？
Caller: いいえ、母は手足のしびれも動かしにくさもないと言っています。",True,False,False,0,0,0,is_sudden_severe,is_numbness,High,Low,Low
sudden_severe_0_0140,"Dispatcher: しびれや麻痺はありますか？
Caller: いいえ、そういう症状はないようです。",True,False,False,0,0,0,is_sudden_severe,is_numbness,Low,Low,Low
sudden_severe_1_0141,"Dispatcher: 頭の痛みは、突然起こった激しい痛みですか？
Caller: はい、父が急に経験したことのない強い頭痛だと言っています。",True,False,False,1,0,0,is_sudden_severe,is_sudden_severe,High,Low,Low
sudden_severe_1_0142,"Dispatcher: いきなり耐えられないくらいの頭痛になりましたか？
Caller: はい、妻が突然こんなひどい頭痛は初めてだと言って苦しんでいます。",True,False,False,1,0,0,is_sudden_severe,is_sudden_severe,Low,High,Low
sudden_severe_1_0143,"Dispatcher: いつもの頭痛ではなく、急にひどくなった感じですか？
Caller: はい、友人が急に頭が割れそうなくらい痛いと言い出しました。",True,False,False,1,0,0,is_sudden_severe,is_sudden_severe,Low,Low,High
sudden_severe_1_0144,"Dispatcher: 軽い頭痛ではなく、急に強い痛みが来た感じですか？
Caller: はい、同居人がさっき突然叫ぶほどの頭痛になったと言っています。",True,False,False,1,0,0,is_sudden_severe,is_sudden_severe,Low,High,High
sudden_severe_1_0145,"Dispatcher: 突然ひどい頭痛が起きたということでいいですか？
Caller: はい、息子が急に我慢できないくらい痛いと訴えて、動けなくなっています。",True,False,False,1,0,0,is_sudden_severe,is_sudden_severe,Low,High,High
sudden_severe_2_0146,"Dispatcher: いきなり激しい頭痛になりましたか？
Caller: いいえ、夫は前から痛みがあって、急に強くなったわけではありません。",True,False,False,2,0,0,is_sudden_severe,is_sudden_severe,Low,High,Low
sudden_severe_2_0147,"Dispatcher: 頭の痛みは、突然起こった激しい痛みですか？
Caller: いいえ、姉は数時間かけてだんだん痛くなったと言っていて、突然の激痛ではありません。",True,False,False,2,0,0,is_sudden_severe,is_sudden_severe,High,High,Low
sudden_severe_2_0148,"Dispatcher: 急に耐えられないほど痛くなった感じですか？
Caller: いいえ、祖母は前から鈍く痛むと言っています。",True,False,False,2,0,0,is_sudden_severe,is_sudden_severe,Low,Low,High
sudden_severe_2_0149,"Dispatcher: 突然ものすごい頭痛が来ましたか？
Caller: いいえ、朝から少し痛い程度だったようです。",True,False,False,2,0,0,is_sudden_severe,is_sudden_severe,Low,Low,Low
sudden_severe_2_0150,"Dispatcher: いきなり激しい頭痛ですか？
Caller: いいえ、急な痛みではないです。",True,False,False,2,0,0,is_sudden_severe,is_sudden_severe,Low,Low,Low
sudden_severe_3_0151,"Dispatcher: 激しい痛みが突然起こりましたか？
Caller: 突然だったかも痛みの強さも、本人にまだ確認できていません。",True,False,False,3,0,0,is_sudden_severe,is_sudden_severe,Low,High,Low
sudden_severe_3_0152,"Dispatcher: 頭の痛みは、突然起こった激しい痛みですか？
Caller: 近くにいないので、急に始まったのか、かなり強い痛みなのかは分かりません。",True,False,False,3,0,0,is_sudden_severe,is_sudden_severe,High,High,Low
sudden_severe_3_0153,"Dispatcher: 頭痛は急に出た強い痛みか確認できますか？
Caller: 職場から連絡を受けただけで、いつからどれくらい強く痛いのかまでは聞けていません。",True,False,False,3,0,0,is_sudden_severe,is_sudden_severe,High,High,High
sudden_severe_3_0154,"Dispatcher: さっきまで普通だったのに、急にひどい頭痛になった感じですか？
Caller: 本人は今トイレにこもっていて、始まり方や痛みの強さまではまだ確認できていません。",True,False,False,3,0,0,is_sudden_severe,is_sudden_severe,High,High,High
sudden_severe_3_0155,"Dispatcher: 頭の痛みは突然の激しいものですか？
Caller: メッセージで頭が痛いと来ただけなので、急に起きたのかひどい痛みなのかは不明です。",True,False,False,3,0,0,is_sudden_severe,is_sudden_severe,High,High,High
sudden_severe_0_0156,"Dispatcher: 手足のしびれや麻痺はありますか？
Caller: 今のところ、手足のしびれも動かしにくさもないようです。",True,False,False,0,0,0,is_sudden_severe,is_numbness,High,Low,High
sudden_severe_0_0157,"Dispatcher: 普通に手足は動かせていますか？
Caller: いいえ、右手に力が入りにくくて足もしびれると言っています。",True,False,False,0,0,0,is_sudden_severe,is_numbness,Low,Low,High
sudden_severe_0_0158,"Dispatcher: 何か変わった様子はありますか？
Caller: 電話で聞いただけなので、普段と違う振る舞いがあるかは確認できません。",True,False,False,0,0,0,is_sudden_severe,is_behavior,Low,High,High
sudden_severe_0_0159,"Dispatcher: 体の様子で気になることはありますか？
Caller: 頭痛のことしか聞いておらず、しびれがあるかどうかはまだ分かりません。",True,False,False,0,0,0,is_sudden_severe,is_numbness,Low,Low,High
sudden_severe_0_0160,"Dispatcher: 手足のしびれや麻痺はありますか？
Caller: 今は本人のそばにいないので、しびれや麻痺があるかは確認できません。",True,False,False,0,0,0,is_sudden_severe,is_numbness,High,High,Low
sudden_severe_1_0161,"Dispatcher: 頭の痛みは、突然起こった激しい痛みですか？
Caller: はい、急に頭を押さえて、今までで一番ひどい痛みだと言っています。",True,False,False,1,0,0,is_sudden_severe,is_sudden_severe,High,Low,Low
sudden_severe_1_0162,"Dispatcher: いつもの頭痛ではなく、急に強く出た感じですか？
Caller: はい、さっき急に我慢できないほど痛いと言って倒れこみました。",True,False,False,1,0,0,is_sudden_severe,is_sudden_severe,Low,High,Low
sudden_severe_1_0163,"Dispatcher: 頭痛は突然の激しいものですか？
Caller: はい、急に始まって、ものすごく痛いと訴えています。",True,False,False,1,0,0,is_sudden_severe,is_sudden_severe,High,Low,Low
sudden_severe_1_0164,"Dispatcher: 頭の痛みは、急に出た強い痛みですか？
Caller: はい、普通に話していたのに急に激しい頭痛が来たみたいです。",True,False,False,1,0,0,is_sudden_severe,is_sudden_severe,High,Low,Low
sudden_severe_1_0165,"Dispatcher: いきなりひどい頭痛になったということですか？
Caller: はい、突然で、本人も耐えられないくらい痛いと言っています。",True,False,False,1,0,0,is_sudden_severe,is_sudden_severe,Low,High,Low
sudden_severe_2_0166,"Dispatcher: 頭の痛みは、突然起こった激しい痛みですか？
Caller: いいえ、朝から少しずつ痛くなってきたようで、突然ではありません。",True,False,False,2,0,0,is_sudden_severe,is_sudden_severe,High,Low,Low
sudden_severe_2_0167,"Dispatcher: いつもの軽い頭痛ということでよいですか？
Caller: はい、急にひどくなった感じではなく、前からある頭痛に近いです。",True,False,False,2,0,0,is_sudden_severe,is_sudden_severe,Low,Low,Low
sudden_severe_2_0168,"Dispatcher: さっき急に我慢できないほど痛くなった感じですか？
Caller: いいえ、昼すぎからじわじわ痛くなっていて、急にひどくなったわけではないです。",True,False,False,2,0,0,is_sudden_severe,is_sudden_severe,Low,High,High
sudden_severe_2_0169,"Dispatcher: いきなり強い頭痛が来たということですか？
Caller: いいえ、そこまで激しい感じではなく、だんだん痛くなっています。",True,False,False,2,0,0,is_sudden_severe,is_sudden_severe,Low,Low,High
sudden_severe_2_0170,"Dispatcher: 激しい痛みが突然起こりましたか？
Caller: いいえ、突然ではなく、痛みも我慢できないほどではありません。",True,False,False,2,0,0,is_sudden_severe,is_sudden_severe,Low,Low,Low
sudden_severe_3_0171,"Dispatcher: 頭の痛みは、突然起こった激しい痛みですか？
Caller: 頭痛があることしか分からず、急に始まったのか強いのかは確認できていません。",True,False,False,3,0,0,is_sudden_severe,is_sudden_severe,High,Low,Low
sudden_severe_3_0172,"Dispatcher: 頭痛は急に出た強い痛みか分かりますか？
Caller: 隣の部署の者から頼まれて電話していて、始まり方や痛みの程度までは把握していません。",True,False,False,3,0,0,is_sudden_severe,is_sudden_severe,High,Low,High
sudden_severe_3_0173,"Dispatcher: いつもの軽い頭痛ということでよいですか？
Caller: そこまでは分かりません。急に強くなったのかどうか確認できていません。",True,False,False,3,0,0,is_sudden_severe,is_sudden_severe,Low,Low,Low
sudden_severe_3_0174,"Dispatcher: さっきから急にひどく痛み出した感じですか？
Caller: 私は今から向かうところで、急だったのか痛みが強いのかはまだ聞けていません。",True,False,False,3,0,0,is_sudden_severe,is_sudden_severe,Low,Low,High
sudden_severe_3_0175,"Dispatcher: 頭の痛みは突然の激しいものか確認できますか？
Caller: 本人がうまく話せず、急に起きたのか、どの程度ひどいのかまではこちらで判断できません。",True,False,False,3,0,0,is_sudden_severe,is_sudden_severe,High,High,High
sudden_severe_0_0176,"Dispatcher: 何か変わったことはありますか？
Caller: まだ会話できていないので、普段と違う振る舞いがあるかは分かりません。",True,False,False,0,0,0,is_sudden_severe,is_behavior,Low,Low,High
sudden_severe_0_0177,"Dispatcher: ふらついたり片手が動かしにくかったりはありますか？
Caller: それはなくて、手足は普段どおり動いています。",True,False,False,0,0,0,is_sudden_severe,is_numbness,Low,Low,High
sudden_severe_0_0178,"Dispatcher: ぼんやりしている、返事がおかしいなど、普段と違う様子は見えますか？
Caller: 今は別の友人が付き添っていて、私は電話を受けただけなので、いつもと違う振る舞いがあるかは確認できません。",True,False,False,0,0,0,is_sudden_severe,is_behavior,High,Low,High
sudden_severe_0_0179,"Dispatcher: いつもと違う振る舞いはありますか？
Caller: いつもと違う様子があるかは分かりません。",True,False,False,0,0,0,is_sudden_severe,is_behavior,Low,Low,Low
sudden_severe_0_0180,"Dispatcher: 何か変わった様子はありますか？
Caller: いいえ、受け答えも普段どおりで、特におかしな行動はありません。",True,False,False,0,0,0,is_sudden_severe,is_behavior,Low,Low,Low
sudden_severe_1_0181,"Dispatcher: さっきまで普通だったのに、急に耐えられないくらいの頭痛になった感じですか？
Caller: はい、夫が急に頭を抱えて、今までにないくらい痛いと訴えました。",True,False,False,1,0,0,is_sudden_severe,is_sudden_severe,Low,High,High
sudden_severe_1_0182,"Dispatcher: 頭の痛みは、突然起こった激しい痛みですか？
Caller: はい、同僚が急にひどい頭痛が来たと言って、その場で動けなくなりました。",True,False,False,1,0,0,is_sudden_severe,is_sudden_severe,High,Low,High
sudden_severe_1_0183,"Dispatcher: 頭の痛みは、急に出た強い痛みですか？
Caller: はい、母が数分前にいきなり頭が割れるほど痛いと言い出しました。",True,False,False,1,0,0,is_sudden_severe,is_sudden_severe,High,High,High
sudden_severe_1_0184,"Dispatcher: いつもの頭痛とは違う感じですか？
Caller: はい、急にものすごく痛くなったみたいです。",True,False,False,1,0,0,is_sudden_severe,is_sudden_severe,Low,Low,Low
sudden_severe_1_0185,"Dispatcher: 頭の痛みは、突然起こった激しい痛みですか？
Caller: はい、弟が急に我慢できないほど頭が痛いと言っています。",True,False,False,1,0,0,is_sudden_severe,is_sudden_severe,High,High,Low
sudden_severe_2_0186,"Dispatcher: 頭の痛みは、突然起こった激しい痛みですか？
Caller: いいえ、朝から少しずつ痛みが強くなってきたようです。",True,False,False,2,0,0,is_sudden_severe,is_sudden_severe,High,Low,High
sudden_severe_2_0187,"Dispatcher: さっき急にひどくなった感じですか？
Caller: いいえ、友人は昼ごろから重い感じが続いていると言っています。",True,False,False,2,0,0,is_sudden_severe,is_sudden_severe,Low,High,High
sudden_severe_2_0188,"Dispatcher: いきなり我慢できないほどの頭痛になりましたか？
Caller: いいえ、父は前から鈍い痛みがあって、急に始まったわけではありません。",True,False,False,2,0,0,is_sudden_severe,is_sudden_severe,Low,High,High
sudden_severe_2_0189,"Dispatcher: 急に強い頭痛が出ましたか？
Caller: いいえ、だんだん痛くなっています。",True,False,False,2,0,0,is_sudden_severe,is_sudden_severe,Low,High,Low
sudden_severe_2_0190,"Dispatcher: 頭の痛みは、突然起こった激しい痛みですか？
Caller: いいえ、妻は昨日からの頭痛が続いていて、急激に始まったものではありません。",True,False,False,2,0,0,is_sudden_severe,is_sudden_severe,High,High,Low
sudden_severe_3_0191,"Dispatcher: 急に強い頭痛が出ましたか？
Caller: 分かりません、頭が痛いとしか聞いていません。",True,False,False,3,0,0,is_sudden_severe,is_sudden_severe,Low,Low,Low
sudden_severe_3_0192,"Dispatcher: いつもの痛みではなく、急にひどくなったものか分かりますか？
Caller: すみません、本人からメッセージが来ただけで、急だったのか強さまでは確認できていません。",True,False,False,3,0,0,is_sudden_severe,is_sudden_severe,Low,High,High
sudden_severe_3_0193,"Dispatcher: さっき急に耐えられないような痛みになったんですか？
Caller: 私は職場にいて見ていないので、どう始まったかは分からないです。",True,False,False,3,0,0,is_sudden_severe,is_sudden_severe,Low,Low,High
sudden_severe_3_0194,"Dispatcher: 頭の痛みは、突然起こった激しい痛みですか？
Caller: 今は本人のそばにいないので、突然なのか激しいのかは分かりません。",True,False,False,3,0,0,is_sudden_severe,is_sudden_severe,High,Low,Low
sudden_severe_3_0195,"Dispatcher: さっきまで普通だったのに、急に我慢できないほど頭が痛くなった様子はありますか？
Caller: 娘から頭痛でつらいと連絡があっただけで、急に始まったのか痛みの強さまではまだ確認できていません。",True,False,False,3,0,0,is_sudden_severe,is_sudden_severe,High,High,High
sudden_severe_0_0196,"Dispatcher: 手足のしびれや、片側だけ力が入りにくい様子はありますか？
Caller: はい、兄が右手にしびれがあって、うまく持てないと言っています。",True,False,False,0,0,0,is_sudden_severe,is_numbness,High,Low,High
sudden_severe_0_0197,"Dispatcher: 何かいつもと違う振る舞いはありますか？
Caller: いいえ、受け答えも普段どおりで、様子は変わりません。",True,False,False,0,0,0,is_sudden_severe,is_behavior,Low,High,Low
sudden_severe_0_0198,"Dispatcher: しびれや麻痺はありますか？
Caller: 分かりません、まだそこは確認できていません。",True,False,False,0,0,0,is_sudden_severe,is_numbness,Low,Low,Low
sudden_severe_0_0199,"Dispatcher: ぼんやりしている、返事がおかしいなど、普段と違う様子は見えますか？
Caller: 今は本人と離れていて電話で頭痛を聞いただけなので、いつもと違う振る舞いがあるかまでは確認できません。",True,False,False,0,0,0,is_sudden_severe,is_behavior,High,High,High
sudden_severe_0_0200,"Dispatcher: 片側の手足にしびれや動かしにくさがあるか見られますか？
Caller: 別の部屋から連絡を受けただけで姿が見えていないので、しびれや麻痺の有無は分かりません。",True,False,False,0,0,0,is_sudden_severe,is_numbness,High,High,High
sudden_severe_1_0201,"Dispatcher: 頭の痛みは、突然起こった激しい痛みですか？
Caller: はい、同居している父が会話中にいきなり頭を押さえて、今までで一番ひどい痛みだと言いました。",True,False,False,1,0,0,is_sudden_severe,is_sudden_severe,High,High,High
sudden_severe_1_0202,"Dispatcher: 急に強い頭痛が出た感じですか？
Caller: はい、急にすごく痛くなったようです。",True,False,False,1,0,0,is_sudden_severe,is_sudden_severe,Low,Low,Low
sudden_severe_1_0203,"Dispatcher: いつもの頭痛ではなく、急にひどくなったものですか？
Caller: はい、友人が突然ガンと来たと言って、その場でしゃがみ込んでしまいました。",True,False,False,1,0,0,is_sudden_severe,is_sudden_severe,Low,High,High
sudden_severe_1_0204,"Dispatcher: いきなり耐えられないような痛みでしたか？
Caller: はい、急にひどい頭痛だと言っています。",True,False,False,1,0,0,is_sudden_severe,is_sudden_severe,Low,Low,Low
sudden_severe_1_0205,"Dispatcher: 頭の痛みは、突然起こった激しい痛みですか？
Caller: はい、妻が急に頭が割れるように痛いと言って、我慢できない様子です。",True,False,False,1,0,0,is_sudden_severe,is_sudden_severe,High,High,Low
sudden_severe_2_0206,"Dispatcher: 頭の痛みは、突然起こった激しい痛みですか？
Caller: いいえ、娘は夕方から少しずつ痛くなってきたと言っています。",True,False,False,2,0,0,is_sudden_severe,is_sudden_severe,High,Low,High
sudden_severe_2_0207,"Dispatcher: 頭の痛みは、急に出た強い痛みですか？
Caller: いいえ、夫は朝から違和感があって、徐々に頭痛になったと言っています。",True,False,False,2,0,0,is_sudden_severe,is_sudden_severe,High,High,Low
sudden_severe_2_0208,"Dispatcher: 頭の痛みは、突然起こった激しい痛みですか？
Caller: いいえ、同僚は会議の途中から重だるい痛みが続いていて、急に激しくなったわけではありません。",True,False,False,2,0,0,is_sudden_severe,is_sudden_severe,High,High,High
sudden_severe_2_0209,"Dispatcher: 頭の痛みは、突然起こった激しい痛みですか？
Caller: いいえ、前からあった痛みが続いている感じです。",True,False,False,2,0,0,is_sudden_severe,is_sudden_severe,High,Low,Low
sudden_severe_2_0210,"Dispatcher: いきなりひどい頭痛になりましたか？
Caller: いいえ、母は数時間前からじわじわ痛くなっていて、急に起きた感じではありません。",True,False,False,2,0,0,is_sudden_severe,is_sudden_severe,Low,High,Low
sudden_severe_3_0211,"Dispatcher: いつもの軽い頭痛ということでよいですか？
Caller: そこまでは分かりません。急に強くなったのか、いつもの頭痛なのか確認できていません。",True,False,False,3,0,0,is_sudden_severe,is_sudden_severe,Low,Low,Low
sudden_severe_3_0212,"Dispatcher: さっきまで普通だったのに、急にひどい頭痛になった感じですか？
Caller: 同僚からメッセージが来ただけで、その場にいないので始まり方や痛みの強さまでは分かりません。",True,False,False,3,0,0,is_sudden_severe,is_sudden_severe,Low,Low,High
sudden_severe_3_0213,"Dispatcher: 頭の痛みは、突然起こった激しい痛みですか？
Caller: 本人から頭が痛いとしか聞いておらず、急に起きたのか強いのかは分かりません。",True,False,False,3,0,0,is_sudden_severe,is_sudden_severe,High,Low,Low
sudden_severe_3_0214,"Dispatcher: 頭の痛みについて何か分かることはありますか？
Caller: 別の部屋にいて本人の様子を見ていないので、その頭痛が突然なのか激しいのかは確認できません。",True,False,False,3,0,0,is_sudden_severe,is_sudden_severe,Low,High,High
sudden_severe_3_0215,"Dispatcher: 頭の痛みは、急に出た強い痛みですか？
Caller: 近くにいないので、突然始まった激しい頭痛かどうかは確認できません。",True,False,False,3,0,0,is_sudden_severe,is_sudden_severe,High,High,Low
sudden_severe_0_0216,"Dispatcher: 普段と違う振る舞いや様子はありますか？
Caller: いいえ、受け答えも普段どおりで、特に変わった様子はありません。",True,False,False,0,0,0,is_sudden_severe,is_behavior,High,High,Low
sudden_severe_0_0217,"Dispatcher: 手足のしびれや麻痺はありますか？
Caller: いいえ、しびれたり動かしにくかったりはないようです。",True,False,False,0,0,0,is_sudden_severe,is_numbness,High,Low,Low
sudden_severe_0_0218,"Dispatcher: 何か変わったことはありますか？
Caller: 頭が痛いとしか聞いていなくて、普段と違う様子があるかは分かりません。",True,False,False,0,0,0,is_sudden_severe,is_behavior,Low,Low,Low
sudden_severe_0_0219,"Dispatcher: 普段と違う振る舞いや様子はありますか？
Caller: 今は電話で聞いただけなので、いつもと違う行動や受け答えがあるかは確認できません。",True,False,False,0,0,0,is_sudden_severe,is_behavior,High,High,Low
sudden_severe_0_0220,"Dispatcher: 普通に動けていますか？
Caller: はい、手足のしびれや麻痺はないみたいです。",True,False,False,0,0,0,is_sudden_severe,is_numbness,Low,Low,Low
sudden_severe_1_0221,"Dispatcher: 頭の痛みは、突然起こった激しい痛みですか？
Caller: はい、さっき急にひどい頭痛が来たと言っていて、かなり強いようです。",True,False,False,1,0,0,is_sudden_severe,is_sudden_severe,High,Low,Low
sudden_severe_1_0222,"Dispatcher: いつもの頭痛ではなく、急に強い痛みが出た感じですか？
Caller: はい、急に我慢できないほど痛いと言って、その場で動けなくなりました。",True,False,False,1,0,0,is_sudden_severe,is_sudden_severe,Low,High,Low
sudden_severe_1_0223,"Dispatcher: 頭の痛みは、急に出た強い痛みですか？
Caller: はい、突然始まって、今までにないくらい強い頭痛だそうです。",True,False,False,1,0,0,is_sudden_severe,is_sudden_severe,High,Low,Low
sudden_severe_1_0224,"Dispatcher: 激しい頭痛が突然起こりましたか？
Caller: はい、さっきまで普通だったのに急に頭を押さえて、耐えられないくらい痛いと言っています。",True,False,False,1,0,0,is_sudden_severe,is_sudden_severe,High,High,Low
sudden_severe_1_0225,"Dispatcher: いつもの軽い頭痛ということでよいですか？
Caller: いいえ、友人が急に叫ぶほどの頭痛だと言っていて、突然ひどくなったみたいです。",True,False,False,1,0,0,is_sudden_severe,is_sudden_severe,Low,Low,High
sudden_severe_2_0226,"Dispatcher: さっきまで普通だったのに、急に我慢できないほど頭が痛くなった感じですか？
Caller: いいえ、朝から少しずつ痛くなってきたようで、急にひどくなったわけではありません。",True,False,False,2,0,0,is_sudden_severe,is_sudden_severe,High,Low,High
sudden_severe_2_0227,"Dispatcher: いつもの軽い頭痛ということでよいですか？
Caller: はい、急に強く出た感じではないそうです。",True,False,False,2,0,0,is_sudden_severe,is_sudden_severe,Low,Low,Low
sudden_severe_2_0228,"Dispatcher: 頭の痛みは、突然起こった激しい痛みですか？
Caller: いいえ、昼ごろからだんだん痛くなっただけで、突然でも激しい痛みでもありません。",True,False,False,2,0,0,is_sudden_severe,is_sudden_severe,High,High,High
sudden_severe_2_0229,"Dispatcher: 頭の痛みは、急に出た強い痛みですか？
Caller: いいえ、会議中から重い感じが続いていて、急にガツンと来た痛みではないです。",True,False,False,2,0,0,is_sudden_severe,is_sudden_severe,High,Low,High
sudden_severe_2_0230,"Dispatcher: いつもの頭痛ではなく、急に強い痛みが出た感じですか？
Caller: いいえ、母は昨夜からじわじわ痛いと言っていて、突然の激痛ではありません。",True,False,False,2,0,0,is_sudden_severe,is_sudden_severe,Low,High,High
sudden_severe_3_0231,"Dispatcher: 頭の痛みは、突然起こった激しい痛みですか？
Caller: 娘から頭痛がすると連絡を受けただけで、急に始まったのか強いのかまではまだ聞けていません。",True,False,False,3,0,0,is_sudden_severe,is_sudden_severe,High,Low,High
sudden_severe_3_0232,"Dispatcher: 頭の痛みは、急に出た強い痛みですか？
Caller: 頭痛があることしか分からず、突然かどうかや痛みの強さは確認できていません。",True,False,False,3,0,0,is_sudden_severe,is_sudden_severe,High,Low,Low
sudden_severe_3_0233,"Dispatcher: いつもの軽い頭痛ということでよいですか？
Caller: そこは分かりません。急に強くなったのかどうか確認できていません。",True,False,False,3,0,0,is_sudden_severe,is_sudden_severe,Low,Low,Low
sudden_severe_3_0234,"Dispatcher: 頭の痛みについて何か分かることはありますか？
Caller: 本人が寝室にいてまだ詳しく話せていないので、その頭痛が突然で激しいものかは分かりません。",True,False,False,3,0,0,is_sudden_severe,is_sudden_severe,Low,High,Low
sudden_severe_3_0235,"Dispatcher: 頭の痛みは、突然起こった激しい痛みですか？
Caller: 夫は職場にいて私は現場にいないので、急にひどくなったのかどうかは確認できません。",True,False,False,3,0,0,is_sudden_severe,is_sudden_severe,High,Low,High
sudden_severe_0_0236,"Dispatcher: 普段と違う振る舞いや様子はありますか？
Caller: いいえ、話し方も行動もいつもどおりで、おかしな様子はありません。",True,False,False,0,0,0,is_sudden_severe,is_behavior,High,High,Low
sudden_severe_0_0237,"Dispatcher: 何か変わったことはありますか？
Caller: 今は本人を見られていないので、普段と違う振る舞いがあるかは確認できません。",True,False,False,0,0,0,is_sudden_severe,is_behavior,Low,High,Low
sudden_severe_0_0238,"Dispatcher: いつもより元気がないとか、様子がおかしい感じはありますか？
Caller: いいえ、受け答えは普通で、普段と違う行動は見られません。",True,False,False,0,0,0,is_sudden_severe,is_behavior,Low,High,Low
sudden_severe_0_0239,"Dispatcher: 何か変わったことはありますか？
Caller: はい、返事がちぐはぐで、落ち着きなく同じことを何度も言っています。",True,False,False,0,0,0,is_sudden_severe,is_behavior,Low,Low,Low
sudden_severe_0_0240,"Dispatcher: ぼんやりしている、返事がおかしいなど、普段と違う様子は見えますか？
Caller: はい、同僚なんですが、さっきから質問にうまく答えられず、いつもと明らかに様子が違います。",True,False,False,0,0,0,is_sudden_severe,is_behavior,High,Low,High
sudden_severe_1_0241,"Dispatcher: 急にひどい頭痛になった感じですか？
Caller: はい、さっき急に我慢できないくらい強い頭痛が出たと夫が言っています。",True,False,False,1,0,0,is_sudden_severe,is_sudden_severe,Low,Low,Low
sudden_severe_1_0242,"Dispatcher: 急にひどい頭痛になった感じですか？
Caller: はい、同僚が会議中に突然頭を押さえて、今までにない激しい痛みだと言っています。",True,False,False,1,0,0,is_sudden_severe,is_sudden_severe,Low,High,Low
sudden_severe_1_0243,"Dispatcher: 頭の痛みは、突然起こった激しい痛みですか？
Caller: はい、母が数分前に急に頭が割れるように痛いと言い出して、かなり強い痛みです。",True,False,False,1,0,0,is_sudden_severe,is_sudden_severe,High,High,Low
sudden_severe_1_0244,"Dispatcher: さっきまで普通だったのに、急に我慢できないほど頭が痛くなった感じですか？
Caller: はい、弟が急にうずくまって、いきなりものすごく痛いと言っています。",True,False,False,1,0,0,is_sudden_severe,is_sudden_severe,High,Low,High
sudden_severe_1_0245,"Dispatcher: いつもの頭痛ではなく、急に強く出た感じですか？
Caller: はい、友人が急に話を止めて、耐えられないくらい頭が痛いと言っています。",True,False,False,1,0,0,is_sudden_severe,is_sudden_severe,Low,High,High
sudden_severe_2_0246,"Dispatcher: いつもの軽い頭痛ということでよいですか？
Caller: はい、妻は朝から少しずつ痛くなってきたと言っていて、急にひどくなったわけではありません。",True,False,False,2,0,0,is_sudden_severe,is_sudden_severe,Low,High,High
sudden_severe_2_0247,"Dispatcher: 急にひどい頭痛になった感じですか？
Caller: いいえ、急な強い痛みではないです。",True,False,False,2,0,0,is_sudden_severe,is_sudden_severe,Low,Low,Low
sudden_severe_2_0248,"Dispatcher: 急にひどい頭痛になった感じですか？
Caller: いいえ、父は昨日からじわじわ痛いと言っていて、突然の激しい頭痛ではありません。",True,False,False,2,0,0,is_sudden_severe,is_sudden_severe,Low,High,Low
sudden_severe_2_0249,"Dispatcher: 急にひどい頭痛になった感じですか？
Caller: いいえ、急に我慢できないほど痛くなったわけではないです。",True,False,False,2,0,0,is_sudden_severe,is_sudden_severe,Low,Low,Low
sudden_severe_2_0250,"Dispatcher: 頭の痛みは、突然起こった激しい痛みですか？
Caller: いいえ、同僚は昼ごろから徐々に痛みが強くなったと言っていて、突然の激しい痛みではありません。",True,False,False,2,0,0,is_sudden_severe,is_sudden_severe,High,High,High
sudden_severe_3_0251,"Dispatcher: いつもの軽い頭痛ということでよいですか？
Caller: そこまでは分かりません。息子から頭が痛いと連絡があっただけで、急に強くなったかは確認できていません。",True,False,False,3,0,0,is_sudden_severe,is_sudden_severe,Low,High,High
sudden_severe_3_0252,"Dispatcher: 急にひどい頭痛になった感じですか？
Caller: 今そばにいないので、突然だったのか痛みが強いのかまでは分かりません。",True,False,False,3,0,0,is_sudden_severe,is_sudden_severe,Low,High,High
sudden_severe_3_0253,"Dispatcher: 急にひどい頭痛になった感じですか？
Caller: 急にひどくなったかどうかは分かりません。",True,False,False,3,0,0,is_sudden_severe,is_sudden_severe,Low,High,Low
sudden_severe_3_0254,"Dispatcher: 頭の痛みは、突然起こった激しい痛みですか？
Caller: 本人と短く話しただけで、突然だったのか、かなり強い痛みなのかまでは確認できていません。",True,False,False,3,0,0,is_sudden_severe,is_sudden_severe,High,High,Low
sudden_severe_3_0255,"Dispatcher: 頭の痛みは、突然起こった激しい痛みですか？
Caller: 頭痛があることしか分からず、急に起きた強い痛みかどうかは不明です。",True,False,False,3,0,0,is_sudden_severe,is_sudden_severe,High,Low,Low
sudden_severe_0_0256,"Dispatcher: 普通に歩けているということでよいですか？
Caller: そこは見えていなくて、手足のしびれや動かしにくさがあるかはまだ分かりません。",True,False,False,0,0,0,is_sudden_severe,is_numbness,Low,Low,High
sudden_severe_0_0257,"Dispatcher: 体のどこかにしびれや力が入らない感じはありますか？
Caller: はい、父は左手がしびれてうまく持てないと言っています。",True,False,False,0,0,0,is_sudden_severe,is_numbness,Low,High,High
sudden_severe_0_0258,"Dispatcher: しびれや麻痺はありますか？
Caller: はい、母の右足がしびれて力が入りにくいです。",True,False,False,0,0,0,is_sudden_severe,is_numbness,Low,High,Low
sudden_severe_0_0259,"Dispatcher: 何か変わったことはありますか？
Caller: 頭が痛いと聞いただけで、普段と違う様子があるかは分かりません。",True,False,False,0,0,0,is_sudden_severe,is_behavior,Low,Low,Low
sudden_severe_0_0260,"Dispatcher: 手足のしびれや麻痺はありますか？
Caller: はい、弟は片方の腕がしびれて動かしにくいようです。",True,False,False,0,0,0,is_sudden_severe,is_numbness,High,Low,Low
sudden_severe_1_0261,"Dispatcher: 急にひどい頭痛になった感じですか？
Caller: はい、急に耐えられないくらい痛くなったみたいです。",True,False,False,1,0,0,is_sudden_severe,is_sudden_severe,Low,Low,Low
sudden_severe_1_0262,"Dispatcher: 急にひどい頭痛になった感じですか？
Caller: はい、さっき突然ものすごく痛いと言い出しました。",True,False,False,1,0,0,is_sudden_severe,is_sudden_severe,Low,Low,Low
sudden_severe_1_0263,"Dispatcher: 急にひどい頭痛になった感じですか？
Caller: はい、妻が突然頭を抱えて、今までで一番痛いくらい強いと言っています。",True,False,False,1,0,0,is_sudden_severe,is_sudden_severe,Low,High,Low
sudden_severe_1_0264,"Dispatcher: いつもの頭痛ではなく、急に強く出た感じですか？
Caller: はい、友人が歩いている途中で急に立ち止まって、我慢できないほど頭が痛いと言っています。",True,False,False,1,0,0,is_sudden_severe,is_sudden_severe,Low,High,High
sudden_severe_1_0265,"Dispatcher: 急にひどい頭痛になった感じですか？
Caller: はい、急に激しい痛みが来たと兄が言っています。",True,False,False,1,0,0,is_sudden_severe,is_sudden_severe,Low,Low,Low
sudden_severe_2_0266,"Dispatcher: 急にひどい頭痛になった感じですか？
Caller: いいえ、母は朝から少しずつ痛くなっていて、急に強くなったわけではありません。",True,False,False,2,0,0,is_sudden_severe,is_sudden_severe,Low,High,Low
sudden_severe_2_0267,"Dispatcher: 急にひどい頭痛になった感じですか？
Caller: いいえ、同僚は前から重い感じが続いていて、いきなり激痛になったのではないです。",True,False,False,2,0,0,is_sudden_severe,is_sudden_severe,Low,High,High
sudden_severe_2_0268,"Dispatcher: 急にひどい頭痛になった感じですか？
Caller: いいえ、急な激しい頭痛ではなさそうです。",True,False,False,2,0,0,is_sudden_severe,is_sudden_severe,Low,Low,High
sudden_severe_2_0269,"Dispatcher: 急にひどい頭痛になった感じですか？
Caller: いいえ、夫は夕方からだんだん痛くなってきたと言っていて、突然ではありません。",True,False,False,2,0,0,is_sudden_severe,is_sudden_severe,Low,High,High
sudden_severe_2_0270,"Dispatcher: 急にひどい頭痛になった感じですか？
Caller: いいえ、娘は前から鈍い痛みがあって、急に耐えられない痛さになったわけではないです。",True,False,False,2,0,0,is_sudden_severe,is_sudden_severe,Low,High,High
sudden_severe_3_0271,"Dispatcher: 頭の痛みは、突然起こった激しい痛みですか？
Caller: 頭が痛いとは聞いていますが、急に始まったのか、かなり強いのかまでは分かりません。",True,False,False,3,0,0,is_sudden_severe,is_sudden_severe,High,Low,Low
sudden_severe_3_0272,"Dispatcher: 頭の痛みは、突然起こった激しい痛みですか？
Caller: 職場の同僚からメッセージが来ただけで、その場を見ていないので、急な痛みかどうかも強さも確認できていません。",True,False,False,3,0,0,is_sudden_severe,is_sudden_severe,High,Low,High
sudden_severe_3_0273,"Dispatcher: 頭の痛みは、突然起こった激しい痛みですか？
Caller: 本人が頭痛いと言っているだけで、急にひどくなったのかどうかは分かりません。",True,False,False,3,0,0,is_sudden_severe,is_sudden_severe,High,Low,Low
sudden_severe_3_0274,"Dispatcher: いつもの軽い頭痛ということでよいですか？
Caller: いいえ、そこは確認できません。突然強く出たのか、いつもの頭痛なのかは分かりません。",True,False,False,3,0,0,is_sudden_severe,is_sudden_severe,Low,High,High
sudden_severe_3_0275,"Dispatcher: 頭の痛みは、突然起こった激しい痛みですか？
Caller: まだ本人とちゃんと話せていなくて、急に起きたのか痛みが強いのかは確認できていません。",True,False,False,3,0,0,is_sudden_severe,is_sudden_severe,High,Low,Low
sudden_severe_0_0276,"Dispatcher: 普段と違う振る舞いや様子はありますか？
Caller: 今は本人のそばにいないので、いつもと違う様子があるかは分かりません。",True,False,False,0,0,0,is_sudden_severe,is_behavior,High,Low,Low
sudden_severe_0_0277,"Dispatcher: 普通に手足は動かせていますか？
Caller: いいえ、右腕がしびれていて、うまく力が入らないと言っています。",True,False,False,0,0,0,is_sudden_severe,is_numbness,Low,High,Low
sudden_severe_0_0278,"Dispatcher: 手足のしびれや麻痺はありますか？
Caller: しびれも麻痺もなく、手足は普通に動いています。",True,False,False,0,0,0,is_sudden_severe,is_numbness,High,Low,Low
sudden_severe_0_0279,"Dispatcher: ぼんやりしているとか、返事がおかしいなど普段と違う様子はありますか？
Caller: いえ、受け答えは普段どおりで、変わった様子はありません。",True,False,False,0,0,0,is_sudden_severe,is_behavior,High,Low,High
sudden_severe_0_0280,"Dispatcher: 体の様子で気になることはありますか？
Caller: 頭が痛いとは聞きましたが、手足のしびれがあるかまではまだ分かりません。",True,False,False,0,0,0,is_sudden_severe,is_numbness,Low,Low,Low
sudden_severe_1_0281,"Dispatcher: 頭の痛みは、突然起こった激しい痛みですか？
Caller: はい、さっき急に頭を押さえて、今までで一番痛いくらい強いと言っています。",True,False,False,1,0,0,is_sudden_severe,is_sudden_severe,High,Low,High
sudden_severe_1_0282,"Dispatcher: さっきまで普通だったのに急にひどい頭痛になった感じですか？
Caller: はい、会話していた直後に突然うずくまって、我慢できないほど痛いと言っています。",True,False,False,1,0,0,is_sudden_severe,is_sudden_severe,Low,High,High
sudden_severe_1_0283,"Dispatcher: 激しい痛みが突然起こりましたか？
Caller: はい、急にものすごい頭痛が来たようです。",True,False,False,1,0,0,is_sudden_severe,is_sudden_severe,Low,Low,Low
sudden_severe_1_0284,"Dispatcher: 頭の痛みは、突然起こった激しい痛みですか？
Caller: はい、食事中に急に始まって、本人が耐えられないくらい強い痛みだと言っています。",True,False,False,1,0,0,is_sudden_severe,is_sudden_severe,High,High,High
sudden_severe_1_0285,"Dispatcher: 頭の痛みは、突然起こった激しい痛みですか？
Caller: はい、急に我慢できないほどの頭痛が出ました。",True,False,False,1,0,0,is_sudden_severe,is_sudden_severe,High,Low,Low
sudden_severe_2_0286,"Dispatcher: 頭の痛みは、突然起こった激しい痛みですか？
Caller: いいえ、朝から少しずつ痛くなってきたもので、急にひどくなったわけではありません。",True,False,False,2,0,0,is_sudden_severe,is_sudden_severe,High,High,High
sudden_severe_2_0287,"Dispatcher: 頭の痛みは、突然起こった激しい痛みですか？
Caller: いいえ、急にではなく、前からじわじわ痛んでいたようです。",True,False,False,2,0,0,is_sudden_severe,is_sudden_severe,High,Low,Low
sudden_severe_2_0288,"Dispatcher: いつもの軽い頭痛ということでよいですか？
Caller: はい、急に強く出た感じではなく、いつもの頭痛に近いと言っています。",True,False,False,2,0,0,is_sudden_severe,is_sudden_severe,Low,Low,High
sudden_severe_2_0289,"Dispatcher: いつもの軽い頭痛ということでよいですか？
Caller: はい、昼ごろから徐々に痛くなっただけで、突然の激しい痛みではありません。",True,False,False,2,0,0,is_sudden_severe,is_sudden_severe,Low,High,Low
sudden_severe_2_0290,"Dispatcher: さっき急に耐えられないほど痛くなった感じですか？
Caller: いいえ、急な痛みではなく、ずっと鈍く痛いと言っています。",True,False,False,2,0,0,is_sudden_severe,is_sudden_severe,Low,Low,High
sudden_severe_3_0291,"Dispatcher: いつもの軽い頭痛ということでよいですか？
Caller: そこは分かりません。急に強くなったのか、もともと軽かったのか確認できていません。",True,False,False,3,0,0,is_sudden_severe,is_sudden_severe,Low,High,Low
sudden_severe_3_0292,"Dispatcher: いつもの軽い頭痛ということでよいですか？
Caller: いいえ、まだ様子を見ていないので、突然の強い痛みかどうかは判断できません。",True,False,False,3,0,0,is_sudden_severe,is_sudden_severe,Low,High,Low
sudden_severe_3_0293,"Dispatcher: 頭の痛みは、突然起こった激しい痛みですか？
Caller: 本人から頭が痛いと連絡があっただけで、急に始まったのか強いのかは分かりません。",True,False,False,3,0,0,is_sudden_severe,is_sudden_severe,High,Low,Low
sudden_severe_3_0294,"Dispatcher: 頭の痛みは、突然起こった激しい痛みですか？
Caller: そこまでは聞けておらず、突然かどうかも痛みの程度も確認できていません。",True,False,False,3,0,0,is_sudden_severe,is_sudden_severe,High,Low,Low
sudden_severe_3_0295,"Dispatcher: 頭の痛みは、突然起こった激しい痛みですか？
Caller: 近くで見ていないので、急に起きた激しい頭痛なのかは分かりません。",True,False,False,3,0,0,is_sudden_severe,is_sudden_severe,High,High,Low
sudden_severe_0_0296,"Dispatcher: 手足のしびれや麻痺はありますか？
Caller: いいえ、両手両足とも普通に動いていて、しびれもないです。",True,False,False,0,0,0,is_sudden_severe,is_numbness,High,High,High
sudden_severe_0_0297,"Dispatcher: 片側の手足にしびれや動かしにくさがあるか見られますか？
Caller: 今は別の部屋にいて姿が見えないので、しびれや麻痺があるか確認できません。",True,False,False,0,0,0,is_sudden_severe,is_numbness,High,High,High
sudden_severe_0_0298,"Dispatcher: ぼんやりしている、返事がおかしいなど、普段と違う様子は見えますか？
Caller: はい、同じことを何度も聞き返していて、受け答えがいつもより明らかに変です。",True,False,False,0,0,0,is_sudden_severe,is_behavior,High,High,High
sudden_severe_0_0299,"Dispatcher: 手足のしびれや麻痺はありますか？
Caller: 友人から頭痛の連絡を受けただけで、手足の感覚や動きまではまだ確認できていません。",True,False,False,0,0,0,is_sudden_severe,is_numbness,High,Low,High
sudden_severe_0_0300,"Dispatcher: 片方の手足が動かしにくい感じはありますか？
Caller: はい、左足がしびれていて、立とうとしても力が入りにくいようです。",True,False,False,0,0,0,is_sudden_severe,is_numbness,Low,High,High
sudden_severe_1_0301,"Dispatcher: 頭の痛みは、突然起こった激しい痛みですか？
Caller: はい、夫がさっき急に頭を押さえて、今までにないくらい激しく痛むと言っています。",True,False,False,1,0,0,is_sudden_severe,is_sudden_severe,High,Low,High
sudden_severe_1_0302,"Dispatcher: いつもの頭痛ではなく、急にひどくなった感じですか？
Caller: はい、同僚が会議中にいきなり頭が割れるように痛いと言ってうずくまりました。",True,False,False,1,0,0,is_sudden_severe,is_sudden_severe,Low,High,High
sudden_severe_1_0303,"Dispatcher: さっきまで普通だったのに、急に耐えられない頭痛が出た感じですか？
Caller: はい、母が食事中に突然ものすごい頭痛が来たと言って、その場で動けなくなりました。",True,False,False,1,0,0,is_sudden_severe,is_sudden_severe,Low,High,High
sudden_severe_1_0304,"Dispatcher: 急に強い頭痛が始まったということですか？
Caller: はい、友人が散歩中にいきなり我慢できないほど痛いと言い出しました。",True,False,False,1,0,0,is_sudden_severe,is_sudden_severe,Low,High,High
sudden_severe_1_0305,"Dispatcher: 激しい痛みが突然起こりましたか？
Caller: はい、急にひどい頭痛が出ています。",True,False,False,1,0,0,is_sudden_severe,is_sudden_severe,Low,Low,Low
sudden_severe_2_0306,"Dispatcher: 頭の痛みは、突然起こった激しい痛みですか？
Caller: いいえ、朝から少しずつ痛くなってきたようで、急にひどくなったわけではありません。",True,False,False,2,0,0,is_sudden_severe,is_sudden_severe,High,Low,High
sudden_severe_2_0307,"Dispatcher: 頭の痛みは、突然起こった激しい痛みですか？
Caller: いいえ、急にではないです。",True,False,False,2,0,0,is_sudden_severe,is_sudden_severe,High,Low,Low
sudden_severe_2_0308,"Dispatcher: 頭の痛みは、突然起こった激しい痛みですか？
Caller: いいえ、娘は昨日から重い感じが続いていて、突然の強い痛みではありません。",True,False,False,2,0,0,is_sudden_severe,is_sudden_severe,High,High,Low
sudden_severe_2_0309,"Dispatcher: いきなり我慢できないほど痛くなった感じですか？
Caller: いいえ、弟は前からじわじわ痛いと言っていて、急な感じではないです。",True,False,False,2,0,0,is_sudden_severe,is_sudden_severe,Low,Low,High
sudden_severe_2_0310,"Dispatcher: さっき急にひどい頭痛が出たんですか？
Caller: いいえ、前から少し痛がっていました。",True,False,False,2,0,0,is_sudden_severe,is_sudden_severe,Low,Low,High
sudden_severe_3_0311,"Dispatcher: 頭の痛みは、突然起こった激しい痛みですか？
Caller: すみません、本人から頭が痛いと連絡があっただけで、急に強く出たのかまでは分かりません。",True,False,False,3,0,0,is_sudden_severe,is_sudden_severe,High,Low,High
sudden_severe_3_0312,"Dispatcher: 頭の痛みは、突然起こった激しい痛みですか？
Caller: 今そばにいないので、突然だったか、どれほど強いかは確認できません。",True,False,False,3,0,0,is_sudden_severe,is_sudden_severe,High,High,Low
sudden_severe_3_0313,"Dispatcher: 激しい痛みが急に出た感じですか？
Caller: そこまでは分かりません。",True,False,False,3,0,0,is_sudden_severe,is_sudden_severe,Low,Low,Low
sudden_severe_3_0314,"Dispatcher: いつもの頭痛ではなく、急にひどくなった感じですか？
Caller: 電話で聞いただけなので、始まり方や痛みの強さまでは確認できていません。",True,False,False,3,0,0,is_sudden_severe,is_sudden_severe,Low,Low,High
sudden_severe_3_0315,"Dispatcher: 頭の痛みは、突然起こった激しい痛みですか？
Caller: 近くにいないため、急に起きた強い頭痛かどうかは分かりません。",True,False,False,3,0,0,is_sudden_severe,is_sudden_severe,High,High,Low
sudden_severe_0_0316,"Dispatcher: 普段と違う様子はありますか？
Caller: いいえ、受け答えも普段どおりで、変わった振る舞いはありません。",True,False,False,0,0,0,is_sudden_severe,is_behavior,Low,High,Low
sudden_severe_0_0317,"Dispatcher: 何かいつもと違う行動をしていますか？
Caller: いいえ、妻は頭痛はありますが、話し方も動き方も普段と変わりません。",True,False,False,0,0,0,is_sudden_severe,is_behavior,Low,Low,High
sudden_severe_0_0318,"Dispatcher: しびれや麻痺はありますか？
Caller: それはまだ分かりません。",True,False,False,0,0,0,is_sudden_severe,is_numbness,Low,Low,Low
sudden_severe_0_0319,"Dispatcher: どこか片側が動かしにくいとか、しびれている様子はありますか？
Caller: はい、父が右手に力が入らないと言っていて、右足もしびれるようです。",True,False,False,0,0,0,is_sudden_severe,is_numbness,Low,High,High
sudden_severe_0_0320,"Dispatcher: 手足のしびれや麻痺はありますか？
Caller: 別室にいて姿が見えないので、しびれや麻痺があるかは確認できません。",True,False,False,0,0,0,is_sudden_severe,is_numbness,Low,High,Low
sudden_severe_1_0321,"Dispatcher: 頭の痛みは、突然起こった激しい痛みですか？
Caller: はい、兄が入浴中に急に頭が爆発するみたいに痛いと言って出てきました。",True,False,False,1,0,0,is_sudden_severe,is_sudden_severe,High,Low,High
sudden_severe_1_0322,"Dispatcher: 急にひどい頭痛が出た感じですか？
Caller: はい、急に耐えられない痛みになっています。",True,False,False,1,0,0,is_sudden_severe,is_sudden_severe,Low,Low,Low
sudden_severe_1_0323,"Dispatcher: 頭の痛みは、突然起こった激しい痛みですか？
Caller: はい、急にものすごい頭痛が出たようです。",True,False,False,1,0,0,is_sudden_severe,is_sudden_severe,High,Low,Low
sudden_severe_1_0324,"Dispatcher: いきなり強い頭痛になったということですか？
Caller: はい、同居人がテレビを見ていたら急に今までで一番痛いと言って倒れ込みました。",True,False,False,1,0,0,is_sudden_severe,is_sudden_severe,Low,High,High
sudden_severe_1_0325,"Dispatcher: 頭の痛みは、突然起こった激しい痛みですか？
Caller: はい、娘が勉強中に急に我慢できないくらい痛いと言って泣き出しました。",True,False,False,1,0,0,is_sudden_severe,is_sudden_severe,High,Low,High
sudden_severe_2_0326,"Dispatcher: 頭の痛みは、突然起こった激しい痛みですか？
Caller: いいえ、昼ごろから徐々に痛みが増したようで、急にではありません。",True,False,False,2,0,0,is_sudden_severe,is_sudden_severe,High,Low,Low
sudden_severe_2_0327,"Dispatcher: 頭の痛みは、突然起こった激しい痛みですか？
Caller: いいえ、父は前から鈍い痛みが続いていると言っていて、急激なものではないです。",True,False,False,2,0,0,is_sudden_severe,is_sudden_severe,High,Low,High
sudden_severe_2_0328,"Dispatcher: 急にひどくなった感じですか？
Caller: いいえ、妹は朝から少しずつ痛くなっていて、突然ではありません。",True,False,False,2,0,0,is_sudden_severe,is_sudden_severe,Low,High,Low
sudden_severe_2_0329,"Dispatcher: 頭の痛みは、突然起こった激しい痛みですか？
Caller: いいえ、友人は昨夜から重だるい頭痛が続いているだけで、急に激しくなったわけではありません。",True,False,False,2,0,0,is_sudden_severe,is_sudden_severe,High,High,Low
sudden_severe_2_0330,"Dispatcher: いきなり耐えられないほどの頭痛でしたか？
Caller: いいえ、そこまで急ではないです。",True,False,False,2,0,0,is_sudden_severe,is_sudden_severe,Low,Low,Low
sudden_severe_3_0331,"Dispatcher: 頭の痛みは、突然起こった激しい痛みですか？
Caller: 職場から連絡を受けただけで、急に始まったのかも、どれくらい強いのかもまだ確認できていません。",True,False,False,3,0,0,is_sudden_severe,is_sudden_severe,High,High,High
sudden_severe_3_0332,"Dispatcher: いつもの頭痛ではなく、急にひどくなった感じですか？
Caller: そこが分からなくて、本人は頭が痛いとしか言っていません。",True,False,False,3,0,0,is_sudden_severe,is_sudden_severe,Low,High,High
sudden_severe_3_0333,"Dispatcher: さっきまで普通だったのに、急に強い頭痛が出た様子はありますか？
Caller: 友人からメッセージが来ただけなので、急に起きたのか、強い痛みなのかまでは把握できていません。",True,False,False,3,0,0,is_sudden_severe,is_sudden_severe,High,High,High
sudden_severe_3_0334,"Dispatcher: 軽い頭痛ではなさそうですか？
Caller: 頭痛があること以外は分かりません。",True,False,False,3,0,0,is_sudden_severe,is_sudden_severe,Low,Low,Low
sudden_severe_3_0335,"Dispatcher: 激しい痛みが急に出ましたか？
Caller: それは確認できていません。",True,False,False,3,0,0,is_sudden_severe,is_sudden_severe,Low,High,Low
sudden_severe_0_0336,"Dispatcher: 体の動きでおかしいところはありますか？
Caller: 同僚は左腕がしびれて、コップも持ちにくいと言っています。",True,False,False,0,0,0,is_sudden_severe,is_numbness,Low,Low,High
sudden_severe_0_0337,"Dispatcher: ぼんやりしている、返事がおかしいなど、普段と違う様子はありますか？
Caller: いいえ、夫は受け答えもしっかりしていて、いつもと変わった様子はありません。",True,False,False,0,0,0,is_sudden_severe,is_behavior,High,High,High
sudden_severe_0_0338,"Dispatcher: 何か変わった様子はありますか？
Caller: いいえ、特に普段と変わりません。",True,False,False,0,0,0,is_sudden_severe,is_behavior,Low,Low,Low
sudden_severe_0_0339,"Dispatcher: 普段と違う振る舞いや様子はありますか？
Caller: はい、母は質問しても話がかみ合わず、落ち着かない様子です。",True,False,False,0,0,0,is_sudden_severe,is_behavior,High,High,Low
sudden_severe_0_0340,"Dispatcher: しびれはありますか？
Caller: はい、右足にしびれがあって力も入りにくいようです。",True,False,False,0,0,0,is_sudden_severe,is_numbness,Low,Low,Low
sudden_severe_1_0341,"Dispatcher: いつもの頭痛ではなく、急にものすごく痛くなった感じですか？
Caller: はい、兄が急に頭を押さえて、今までで一番ひどい痛みだと言っています。",True,False,False,1,0,0,is_sudden_severe,is_sudden_severe,Low,High,High
sudden_severe_1_0342,"Dispatcher: 頭の痛みは、突然起こった激しい痛みですか？
Caller: 妻がさっき急にうずくまって、ひどい頭痛だと言い出しました。",True,False,False,1,0,0,is_sudden_severe,is_sudden_severe,High,Low,High
sudden_severe_1_0343,"Dispatcher: 頭の痛みは、突然起こった激しい痛みですか？
Caller: はい、急にすごく痛くなったようです。",True,False,False,1,0,0,is_sudden_severe,is_sudden_severe,High,Low,Low
sudden_severe_1_0344,"Dispatcher: いきなり我慢できないほどの頭痛になったんですか？
Caller: はい、同僚が突然頭を抱えて、その場にしゃがみ込むほどの強い痛みでした。",True,False,False,1,0,0,is_sudden_severe,is_sudden_severe,Low,High,High
sudden_severe_1_0345,"Dispatcher: 急に強い頭痛が出た感じですか？
Caller: ええ、さっきから急にひどい痛みだと訴えています。",True,False,False,1,0,0,is_sudden_severe,is_sudden_severe,Low,Low,High
sudden_severe_2_0346,"Dispatcher: 頭の痛みは、突然起こった激しい痛みですか？
Caller: いいえ、朝から少しずつ痛くなってきたようで、急にひどくなったわけではありません。",True,False,False,2,0,0,is_sudden_severe,is_sudden_severe,High,Low,High
sudden_severe_2_0347,"Dispatcher: 急に強い頭痛が出ましたか？
Caller: いいえ、徐々に痛くなっていて突然ではありません。",True,False,False,2,0,0,is_sudden_severe,is_sudden_severe,Low,High,Low
sudden_severe_2_0348,"Dispatcher: さっき急に耐えられないほど頭が痛くなった感じですか？
Caller: いいえ、昼ごろから重い感じが続いていて、急に激しくなった様子ではないです。",True,False,False,2,0,0,is_sudden_severe,is_sudden_severe,High,Low,High
sudden_severe_2_0349,"Dispatcher: 激しい痛みが突然起こりましたか？
Caller: いいえ、急な痛みではありません。",True,False,False,2,0,0,is_sudden_severe,is_sudden_severe,Low,High,Low
sudden_severe_2_0350,"Dispatcher: いつもの軽い頭痛ではなさそうですか？
Caller: いえ、急にひどくなった感じではないです。",True,False,False,2,0,0,is_sudden_severe,is_sudden_severe,Low,Low,Low
sudden_severe_3_0351,"Dispatcher: 急に強い頭痛が出ましたか？
Caller: それはまだ分かりません。",True,False,False,3,0,0,is_sudden_severe,is_sudden_severe,Low,High,Low
sudden_severe_3_0352,"Dispatcher: 頭の痛みは、突然起こった激しい痛みですか？
Caller: 娘から頭痛がすると連絡はありましたが、急だったのか、どの程度強いのかまでは聞けていません。",True,False,False,3,0,0,is_sudden_severe,is_sudden_severe,High,Low,High
sudden_severe_3_0353,"Dispatcher: いつもの頭痛ではない感じですか？
Caller: 私も伝言で聞いただけで、始まり方や強さは分かっていません。",True,False,False,3,0,0,is_sudden_severe,is_sudden_severe,Low,Low,High
sudden_severe_3_0354,"Dispatcher: いきなり我慢できないほどの頭痛か分かりますか？
Caller: まだ本人と直接話せていないので、突然なのか激しいのかは確認できません。",True,False,False,3,0,0,is_sudden_severe,is_sudden_severe,Low,High,High
sudden_severe_3_0355,"Dispatcher: 急にひどい頭痛になったんですか？
Caller: そこまでは聞けていなくて、頭が痛いということしか分かりません。",True,False,False,3,0,0,is_sudden_severe,is_sudden_severe,Low,Low,High
sudden_severe_0_0356,"Dispatcher: しびれや麻痺はありますか？
Caller: いいえ、手足のしびれはないようです。",True,False,False,0,0,0,is_sudden_severe,is_numbness,Low,Low,Low
sudden_severe_0_0357,"Dispatcher: 片側の手足にしびれや動かしにくさはありますか？
Caller: いいえ、父は両手両足とも普通に動かせていて、しびれも訴えていません。",True,False,False,0,0,0,is_sudden_severe,is_numbness,High,High,High
sudden_severe_0_0358,"Dispatcher: 手足の様子で気になることはありますか？
Caller: 弟は右手の感覚が鈍いと言っていて、うまく力も入らないみたいです。",True,False,False,0,0,0,is_sudden_severe,is_numbness,Low,High,High
sudden_severe_0_0359,"Dispatcher: しびれや麻痺はありますか？
Caller: 本人が別の部屋にいて見えていないので、手足のしびれがあるかは分かりません。",True,False,False,0,0,0,is_sudden_severe,is_numbness,Low,High,High
sudden_severe_0_0360,"Dispatcher: 普段と違う振る舞いや様子はありますか？
Caller: 今は電話で聞いただけで、いつもと違う様子があるかどうかは確認できません。",True,False,False,0,0,0,is_sudden_severe,is_behavior,High,High,Low
sudden_severe_1_0361,"Dispatcher: いきなりひどい頭痛が来た感じですか？
Caller: はい、夫が急に頭を押さえて、我慢できないくらい痛いと言っています。",True,False,False,1,0,0,is_sudden_severe,is_sudden_severe,Low,Low,Low
sudden_severe_1_0362,"Dispatcher: 頭の痛みは、突然起こった激しい痛みですか？
Caller: はい、同僚がさっきまで普通に話していたのに、急に割れるみたいに痛いと言い出しました。",True,False,False,1,0,0,is_sudden_severe,is_sudden_severe,High,Low,High
sudden_severe_1_0363,"Dispatcher: 急に強い頭痛が出たんですか？
Caller: はい、母が突然ひどく痛いと言ってうずくまっています。",True,False,False,1,0,0,is_sudden_severe,is_sudden_severe,Low,Low,Low
sudden_severe_1_0364,"Dispatcher: いきなりひどい頭痛が来た感じですか？
Caller: はい、弟はさっき急に頭が割れるほど痛いと言って、その場にしゃがみ込みました。",True,False,False,1,0,0,is_sudden_severe,is_sudden_severe,Low,High,Low
sudden_severe_1_0365,"Dispatcher: 頭の痛みは、突然起こった激しい痛みですか？
Caller: はい、父が急に耐えられないくらい頭が痛いと言っています。",True,False,False,1,0,0,is_sudden_severe,is_sudden_severe,High,Low,Low
sudden_severe_2_0366,"Dispatcher: いつもの軽い頭痛ということでよいですか？
Caller: いいえ、急にではなく朝から少しずつ痛くなっていて、我慢できないほどではありません。",True,False,False,2,0,0,is_sudden_severe,is_sudden_severe,Low,High,High
sudden_severe_2_0367,"Dispatcher: いきなりひどい頭痛が来た感じですか？
Caller: いいえ、友人はさっきからじわじわ痛くなってきたと言っていて、突然ではないです。",True,False,False,2,0,0,is_sudden_severe,is_sudden_severe,Low,Low,High
sudden_severe_2_0368,"Dispatcher: 頭の痛みは、突然起こった激しい痛みですか？
Caller: いいえ、急にではなく、前から続いている頭痛です。",True,False,False,2,0,0,is_sudden_severe,is_sudden_severe,High,Low,Low
sudden_severe_2_0369,"Dispatcher: 頭の痛みは、突然起こった激しい痛みですか？
Caller: いいえ、妻は昼頃から重い感じが続いているだけで、急に強くなったわけではありません。",True,False,False,2,0,0,is_sudden_severe,is_sudden_severe,High,Low,High
sudden_severe_2_0370,"Dispatcher: 急に強い頭痛が出たんですか？
Caller: いいえ、娘は部活のあとから少し痛いと言っていて、いきなり激しくなった感じではないです。",True,False,False,2,0,0,is_sudden_severe,is_sudden_severe,Low,Low,High
sudden_severe_3_0371,"Dispatcher: 頭の痛みは、突然起こった激しい痛みですか？
Caller: 兄から頭痛がすると連絡は来たんですが、急に始まったのか強いのかまではまだ分かりません。",True,False,False,3,0,0,is_sudden_severe,is_sudden_severe,High,Low,High
sudden_severe_3_0372,"Dispatcher: いつもの軽い頭痛ということでよいですか？
Caller: 近くにいないので、急に強くなったのか、いつもの頭痛なのかは確認できません。",True,False,False,3,0,0,is_sudden_severe,is_sudden_severe,Low,High,High
sudden_severe_3_0373,"Dispatcher: 頭の痛みは、急に出た強い痛みか確認できますか？
Caller: いいえ、本人から頭が痛いとだけ聞いていて、突然なのか激しいのかは確認できません。",True,False,False,3,0,0,is_sudden_severe,is_sudden_severe,High,High,Low
sudden_severe_3_0374,"Dispatcher: いきなりひどい頭痛が来た感じですか？
Caller: そこはまだ分かりません。頭が痛いとは言っていますが、急にかどうかは確認できていません。",True,False,False,3,0,0,is_sudden_severe,is_sudden_severe,Low,High,Low
sudden_severe_3_0375,"Dispatcher: 急に強い頭痛が出たんですか？
Caller: 分かりません、本人が別の部屋にいて痛いと言っているだけです。",True,False,False,3,0,0,is_sudden_severe,is_sudden_severe,Low,Low,Low
sudden_severe_0_0376,"Dispatcher: 何かいつもと違う様子はありますか？
Caller: はい、同僚が質問にうまく答えられず、さっきから落ち着きなく同じことを繰り返しています。",True,False,False,0,0,0,is_sudden_severe,is_behavior,Low,Low,High
sudden_severe_0_0377,"Dispatcher: いつもと違う振る舞いはありますか？
Caller: いいえ、母は受け答えもしっかりしていて、普段と変わった様子はありません。",True,False,False,0,0,0,is_sudden_severe,is_behavior,Low,High,Low
sudden_severe_0_0378,"Dispatcher: 手足のしびれや麻痺はありますか？
Caller: いいえ、姉は手足を普通に動かせていますし、しびれもないと言っています。",True,False,False,0,0,0,is_sudden_severe,is_numbness,High,Low,High
sudden_severe_0_0379,"Dispatcher: 体の様子で気になることはありますか？
Caller: 頭痛はありますが、友人は手足のしびれや動かしにくさはないそうです。",True,False,False,0,0,0,is_sudden_severe,is_numbness,Low,Low,High
sudden_severe_0_0380,"Dispatcher: しびれや麻痺はありますか？
Caller: それは分かりません、電話で頭が痛いと聞いただけで手足のことまでは確認できていません。",True,False,False,0,0,0,is_sudden_severe,is_numbness,Low,Low,High
sudden_severe_1_0381,"Dispatcher: いきなりひどい頭痛が来た感じですか？
Caller: はい、父が食事中に急に頭を抱えて、耐えられない痛みだと言いました。",True,False,False,1,0,0,is_sudden_severe,is_sudden_severe,Low,Low,High
sudden_severe_1_0382,"Dispatcher: 急に強い頭痛が出たんですか？
Caller: はい、同僚が会議中に突然ものすごく痛いと言って席を立てなくなりました。",True,False,False,1,0,0,is_sudden_severe,is_sudden_severe,Low,Low,High
sudden_severe_1_0383,"Dispatcher: 頭の痛みは、突然起こった激しい痛みですか？
Caller: はい、妻が急に今までで一番ひどい頭痛だと言っています。",True,False,False,1,0,0,is_sudden_severe,is_sudden_severe,High,Low,Low
sudden_severe_1_0384,"Dispatcher: 頭の痛みは、突然起こった激しい痛みですか？
Caller: はい、息子が入浴中に突然叫んで出てきて、頭が割れるほど痛いと訴えています。",True,False,False,1,0,0,is_sudden_severe,is_sudden_severe,High,High,High
sudden_severe_1_0385,"Dispatcher: 頭の痛みは、突然起こった激しい痛みですか？
Caller: はい、母がさっき急に頭を押さえて、我慢できないくらい痛いとはっきり言っています。",True,False,False,1,0,0,is_sudden_severe,is_sudden_severe,High,High,Low
sudden_severe_2_0386,"Dispatcher: 頭の痛みは、突然起こった激しい痛みですか？
Caller: いいえ、夫は昨日から同じような痛みが続いていて、突然始まった激しい頭痛ではありません。",True,False,False,2,0,0,is_sudden_severe,is_sudden_severe,High,High,Low
sudden_severe_2_0387,"Dispatcher: 頭の痛みは、突然起こった激しい痛みですか？
Caller: いいえ、父は朝から少しずつ痛くなったと言っていて、いきなりではないです。",True,False,False,2,0,0,is_sudden_severe,is_sudden_severe,High,Low,High
sudden_severe_2_0388,"Dispatcher: 頭の痛みは、突然起こった激しい痛みですか？
Caller: いいえ、友人は仕事中からじわじわ痛みが増しただけで、突然の激痛ではないと話しています。",True,False,False,2,0,0,is_sudden_severe,is_sudden_severe,High,High,High
sudden_severe_2_0389,"Dispatcher: いきなりひどい頭痛が来た感じですか？
Caller: いいえ、弟は前から重たい感じがすると言っていて、急にひどくなったわけではありません。",True,False,False,2,0,0,is_sudden_severe,is_sudden_severe,Low,High,Low
sudden_severe_2_0390,"Dispatcher: 急に強い頭痛が出たんですか？
Caller: いいえ、妻は数時間前から少しずつ痛みが増していて、突然の激しい頭痛ではないです。",True,False,False,2,0,0,is_sudden_severe,is_sudden_severe,Low,High,Low
sudden_severe_3_0391,"Dispatcher: いつもの頭痛みたいな感じですか？
Caller: それが、同僚から頭が痛いと連絡があっただけで、急に強くなったのかは分からないんです。",True,False,False,3,0,0,is_sudden_severe,is_sudden_severe,Low,Low,High
sudden_severe_3_0392,"Dispatcher: 頭の痛みは、突然起こった激しい痛みですか？
Caller: 本人のそばにいないので、急に始まったのか強い痛みなのかは確認できていません。",True,False,False,3,0,0,is_sudden_severe,is_sudden_severe,High,Low,Low
sudden_severe_3_0393,"Dispatcher: 頭の痛みは、突然起こった激しい痛みですか？
Caller: 家族から頭痛がすると聞いただけで、突然かどうかや痛みの強さまでは分かりません。",True,False,False,3,0,0,is_sudden_severe,is_sudden_severe,High,Low,Low
sudden_severe_3_0394,"Dispatcher: 急にひどく痛くなった感じですか？
Caller: そこまでは聞けておらず、急だったのかどうか分かりません。",True,False,False,3,0,0,is_sudden_severe,is_sudden_severe,Low,Low,Low
sudden_severe_3_0395,"Dispatcher: さっきまで普通だったのに、急に我慢できないほど頭が痛くなった感じですか？
Caller: 友人からメッセージで頭痛とだけ来ていて、急に激しくなったのかは確認できません。",True,False,False,3,0,0,is_sudden_severe,is_sudden_severe,Low,High,High
sudden_severe_0_0396,"Dispatcher: 普段と違う振る舞いや様子はありますか？
Caller: 妻を見ていますが、受け答えも行動もいつも通りで、特に変わった様子はありません。",True,False,False,0,0,0,is_sudden_severe,is_behavior,High,Low,High
sudden_severe_0_0397,"Dispatcher: 手足のしびれや麻痺はありますか？
Caller: はい、父は右腕がしびれていて、うまく力が入らないと言っています。",True,False,False,0,0,0,is_sudden_severe,is_numbness,High,High,Low
sudden_severe_0_0398,"Dispatcher: いつもと比べて様子は変ですか？
Caller: 弟なんですが、質問しても話がかみ合わず、落ち着きなく同じことを繰り返しています。",True,False,False,0,0,0,is_sudden_severe,is_behavior,Low,Low,High
sudden_severe_0_0399,"Dispatcher: 手足のしびれや麻痺はありますか？
Caller: いいえ、しびれも麻痺もなく、手足は普通に動かせています。",True,False,False,0,0,0,is_sudden_severe,is_numbness,High,Low,Low
sudden_severe_0_0400,"Dispatcher: 手足のしびれや麻痺はありますか？
Caller: いいえ、しびれや動かしにくさはないようです。",True,False,False,0,0,0,is_sudden_severe,is_numbness,High,Low,Low
sudden_severe_1_0401,"Dispatcher: 頭の痛みは、突然起こった激しい痛みですか？
Caller: はい、夫が急に頭を押さえて、今までで一番痛いくらい強いと言っています。",True,False,False,1,0,0,is_sudden_severe,is_sudden_severe,High,Low,High
sudden_severe_1_0402,"Dispatcher: さっきまで普通だったのに、急に強い頭痛が出た感じですか？
Caller: はい、母はさっきまで普通に話していたのに、突然ひどい頭痛だと言ってうずくまりました。",True,False,False,1,0,0,is_sudden_severe,is_sudden_severe,High,Low,High
sudden_severe_1_0403,"Dispatcher: いつもの頭痛ではなく、急に来たものですか？
Caller: 同僚が急に頭を抱えて、我慢できないくらい痛いと言っているので、いつもの感じではないです。",True,False,False,1,0,0,is_sudden_severe,is_sudden_severe,Low,High,High
sudden_severe_1_0404,"Dispatcher: 頭の痛みは、突然起こった激しい痛みですか？
Caller: はい、急に始まって、すごく強い痛みだと本人が言っています。",True,False,False,1,0,0,is_sudden_severe,is_sudden_severe,High,Low,Low
sudden_severe_1_0405,"Dispatcher: 頭の痛みは、突然起こった激しい痛みですか？
Caller: はい、娘が突然泣き出して、耐えられないほど頭が痛いと言っています。",True,False,False,1,0,0,is_sudden_severe,is_sudden_severe,High,Low,Low
sudden_severe_2_0406,"Dispatcher: 頭の痛みは、突然起こった激しい痛みですか？
Caller: いいえ、朝から少しずつ痛くなってきたようで、急にひどくなったわけではありません。",True,False,False,2,0,0,is_sudden_severe,is_sudden_severe,High,High,High
sudden_severe_2_0407,"Dispatcher: いきなり我慢できないような頭痛でしたか？
Caller: いや、友人は昼前からじわじわ痛くなってきたと言っていて、突然ではないです。",True,False,False,2,0,0,is_sudden_severe,is_sudden_severe,Low,High,High
sudden_severe_2_0408,"Dispatcher: 急にひどい頭痛が来た感じですか？
Caller: いいえ、だんだん痛くなってきただけで、急な強い痛みではありません。",True,False,False,2,0,0,is_sudden_severe,is_sudden_severe,Low,High,Low
sudden_severe_2_0409,"Dispatcher: 頭の痛みは、突然起こった激しい痛みですか？
Caller: いいえ、姉は前から重い感じが続いていて、急に始まったひどい痛みではないです。",True,False,False,2,0,0,is_sudden_severe,is_sudden_severe,High,Low,High
sudden_severe_2_0410,"Dispatcher: 頭の痛みは、突然起こった激しい痛みですか？
Caller: いいえ、本人は昨日から少しずつ痛くなっていて、突然の激痛ではないと言っています。",True,False,False,2,0,0,is_sudden_severe,is_sudden_severe,High,High,Low
sudden_severe_3_0411,"Dispatcher: いつもの頭痛と同じ感じですか？
Caller: 息子から頭痛の連絡だけで、急にひどくなったのか、いつもの範囲なのかは確認できていません。",True,False,False,3,0,0,is_sudden_severe,is_sudden_severe,Low,High,High
sudden_severe_3_0412,"Dispatcher: いきなり強い頭痛になったんでしょうか？
Caller: 隣の部屋にいる祖母が頭痛を訴えているのは分かりますが、始まり方や強さまではまだ確認できていません。",True,False,False,3,0,0,is_sudden_severe,is_sudden_severe,Low,High,High
sudden_severe_3_0413,"Dispatcher: 頭の痛みは、突然起こった激しい痛みですか？
Caller: まだ本人と十分に話せておらず、急に起きたのか強い痛みなのかは分かりません。",True,False,False,3,0,0,is_sudden_severe,is_sudden_severe,High,Low,Low
sudden_severe_3_0414,"Dispatcher: 頭の痛みは、突然起こった激しい痛みですか？
Caller: 夫から頭が痛いとだけ電話があって、急だったのか、ひどい痛みなのかまでは聞けていません。",True,False,False,3,0,0,is_sudden_severe,is_sudden_severe,High,Low,High
sudden_severe_3_0415,"Dispatcher: 軽い頭痛ではなく急に強くなった感じですか？
Caller: 職場の後輩が頭痛を訴えていますが、私が来た時にはもう痛がっていて、急に始まったかは分かりません。",True,False,False,3,0,0,is_sudden_severe,is_sudden_severe,Low,High,High
sudden_severe_0_0416,"Dispatcher: 何か様子がおかしいとか、普段と違う行動はありますか？
Caller: 兄は頭痛はありますが、会話もしっかりしていて行動も普段通りです。",True,False,False,0,0,0,is_sudden_severe,is_behavior,Low,High,High
sudden_severe_0_0417,"Dispatcher: 普段と違う振る舞いや様子はありますか？
Caller: 今は電話で聞いただけなので、いつもと違う様子があるかは分かりません。",True,False,False,0,0,0,is_sudden_severe,is_behavior,High,Low,Low
sudden_severe_0_0418,"Dispatcher: ぼんやりしているとか、受け答えが変など、普段と違う様子はありますか？
Caller: はい、母がこちらの質問にうまく答えられず、急に意味の通らないことを話しています。",True,False,False,0,0,0,is_sudden_severe,is_behavior,High,Low,High
sudden_severe_0_0419,"Dispatcher: 手足のしびれや麻痺はありますか？
Caller: いいえ、腕も足も普通に動いていて、しびれはないと言っています。",True,False,False,0,0,0,is_sudden_severe,is_numbness,High,Low,High
sudden_severe_0_0420,"Dispatcher: 何か変わった様子はありますか？
Caller: 頭痛があること以外はまだ分からず、普段と違う振る舞いがあるかは確認できていません。",True,False,False,0,0,0,is_sudden_severe,is_behavior,Low,High,Low
sudden_severe_1_0421,"Dispatcher: さっきまで普通だったのに、急に我慢できないほどの強い頭痛が始まった感じですか？
Caller: はい、同僚が急に頭を押さえて、今までで一番ひどい痛みだと言っています。",True,False,False,1,0,0,is_sudden_severe,is_sudden_severe,High,High,High
sudden_severe_1_0422,"Dispatcher: いつもの頭痛ではなく、急にものすごく強く痛くなった感じですか？
Caller: はい、急に耐えられないくらい強い頭痛が来たと家族が言っています。",True,False,False,1,0,0,is_sudden_severe,is_sudden_severe,Low,High,Low
sudden_severe_1_0423,"Dispatcher: 頭の痛みは、突然起こった激しい痛みですか？
Caller: はい、友人が会話の途中で急にうずくまって、我慢できないほど頭が痛いと言い出しました。",True,False,False,1,0,0,is_sudden_severe,is_sudden_severe,High,High,High
sudden_severe_1_0424,"Dispatcher: 頭痛は急に強く出ましたか？
Caller: はい、急にひどく痛くなったそうです。",True,False,False,1,0,0,is_sudden_severe,is_sudden_severe,High,Low,Low
sudden_severe_1_0425,"Dispatcher: いつもの軽い頭痛ということでよいですか？
Caller: いいえ、急にかなり強い痛みが来たみたいです。",True,False,False,1,0,0,is_sudden_severe,is_sudden_severe,Low,Low,Low
sudden_severe_2_0426,"Dispatcher: 頭の痛みは、突然起こった激しい痛みですか？
Caller: いいえ、朝から少しずつ痛くなってきたようで、急にひどくなったわけではありません。",True,False,False,2,0,0,is_sudden_severe,is_sudden_severe,High,High,Low
sudden_severe_2_0427,"Dispatcher: いつもの軽い頭痛ということでよいですか？
Caller: はい、夫は急にではなく、だんだん痛くなってきたと言っています。",True,False,False,2,0,0,is_sudden_severe,is_sudden_severe,Low,High,Low
sudden_severe_2_0428,"Dispatcher: いきなり耐えられないほど痛くなった感じですか？
Caller: いいえ、急ではなく、昼ごろからじわじわ痛んでいます。",True,False,False,2,0,0,is_sudden_severe,is_sudden_severe,Low,High,Low
sudden_severe_2_0429,"Dispatcher: いつもの軽い頭痛ということでよいですか？
Caller: だんだん痛くなった感じで、突然ではないです。",True,False,False,2,0,0,is_sudden_severe,is_sudden_severe,Low,Low,Low
sudden_severe_2_0430,"Dispatcher: さっき急に激しい頭痛が来たんですか？
Caller: 友人の話では、急にではなく前から重い感じが続いていたそうです。",True,False,False,2,0,0,is_sudden_severe,is_sudden_severe,Low,Low,High
sudden_severe_3_0431,"Dispatcher: いつもの軽い頭痛ということでよいですか？
Caller: そこまでは分かりません。急に強くなったのか確認できていません。",True,False,False,3,0,0,is_sudden_severe,is_sudden_severe,Low,Low,Low
sudden_severe_3_0432,"Dispatcher: 激しい痛みが突然起こりましたか？
Caller: 本人が別室にいて、突然なのか激しいのかまでは確認できません。",True,False,False,3,0,0,is_sudden_severe,is_sudden_severe,Low,High,Low
sudden_severe_3_0433,"Dispatcher: 頭の痛みは、急に出た強い痛みか確認できますか？
Caller: メッセージで頭が痛いと来ただけで、始まり方や強さまでは分からないんです。",True,False,False,3,0,0,is_sudden_severe,is_sudden_severe,High,Low,High
sudden_severe_3_0434,"Dispatcher: 何か分かることはありますか、急にひどくなった感じですか？
Caller: そこはまだ聞けていなくて、突然かどうかは分かりません。",True,False,False,3,0,0,is_sudden_severe,is_sudden_severe,Low,Low,High
sudden_severe_3_0435,"Dispatcher: 頭の痛みは、突然起こった激しい痛みですか？
Caller: 今は本人のそばにいないので、急に起きた強い痛みかどうかは分かりません。",True,False,False,3,0,0,is_sudden_severe,is_sudden_severe,High,Low,Low
sudden_severe_0_0436,"Dispatcher: しびれや麻痺はありますか？
Caller: しびれや麻痺があるかは分かりません。",True,False,False,0,0,0,is_sudden_severe,is_numbness,Low,Low,Low
sudden_severe_0_0437,"Dispatcher: 普通に動けているということでよいですか？
Caller: そこは分かりません。手足のしびれがあるか確認できていません。",True,False,False,0,0,0,is_sudden_severe,is_numbness,Low,Low,Low
sudden_severe_0_0438,"Dispatcher: 手足の動きは普段どおりですか？
Caller: いいえ、母は右手がしびれて力も入りにくいと言っています。",True,False,False,0,0,0,is_sudden_severe,is_numbness,Low,Low,Low
sudden_severe_0_0439,"Dispatcher: 体の動きで変わったことはありますか？
Caller: 兄が左足がしびれて踏ん張れないと言っていて、歩きにくそうです。",True,False,False,0,0,0,is_sudden_severe,is_numbness,Low,Low,High
sudden_severe_0_0440,"Dispatcher: 片側の手足にしびれや動かしにくさはありますか？
Caller: はい、同僚は右腕がしびれて、コップをうまく持てない状態です。",True,False,False,0,0,0,is_sudden_severe,is_numbness,Low,High,High
sudden_severe_1_0441,"Dispatcher: いつもの頭痛ではなく、急に強くなった感じですか？
Caller: はい、急にものすごく痛くなったそうです。",True,False,False,1,0,0,is_sudden_severe,is_sudden_severe,Low,Low,Low
sudden_severe_1_0442,"Dispatcher: 頭の痛みは、突然起こった激しい痛みですか？
Caller: はい、父が急に今までにないほど激しい頭痛だと言って倒れ込みました。",True,False,False,1,0,0,is_sudden_severe,is_sudden_severe,High,High,Low
sudden_severe_1_0443,"Dispatcher: いきなりひどい頭痛が来たんですか？
Caller: はい、急に我慢できない痛みになったみたいです。",True,False,False,1,0,0,is_sudden_severe,is_sudden_severe,Low,Low,Low
sudden_severe_1_0444,"Dispatcher: 頭の痛みは急に始まった強い痛みですか？
Caller: はい、妻がさっき突然、耐えられないくらい頭が痛いと言い出しました。",True,False,False,1,0,0,is_sudden_severe,is_sudden_severe,High,High,Low
sudden_severe_1_0445,"Dispatcher: さっき急に強い頭痛が出たんですか？
Caller: はい、突然すごく痛くなったと言っています。",True,False,False,1,0,0,is_sudden_severe,is_sudden_severe,Low,Low,Low
sudden_severe_2_0446,"Dispatcher: 頭の痛みは、突然起こった激しい痛みですか？
Caller: いいえ、娘は昨夜から少しずつ痛みが増していて、急に起きた激しい痛みではありません。",True,False,False,2,0,0,is_sudden_severe,is_sudden_severe,High,High,High
sudden_severe_2_0447,"Dispatcher: 頭の痛みは、突然起こった激しい痛みですか？
Caller: いいえ、徐々に痛くなってきたようです。",True,False,False,2,0,0,is_sudden_severe,is_sudden_severe,High,Low,Low
sudden_severe_2_0448,"Dispatcher: 急に我慢できないほど痛くなったんですか？
Caller: いいえ、朝から続いていて急な始まりではないです。",True,False,False,2,0,0,is_sudden_severe,is_sudden_severe,High,Low,Low
sudden_severe_2_0449,"Dispatcher: いきなりひどい頭痛が来た感じですか？
Caller: いいえ、母は前から痛かったと言っていて、突然ではありません。",True,False,False,2,0,0,is_sudden_severe,is_sudden_severe,Low,High,Low
sudden_severe_2_0450,"Dispatcher: さっきまで平気だったのに急に激しく痛み出したんですか？
Caller: いいえ、友人は仕事中ずっと鈍い頭痛があって、急にひどくなったわけではないです。",True,False,False,2,0,0,is_sudden_severe,is_sudden_severe,Low,High,High
sudden_severe_3_0451,"Dispatcher: 頭の痛みは、突然起こった激しい痛みですか？
Caller: 本人のそばにいないので、急に始まったのか、どれほど強いのかまでは確認できません。",True,False,False,3,0,0,is_sudden_severe,is_sudden_severe,High,High,Low
sudden_severe_3_0452,"Dispatcher: 頭の痛みは、突然起こった激しい痛みですか？
Caller: 職場から連絡を受けただけで、急にひどくなったのかはまだ聞けていません。",True,False,False,3,0,0,is_sudden_severe,is_sudden_severe,High,Low,High
sudden_severe_3_0453,"Dispatcher: いつもの頭痛ではなく、急に強く出た感じですか？
Caller: 娘から頭が痛いとメッセージが来ただけで、そこまでは分かりません。",True,False,False,3,0,0,is_sudden_severe,is_sudden_severe,Low,Low,High
sudden_severe_3_0454,"Dispatcher: さっき急にひどい頭痛になった感じですか？
Caller: 友人づてに聞いただけなので、痛み方までは確認できていないです。",True,False,False,3,0,0,is_sudden_severe,is_sudden_severe,Low,Low,High
sudden_severe_3_0455,"Dispatcher: 頭の痛みは、急に出た強い痛みですか？
Caller: 今は別の部屋にいて、突然だったのか強いのかはまだ分かりません。",True,False,False,3,0,0,is_sudden_severe,is_sudden_severe,High,Low,High
sudden_severe_0_0456,"Dispatcher: 手足のしびれや麻痺はありますか？
Caller: いいえ、両手両足とも普通に動いていて、しびれもないです。",True,False,False,0,0,0,is_sudden_severe,is_numbness,High,High,High
sudden_severe_0_0457,"Dispatcher: 普段と違う振る舞いや様子はありますか？
Caller: 今日はまだ直接見ていないので、いつもと違う様子かどうかは分かりません。",True,False,False,0,0,0,is_sudden_severe,is_behavior,High,Low,Low
sudden_severe_0_0458,"Dispatcher: 普段と違う振る舞いや様子はありますか？
Caller: いいえ、受け答えも普段どおりで、変わった行動はありません。",True,False,False,0,0,0,is_sudden_severe,is_behavior,High,High,High
sudden_severe_0_0459,"Dispatcher: しびれや麻痺はありますか？
Caller: はい、左手に力が入りにくいと言っています。",True,False,False,0,0,0,is_sudden_severe,is_numbness,Low,Low,Low
sudden_severe_0_0460,"Dispatcher: 何か変わった様子はありますか？
Caller: 今は電話で聞いただけなので、普段と違う振る舞いがあるかは確認できません。",True,False,False,0,0,0,is_sudden_severe,is_behavior,Low,High,Low
sudden_severe_1_0461,"Dispatcher: 急に我慢できないほどの頭痛になった感じですか？
Caller: はい、さっきまで普通だったのに突然ひどい痛みが来たと言っています。",True,False,False,1,0,0,is_sudden_severe,is_sudden_severe,Low,High,High
sudden_severe_1_0462,"Dispatcher: 頭の痛みは、突然起こった激しい痛みですか？
Caller: 夫が急に頭を抱えて、今までで一番痛いと言っています。",True,False,False,1,0,0,is_sudden_severe,is_sudden_severe,High,Low,High
sudden_severe_1_0463,"Dispatcher: 頭の痛みは、突然起こった激しい痛みですか？
Caller: はい、急に始まって、本人も耐えられないくらい痛いと言っています。",True,False,False,1,0,0,is_sudden_severe,is_sudden_severe,High,High,Low
sudden_severe_1_0464,"Dispatcher: 頭の痛みは、突然起こった激しい痛みですか？
Caller: はい、いきなり激しい頭痛が来て、その場でうずくまっています。",True,False,False,1,0,0,is_sudden_severe,is_sudden_severe,High,High,Low
sudden_severe_1_0465,"Dispatcher: 頭の痛みは、突然起こった激しい痛みですか？
Caller: はい、急にものすごく痛くなったと本人が言っています。",True,False,False,1,0,0,is_sudden_severe,is_sudden_severe,High,Low,Low
sudden_severe_2_0466,"Dispatcher: 頭の痛みは、突然起こった激しい痛みですか？
Caller: いいえ、朝から少しずつ痛くなってきたようで、急にではありません。",True,False,False,2,0,0,is_sudden_severe,is_sudden_severe,High,Low,High
sudden_severe_2_0467,"Dispatcher: いきなりひどい頭痛になった感じですか？
Caller: いいえ、だんだん痛くなってきたと言っています。",True,False,False,2,0,0,is_sudden_severe,is_sudden_severe,Low,High,Low
sudden_severe_2_0468,"Dispatcher: 頭の痛みは、突然起こった激しい痛みですか？
Caller: いいえ、昨日から続いている頭痛で、急に強く出たものではありません。",True,False,False,2,0,0,is_sudden_severe,is_sudden_severe,High,High,High
sudden_severe_2_0469,"Dispatcher: 頭の痛みは、突然起こった激しい痛みですか？
Caller: いえ、急にではなく、昼ごろから徐々に痛みが増してきたみたいです。",True,False,False,2,0,0,is_sudden_severe,is_sudden_severe,High,Low,High
sudden_severe_2_0470,"Dispatcher: 頭の痛みは、突然起こった激しい痛みですか？
Caller: いいえ、いつもの片頭痛に近くて、急にガツンと来た感じではないです。",True,False,False,2,0,0,is_sudden_severe,is_sudden_severe,High,High,High
sudden_severe_3_0471,"Dispatcher: いきなりひどい頭痛になった感じですか？
Caller: 本人と話せていないので、急にかどうかも痛みの強さも分かりません。",True,False,False,3,0,0,is_sudden_severe,is_sudden_severe,Low,High,Low
sudden_severe_3_0472,"Dispatcher: 頭の痛みは、突然起こった激しい痛みですか？
Caller: 頭痛があるとは聞いていますが、急に始まったのか強いのかまでは分かりません。",True,False,False,3,0,0,is_sudden_severe,is_sudden_severe,High,Low,Low
sudden_severe_3_0473,"Dispatcher: いつもの軽い頭痛ということでよいですか？
Caller: そこはまだ確認できておらず、急に強くなったのかは分かりません。",True,False,False,3,0,0,is_sudden_severe,is_sudden_severe,Low,Low,High
sudden_severe_3_0474,"Dispatcher: 激しい痛みが突然起こりましたか？
Caller: 激しい痛みが突然起こったかは分かりません。",True,False,False,3,0,0,is_sudden_severe,is_sudden_severe,Low,Low,Low
sudden_severe_3_0475,"Dispatcher: 頭の痛みは、急に出た強い痛みか確認できますか？
Caller: 隣の部署から呼ばれて来ただけなので、突然なのか、どれくらい強いのかは確認できません。",True,False,False,3,0,0,is_sudden_severe,is_sudden_severe,High,High,High
sudden_severe_0_0476,"Dispatcher: 何かいつもと違う様子はありますか？
Caller: はい、呼びかけても返事がちぐはぐで、落ち着きなく歩き回っています。",True,False,False,0,0,0,is_sudden_severe,is_behavior,Low,Low,Low
sudden_severe_0_0477,"Dispatcher: 普段と違う振る舞いはありますか？
Caller: 今は電話で頭痛を訴えただけで、いつもと違う様子かは分かりません。",True,False,False,0,0,0,is_sudden_severe,is_behavior,Low,High,Low
sudden_severe_0_0478,"Dispatcher: 何か変わった行動はありますか？
Caller: ビデオ通話ではなく音声だけなので、普段と違う振る舞いがあるかは見えていません。",True,False,False,0,0,0,is_sudden_severe,is_behavior,Low,Low,High
sudden_severe_0_0479,"Dispatcher: 普段と違う振る舞いや様子はありますか？
Caller: さっきから同じことを何度も聞き返していて、明らかにいつもと違います。",True,False,False,0,0,0,is_sudden_severe,is_behavior,High,Low,High
sudden_severe_0_0480,"Dispatcher: しびれや麻痺はありますか？
Caller: 片方の足がしびれていて、うまく踏ん張れないようです。",True,False,False,0,0,0,is_sudden_severe,is_numbness,Low,Low,High
sudden_severe_1_0481,"Dispatcher: 頭の痛みは、突然起こった激しい痛みですか？
Caller: はい、さっき急に始まって、本人が我慢できないくらい痛いと言っています。",True,False,False,1,0,0,is_sudden_severe,is_sudden_severe,High,Low,Low
sudden_severe_1_0482,"Dispatcher: いつもの頭痛ではなく、急にひどくなった感じですか？
Caller: はい、同僚が会議中に突然頭を押さえて、その場で動けないほど強い痛みだと言っています。",True,False,False,1,0,0,is_sudden_severe,is_sudden_severe,Low,High,High
sudden_severe_1_0483,"Dispatcher: いつもの軽い頭痛ということでよいですか？
Caller: いいえ、父はさっき急に割れるように痛いと言い出して、かなり強い頭痛みたいです。",True,False,False,1,0,0,is_sudden_severe,is_sudden_severe,Low,Low,High
sudden_severe_1_0484,"Dispatcher: 頭の痛みは、突然起こった激しい痛みですか？
Caller: はい、急に始まって、本人が今までで一番ひどいと言っています。",True,False,False,1,0,0,is_sudden_severe,is_sudden_severe,High,Low,Low
sudden_severe_1_0485,"Dispatcher: いつもの軽い頭痛ということでよいですか？
Caller: いいえ、急にすごく強い痛みが来たようです。",True,False,False,1,0,0,is_sudden_severe,is_sudden_severe,Low,Low,Low
sudden_severe_2_0486,"Dispatcher: 頭の痛みは、突然起こった激しい痛みですか？
Caller: いいえ、朝から少しずつ痛くなってきたもので、急に強く出た感じではありません。",True,False,False,2,0,0,is_sudden_severe,is_sudden_severe,High,High,Low
sudden_severe_2_0487,"Dispatcher: いつもの軽い頭痛ということでよいですか？
Caller: はい、妻は昼ごろからじわじわ痛くなったと言っていて、急に襲うような痛みではありません。",True,False,False,2,0,0,is_sudden_severe,is_sudden_severe,Low,High,High
sudden_severe_2_0488,"Dispatcher: さっきまで普通だったのに、急に我慢できないほど頭が痛くなった感じですか？
Caller: いいえ、友人は夕方からだんだん重くなってきたと言っていて、突然の激痛ではないです。",True,False,False,2,0,0,is_sudden_severe,is_sudden_severe,Low,High,High
sudden_severe_2_0489,"Dispatcher: 激しい痛みが突然起こりましたか？
Caller: いいえ、急にではなく、前から続いている頭痛です。",True,False,False,2,0,0,is_sudden_severe,is_sudden_severe,Low,Low,Low
sudden_severe_2_0490,"Dispatcher: いつもの頭痛ではなく、急にひどくなった感じですか？
Caller: いいえ、母は前から頭が重いと言っていて、急に強い痛みが出たわけではないです。",True,False,False,2,0,0,is_sudden_severe,is_sudden_severe,Low,High,High
sudden_severe_3_0491,"Dispatcher: 激しい痛みが突然起こりましたか？
Caller: 突然だったかどうかは分かりません。本人から頭が痛いとだけ連絡がありました。",True,False,False,3,0,0,is_sudden_severe,is_sudden_severe,Low,High,Low
sudden_severe_3_0492,"Dispatcher: いつもの軽い頭痛ということでよいですか？
Caller: そこまでは分かりません。急に強くなったのかは確認できていません。",True,False,False,3,0,0,is_sudden_severe,is_sudden_severe,Low,Low,Low
sudden_severe_3_0493,"Dispatcher: 頭の痛みは、急に出た強い痛みか確認できますか？
Caller: 職場から電話が来ただけで、始まり方や痛みの強さまではまだ聞けていません。",True,False,False,3,0,0,is_sudden_severe,is_sudden_severe,High,Low,High
sudden_severe_3_0494,"Dispatcher: 頭の痛みは、突然起こった激しい痛みですか？
Caller: すみません、今そばにいないので、急に起きたのか強いのかは分かりません。",True,False,False,3,0,0,is_sudden_severe,is_sudden_severe,High,Low,Low
sudden_severe_3_0495,"Dispatcher: 頭の痛みは、突然起こった激しい痛みですか？
Caller: 本人が別室にいて、突然だったかや痛みの程度まではまだ確認できていません。",True,False,False,3,0,0,is_sudden_severe,is_sudden_severe,High,Low,Low
sudden_severe_0_0496,"Dispatcher: 普通に歩けているということでよいですか？
Caller: はい、手足のしびれや動かしにくさはなく、普通に動けています。",True,False,False,0,0,0,is_sudden_severe,is_numbness,Low,High,High
sudden_severe_0_0497,"Dispatcher: しびれや麻痺はありますか？
Caller: はい、右手がしびれて力が入りにくいようです。",True,False,False,0,0,0,is_sudden_severe,is_numbness,Low,Low,Low
sudden_severe_0_0498,"Dispatcher: 右手だけ力が入らない、足がしびれる、そういった様子は確認できますか？
Caller: はい、弟は左足がしびれていて、左手もうまく動かせないと言っています。",True,False,False,0,0,0,is_sudden_severe,is_numbness,Low,High,High
sudden_severe_0_0499,"Dispatcher: しびれや麻痺はありますか？
Caller: それはまだ分かりません。電話で頭痛とだけ聞いています。",True,False,False,0,0,0,is_sudden_severe,is_numbness,Low,Low,Low
sudden_severe_0_0500,"Dispatcher: 手足のしびれや麻痺はありますか？
Caller: いいえ、しびれや麻痺はないようです。",True,False,False,0,0,0,is_sudden_severe,is_numbness,High,Low,Low
sudden_severe_1_0501,"Dispatcher: いつもの軽い頭痛ということでよいですか？
Caller: いいえ、急にものすごく痛くなって、本人が耐えられないと言っています。",True,False,False,1,0,0,is_sudden_severe,is_sudden_severe,Low,Low,Low
sudden_severe_1_0502,"Dispatcher: いつもの頭痛ではなく、急にひどくなった感じですか？
Caller: はい、母が入浴中に突然叫んで、今までにない強い頭痛だと言っています。",True,False,False,1,0,0,is_sudden_severe,is_sudden_severe,Low,Low,High
sudden_severe_1_0503,"Dispatcher: さっきまで普通だったのに、急に我慢できないほど頭が痛くなった感じですか？
Caller: はい、友人が運転中に急に頭を押さえて、耐えられない痛みだと言っています。",True,False,False,1,0,0,is_sudden_severe,is_sudden_severe,Low,Low,High
sudden_severe_1_0504,"Dispatcher: いつもの軽い頭痛ということでよいですか？
Caller: いいえ、祖母が急に頭を抱えて、ひどすぎると言っています。",True,False,False,1,0,0,is_sudden_severe,is_sudden_severe,Low,Low,High
sudden_severe_1_0505,"Dispatcher: いつもの頭痛ではなく、急にひどくなった感じですか？
Caller: はい、同居人が急に痛み出して、我慢できないくらい強いと言っています。",True,False,False,1,0,0,is_sudden_severe,is_sudden_severe,Low,Low,High
sudden_severe_2_0506,"Dispatcher: 頭の痛みは、突然起こった激しい痛みですか？
Caller: いいえ、兄は昨日から少しずつ痛くなっていて、急な激痛ではありません。",True,False,False,2,0,0,is_sudden_severe,is_sudden_severe,High,Low,High
sudden_severe_2_0507,"Dispatcher: いつもの頭痛ではなく、急にひどくなった感じですか？
Caller: いいえ、娘は朝から重い感じが続いていると言っていて、急に強くなったわけではないです。",True,False,False,2,0,0,is_sudden_severe,is_sudden_severe,Low,High,High
sudden_severe_2_0508,"Dispatcher: 頭の痛みは、突然起こった激しい痛みですか？
Caller: いいえ、夫は昼過ぎから徐々に痛みが増したと言っていて、突然の激しい頭痛ではありません。",True,False,False,2,0,0,is_sudden_severe,is_sudden_severe,High,High,High
sudden_severe_2_0509,"Dispatcher: 頭の痛みは、突然起こった激しい痛みですか？
Caller: いいえ、急にではなく、だんだん痛くなったようです。",True,False,False,2,0,0,is_sudden_severe,is_sudden_severe,High,Low,Low
sudden_severe_2_0510,"Dispatcher: いつもの頭痛ではなく、急にひどくなった感じですか？
Caller: いいえ、前から続いていて、急に始まった強い痛みではありません。",True,False,False,2,0,0,is_sudden_severe,is_sudden_severe,Low,High,Low
sudden_severe_3_0511,"Dispatcher: 頭の痛みは、突然起こった激しい痛みですか？
Caller: そのあたりは分かりません。頭が痛いと聞いただけです。",True,False,False,3,0,0,is_sudden_severe,is_sudden_severe,High,Low,Low
sudden_severe_3_0512,"Dispatcher: さっきまで普通だったのに、急に強い頭痛が出たのか分かりますか？
Caller: 職場から連絡を受けただけで本人を見ていないので、突然だったのか、どの程度強いのかは確認できません。",True,False,False,3,0,0,is_sudden_severe,is_sudden_severe,High,High,High
sudden_severe_3_0513,"Dispatcher: いつもの頭痛ということでよいですか？
Caller: いえ、そこは分からなくて、急にひどくなったのかは確認できていません。",True,False,False,3,0,0,is_sudden_severe,is_sudden_severe,Low,Low,Low
sudden_severe_3_0514,"Dispatcher: 軽い頭痛ではなく急に強く出た感じですか？
Caller: 本人からは頭痛としか聞いておらず、急に出たのか強いのかは分かりません。",True,False,False,3,0,0,is_sudden_severe,is_sudden_severe,Low,High,Low
sudden_severe_3_0515,"Dispatcher: いつもの軽い頭痛ですか？
Caller: それも分かりません。急に強い痛みなのか確認できていません。",True,False,False,3,0,0,is_sudden_severe,is_sudden_severe,Low,Low,Low
sudden_severe_0_0516,"Dispatcher: 受け答えが変だったり、普段と違う行動をしている感じはありますか？
Caller: 同僚から頭痛で休んでいると聞いただけで、普段と違う振る舞いがあるかは確認できていません。",True,False,False,0,0,0,is_sudden_severe,is_behavior,Low,High,High
sudden_severe_0_0517,"Dispatcher: いつもと違う振る舞いはありますか？
Caller: それは分かりません。まだ本人の様子を見られていません。",True,False,False,0,0,0,is_sudden_severe,is_behavior,Low,High,Low
sudden_severe_0_0518,"Dispatcher: 普段と違う振る舞いや様子はありますか？
Caller: いいえ、会話も普通で、特にいつもと変わった様子はありません。",True,False,False,0,0,0,is_sudden_severe,is_behavior,High,Low,Low
sudden_severe_0_0519,"Dispatcher: 何か変わった様子はありますか？
Caller: 妻ですが、頭が痛いと言う以外は普段どおりで、受け答えもいつもと同じです。",True,False,False,0,0,0,is_sudden_severe,is_behavior,Low,Low,High
sudden_severe_0_0520,"Dispatcher: しびれや麻痺はありますか？
Caller: いいえ、手足は普通に動いていて、しびれもないです。",True,False,False,0,0,0,is_sudden_severe,is_numbness,Low,High,Low
sudden_severe_1_0521,"Dispatcher: 頭の痛みは、突然起こった激しい痛みですか？
Caller: はい、さっき急にひどい頭痛が来たと家族が言っています。",True,False,False,1,0,0,is_sudden_severe,is_sudden_severe,High,Low,Low
sudden_severe_1_0522,"Dispatcher: いつもの頭痛ではなく、急にかなり強くなった感じですか？
Caller: ええ、友人が急に頭を押さえて、今までで一番痛いと言っています。",True,False,False,1,0,0,is_sudden_severe,is_sudden_severe,Low,Low,High
sudden_severe_1_0523,"Dispatcher: 急に始まった強い頭痛ですか？
Caller: はい、さっきまで普通だったのに突然ひどく痛がり始めました。",True,False,False,1,0,0,is_sudden_severe,is_sudden_severe,High,Low,Low
sudden_severe_1_0524,"Dispatcher: 我慢できないほどの頭痛が急に起きた様子ですか？
Caller: はい、同僚が会議中に突然頭を抱えて、耐えられないくらい痛いと訴えました。",True,False,False,1,0,0,is_sudden_severe,is_sudden_severe,High,High,High
sudden_severe_1_0525,"Dispatcher: 頭痛は急に出て、かなり強いものですか？
Caller: はい、母が食事中にいきなり激しい頭痛を訴えて、その場で動けなくなりました。",True,False,False,1,0,0,is_sudden_severe,is_sudden_severe,High,High,High
sudden_severe_2_0526,"Dispatcher: 頭の痛みは、突然起こった激しい痛みですか？
Caller: いいえ、朝から少しずつ痛くなってきたもので、急にひどくなったわけではありません。",True,False,False,2,0,0,is_sudden_severe,is_sudden_severe,High,High,High
sudden_severe_2_0527,"Dispatcher: 急にひどい頭痛になった感じですか？
Caller: いいえ、前からあって、急な痛みではないです。",True,False,False,2,0,0,is_sudden_severe,is_sudden_severe,Low,Low,Low
sudden_severe_2_0528,"Dispatcher: さっき急に我慢できないほどの頭痛が出たのですか？
Caller: いいえ、娘は昨日から鈍い痛みが続いていると言っていて、突然の激しい痛みではありません。",True,False,False,2,0,0,is_sudden_severe,is_sudden_severe,High,High,High
sudden_severe_2_0529,"Dispatcher: 頭の痛みは突然起こった激しいものですか？
Caller: いいえ、ゆっくり痛くなってきたようで、そこまで強い感じでもないです。",True,False,False,2,0,0,is_sudden_severe,is_sudden_severe,High,Low,Low
sudden_severe_2_0530,"Dispatcher: いつもの軽い頭痛ではなく、急に強くなったのですか？
Caller: いいえ、本人の夫ですが、昼ごろからじわじわ痛みが出てきたと言っています。",True,False,False,2,0,0,is_sudden_severe,is_sudden_severe,Low,High,Low
sudden_severe_3_0531,"Dispatcher: いつもの頭痛ではなく急に強く出た感じですか？
Caller: そこまでは聞けておらず、痛み方は分かりません。",True,False,False,3,0,0,is_sudden_severe,is_sudden_severe,Low,Low,High
sudden_severe_3_0532,"Dispatcher: 頭の痛みは、急に始まった強い痛みか確認できますか？
Caller: 息子からメッセージで頭痛とだけ届いていて今は連絡がつかないので、突然なのか激しいのかは確認できません。",True,False,False,3,0,0,is_sudden_severe,is_sudden_severe,High,High,High
sudden_severe_3_0533,"Dispatcher: 頭痛は急にガツンと来たようなものですか？
Caller: 電車で一緒の友人から具合が悪いと連絡が来ただけで、始まり方や痛みの強さまでは分からないです。",True,False,False,3,0,0,is_sudden_severe,is_sudden_severe,High,Low,High
sudden_severe_3_0534,"Dispatcher: 頭の痛みは、突然起こった激しい痛みですか？
Caller: 分かりません。本人が寝込んでいて詳しく聞けていません。",True,False,False,3,0,0,is_sudden_severe,is_sudden_severe,High,Low,Low
sudden_severe_3_0535,"Dispatcher: さっきまで普通だったのに、急に耐えられないほど頭が痛くなった感じですか？
Caller: 兄から頭が痛いとだけ電話が来て、急だったのか強かったのかまでは聞けませんでした。",True,False,False,3,0,0,is_sudden_severe,is_sudden_severe,High,Low,High
sudden_severe_0_0536,"Dispatcher: 普段と違う振る舞いや様子はありますか？
Caller: いいえ、父は頭痛は訴えていますが、受け答えも行動もいつもどおりです。",True,False,False,0,0,0,is_sudden_severe,is_behavior,High,Low,High
sudden_severe_0_0537,"Dispatcher: 何かいつもと違う感じはありますか？
Caller: 夫ですが、変な言動はなくて、ただ頭が痛いと言って休んでいるだけです。",True,False,False,0,0,0,is_sudden_severe,is_behavior,Low,Low,High
sudden_severe_0_0538,"Dispatcher: 手足のしびれや麻痺はありますか？
Caller: 今は別の部屋にいて姿が見えないので、しびれや麻痺があるかは確認できません。",True,False,False,0,0,0,is_sudden_severe,is_numbness,High,High,Low
sudden_severe_0_0539,"Dispatcher: ちゃんと動けている感じですか？
Caller: 電話で頭痛を訴えられただけなので、手足のしびれや動かしにくさは分かりません。",True,False,False,0,0,0,is_sudden_severe,is_numbness,Low,Low,High
sudden_severe_0_0540,"Dispatcher: 体の片側がしびれるとか、動かしにくい様子はありますか？
Caller: 私はまだ現場に着いていなくて、しびれや麻痺の有無までは確認できていません。",True,False,False,0,0,0,is_sudden_severe,is_numbness,Low,Low,High
sudden_severe_1_0541,"Dispatcher: いつもの軽い頭痛ではなく、急にひどくなった感じですか？
Caller: はい、急に我慢できないくらい強い頭痛が来たと家族が言っています。",True,False,False,1,0,0,is_sudden_severe,is_sudden_severe,Low,Low,Low
sudden_severe_1_0542,"Dispatcher: 頭の痛みは、突然起こった激しい痛みですか？
Caller: はい、同僚がさっきまで普通に話していたのに、急に頭を抱えて耐えられないほど痛いと言い出しました。",True,False,False,1,0,0,is_sudden_severe,is_sudden_severe,High,Low,High
sudden_severe_1_0543,"Dispatcher: 頭の痛みは、突然起こった激しい痛みですか？
Caller: はい、母が急に今までで一番ひどい頭痛だと言ってうずくまっています。",True,False,False,1,0,0,is_sudden_severe,is_sudden_severe,High,High,Low
sudden_severe_1_0544,"Dispatcher: いつもの頭痛と違う感じですか？
Caller: はい、友人がさっき急にガツンと来て、我慢できない痛みだと言っています。",True,False,False,1,0,0,is_sudden_severe,is_sudden_severe,Low,High,High
sudden_severe_1_0545,"Dispatcher: 急に強い頭痛になった感じですか？
Caller: はい、夫が突然ひどい頭痛が来たと言って動けなくなっています。",True,False,False,1,0,0,is_sudden_severe,is_sudden_severe,Low,Low,High
sudden_severe_2_0546,"Dispatcher: いつもの軽い頭痛ということでよいですか？
Caller: はい、急にひどくなったわけではなく、朝から少しずつ痛くなっています。",True,False,False,2,0,0,is_sudden_severe,is_sudden_severe,Low,Low,Low
sudden_severe_2_0547,"Dispatcher: いつもの軽い頭痛ということでよいですか？
Caller: はい、突然ではなく昼ごろからだんだん痛みが増しただけで、激烈な痛みではありません。",True,False,False,2,0,0,is_sudden_severe,is_sudden_severe,Low,High,Low
sudden_severe_2_0548,"Dispatcher: 急に強い頭痛になった感じですか？
Caller: いいえ、同僚は会議中からじわじわ痛くなったと言っていて、急に襲うような痛みではないです。",True,False,False,2,0,0,is_sudden_severe,is_sudden_severe,Low,High,High
sudden_severe_2_0549,"Dispatcher: 頭の痛みは、突然起こった激しい痛みですか？
Caller: いいえ、急にではなく、前から続いている頭痛です。",True,False,False,2,0,0,is_sudden_severe,is_sudden_severe,High,Low,Low
sudden_severe_2_0550,"Dispatcher: 頭の痛みは、突然起こった激しい痛みですか？
Caller: いいえ、今朝から徐々に痛くなってきたようです。",True,False,False,2,0,0,is_sudden_severe,is_sudden_severe,High,Low,Low
sudden_severe_3_0551,"Dispatcher: 頭の痛みは、突然起こった激しい痛みですか？
Caller: すみません、本人から頭が痛いとだけ連絡があって、急に強くなったのかまでは分かりません。",True,False,False,3,0,0,is_sudden_severe,is_sudden_severe,High,Low,Low
sudden_severe_3_0552,"Dispatcher: 頭の痛みは、急に出た強い痛みか確認できますか？
Caller: 近くにいないので、突然なのか、我慢できないほど強いのかは確認できません。",True,False,False,3,0,0,is_sudden_severe,is_sudden_severe,High,High,High
sudden_severe_3_0553,"Dispatcher: いつもの軽い頭痛ということでよいですか？
Caller: そこまでは分かりません。急に強くなったのか、いつもの頭痛なのか確認できていません。",True,False,False,3,0,0,is_sudden_severe,is_sudden_severe,Low,High,Low
sudden_severe_3_0554,"Dispatcher: 激しい痛みが突然起こりましたか？
Caller: 激しい痛みが突然起こったかは分かりません。",True,False,False,3,0,0,is_sudden_severe,is_sudden_severe,Low,Low,Low
sudden_severe_3_0555,"Dispatcher: 頭の痛みは、突然起こった激しい痛みですか？
Caller: 弟からメッセージで頭痛とだけ来ていて、いつ始まってどの程度強いのかはまだ確認できていません。",True,False,False,3,0,0,is_sudden_severe,is_sudden_severe,High,High,High
sudden_severe_0_0556,"Dispatcher: 体のどこかにしびれたり、力が入りにくいところはありますか？
Caller: はい、父は右腕がしびれて、右足にも力が入りにくいと言っています。",True,False,False,0,0,0,is_sudden_severe,is_numbness,Low,Low,High
sudden_severe_0_0557,"Dispatcher: ぼんやりしている、返事がおかしいなど、普段と違う様子は見えますか？
Caller: 今は電話で聞いただけなので、普段と違う振る舞いがあるかまでは確認できません。",True,False,False,0,0,0,is_sudden_severe,is_behavior,High,High,High
sudden_severe_0_0558,"Dispatcher: 何かいつもと違う感じはありますか？
Caller: はい、夫が質問にうまく答えられず、同じことを何度も言っていて明らかに普段と違います。",True,False,False,0,0,0,is_sudden_severe,is_behavior,Low,High,High
sudden_severe_0_0559,"Dispatcher: しびれや麻痺はありますか？
Caller: しびれや麻痺があるかは分かりません。",True,False,False,0,0,0,is_sudden_severe,is_numbness,Low,High,Low
sudden_severe_0_0560,"Dispatcher: 何か変わった様子はありますか？
Caller: 友人から頭が痛いと連絡があっただけで、普段と違う振る舞いがあるかは分かりません。",True,False,False,0,0,0,is_sudden_severe,is_behavior,Low,Low,High
sudden_severe_1_0561,"Dispatcher: 急にひどい頭痛になった感じですか？
Caller: はい、父が突然、我慢できないほど頭が痛いと言って倒れ込むように座り込みました。",True,False,False,1,0,0,is_sudden_severe,is_sudden_severe,Low,High,Low
sudden_severe_1_0562,"Dispatcher: いつもの頭痛ではなく、急に来た強い痛みですか？
Caller: はい、職場の先輩がパソコン作業中にいきなり頭を押さえて、耐えられない痛みだと言いました。",True,False,False,1,0,0,is_sudden_severe,is_sudden_severe,Low,High,High
sudden_severe_1_0563,"Dispatcher: 頭の痛みは、突然起こった激しい痛みですか？
Caller: はい、妻が急に頭に激痛が走ったと言って、その場でうずくまっています。",True,False,False,1,0,0,is_sudden_severe,is_sudden_severe,High,High,Low
sudden_severe_1_0564,"Dispatcher: いつもの頭痛と違って、急に強くなった感じですか？
Caller: はい、友達が部活中に突然ものすごい頭痛だと言って、顔をしかめて動けなくなりました。",True,False,False,1,0,0,is_sudden_severe,is_sudden_severe,Low,High,High
sudden_severe_1_0565,"Dispatcher: 頭の痛みは、突然起こった激しい痛みですか？
Caller: はい、母が洗い物の途中で急に割れるように痛いと言い出して、かなりつらそうです。",True,False,False,1,0,0,is_sudden_severe,is_sudden_severe,High,Low,High
sudden_severe_2_0566,"Dispatcher: 急にひどい頭痛になった感じですか？
Caller: いいえ、姉は昨日から少しずつ痛くなっていて、突然ではありません。",True,False,False,2,0,0,is_sudden_severe,is_sudden_severe,Low,Low,High
sudden_severe_2_0567,"Dispatcher: 頭の痛みは、突然起こった激しい痛みですか？
Caller: いいえ、急にではなく、時間をかけて痛くなってきたそうです。",True,False,False,2,0,0,is_sudden_severe,is_sudden_severe,High,Low,Low
sudden_severe_2_0568,"Dispatcher: いつもの軽い頭痛ではなく、急にひどくなった感じですか？
Caller: いいえ、朝からじわじわ痛いだけで、急に激しくなったわけではないです。",True,False,False,2,0,0,is_sudden_severe,is_sudden_severe,Low,Low,Low
sudden_severe_2_0569,"Dispatcher: 急に強い頭痛になった感じですか？
Caller: いいえ、夫は夕方から少しずつ痛みが増してきたと言っていて、突然の激痛ではありません。",True,False,False,2,0,0,is_sudden_severe,is_sudden_severe,Low,High,High
sudden_severe_2_0570,"Dispatcher: いつもの頭痛と違って急に来たものですか？
Caller: いいえ、同居人は朝から重い感じが続いているだけで、急に我慢できないほど痛くなったわけではないです。",True,False,False,2,0,0,is_sudden_severe,is_sudden_severe,Low,High,High
sudden_severe_3_0571,"Dispatcher: いつもの頭痛ではなく、急にひどくなった感じですか？
Caller: 同僚から頭が痛いと連絡が来ただけで、急に強くなったのか、かなり激しいのかまでは確認できていません。",True,False,False,3,0,0,is_sudden_severe,is_sudden_severe,Low,High,High
sudden_severe_3_0572,"Dispatcher: 頭の痛みは、突然起こった激しい痛みですか？
Caller: 本人のそばにいないので、突然だったか、強い痛みかは分かりません。",True,False,False,3,0,0,is_sudden_severe,is_sudden_severe,High,High,Low
sudden_severe_3_0573,"Dispatcher: いつもの軽い頭痛ということでよいですか？
Caller: そこまでは分かりません。急に強くなったのか、いつもの頭痛なのか確認できていません。",True,False,False,3,0,0,is_sudden_severe,is_sudden_severe,Low,Low,Low
sudden_severe_3_0574,"Dispatcher: 頭の痛みは、急に出た強い痛みですか？
Caller: 家族から頭痛とだけ聞いていて、突然なのか激しいのかは確認できていません。",True,False,False,3,0,0,is_sudden_severe,is_sudden_severe,High,High,Low
sudden_severe_3_0575,"Dispatcher: 普段の頭痛みたいなものですか？
Caller: まだ本人と話せていないので、急に起きた強い痛みかどうかは分かりません。",True,False,False,3,0,0,is_sudden_severe,is_sudden_severe,Low,High,Low
sudden_severe_0_0576,"Dispatcher: ぼんやりしているとか、受け答えがおかしいなど、普段と違う様子はありますか？
Caller: 今は職場の別フロアにいて直接見ていないので、いつもと違う振る舞いがあるかは確認できません。",True,False,False,0,0,0,is_sudden_severe,is_behavior,High,High,High
sudden_severe_0_0577,"Dispatcher: 手足のしびれや、片側だけ力が入りにくい様子はありますか？
Caller: はい、友人が右手がしびれてコップを持ちにくいと言っています。",True,False,False,0,0,0,is_sudden_severe,is_numbness,High,High,High
sudden_severe_0_0578,"Dispatcher: 手足のしびれや麻痺はありますか？
Caller: 本人からは頭痛しか聞いておらず、しびれがあるかまでは分かっていません。",True,False,False,0,0,0,is_sudden_severe,is_numbness,High,Low,High
sudden_severe_0_0579,"Dispatcher: 手足のしびれや麻痺はありますか？
Caller: しびれや麻痺があるかは分かりません。",True,False,False,0,0,0,is_sudden_severe,is_numbness,High,Low,Low
sudden_severe_0_0580,"Dispatcher: 受け答えが変だったり、普段と違う行動はありますか？
Caller: はい、夫が同じことを何度も聞き返してきて、いつもの様子ではありません。",True,False,False,0,0,0,is_sudden_severe,is_behavior,High,High,High
sudden_severe_1_0581,"Dispatcher: いつもの頭痛ではなく、急にものすごく痛くなった感じですか？
Caller: はい、友人がさっき急に頭を押さえて、今までで一番ひどい痛みだと言っています。",True,False,False,1,0,0,is_sudden_severe,is_sudden_severe,Low,Low,High
sudden_severe_1_0582,"Dispatcher: 急に我慢できないほど強い頭痛が始まったのですか？
Caller: はい、会議中に突然で、本人も耐えられないくらい痛いと言っています。",True,False,False,1,0,0,is_sudden_severe,is_sudden_severe,Low,High,High
sudden_severe_1_0583,"Dispatcher: 急にひどい頭痛になった感じですか？
Caller: はい、急にすごく痛くなったようです。",True,False,False,1,0,0,is_sudden_severe,is_sudden_severe,Low,Low,Low
sudden_severe_1_0584,"Dispatcher: 頭の痛みは、突然起こった激しい痛みですか？
Caller: はい、さっきまで普通だったのに急に始まって、かなり強い痛みで動けなくなっています。",True,False,False,1,0,0,is_sudden_severe,is_sudden_severe,High,High,Low
sudden_severe_1_0585,"Dispatcher: いきなり強い頭痛が出たのですか？
Caller: はい、母が突然、我慢できないほど頭が痛いと言い出しました。",True,False,False,1,0,0,is_sudden_severe,is_sudden_severe,Low,High,Low
sudden_severe_2_0586,"Dispatcher: 急にひどい頭痛になった感じですか？
Caller: いいえ、朝から少しずつ痛くなってきたようです。",True,False,False,2,0,0,is_sudden_severe,is_sudden_severe,Low,Low,Low
sudden_severe_2_0587,"Dispatcher: いきなり我慢できないほどの頭痛でしたか？
Caller: いいえ、突然ではなく、昼ごろからだんだん痛みが増しただけです。",True,False,False,2,0,0,is_sudden_severe,is_sudden_severe,Low,High,Low
sudden_severe_2_0588,"Dispatcher: 急に強い頭痛が始まったのですか？
Caller: いいえ、最初は軽い痛みで、急に激しくなったわけではありません。",True,False,False,2,0,0,is_sudden_severe,is_sudden_severe,Low,High,Low
sudden_severe_2_0589,"Dispatcher: 頭の痛みは、突然起こった激しい痛みですか？
Caller: いいえ、昨日から続いている頭痛で、急に起きた強い痛みではありません。",True,False,False,2,0,0,is_sudden_severe,is_sudden_severe,High,High,Low
sudden_severe_2_0590,"Dispatcher: さっき急に我慢できないほど痛くなった感じですか？
Caller: いいえ、弟は前から頭痛があって、今回は急に始まったひどい痛みではないです。",True,False,False,2,0,0,is_sudden_severe,is_sudden_severe,High,Low,High
sudden_severe_3_0591,"Dispatcher: いつもの頭痛ではなく、急に強く出た感じですか？
Caller: 妹からメッセージで頭痛とだけ来ていて、始まり方や強さまでは分かりません。",True,False,False,3,0,0,is_sudden_severe,is_sudden_severe,Low,Low,High
sudden_severe_3_0592,"Dispatcher: 激しい痛みが突然起こりましたか？
Caller: 突然だったか、激しい痛みかどうかは確認できていません。",True,False,False,3,0,0,is_sudden_severe,is_sudden_severe,Low,High,Low
sudden_severe_3_0593,"Dispatcher: 頭の痛みは、突然起こった激しい痛みですか？
Caller: 今は電話口で少し話しただけなので、急に始まったのか、どれほど強いのかは分かりません。",True,False,False,3,0,0,is_sudden_severe,is_sudden_severe,High,Low,High
sudden_severe_3_0594,"Dispatcher: さっき急に耐えられないほど痛くなったのですか？
Caller: そこはまだ聞けていなくて、頭が痛いということしか分かりません。",True,False,False,3,0,0,is_sudden_severe,is_sudden_severe,Low,Low,High
sudden_severe_3_0595,"Dispatcher: 頭の痛みは、急に出た強い痛みですか？
Caller: 本人が別室にいて詳しく話せておらず、突然かどうかも痛みの強さも分かりません。",True,False,False,3,0,0,is_sudden_severe,is_sudden_severe,High,High,Low
sudden_severe_0_0596,"Dispatcher: 片側の手足にしびれや動かしにくさはありますか？
Caller: 娘から頭痛の連絡だけで、しびれや麻痺があるかまではまだ確認できていません。",True,False,False,0,0,0,is_sudden_severe,is_numbness,Low,High,High
sudden_severe_0_0597,"Dispatcher: 普段と違う振る舞いや様子はありますか？
Caller: いいえ、受け答えも普段通りで、変わった様子はありません。",True,False,False,0,0,0,is_sudden_severe,is_behavior,High,Low,High
sudden_severe_0_0598,"Dispatcher: 手足のしびれや麻痺はありますか？
Caller: 兄は頭痛を訴えていますが、手足の感覚や動きについてはまだ聞けていません。",True,False,False,0,0,0,is_sudden_severe,is_numbness,High,High,High
sudden_severe_0_0599,"Dispatcher: 何かいつもと違う様子はありますか？
Caller: はい、同僚が話のつじつまが合わず、急に落ち着きなく歩き回っています。",True,False,False,0,0,0,is_sudden_severe,is_behavior,Low,High,High
sudden_severe_0_0600,"Dispatcher: 何か変わった行動はありますか？
Caller: それは分かりません。頭が痛いと聞いただけです。",True,False,False,0,0,0,is_sudden_severe,is_behavior,Low,Low,Low
sudden_severe_1_0601,"Dispatcher: いつもの軽い頭痛ではなく、急にすごく強く痛くなった感じですか？
Caller: はい、夫がさっき急に頭を押さえて、耐えられないくらい痛いと言いました。",True,False,False,1,0,0,is_sudden_severe,is_sudden_severe,Low,Low,Low
sudden_severe_1_0602,"Dispatcher: 急にひどい頭痛が出たということですか？
Caller: はい、同僚が突然こんな痛みは初めてだと言うほど強い頭痛になりました。",True,False,False,1,0,0,is_sudden_severe,is_sudden_severe,Low,Low,Low
sudden_severe_1_0603,"Dispatcher: 頭の痛みは、突然起こった激しい痛みですか？
Caller: はい、母がいきなり頭が割れそうなくらい痛いと言い出しました。",True,False,False,1,0,0,is_sudden_severe,is_sudden_severe,High,Low,Low
sudden_severe_1_0604,"Dispatcher: 頭の痛みは急に強く出ましたか？
Caller: はい、友人が急に我慢できないほど痛いと言ってうずくまっています。",True,False,False,1,0,0,is_sudden_severe,is_sudden_severe,High,Low,Low
sudden_severe_1_0605,"Dispatcher: さっきまで普通だったのに、急に我慢できないほど頭が痛くなった感じですか？
Caller: はい、弟が食事中に突然頭を抱えて、今までで一番ひどい痛みだと言っています。",True,False,False,1,0,0,is_sudden_severe,is_sudden_severe,Low,High,High
sudden_severe_2_0606,"Dispatcher: 頭の痛みは、突然起こった激しい痛みですか？
Caller: いいえ、朝から少しずつ痛くなってきたもので、急にひどくなったわけではありません。",True,False,False,2,0,0,is_sudden_severe,is_sudden_severe,High,High,Low
sudden_severe_2_0607,"Dispatcher: いきなりひどくなった頭痛ですか？
Caller: いいえ、父は昼頃からだんだん痛くなってきたと言っています。",True,False,False,2,0,0,is_sudden_severe,is_sudden_severe,Low,Low,High
sudden_severe_2_0608,"Dispatcher: 頭の痛みは突然強く出たものですか？
Caller: いいえ、部活のあとからじわじわ痛み出したみたいで、急な感じではないです。",True,False,False,2,0,0,is_sudden_severe,is_sudden_severe,High,Low,High
sudden_severe_2_0609,"Dispatcher: 急に我慢できないほどの頭痛が起きましたか？
Caller: いいえ、妻は昨日から続く鈍い頭痛で、突然の激しい痛みではありません。",True,False,False,2,0,0,is_sudden_severe,is_sudden_severe,Low,High,Low
sudden_severe_2_0610,"Dispatcher: 急にすごく強い頭痛になったのですか？
Caller: いいえ、妹は前から少し痛いと言っていて、急にではないです。",True,False,False,2,0,0,is_sudden_severe,is_sudden_severe,Low,Low,Low
sudden_severe_3_0611,"Dispatcher: いつもの軽い頭痛ということでよいですか？
Caller: そこまでは分かりません。職場から連絡を受けただけで、急に強くなったのか確認できていません。",True,False,False,3,0,0,is_sudden_severe,is_sudden_severe,Low,Low,High
sudden_severe_3_0612,"Dispatcher: 頭の痛みは、急に出た強い痛みか確認できますか？
Caller: すみません、本人は隣の部屋で寝込んでいて話せず、突然だったのか強いのかはまだ確認できません。",True,False,False,3,0,0,is_sudden_severe,is_sudden_severe,Low,High,High
sudden_severe_3_0613,"Dispatcher: さっきまで普通だったのに、急に我慢できないほど頭が痛くなった感じですか？
Caller: メッセージで頭痛とだけ来ていて、始まり方や痛みの強さまでは分かりません。",True,False,False,3,0,0,is_sudden_severe,is_sudden_severe,Low,High,High
sudden_severe_3_0614,"Dispatcher: 頭の痛みは、突然起こった激しい痛みですか？
Caller: 今は本人のそばにおらず、急に起きたのか、どの程度強いのか確認できません。",True,False,False,3,0,0,is_sudden_severe,is_sudden_severe,High,High,High
sudden_severe_3_0615,"Dispatcher: 激しい痛みが急に出たものですか？
Caller: 娘から頭が痛いと電話があっただけで、突然なのかひどさはどのくらいかまでは聞けていません。",True,False,False,3,0,0,is_sudden_severe,is_sudden_severe,High,Low,High
sudden_severe_0_0616,"Dispatcher: 片側の手足にしびれや動かしにくさはありますか？
Caller: はい、父は右手に力が入らず、右足もしびれると言っています。",True,False,False,0,0,0,is_sudden_severe,is_numbness,High,High,High
sudden_severe_0_0617,"Dispatcher: 何か変わったことはありますか？
Caller: 頭が痛いと連絡があっただけで、普段と違う様子かどうかはまだ分かりません。",True,False,False,0,0,0,is_sudden_severe,is_behavior,Low,Low,High
sudden_severe_0_0618,"Dispatcher: 受け答えが変だったり、いつもと違う行動はありますか？
Caller: はい、兄が同じことを何度も聞き返していて、話し方も普段より明らかにおかしいです。",True,False,False,0,0,0,is_sudden_severe,is_behavior,Low,High,High
sudden_severe_0_0619,"Dispatcher: 手足のしびれや麻痺はありますか？
Caller: 今は本人のそばにいないので、しびれや麻痺があるかは分かりません。",True,False,False,0,0,0,is_sudden_severe,is_numbness,High,Low,Low
sudden_severe_0_0620,"Dispatcher: 右手だけ力が入らない、足がしびれる、そういった様子は確認できますか？
Caller: 電話口では頭が痛いとしか言っておらず、手足のしびれや動きは確認できていません。",True,False,False,0,0,0,is_sudden_severe,is_numbness,Low,High,High
sudden_severe_1_0621,"Dispatcher: 頭の痛みは、突然起こった激しい痛みですか？
Caller: はい、同居の祖母が洗面所で急に叫んで、その場でしゃがみ込むほどの激しい頭痛だと言っています。",True,False,False,1,0,0,is_sudden_severe,is_sudden_severe,High,High,High
sudden_severe_1_0622,"Dispatcher: 急にひどい頭痛になった感じですか？
Caller: はい、母が突然ものすごく痛いと言って動けなくなりました。",True,False,False,1,0,0,is_sudden_severe,is_sudden_severe,Low,Low,Low
sudden_severe_1_0623,"Dispatcher: いきなり我慢できないくらいの頭痛ですか？
Caller: はい、夫が急に頭を抱えて、耐えられないほど痛いと言っています。",True,False,False,1,0,0,is_sudden_severe,is_sudden_severe,Low,High,Low
sudden_severe_1_0624,"Dispatcher: いつもの頭痛ではなく、急に強い痛みが出たのですか？
Caller: はい、友人が会話の途中で急に黙り込んで、頭が割れそうに痛いと言い出しました。",True,False,False,1,0,0,is_sudden_severe,is_sudden_severe,Low,Low,High
sudden_severe_1_0625,"Dispatcher: 頭の痛みは急に始まった激しいものですか？
Caller: はい、同僚がパソコン作業中に突然うなって、今すぐ横になりたいほど強い頭痛だと言っています。",True,False,False,1,0,0,is_sudden_severe,is_sudden_severe,High,Low,High
sudden_severe_2_0626,"Dispatcher: 頭の痛みは、突然起こった激しい痛みですか？
Caller: いいえ、息子は夕方から徐々に痛くなったと言っていて、突然の激しい頭痛ではありません。",True,False,False,2,0,0,is_sudden_severe,is_sudden_severe,High,High,Low
sudden_severe_2_0627,"Dispatcher: 急にすごく強い頭痛が出たのですか？
Caller: いいえ、朝から少しずつ痛いみたいで、急なものではないです。",True,False,False,2,0,0,is_sudden_severe,is_sudden_severe,Low,Low,Low
sudden_severe_2_0628,"Dispatcher: 頭の痛みは突然強く出たものですか？
Caller: いいえ、妻は買い物のあとからじわじわ痛みが増したと言っていて、いきなり耐えられない痛みになったわけではありません。",True,False,False,2,0,0,is_sudden_severe,is_sudden_severe,High,High,High
sudden_severe_2_0629,"Dispatcher: 頭の痛みは、急に起こった強い痛みですか？
Caller: いいえ、兄は昨日から続く重い感じの頭痛だと言っていて、突然ではありません。",True,False,False,2,0,0,is_sudden_severe,is_sudden_severe,High,Low,Low
sudden_severe_2_0630,"Dispatcher: いきなり我慢できないほどの頭痛でしたか？
Caller: いいえ、娘は授業中から少しずつ痛くなったようで、急に激しくなったわけではないです。",True,False,False,2,0,0,is_sudden_severe,is_sudden_severe,Low,High,High
sudden_severe_3_0631,"Dispatcher: 頭の痛みは、突然起こった激しい痛みですか？
Caller: 本人が離れた部屋にいて、急に始まったのか、どれほど強いのかまでは確認できません。",True,False,False,3,0,0,is_sudden_severe,is_sudden_severe,High,High,Low
sudden_severe_3_0632,"Dispatcher: いつもの頭痛ではなく、急にひどくなった感じですか？
Caller: 同僚からメッセージが来ただけで、急だったのかどうかは私には分かりません。",True,False,False,3,0,0,is_sudden_severe,is_sudden_severe,Low,High,High
sudden_severe_3_0633,"Dispatcher: さっきまで普通だったのに、急に耐えられないような頭痛になったんですか？
Caller: 友人から頭が痛いと連絡があっただけで、始まり方や強さは聞けていません。",True,False,False,3,0,0,is_sudden_severe,is_sudden_severe,Low,High,High
sudden_severe_3_0634,"Dispatcher: 軽い痛みではなく、急に強い頭痛が出たということですか？
Caller: 今こちらに来る途中で電話を受けただけなので、突然かどうかはまだ確認できていないです。",True,False,False,3,0,0,is_sudden_severe,is_sudden_severe,Low,High,High
sudden_severe_3_0635,"Dispatcher: 頭の痛みは、突然起こった激しい痛みですか？
Caller: 家族づてに頭痛と聞いただけで、急に強く出たのかは分かっていません。",True,False,False,3,0,0,is_sudden_severe,is_sudden_severe,High,Low,High
sudden_severe_0_0636,"Dispatcher: いつも通りに受け答えできていますか？
Caller: 電話では頭が痛いとしか聞いていなくて、普段と違う様子があるかは確認できません。",True,False,False,0,0,0,is_sudden_severe,is_behavior,Low,High,High
sudden_severe_0_0637,"Dispatcher: 普通に手足は動かせていますか？
Caller: まだ本人の姿を見ていないので、しびれや動かしにくさがあるかは分かりません。",True,False,False,0,0,0,is_sudden_severe,is_numbness,Low,Low,High
sudden_severe_0_0638,"Dispatcher: 何かいつもと違う様子はありますか？
Caller: はい、受け答えがちぐはぐで、同じことを何度も聞き返しています。",True,False,False,0,0,0,is_sudden_severe,is_behavior,Low,High,High
sudden_severe_0_0639,"Dispatcher: 普段と違う振る舞いや様子はありますか？
Caller: はい、さっきから落ち着きなく部屋をうろうろしていて、いつもの様子ではありません。",True,False,False,0,0,0,is_sudden_severe,is_behavior,High,Low,Low
sudden_severe_0_0640,"Dispatcher: 手足の様子で気になることはありますか？
Caller: いいえ、しびれも麻痺もなく、両手足とも普通に動かせています。",True,False,False,0,0,0,is_sudden_severe,is_numbness,Low,Low,Low
sudden_severe_1_0641,"Dispatcher: 急にひどい頭痛になった感じですか？
Caller: はい、夫が突然頭を押さえて、今までにない痛さだと言っています。",True,False,False,1,0,0,is_sudden_severe,is_sudden_severe,Low,Low,High
sudden_severe_1_0642,"Dispatcher: 激しい痛みが突然起こりましたか？
Caller: はい、さっき急に我慢できないほど頭が痛いと言い出しました。",True,False,False,1,0,0,is_sudden_severe,is_sudden_severe,Low,High,Low
sudden_severe_1_0643,"Dispatcher: 頭の痛みは、突然起こった激しい痛みですか？
Caller: はい、同僚が作業中にいきなり頭を抱えて、ものすごく痛いと訴えました。",True,False,False,1,0,0,is_sudden_severe,is_sudden_severe,High,High,High
sudden_severe_1_0644,"Dispatcher: 激しい痛みが突然起こりましたか？
Caller: はい、急に始まった強い頭痛で、本人も耐えられないと言っています。",True,False,False,1,0,0,is_sudden_severe,is_sudden_severe,Low,High,Low
sudden_severe_1_0645,"Dispatcher: 頭の痛みは、突然起こった激しい痛みですか？
Caller: はい、母が急に顔をしかめて、経験したことがないくらい強い頭痛だと言っています。",True,False,False,1,0,0,is_sudden_severe,is_sudden_severe,High,Low,Low
sudden_severe_2_0646,"Dispatcher: 急にひどい頭痛になった感じですか？
Caller: いいえ、朝から少しずつ痛くなってきたようで、急にではないです。",True,False,False,2,0,0,is_sudden_severe,is_sudden_severe,Low,High,High
sudden_severe_2_0647,"Dispatcher: 頭の痛みは、突然起こった激しい痛みですか？
Caller: いいえ、前からある頭痛がだんだん強くなっただけで、急に激しく出たわけではありません。",True,False,False,2,0,0,is_sudden_severe,is_sudden_severe,High,Low,Low
sudden_severe_2_0648,"Dispatcher: さっき急に我慢できないほど痛くなったんですか？
Caller: いいえ、友人は昼ごろから重い感じが続いていると言っていました。",True,False,False,2,0,0,is_sudden_severe,is_sudden_severe,Low,Low,High
sudden_severe_2_0649,"Dispatcher: 頭の痛みは、突然起こった激しい痛みですか？
Caller: いいえ、昨日からの頭痛が続いているだけで、急に始まった強い痛みではありません。",True,False,False,2,0,0,is_sudden_severe,is_sudden_severe,High,High,High
sudden_severe_2_0650,"Dispatcher: 激しい痛みが突然起こりましたか？
Caller: いいえ、急ではなく、本人も耐えられないほどではないと言っています。",True,False,False,2,0,0,is_sudden_severe,is_sudden_severe,Low,Low,Low
sudden_severe_3_0651,"Dispatcher: 頭の痛みは、急に出た強い痛みか確認できますか？
Caller: 兄から頭痛がするとだけ連絡が来ていて、突然だったのか、強い痛みなのかまでは確認できません。",True,False,False,3,0,0,is_sudden_severe,is_sudden_severe,High,High,High
sudden_severe_3_0652,"Dispatcher: 激しい痛みが突然起こりましたか？
Caller: 激しいのか急になのかは、まだ本人に聞けていません。",True,False,False,3,0,0,is_sudden_severe,is_sudden_severe,Low,High,Low
sudden_severe_3_0653,"Dispatcher: 急にひどい頭痛になったんですか？
Caller: そこまでは分からなくて、頭が痛いとしか聞いていません。",True,False,False,3,0,0,is_sudden_severe,is_sudden_severe,Low,High,Low
sudden_severe_3_0654,"Dispatcher: いつもの頭痛ではなく、急に強く出た感じですか？
Caller: 今は隣の部署の人から伝え聞いただけで、そのあたりは不明です。",True,False,False,3,0,0,is_sudden_severe,is_sudden_severe,Low,Low,High
sudden_severe_3_0655,"Dispatcher: 頭の痛みは、突然起こった激しい痛みですか？
Caller: すみません、本人から頭痛がするとしか聞いておらず、急に始まったのか痛みが激しいのかは分かりません。",True,False,False,3,0,0,is_sudden_severe,is_sudden_severe,High,High,Low
sudden_severe_0_0656,"Dispatcher: 普段と違う振る舞いや様子はありますか？
Caller: いいえ、受け答えはいつも通りで、行動も特に変わったところはありません。",True,False,False,0,0,0,is_sudden_severe,is_behavior,High,High,Low
sudden_severe_0_0657,"Dispatcher: 片側の手足がしびれるとか、動かしにくい様子はありますか？
Caller: いいえ、父は両手足とも普通に動かせていて、しびれも訴えていません。",True,False,False,0,0,0,is_sudden_severe,is_numbness,Low,High,High
sudden_severe_0_0658,"Dispatcher: 何か変わったことはありますか？
Caller: はい、返事が遅くて、話しかけても少しぼんやりしています。",True,False,False,0,0,0,is_sudden_severe,is_behavior,Low,Low,Low
sudden_severe_0_0659,"Dispatcher: いつも通りの様子ですか？
Caller: まだ会えていないので、普段と違うかどうかは何とも言えません。",True,False,False,0,0,0,is_sudden_severe,is_behavior,Low,Low,High
sudden_severe_0_0660,"Dispatcher: 手足のしびれや麻痺はありますか？
Caller: いいえ、同僚は普通に歩けていますし、しびれもないと言っています。",True,False,False,0,0,0,is_sudden_severe,is_numbness,High,Low,High
sudden_severe_1_0661,"Dispatcher: 頭の痛みは、突然起こった激しい痛みですか？
Caller: はい、急に我慢できないくらい強い頭痛が出たと家族が言っています。",True,False,False,1,0,0,is_sudden_severe,is_sudden_severe,High,Low,Low
sudden_severe_1_0662,"Dispatcher: いつもの頭痛ではなく、急にひどくなった感じですか？
Caller: はい、さっき急に耐えられないほど痛いと言い出しました。",True,False,False,1,0,0,is_sudden_severe,is_sudden_severe,Low,Low,Low
sudden_severe_1_0663,"Dispatcher: いきなり頭を抱えるような強い痛み方でしたか？
Caller: はい、同僚が急に頭を押さえて、今までにない痛さだと言っていました。",True,False,False,1,0,0,is_sudden_severe,is_sudden_severe,Low,Low,High
sudden_severe_1_0664,"Dispatcher: 急にものすごい頭痛が来たような様子ですか？
Caller: はい、友人が突然うずくまるほどの頭痛だと言っています。",True,False,False,1,0,0,is_sudden_severe,is_sudden_severe,Low,Low,High
sudden_severe_1_0665,"Dispatcher: じわじわではなく、一気に強い痛みになった感じですか？
Caller: はい、母が急に割れるみたいに痛いと言い出しました。",True,False,False,1,0,0,is_sudden_severe,is_sudden_severe,Low,Low,High
sudden_severe_2_0666,"Dispatcher: いつもの頭痛ではなく、急にひどくなった感じですか？
Caller: いいえ、急にではなく、朝から少しずつ痛くなっています。",True,False,False,2,0,0,is_sudden_severe,is_sudden_severe,Low,Low,Low
sudden_severe_2_0667,"Dispatcher: いきなり我慢できないほどの頭痛が出ましたか？
Caller: いいえ、突然ではなく、昼ごろからだんだん痛みが強くなっただけです。",True,False,False,2,0,0,is_sudden_severe,is_sudden_severe,Low,High,Low
sudden_severe_2_0668,"Dispatcher: 急にものすごい頭痛が来たような様子ですか？
Caller: いいえ、急にではなく前から痛がっていました。",True,False,False,2,0,0,is_sudden_severe,is_sudden_severe,Low,Low,Low
sudden_severe_2_0669,"Dispatcher: さっきまで普通だったのに、急に激しい頭痛になったんですか？
Caller: いいえ、弟は授業中から重い感じが続いていて、急に強い痛みが出たわけではありません。",True,False,False,2,0,0,is_sudden_severe,is_sudden_severe,Low,High,High
sudden_severe_2_0670,"Dispatcher: 頭の痛みは、突然起こった激しい痛みですか？
Caller: いいえ、急に起きた激しい痛みではなく、数時間かけて徐々に強くなっています。",True,False,False,2,0,0,is_sudden_severe,is_sudden_severe,High,High,Low
sudden_severe_3_0671,"Dispatcher: 頭の痛みは、突然起こった激しい痛みですか？
Caller: すみません、本人から頭が痛いとだけ連絡があって、急に強くなったのかは分かりません。",True,False,False,3,0,0,is_sudden_severe,is_sudden_severe,High,Low,Low
sudden_severe_3_0672,"Dispatcher: 頭の痛みは、突然起こった激しい痛みですか？
Caller: 今そばにいないので、突然だったのか、どれくらい強いのか確認できません。",True,False,False,3,0,0,is_sudden_severe,is_sudden_severe,High,Low,Low
sudden_severe_3_0673,"Dispatcher: さっきまで普通だったのに、急に我慢できないほど頭が痛くなった感じですか？
Caller: メッセージで頭痛と来ただけで、始まり方や痛みの強さまでは聞けていません。",True,False,False,3,0,0,is_sudden_severe,is_sudden_severe,High,Low,High
sudden_severe_3_0674,"Dispatcher: いつもの軽い頭痛ということでよいですか？
Caller: そこは分かりません。急に強い痛みなのか、いつもの頭痛なのか確認できていません。",True,False,False,3,0,0,is_sudden_severe,is_sudden_severe,Low,High,Low
sudden_severe_3_0675,"Dispatcher: いつもの頭痛ではなく、急にひどくなった感じですか？
Caller: 別室にいて様子が見えないので、突然なのか激しいのかは確認できません。",True,False,False,3,0,0,is_sudden_severe,is_sudden_severe,Low,High,Low
sudden_severe_0_0676,"Dispatcher: しびれや麻痺はありますか？
Caller: いいえ、手足のしびれや動かしにくさはないようです。",True,False,False,0,0,0,is_sudden_severe,is_numbness,Low,Low,Low
sudden_severe_0_0677,"Dispatcher: ぼんやりしている、返事がおかしいなど、普段と違う様子は見えますか？
Caller: はい、夫が質問にうまく答えられず、同じことを何度も言っていて明らかに普段と違います。",True,False,False,0,0,0,is_sudden_severe,is_behavior,High,High,High
sudden_severe_0_0678,"Dispatcher: 普段と違う振る舞いや様子はありますか？
Caller: はい、母の受け答えがちぐはぐで、落ち着きなく歩き回っていていつもと違います。",True,False,False,0,0,0,is_sudden_severe,is_behavior,High,Low,Low
sudden_severe_0_0679,"Dispatcher: 手足のしびれや麻痺はありますか？
Caller: 今は本人のそばにいないので、しびれや麻痺があるかは確認できません。",True,False,False,0,0,0,is_sudden_severe,is_numbness,High,High,Low
sudden_severe_0_0680,"Dispatcher: 普段と違う振る舞いや様子はありますか？
Caller: いいえ、受け答えも普段どおりで、変わった様子はありません。",True,False,False,0,0,0,is_sudden_severe,is_behavior,High,Low,Low
sudden_severe_1_0681,"Dispatcher: 頭の痛みは、突然起こった激しい痛みですか？
Caller: はい、兄が急に頭を抱えて、耐えられないほど痛いと言っています。",True,False,False,1,0,0,is_sudden_severe,is_sudden_severe,High,Low,High
sudden_severe_1_0682,"Dispatcher: いきなり我慢できないほどの頭痛が出ましたか？
Caller: はい、突然始まって、今までで一番ひどい頭痛だと本人が言っています。",True,False,False,1,0,0,is_sudden_severe,is_sudden_severe,Low,High,Low
sudden_severe_1_0683,"Dispatcher: じわじわではなく、一気に強い痛みになった感じですか？
Caller: はい、会議中に同僚が急に顔をしかめて、その場で動けないほど痛いと言いました。",True,False,False,1,0,0,is_sudden_severe,is_sudden_severe,Low,High,High
sudden_severe_1_0684,"Dispatcher: 頭の痛みは、突然起こった激しい痛みですか？
Caller: はい、急にものすごく痛くなって我慢できないと家族が言っています。",True,False,False,1,0,0,is_sudden_severe,is_sudden_severe,High,Low,Low
sudden_severe_1_0685,"Dispatcher: いつもの頭痛ではなく、急にひどくなった感じですか？
Caller: はい、友人が急に頭が割れそうなくらい痛いと言い出しました。",True,False,False,1,0,0,is_sudden_severe,is_sudden_severe,Low,Low,High
sudden_severe_2_0686,"Dispatcher: いつもの頭痛ではなく、急にひどくなった感じですか？
Caller: いいえ、急な痛みではなく、前から続いている頭痛です。",True,False,False,2,0,0,is_sudden_severe,is_sudden_severe,Low,Low,Low
sudden_severe_2_0687,"Dispatcher: 頭の痛みは、突然起こった激しい痛みですか？
Caller: いいえ、急に起きた激しい痛みではなく、夕方からゆっくり強くなっています。",True,False,False,2,0,0,is_sudden_severe,is_sudden_severe,High,Low,Low
sudden_severe_2_0688,"Dispatcher: いきなり我慢できないほどの頭痛が出ましたか？
Caller: いいえ、突然ではなく、朝から少し痛いと言っていて今も会話は普通にできています。",True,False,False,2,0,0,is_sudden_severe,is_sudden_severe,Low,High,Low
sudden_severe_2_0689,"Dispatcher: 頭の痛みは、突然起こった激しい痛みですか？
Caller: いいえ、父は庭仕事のあとから重い痛みが続いているだけで、急に激しくなったわけではありません。",True,False,False,2,0,0,is_sudden_severe,is_sudden_severe,High,High,High
sudden_severe_2_0690,"Dispatcher: じわじわではなく、一気に強い痛みになった感じですか？
Caller: いいえ、娘は部活のあとから少しずつ痛みが増したと言っていて、突然の激しい頭痛ではありません。",True,False,False,2,0,0,is_sudden_severe,is_sudden_severe,Low,High,High
sudden_severe_3_0691,"Dispatcher: 頭の痛みは、突然起こった激しい痛みですか？
Caller: 同僚から頭痛で動けないと連絡が来ただけで、急に始まったのか、どれほど強いのかまでは確認できていません。",True,False,False,3,0,0,is_sudden_severe,is_sudden_severe,High,High,High
sudden_severe_3_0692,"Dispatcher: いつもの軽い頭痛ということでよいですか？
Caller: そこまでは分かりません。急に強くなったのかどうか確認できていません。",True,False,False,3,0,0,is_sudden_severe,is_sudden_severe,Low,Low,Low
sudden_severe_3_0693,"Dispatcher: 急に我慢できないほどの頭痛が出た感じですか？
Caller: 本人は頭が痛いとしか言っておらず、突然だったのか、かなり強いのかはまだ聞けていません。",True,False,False,3,0,0,is_sudden_severe,is_sudden_severe,High,Low,High
sudden_severe_3_0694,"Dispatcher: 頭の痛みは、突然起こった強い痛みですか？
Caller: 突然だったかどうかも、痛みの強さも分かりません。",True,False,False,3,0,0,is_sudden_severe,is_sudden_severe,High,Low,Low
sudden_severe_3_0695,"Dispatcher: 激しい頭痛が急に始まったか分かりますか？
Caller: いいえ、家族から頭痛がすると聞いただけで、急に起きたのか激しいのかは確認できません。",True,False,False,3,0,0,is_sudden_severe,is_sudden_severe,High,High,Low
sudden_severe_0_0696,"Dispatcher: まっすぐ歩けていますか？
Caller: 友人は片方の腕がしびれていて、うまく力が入らないと言っています。",True,False,False,0,0,0,is_sudden_severe,is_numbness,Low,Low,High
sudden_severe_0_0697,"Dispatcher: 手足の動きにおかしなところはありますか？
Caller: 妻を見ていますが、手足のしびれも麻痺もなく普通に動かせています。",True,False,False,0,0,0,is_sudden_severe,is_numbness,Low,High,High
sudden_severe_0_0698,"Dispatcher: 手足の動きにおかしなところはありますか？
Caller: しびれや麻痺はありません。",True,False,False,0,0,0,is_sudden_severe,is_numbness,Low,High,Low
sudden_severe_0_0699,"Dispatcher: 何か変わった様子はありますか？
Caller: 頭が痛いと電話があっただけで、普段と違う振る舞いがあるかは分かりません。",True,False,False,0,0,0,is_sudden_severe,is_behavior,Low,Low,Low
sudden_severe_0_0700,"Dispatcher: 普段と違う振る舞いや様子はありますか？
Caller: 今は本人を直接見ていないので、いつもと違う様子かどうかは確認できません。",True,False,False,0,0,0,is_sudden_severe,is_behavior,High,Low,Low
sudden_severe_1_0701,"Dispatcher: 頭の痛みは、突然起こった激しい痛みですか？
Caller: はい、夫がさっき急に頭を抱えて、今までで一番ひどい痛みだと言っています。",True,False,False,1,0,0,is_sudden_severe,is_sudden_severe,High,Low,High
sudden_severe_1_0702,"Dispatcher: さっきまで普通だったのに、急に強い頭痛が出たんですか？
Caller: はい、母は食事中にいきなり激しい頭痛を訴えて、その場でうずくまりました。",True,False,False,1,0,0,is_sudden_severe,is_sudden_severe,High,Low,High
sudden_severe_1_0703,"Dispatcher: 急に我慢できないほどの頭痛が始まりましたか？
Caller: はい、同僚が突然ものすごく痛いと言い出して、仕事を続けられなくなりました。",True,False,False,1,0,0,is_sudden_severe,is_sudden_severe,High,Low,High
sudden_severe_1_0704,"Dispatcher: 頭の痛みは急に出た強いものですか？
Caller: はい、妹がさっき急に殴られたみたいな激しい頭痛だと言っています。",True,False,False,1,0,0,is_sudden_severe,is_sudden_severe,High,Low,High
sudden_severe_1_0705,"Dispatcher: いつもの頭痛より軽そうですか？
Caller: いいえ、父は急に耐えられないくらい強い頭痛が来たと言っています。",True,False,False,1,0,0,is_sudden_severe,is_sudden_severe,Low,Low,High
sudden_severe_2_0706,"Dispatcher: いつもの軽い頭痛ということでよいですか？
Caller: はい、娘は朝から少しずつ痛くなったと言っていて、急にひどくなったわけではありません。",True,False,False,2,0,0,is_sudden_severe,is_sudden_severe,Low,Low,High
sudden_severe_2_0707,"Dispatcher: 急に強い頭痛が出た感じですか？
Caller: いいえ、夫は昨夜からじわじわ痛んでいるだけで、突然の激しい痛みではありません。",True,False,False,2,0,0,is_sudden_severe,is_sudden_severe,Low,High,High
sudden_severe_2_0708,"Dispatcher: いきなりひどい頭痛になったんですか？
Caller: そうではなくて、同僚は昼ごろから重い感じが続いていると言っています。",True,False,False,2,0,0,is_sudden_severe,is_sudden_severe,Low,Low,High
sudden_severe_2_0709,"Dispatcher: 頭の痛みは、突然起こった激しい痛みですか？
Caller: いいえ、急にではなく、痛みもそこまで激しくありません。",True,False,False,2,0,0,is_sudden_severe,is_sudden_severe,High,Low,Low
sudden_severe_2_0710,"Dispatcher: 頭の痛みは急に始まった強いものですか？
Caller: いいえ、母は前からあった頭痛が少し続いているだけで、突然ひどくなったわけではないです。",True,False,False,2,0,0,is_sudden_severe,is_sudden_severe,High,Low,High
sudden_severe_3_0711,"Dispatcher: いつもの頭痛みたいな感じですか？
Caller: そこが分からなくて、弟から頭が痛いとメッセージが来ただけなので、急に強く出たのか確認できません。",True,False,False,3,0,0,is_sudden_severe,is_sudden_severe,Low,High,High
sudden_severe_3_0712,"Dispatcher: いつもの軽い頭痛ですか？
Caller: 分かりません。急にひどくなったのかは聞けていません。",True,False,False,3,0,0,is_sudden_severe,is_sudden_severe,Low,Low,Low
sudden_severe_3_0713,"Dispatcher: 急にひどい頭痛になったんですか？
Caller: そこはまだ分かりません。痛み方を詳しく確認できていません。",True,False,False,3,0,0,is_sudden_severe,is_sudden_severe,Low,Low,Low
sudden_severe_3_0714,"Dispatcher: 普段の頭痛と違って、急に強く出た様子はありますか？
Caller: 離れた部署の同僚から連絡を受けただけで、突然だったのか強い痛みなのかは確認できません。",True,False,False,3,0,0,is_sudden_severe,is_sudden_severe,Low,High,High
sudden_severe_3_0715,"Dispatcher: 頭の痛みは、突然起こった激しい痛みですか？
Caller: 本人が別室にいて詳しく話せておらず、急に起きたのか激しいのかはまだ分かりません。",True,False,False,3,0,0,is_sudden_severe,is_sudden_severe,High,High,Low
sudden_severe_0_0716,"Dispatcher: ぼんやりしている、返事がおかしいなど、普段と違う様子はありますか？
Caller: はい、父は呼びかけても会話がかみ合わず、いつもと全然違う受け答えです。",True,False,False,0,0,0,is_sudden_severe,is_behavior,High,Low,High
sudden_severe_0_0717,"Dispatcher: 普通に手足は動かせていますか？
Caller: 兄は手足にしびれもなく、力も普段どおり入っています。",True,False,False,0,0,0,is_sudden_severe,is_numbness,Low,Low,High
sudden_severe_0_0718,"Dispatcher: 手足のしびれや麻痺はありますか？
Caller: いいえ、しびれや麻痺はありません。",True,False,False,0,0,0,is_sudden_severe,is_numbness,Low,High,Low
sudden_severe_0_0719,"Dispatcher: 手足のしびれや麻痺はありますか？
Caller: いいえ、手足にしびれも麻痺もなく、左右とも普通に動かせています。",True,False,False,0,0,0,is_sudden_severe,is_numbness,High,High,Low
sudden_severe_0_0720,"Dispatcher: 何か変わったことはありますか？
Caller: 妻が同じことを何度も聞き返していて、普段より明らかに様子がおかしいです。",True,False,False,0,0,0,is_sudden_severe,is_behavior,Low,Low,High
sudden_severe_1_0721,"Dispatcher: 頭の痛みは、突然起こった激しい痛みですか？
Caller: はい、夫が急に頭を押さえて、我慢できないほど痛いと言っています。",True,False,False,1,0,0,is_sudden_severe,is_sudden_severe,High,High,Low
sudden_severe_1_0722,"Dispatcher: いつもの頭痛ではなく、急にひどくなった感じですか？
Caller: はい、同僚が会議中にいきなりうずくまって、今までで一番痛いと言っています。",True,False,False,1,0,0,is_sudden_severe,is_sudden_severe,Low,High,High
sudden_severe_1_0723,"Dispatcher: さっきまで普通だったのに、急に強い頭痛が出た様子ですか？
Caller: はい、母は数分前まで食事していたのに、突然ものすごい頭痛がすると言って動けなくなりました。",True,False,False,1,0,0,is_sudden_severe,is_sudden_severe,High,High,High
sudden_severe_1_0724,"Dispatcher: いつもの軽い痛みではなさそうですか？
Caller: はい、友人が急に耐えられないくらい頭が痛いと言い出しました。",True,False,False,1,0,0,is_sudden_severe,is_sudden_severe,Low,Low,High
sudden_severe_1_0725,"Dispatcher: 急にひどい頭痛になった感じですか？
Caller: はい、弟が突然すごく痛いと言っています。",True,False,False,1,0,0,is_sudden_severe,is_sudden_severe,Low,Low,Low
sudden_severe_2_0726,"Dispatcher: いつもの頭痛ではなく、急にひどくなった感じですか？
Caller: いいえ、朝から少しずつ痛くなってきたようで、急に強くなったわけではありません。",True,False,False,2,0,0,is_sudden_severe,is_sudden_severe,Low,High,High
sudden_severe_2_0727,"Dispatcher: 急にひどい頭痛になった感じですか？
Caller: いいえ、だんだん痛くなったようです。",True,False,False,2,0,0,is_sudden_severe,is_sudden_severe,Low,High,Low
sudden_severe_2_0728,"Dispatcher: 頭の痛みは、突然起こった激しい痛みですか？
Caller: いいえ、父は昨日から続く鈍い頭痛で、急に始まった激しい痛みではありません。",True,False,False,2,0,0,is_sudden_severe,is_sudden_severe,High,High,High
sudden_severe_2_0729,"Dispatcher: 頭の痛みは、突然起こった激しい痛みですか？
Caller: いいえ、急にという感じではなさそうです。",True,False,False,2,0,0,is_sudden_severe,is_sudden_severe,High,Low,High
sudden_severe_2_0730,"Dispatcher: いつもの軽い頭痛ということでよいですか？
Caller: はい、急にひどくなったわけではないです。",True,False,False,2,0,0,is_sudden_severe,is_sudden_severe,Low,Low,High
sudden_severe_3_0731,"Dispatcher: 急にひどい頭痛になった感じですか？
Caller: 分かりません、頭が痛いとだけ聞いています。",True,False,False,3,0,0,is_sudden_severe,is_sudden_severe,Low,Low,Low
sudden_severe_3_0732,"Dispatcher: いつもの頭痛ではなく、急にひどくなった感じですか？
Caller: すみません、私は職場にいて本人のそばにいないので、急に始まったのか強い痛みなのか確認できません。",True,False,False,3,0,0,is_sudden_severe,is_sudden_severe,Low,High,High
sudden_severe_3_0733,"Dispatcher: 急にひどい頭痛になった感じですか？
Caller: そこまではまだ分かりません。",True,False,False,3,0,0,is_sudden_severe,is_sudden_severe,Low,Low,Low
sudden_severe_3_0734,"Dispatcher: いつもの軽い頭痛ということでよいですか？
Caller: いいえ、そこは分からなくて、急に強くなったのかは確認できていません。",True,False,False,3,0,0,is_sudden_severe,is_sudden_severe,Low,Low,Low
sudden_severe_3_0735,"Dispatcher: 頭の痛みは、突然起こった激しい痛みですか？
Caller: 今は本人と別の部屋にいて詳しく聞けておらず、突然なのか激しいのかは分かりません。",True,False,False,3,0,0,is_sudden_severe,is_sudden_severe,High,High,Low
sudden_severe_0_0736,"Dispatcher: 手足のしびれや麻痺はありますか？
Caller: いいえ、妻は手足は普通に動かせていて、しびれもないです。",True,False,False,0,0,0,is_sudden_severe,is_numbness,Low,High,Low
sudden_severe_0_0737,"Dispatcher: 普段と違う振る舞いや様子はありますか？
Caller: いいえ、受け答えも普通で、いつもと変わった様子はありません。",True,False,False,0,0,0,is_sudden_severe,is_behavior,High,Low,Low
sudden_severe_0_0738,"Dispatcher: 何か変わったことはありますか？
Caller: すみません、本人から頭痛とだけ連絡があって、普段と違う様子かどうかは確認できません。",True,False,False,0,0,0,is_sudden_severe,is_behavior,Low,High,Low
sudden_severe_0_0739,"Dispatcher: ぼんやりしている、返事がおかしいなど、普段と違う様子は見えますか？
Caller: はい、兄が質問しても話がかみ合わず、同じことを何度も言っていて明らかにいつもと違います。",True,False,False,0,0,0,is_sudden_severe,is_behavior,High,High,High
sudden_severe_0_0740,"Dispatcher: 普段と違う振る舞いや様子はありますか？
Caller: はい、母が呼びかけへの返事がおかしくて、落ち着きなく歩き回っています。",True,False,False,0,0,0,is_sudden_severe,is_behavior,High,High,Low
sudden_severe_1_0741,"Dispatcher: いつもの頭痛とは違って急にきた感じですか？
Caller: はい、同僚が作業中に突然頭を抱えて、耐えられない痛みだと言っています。",True,False,False,1,0,0,is_sudden_severe,is_sudden_severe,Low,High,High
sudden_severe_1_0742,"Dispatcher: 急にひどい頭痛になった感じですか？
Caller: はい、妻が突然ものすごく痛いと言い出しました。",True,False,False,1,0,0,is_sudden_severe,is_sudden_severe,Low,High,Low
sudden_severe_1_0743,"Dispatcher: 頭の痛みは、突然起こった激しい痛みですか？
Caller: はい、急にかなり強い痛みが来たようです。",True,False,False,1,0,0,is_sudden_severe,is_sudden_severe,High,Low,Low
sudden_severe_1_0744,"Dispatcher: さっきまで普通だったのに、急に我慢できないほど頭が痛くなった感じですか？
Caller: はい、友人が駅で急にしゃがみこんで、頭が割れそうに痛いと言っています。",True,False,False,1,0,0,is_sudden_severe,is_sudden_severe,High,Low,High
sudden_severe_1_0745,"Dispatcher: 頭の痛みは、突然起こった激しい痛みですか？
Caller: はい、父が急にひどい頭痛を訴えました。",True,False,False,1,0,0,is_sudden_severe,is_sudden_severe,High,Low,Low
sudden_severe_2_0746,"Dispatcher: 頭の痛みは、突然起こった激しい痛みですか？
Caller: いいえ、娘は夕方から徐々に痛みが強くなったと言っていて、急にではありません。",True,False,False,2,0,0,is_sudden_severe,is_sudden_severe,High,Low,High
sudden_severe_2_0747,"Dispatcher: 頭の痛みは、突然起こった激しい痛みですか？
Caller: いいえ、夫は昼ごろから重い感じが続いていて、突然の激痛ではないです。",True,False,False,2,0,0,is_sudden_severe,is_sudden_severe,High,High,High
sudden_severe_2_0748,"Dispatcher: いつもの頭痛ではなく、急にひどくなった感じですか？
Caller: いいえ、母は前から少し痛かったと言っていて、いきなりではありません。",True,False,False,2,0,0,is_sudden_severe,is_sudden_severe,Low,High,High
sudden_severe_2_0749,"Dispatcher: 頭の痛みは、突然起こった激しい痛みですか？
Caller: いいえ、急に来た感じではなく、前からの痛みが続いているようです。",True,False,False,2,0,0,is_sudden_severe,is_sudden_severe,High,Low,High
sudden_severe_2_0750,"Dispatcher: 頭の痛みは、突然起こった激しい痛みですか？
Caller: いいえ、本人はだんだん痛くなったと言っています。",True,False,False,2,0,0,is_sudden_severe,is_sudden_severe,High,Low,High
sudden_severe_3_0751,"Dispatcher: いつもの軽い頭痛ということでよいですか？
Caller: それが、本人と離れていて、急に強くなったのかどうかまでは確認できません。",True,False,False,3,0,0,is_sudden_severe,is_sudden_severe,Low,High,Low
sudden_severe_3_0752,"Dispatcher: 頭の痛みは、突然起こった激しい痛みですか？
Caller: 本人から頭が痛いとしか聞いておらず、突然だったのか激しいのかは分かりません。",True,False,False,3,0,0,is_sudden_severe,is_sudden_severe,High,High,Low
sudden_severe_3_0753,"Dispatcher: さっきまで普通だったのに、急にひどい頭痛になった感じですか？
Caller: 同僚からメッセージが来ただけで、その痛みが急に始まったのか、かなり強いのかまでは確認できていません。",True,False,False,3,0,0,is_sudden_severe,is_sudden_severe,High,High,High
sudden_severe_3_0754,"Dispatcher: 何か頭痛の様子は分かりますか？
Caller: 頭が痛いとは聞いていますが、急に激しくなったのかどうかは分かりません。",True,False,False,3,0,0,is_sudden_severe,is_sudden_severe,Low,Low,Low
sudden_severe_3_0755,"Dispatcher: 急に出た強い頭痛か分かりますか？
Caller: 友人からつらいと連絡があっただけで、始まり方や痛みの強さまでははっきりしません。",True,False,False,3,0,0,is_sudden_severe,is_sudden_severe,High,Low,High
sudden_severe_0_0756,"Dispatcher: 手足のしびれや麻痺はありますか？
Caller: 妻を見ていますが、手足のしびれも麻痺もなく普通に動かせています。",True,False,False,0,0,0,is_sudden_severe,is_numbness,High,High,High
sudden_severe_0_0757,"Dispatcher: 受け答えが変だったり、いつもと違う行動をしていますか？
Caller: 今は職場の同僚から連絡を受けただけで、普段と違う様子があるかまでは確認できていません。",True,False,False,0,0,0,is_sudden_severe,is_behavior,Low,High,High
sudden_severe_0_0758,"Dispatcher: ちゃんと両手足は動いていますか？
Caller: いいえ、父は右腕がしびれていて、うまく力が入らないようです。",True,False,False,0,0,0,is_sudden_severe,is_numbness,Low,High,High
sudden_severe_0_0759,"Dispatcher: 普段と違う振る舞いや様子はありますか？
Caller: いいえ、受け答えも行動もいつもと変わりません。",True,False,False,0,0,0,is_sudden_severe,is_behavior,High,Low,Low
sudden_severe_0_0760,"Dispatcher: 手足のしびれや麻痺はありますか？
Caller: はい、母は左足がしびれていて、少し動かしにくいです。",True,False,False,0,0,0,is_sudden_severe,is_numbness,High,High,Low
sudden_severe_1_0761,"Dispatcher: 急にひどい頭痛になった感じですか？
Caller: はい、さっき急に我慢できないくらい頭が痛いと言い出しました。",True,False,False,1,0,0,is_sudden_severe,is_sudden_severe,Low,High,Low
sudden_severe_1_0762,"Dispatcher: 頭の痛みは、突然起こった激しい痛みですか？
Caller: はい、夫が急に頭を押さえて、今までにないくらい強く痛がっています。",True,False,False,1,0,0,is_sudden_severe,is_sudden_severe,High,High,Low
sudden_severe_1_0763,"Dispatcher: いきなり耐えられないほどの頭痛が来たんですか？
Caller: はい、友人が会話の途中で急にうずくまって、ものすごく痛いと言っています。",True,False,False,1,0,0,is_sudden_severe,is_sudden_severe,Low,High,High
sudden_severe_1_0764,"Dispatcher: 急に出た強い頭痛ですか？
Caller: はい、弟が突然頭を抱えて、かなりひどい痛みだと言っています。",True,False,False,1,0,0,is_sudden_severe,is_sudden_severe,Low,Low,High
sudden_severe_1_0765,"Dispatcher: 頭痛は突然始まった激しいものですか？
Caller: はい、隣にいた同僚がいきなり今までで一番痛いと言い出しました。",True,False,False,1,0,0,is_sudden_severe,is_sudden_severe,High,Low,High
sudden_severe_2_0766,"Dispatcher: 頭の痛みは、突然起こった激しい痛みですか？
Caller: いいえ、朝から少しずつ痛くなってきたようで、急にひどくなったわけではありません。",True,False,False,2,0,0,is_sudden_severe,is_sudden_severe,High,Low,Low
sudden_severe_2_0767,"Dispatcher: 頭の痛みは、突然起こった激しい痛みですか？
Caller: いいえ、本人は前から続くいつもの頭痛みたいだと言っています。",True,False,False,2,0,0,is_sudden_severe,is_sudden_severe,High,Low,Low
sudden_severe_2_0768,"Dispatcher: 急にひどい頭痛になった感じですか？
Caller: いいえ、昼ごろからだんだん痛くなっただけで、突然ではありません。",True,False,False,2,0,0,is_sudden_severe,is_sudden_severe,Low,High,Low
sudden_severe_2_0769,"Dispatcher: 頭の痛みは、突然起こった激しい痛みですか？
Caller: いいえ、母は昨日から鈍く痛むと言っていて、急に激しくなった様子はありません。",True,False,False,2,0,0,is_sudden_severe,is_sudden_severe,High,High,High
sudden_severe_2_0770,"Dispatcher: 急に我慢できないほどの頭痛が出たんですか？
Caller: いいえ、同僚は仕事中に徐々に痛くなったと言っていて、激痛が突然来た感じではないです。",True,False,False,2,0,0,is_sudden_severe,is_sudden_severe,High,Low,High
sudden_severe_3_0771,"Dispatcher: 頭の痛みは、突然起こった激しい痛みですか？
Caller: 本人が別室にいて、突然だったのか、強い痛みなのかはまだ確認できません。",True,False,False,3,0,0,is_sudden_severe,is_sudden_severe,High,High,Low
sudden_severe_3_0772,"Dispatcher: 何か頭痛の様子は分かりますか？
Caller: 頭が痛いと聞いただけで、急にひどくなったのかどうかは分かりません。",True,False,False,3,0,0,is_sudden_severe,is_sudden_severe,Low,Low,Low
sudden_severe_3_0773,"Dispatcher: いつもの頭痛ではなく、急に強くなった感じですか？
Caller: 娘から短い電話があっただけで、急に始まったのか痛みが強いのかまでは分かりません。",True,False,False,3,0,0,is_sudden_severe,is_sudden_severe,Low,High,High
sudden_severe_3_0774,"Dispatcher: 激しい痛みが突然起こりましたか？
Caller: そこまでは確認できておらず、突然だったかどうかは分かりません。",True,False,False,3,0,0,is_sudden_severe,is_sudden_severe,Low,High,Low
sudden_severe_3_0775,"Dispatcher: さっきまで何ともなくて、急に耐えられない頭痛になった様子ですか？
Caller: 離れて暮らす父から頭痛の連絡が来ただけなので、急な発症か、ひどい痛みかまでは把握できていません。",True,False,False,3,0,0,is_sudden_severe,is_sudden_severe,High,High,High
sudden_severe_0_0776,"Dispatcher: 何か変わった様子はありますか？
Caller: 妹から頭が痛いとだけ連絡があって、普段と違う振る舞いがあるかはまだ見ていません。",True,False,False,0,0,0,is_sudden_severe,is_behavior,Low,Low,High
sudden_severe_0_0777,"Dispatcher: 片側の手足がしびれたり、力が入りにくかったりしますか？
Caller: はい、同僚は左手がしびれて、コップを持ちにくいと言っています。",True,False,False,0,0,0,is_sudden_severe,is_numbness,Low,High,High
sudden_severe_0_0778,"Dispatcher: しびれや麻痺はありますか？
Caller: いいえ、手足のしびれも麻痺もありません。",True,False,False,0,0,0,is_sudden_severe,is_numbness,Low,High,Low
sudden_severe_0_0779,"Dispatcher: 手足のしびれや麻痺はありますか？
Caller: 今は本人が車で移動中でそばにいないので、しびれや麻痺があるかは確認できません。",True,False,False,0,0,0,is_sudden_severe,is_numbness,High,High,High
sudden_severe_0_0780,"Dispatcher: 普段と違う振る舞いや様子はありますか？
Caller: 今は電話で聞いただけなので、いつもと違う様子があるかは分かりません。",True,False,False,0,0,0,is_sudden_severe,is_behavior,High,High,Low
sudden_severe_1_0781,"Dispatcher: いつもの軽い頭痛ではなく、急にひどくなった感じですか？
Caller: はい、同僚がさっき突然、我慢できないくらい頭が痛いと言い出しました。",True,False,False,1,0,0,is_sudden_severe,is_sudden_severe,Low,High,Low
sudden_severe_1_0782,"Dispatcher: 頭の痛みは、突然起こった激しい痛みですか？
Caller: はい、夫は会議中まで普通だったのに、急に頭を押さえて耐えられない痛みだと言っていました。",True,False,False,1,0,0,is_sudden_severe,is_sudden_severe,High,Low,High
sudden_severe_1_0783,"Dispatcher: 頭の痛みは、突然起こった激しい痛みですか？
Caller: はい、母が急にものすごい頭痛がすると訴えました。",True,False,False,1,0,0,is_sudden_severe,is_sudden_severe,High,Low,Low
sudden_severe_1_0784,"Dispatcher: いつもの頭痛というより、急に強い痛みが出た感じですか？
Caller: はい、友人が今いきなり頭が割れるほど痛いと言っています。",True,False,False,1,0,0,is_sudden_severe,is_sudden_severe,Low,High,Low
sudden_severe_1_0785,"Dispatcher: 頭の痛みは、突然起こった激しい痛みですか？
Caller: はい、弟が急に耐えられないほど痛いと言い出しました。",True,False,False,1,0,0,is_sudden_severe,is_sudden_severe,High,Low,Low
sudden_severe_2_0786,"Dispatcher: いつもの軽い頭痛ということでよいですか？
Caller: はい、父は朝から少しずつ痛くなってきたと言っていて、急にひどくなったわけではありません。",True,False,False,2,0,0,is_sudden_severe,is_sudden_severe,Low,High,Low
sudden_severe_2_0787,"Dispatcher: 頭の痛みは、突然起こった激しい痛みですか？
Caller: いいえ、妻は昼ごろからじわじわ痛くなってきたようで、急に強い痛みが出た感じではないです。",True,False,False,2,0,0,is_sudden_severe,is_sudden_severe,High,Low,High
sudden_severe_2_0788,"Dispatcher: 急に我慢できないほどの頭痛になった感じですか？
Caller: いいえ、同僚は仕事中ずっと鈍い痛みが続いていただけで、突然の激痛ではありません。",True,False,False,2,0,0,is_sudden_severe,is_sudden_severe,Low,High,High
sudden_severe_2_0789,"Dispatcher: 頭の痛みは、突然起こった激しい痛みですか？
Caller: いいえ、娘は昨日から少しずつ痛みが出ていて、急に始まった激しい頭痛ではありません。",True,False,False,2,0,0,is_sudden_severe,is_sudden_severe,High,High,High
sudden_severe_2_0790,"Dispatcher: 頭の痛みは、突然起こった激しい痛みですか？
Caller: いいえ、夫は夕方からだんだん痛くなったと言っていて、急な強い痛みではないです。",True,False,False,2,0,0,is_sudden_severe,is_sudden_severe,High,High,High
sudden_severe_3_0791,"Dispatcher: いつもの軽い頭痛ということでよいですか？
Caller: すみません、頭が痛いとだけ連絡があって、急に強くなったのかは分かりません。",True,False,False,3,0,0,is_sudden_severe,is_sudden_severe,Low,Low,Low
sudden_severe_3_0792,"Dispatcher: 頭の痛みは、急に出た強い痛みか確認できますか？
Caller: 今は本人が別の部屋にいて詳しく聞けず、突然なのか強い痛みなのかまでは確認できません。",True,False,False,3,0,0,is_sudden_severe,is_sudden_severe,High,High,High
sudden_severe_3_0793,"Dispatcher: 激しい痛みが突然起こりましたか？
Caller: それが、私は現場を見ていないので、突然だったかどうかは分かりません。",True,False,False,3,0,0,is_sudden_severe,is_sudden_severe,Low,High,Low
sudden_severe_3_0794,"Dispatcher: 頭の痛みは、突然起こった激しい痛みですか？
Caller: そこまでは聞けておらず、急に始まったのか痛みがどれほど強いのかは分かりません。",True,False,False,3,0,0,is_sudden_severe,is_sudden_severe,High,Low,Low
sudden_severe_3_0795,"Dispatcher: 激しい痛みが突然起こりましたか？
Caller: 頭痛があるとは聞いていますが、急に激しくなったかどうかは確認できていません。",True,False,False,3,0,0,is_sudden_severe,is_sudden_severe,Low,High,Low
sudden_severe_0_0796,"Dispatcher: 手足のしびれや麻痺はありますか？
Caller: 本人が車内で休んでいて今は様子を見られず、しびれや麻痺があるかは確認できません。",True,False,False,0,0,0,is_sudden_severe,is_numbness,High,High,High
sudden_severe_0_0797,"Dispatcher: 普段と違う振る舞いや様子はありますか？
Caller: いいえ、姉は頭痛は訴えていますが、受け答えも普段どおりで様子は変わりません。",True,False,False,0,0,0,is_sudden_severe,is_behavior,High,Low,High
sudden_severe_0_0798,"Dispatcher: 何か変わった様子はありますか？
Caller: はい、同僚が話しかけても返事がちぐはぐで、いつもと明らかに違います。",True,False,False,0,0,0,is_sudden_severe,is_behavior,Low,Low,High
sudden_severe_0_0799,"Dispatcher: いつもと違う振る舞いはありますか？
Caller: まだ電話で頭痛と聞いただけで、普段と違う様子があるかは分かりません。",True,False,False,0,0,0,is_sudden_severe,is_behavior,Low,High,Low
sudden_severe_0_0800,"Dispatcher: 普段と違う振る舞いや様子はありますか？
Caller: はい、母はさっきから同じことを何度も聞いてきて、明らかにいつもと違います。",True,False,False,0,0,0,is_sudden_severe,is_behavior,High,Low,Low
sudden_severe_1_0801,"Dispatcher: 頭の痛みは、突然起こった激しい痛みですか？
Caller: はい、友人が歩いている途中で急に立ち止まって、今までにない激しい頭痛だと訴えています。",True,False,False,1,0,0,is_sudden_severe,is_sudden_severe,High,High,High
sudden_severe_1_0802,"Dispatcher: いつもの頭痛ではなく、急に耐えられない痛みが来た感じですか？
Caller: はい、兄がさっき急に頭を抱えて、こんなの我慢できないと言っています。",True,False,False,1,0,0,is_sudden_severe,is_sudden_severe,Low,High,High
sudden_severe_1_0803,"Dispatcher: いつもの頭痛ではなく、急にひどくなった感じですか？
Caller: はい、妻が突然ものすごい頭痛がすると言い出しました。",True,False,False,1,0,0,is_sudden_severe,is_sudden_severe,Low,High,Low
sudden_severe_1_0804,"Dispatcher: 頭の痛みは、突然起こった激しい痛みですか？
Caller: はい、息子が急に強い頭痛で動けないと言っています。",True,False,False,1,0,0,is_sudden_severe,is_sudden_severe,High,Low,Low
sudden_severe_1_0805,"Dispatcher: 頭の痛みは、突然起こった激しい痛みですか？
Caller: はい、父は食事中までは普通でしたが、急に頭を押さえて耐えがたい痛みだと言い始めました。",True,False,False,1,0,0,is_sudden_severe,is_sudden_severe,High,High,High
sudden_severe_2_0806,"Dispatcher: いつもの頭痛ではなく、急にひどくなった感じですか？
Caller: いいえ、母は朝から少し重い感じが続いていると言っていて、急な激痛ではなさそうです。",True,False,False,2,0,0,is_sudden_severe,is_sudden_severe,Low,Low,High
sudden_severe_2_0807,"Dispatcher: 頭の痛みは、突然起こった激しい痛みですか？
Caller: いいえ、友人は前からじわじわ痛くなってきたと言っていて、急に強くなったわけではありません。",True,False,False,2,0,0,is_sudden_severe,is_sudden_severe,High,Low,High
sudden_severe_2_0808,"Dispatcher: 頭の痛みは、突然起こった激しい痛みですか？
Caller: いいえ、夫は数時間前から徐々に痛くなっていて、突然の激しい頭痛ではありません。",True,False,False,2,0,0,is_sudden_severe,is_sudden_severe,High,High,Low
sudden_severe_2_0809,"Dispatcher: 急に我慢できないほどの頭痛になった感じですか？
Caller: いいえ、同僚はさっきから少し痛いと言っている程度で、急なひどい痛みではないです。",True,False,False,2,0,0,is_sudden_severe,is_sudden_severe,Low,Low,High
sudden_severe_2_0810,"Dispatcher: 頭の痛みは、突然起こった激しい痛みですか？
Caller: いいえ、姉は昨日から続く頭痛だと言っていて、急に始まった強い痛みではありません。",True,False,False,2,0,0,is_sudden_severe,is_sudden_severe,High,High,Low
sudden_severe_3_0811,"Dispatcher: 頭の痛みは、突然起こった激しい痛みですか？
Caller: 今は本人のそばにいないので、突然なのか強い痛みなのかは確認できません。",True,False,False,3,0,0,is_sudden_severe,is_sudden_severe,High,High,Low
sudden_severe_3_0812,"Dispatcher: 頭の痛みは、突然起こった激しい痛みですか？
Caller: 頭痛があるとだけ聞いていて、急に起きた強い痛みかどうかまでは分かりません。",True,False,False,3,0,0,is_sudden_severe,is_sudden_severe,High,High,Low
sudden_severe_3_0813,"Dispatcher: いつもの軽い頭痛ということでよいですか？
Caller: そこまでは分かりません。急に強くなったのか、いつもの頭痛なのか確認できていません。",True,False,False,3,0,0,is_sudden_severe,is_sudden_severe,Low,Low,Low
sudden_severe_3_0814,"Dispatcher: いつもの頭痛に近い感じですか？
Caller: まだそこは聞けておらず、急にひどくなったのかどうか分かりません。",True,False,False,3,0,0,is_sudden_severe,is_sudden_severe,Low,Low,Low
sudden_severe_3_0815,"Dispatcher: さっきまで普通だったのに、急に耐えられないほど頭が痛くなった感じですか？
Caller: 職場の別フロアから連絡が来ただけで、痛みの出方や強さまでは確認できていません。",True,False,False,3,0,0,is_sudden_severe,is_sudden_severe,Low,High,High
sudden_severe_0_0816,"Dispatcher: 手足のしびれや麻痺はありますか？
Caller: はい、父は右腕がしびれていて、うまく持ち上げられません。",True,False,False,0,0,0,is_sudden_severe,is_numbness,High,High,High
sudden_severe_0_0817,"Dispatcher: 普段と違う振る舞いや様子はありますか？
Caller: いいえ、受け答えも普段どおりで、特に変わった様子はありません。",True,False,False,0,0,0,is_sudden_severe,is_behavior,High,Low,Low
sudden_severe_0_0818,"Dispatcher: 普段と違う振る舞いや様子はありますか？
Caller: いいえ、同僚ですが会話もいつもどおりで、変な行動は見られません。",True,False,False,0,0,0,is_sudden_severe,is_behavior,High,Low,High
sudden_severe_0_0819,"Dispatcher: 体の動きで気になることはありますか？
Caller: あります。母が左足をしびれると言っていて、立つとふらついています。",True,False,False,0,0,0,is_sudden_severe,is_numbness,Low,Low,High
sudden_severe_0_0820,"Dispatcher: 何か変わったことはありますか？
Caller: はい、さっきから話がかみ合わず、同じことを何度も聞き返しています。",True,False,False,0,0,0,is_sudden_severe,is_behavior,Low,High,High
sudden_severe_1_0821,"Dispatcher: 頭の痛みは、突然起こった激しい痛みですか？
Caller: はい、夫が急に頭を押さえて、今までにないほど痛いと言っています。",True,False,False,1,0,0,is_sudden_severe,is_sudden_severe,High,High,Low
sudden_severe_1_0822,"Dispatcher: いつもの頭痛とは違って急に強く出た感じですか？
Caller: はい、さっき急に始まって、我慢できないくらい痛いそうです。",True,False,False,1,0,0,is_sudden_severe,is_sudden_severe,Low,High,Low
sudden_severe_1_0823,"Dispatcher: いつもの頭痛ではなく、急にひどくなった感じですか？
Caller: はい、同僚が会議中に突然うずくまって、ものすごく痛いと言っています。",True,False,False,1,0,0,is_sudden_severe,is_sudden_severe,Low,High,High
sudden_severe_1_0824,"Dispatcher: 軽い痛みではなく、急に強い頭痛が出た感じですか？
Caller: そうです、娘が急に泣き出して、頭が割れそうに痛いと言っています。",True,False,False,1,0,0,is_sudden_severe,is_sudden_severe,Low,Low,High
sudden_severe_1_0825,"Dispatcher: 頭の痛みは、突然起こった激しい痛みですか？
Caller: はい、友人がさっき突然、耐えられない頭痛が来たと言いました。",True,False,False,1,0,0,is_sudden_severe,is_sudden_severe,High,Low,High
sudden_severe_2_0826,"Dispatcher: 頭の痛みは、突然起こった激しい痛みですか？
Caller: いいえ、朝から少しずつ痛くなってきたもので、急にひどくなったわけではありません。",True,False,False,2,0,0,is_sudden_severe,is_sudden_severe,High,High,High
sudden_severe_2_0827,"Dispatcher: 頭の痛みは、突然起こった激しい痛みですか？
Caller: いいえ、妻は昨日から重い感じが続いていて、突然の強い痛みではないです。",True,False,False,2,0,0,is_sudden_severe,is_sudden_severe,High,High,High
sudden_severe_2_0828,"Dispatcher: 頭の痛みは、突然起こった激しい痛みですか？
Caller: いいえ、急な感じではなく、じわじわ痛くなっています。",True,False,False,2,0,0,is_sudden_severe,is_sudden_severe,High,Low,Low
sudden_severe_2_0829,"Dispatcher: 頭の痛みは、突然起こった激しい痛みですか？
Caller: いいえ、同僚は前から痛いと言っていて、いきなりひどくなった様子ではありません。",True,False,False,2,0,0,is_sudden_severe,is_sudden_severe,High,Low,High
sudden_severe_2_0830,"Dispatcher: 頭の痛みは、突然起こった激しい痛みですか？
Caller: いいえ、母は昼ごろから徐々に痛くなったと言っていて、突然の激しい頭痛ではありません。",True,False,False,2,0,0,is_sudden_severe,is_sudden_severe,High,High,High
sudden_severe_3_0831,"Dispatcher: いつもの頭痛ではなく、急にひどくなった感じですか？
Caller: 本人から頭が痛いとメッセージが来ただけで、急に始まったのかは分かりません。",True,False,False,3,0,0,is_sudden_severe,is_sudden_severe,Low,High,High
sudden_severe_3_0832,"Dispatcher: 軽い頭痛ではなく、急に強い痛みが出た感じですか？
Caller: 近くにいないので、痛みの強さや始まり方までは確認できていません。",True,False,False,3,0,0,is_sudden_severe,is_sudden_severe,Low,High,High
sudden_severe_3_0833,"Dispatcher: さっきまで普通だったのに、急に耐えられないほど頭が痛くなった感じですか？
Caller: 友人づてに聞いただけなので、突然なのか激しいのかはまだ分からないです。",True,False,False,3,0,0,is_sudden_severe,is_sudden_severe,Low,High,High
sudden_severe_3_0834,"Dispatcher: いつもの頭痛に近い感じですか？
Caller: そこは分かりません。急に強くなったかどうか確認できていません。",True,False,False,3,0,0,is_sudden_severe,is_sudden_severe,Low,Low,Low
sudden_severe_3_0835,"Dispatcher: 頭の痛みは、突然起こった激しい痛みですか？
Caller: すみません、頭痛があるとは聞いていますが、急に起きた強い痛みかどうかは分かりません。",True,False,False,3,0,0,is_sudden_severe,is_sudden_severe,High,Low,Low
sudden_severe_0_0836,"Dispatcher: 手足のしびれや麻痺はありますか？
Caller: いいえ、弟は手足は普通に動かせていて、しびれもないと言っています。",True,False,False,0,0,0,is_sudden_severe,is_numbness,High,Low,High
sudden_severe_0_0837,"Dispatcher: 体の様子で気になることはありますか？
Caller: 頭が痛いとは言っていますが、手足のしびれや動かしにくさはまだ確認できていません。",True,False,False,0,0,0,is_sudden_severe,is_numbness,Low,Low,High
sudden_severe_0_0838,"Dispatcher: 普段と違う振る舞いや様子はありますか？
Caller: 今日はまだ本人に会えていないので、いつもと違う様子かどうかは分かりません。",True,False,False,0,0,0,is_sudden_severe,is_behavior,High,Low,Low
sudden_severe_0_0839,"Dispatcher: 何か変わったことはありますか？
Caller: いいえ、父は受け答えもしっかりしていて、普段と変わった行動はありません。",True,False,False,0,0,0,is_sudden_severe,is_behavior,Low,High,High
sudden_severe_0_0840,"Dispatcher: 手足のしびれや麻痺はありますか？
Caller: 電話で聞いただけなので、しびれや麻痺があるかどうかはまだ分かりません。",True,False,False,0,0,0,is_sudden_severe,is_numbness,High,Low,High
sudden_severe_1_0841,"Dispatcher: 頭の痛みは、突然起こった激しい痛みですか？
Caller: はい、急に我慢できないくらい強い頭痛が来たと家族が言っています。",True,False,False,1,0,0,is_sudden_severe,is_sudden_severe,High,Low,Low
sudden_severe_1_0842,"Dispatcher: いつもの頭痛ではなく、急にひどくなった感じですか？
Caller: はい、さっき急に耐えられないほど痛いと言い出しました。",True,False,False,1,0,0,is_sudden_severe,is_sudden_severe,Low,Low,Low
sudden_severe_1_0843,"Dispatcher: 急に強い頭痛が出たということですか？
Caller: はい、突然ものすごく痛くなったみたいです。",True,False,False,1,0,0,is_sudden_severe,is_sudden_severe,Low,Low,Low
sudden_severe_1_0844,"Dispatcher: 頭の痛みは、突然起こった激しい痛みですか？
Caller: はい、普通に話していたのに急に頭を押さえて、今までで一番痛いくらい強いと言っています。",True,False,False,1,0,0,is_sudden_severe,is_sudden_severe,High,High,Low
sudden_severe_1_0845,"Dispatcher: 頭の痛みは、急に出た強い痛みですか？
Caller: はい、さっきまで平気だったのに突然始まって、我慢できないほど痛いそうです。",True,False,False,1,0,0,is_sudden_severe,is_sudden_severe,High,High,Low
sudden_severe_2_0846,"Dispatcher: 頭の痛みは、突然起こった激しい痛みですか？
Caller: いいえ、急にではなくて、朝から少しずつ痛くなっています。",True,False,False,2,0,0,is_sudden_severe,is_sudden_severe,High,Low,Low
sudden_severe_2_0847,"Dispatcher: 頭の痛みは、突然起こった激しい痛みですか？
Caller: いいえ、同僚は昼前から重い感じが続いていると言っていて、急に激しく出た頭痛ではありません。",True,False,False,2,0,0,is_sudden_severe,is_sudden_severe,High,High,High
sudden_severe_2_0848,"Dispatcher: 頭の痛みは、急に出た強い痛みですか？
Caller: いいえ、いきなりではなく、昨日から続く鈍い痛みです。",True,False,False,2,0,0,is_sudden_severe,is_sudden_severe,High,High,Low
sudden_severe_2_0849,"Dispatcher: 頭の痛みは、突然起こった激しい痛みですか？
Caller: いいえ、少し前からじわじわ痛くなってきたようで、突然の激痛ではないです。",True,False,False,2,0,0,is_sudden_severe,is_sudden_severe,High,High,Low
sudden_severe_2_0850,"Dispatcher: さっき急にひどくなった感じですか？
Caller: いいえ、母は前から痛んでいて、急に耐えられない痛みになったわけではありません。",True,False,False,2,0,0,is_sudden_severe,is_sudden_severe,Low,High,High
sudden_severe_3_0851,"Dispatcher: 頭の痛みは、突然起こった激しい痛みですか？
Caller: すみません、本人から頭が痛いとしか聞いておらず、急に強く出たのかは分かりません。",True,False,False,3,0,0,is_sudden_severe,is_sudden_severe,High,Low,Low
sudden_severe_3_0852,"Dispatcher: 頭の痛みは、突然起こった激しい痛みですか？
Caller: 今メッセージをもらっただけで、始まり方や痛みの強さまでは確認できていません。",True,False,False,3,0,0,is_sudden_severe,is_sudden_severe,High,Low,High
sudden_severe_3_0853,"Dispatcher: 頭の痛みは、急に出た強い痛みですか？
Caller: 近くにいないので、突然なのかひどい痛みなのかまでは分かりません。",True,False,False,3,0,0,is_sudden_severe,is_sudden_severe,High,Low,Low
sudden_severe_3_0854,"Dispatcher: 頭の痛みは、突然起こった激しい痛みですか？
Caller: 電話で頭痛と聞いただけなので、急に起きたのかどうかはまだ確認できていません。",True,False,False,3,0,0,is_sudden_severe,is_sudden_severe,High,Low,High
sudden_severe_3_0855,"Dispatcher: 頭の痛みは、急に出た強い痛みか確認できますか？
Caller: いいえ、別の部屋にいて本人の様子が見えず、突然かどうかも痛みの強さも確認できません。",True,False,False,3,0,0,is_sudden_severe,is_sudden_severe,High,High,High
sudden_severe_0_0856,"Dispatcher: 手足のしびれや麻痺はありますか？
Caller: いいえ、妻は手足は普通に動かせていて、しびれもないです。",True,False,False,0,0,0,is_sudden_severe,is_numbness,High,High,Low
sudden_severe_0_0857,"Dispatcher: 手足のしびれや麻痺はありますか？
Caller: いいえ、父にはしびれも麻痺も見られません。",True,False,False,0,0,0,is_sudden_severe,is_numbness,High,High,Low
sudden_severe_0_0858,"Dispatcher: 片側の手足にしびれや動かしにくさはありますか？
Caller: はい、友人は右腕がしびれて力が入りにくいと言っています。",True,False,False,0,0,0,is_sudden_severe,is_numbness,High,High,High
sudden_severe_0_0859,"Dispatcher: いつもより元気で普通に過ごしていますか？
Caller: そこは分かりません。今は本人のそばにいないので、普段と違う様子があるか確認できません。",True,False,False,0,0,0,is_sudden_severe,is_behavior,Low,High,Low
sudden_severe_0_0860,"Dispatcher: 普段と違う振る舞いや様子はありますか？
Caller: はい、弟が質問にうまく答えられず、受け答えがいつもと明らかに違います。",True,False,False,0,0,0,is_sudden_severe,is_behavior,High,Low,Low
sudden_severe_1_0861,"Dispatcher: 頭の痛みは、突然起こった激しい痛みですか？
Caller: はい、急にひどい頭痛が来て、我慢できないと言っています。",True,False,False,1,0,0,is_sudden_severe,is_sudden_severe,High,Low,Low
sudden_severe_1_0862,"Dispatcher: いつもの頭痛ではなく、急にひどくなった感じですか？
Caller: はい、さっき急に始まって、これまでにない強さだと夫が言っています。",True,False,False,1,0,0,is_sudden_severe,is_sudden_severe,Low,High,Low
sudden_severe_1_0863,"Dispatcher: 頭の痛みは、突然起こった激しい痛みですか？
Caller: はい、同僚は会議中に急に頭を押さえて、耐えられないほど痛いと訴えています。",True,False,False,1,0,0,is_sudden_severe,is_sudden_severe,High,High,Low
sudden_severe_1_0864,"Dispatcher: さっきまで普通だったのに、急に強い頭痛が出た感じですか？
Caller: はい、急にものすごく痛いと言ってしゃがみこんでしまいました。",True,False,False,1,0,0,is_sudden_severe,is_sudden_severe,Low,Low,High
sudden_severe_1_0865,"Dispatcher: 頭の痛みは、急に出た強い痛みですか？
Caller: はい、娘は突然頭が割れるように痛いと言っていて、かなり強い痛みです。",True,False,False,1,0,0,is_sudden_severe,is_sudden_severe,High,High,Low
sudden_severe_2_0866,"Dispatcher: 頭の痛みは、突然起こった激しい痛みですか？
Caller: いいえ、夫は朝から少しずつ痛くなってきたと言っていて、急な激痛ではありません。",True,False,False,2,0,0,is_sudden_severe,is_sudden_severe,High,High,Low
sudden_severe_2_0867,"Dispatcher: 頭の痛みは、急に出た強い痛みですか？
Caller: いいえ、母は昨日から同じような痛みが続いていて、突然ではないです。",True,False,False,2,0,0,is_sudden_severe,is_sudden_severe,High,High,Low
sudden_severe_2_0868,"Dispatcher: 頭の痛みは、突然起こった激しい痛みですか？
Caller: いいえ、同居人は前から重い感じがしていたようで、急にひどくなったわけではありません。",True,False,False,2,0,0,is_sudden_severe,is_sudden_severe,High,Low,High
sudden_severe_2_0869,"Dispatcher: 頭の痛みは、突然起こった激しい痛みですか？
Caller: いいえ、少し前から痛いとは言っていましたが、急に始まった感じではないです。",True,False,False,2,0,0,is_sudden_severe,is_sudden_severe,High,Low,Low
sudden_severe_2_0870,"Dispatcher: 頭の痛みは、急に出た強い痛みですか？
Caller: いいえ、兄は数時間かけてだんだん痛くなったと言っていて、突然の激しい頭痛ではありません。",True,False,False,2,0,0,is_sudden_severe,is_sudden_severe,High,High,Low
sudden_severe_3_0871,"Dispatcher: いつもの軽い頭痛ということでよいですか？
Caller: そこまでは分かりません。急に強くなったのか、いつもの頭痛なのか確認できていません。",True,False,False,3,0,0,is_sudden_severe,is_sudden_severe,Low,High,Low
sudden_severe_3_0872,"Dispatcher: 頭の痛みは、突然起こった激しい痛みですか？
Caller: 同僚からメッセージで頭が痛いと来ただけで、急に始まったのか、どれほど強いのかまでは分かりません。",True,False,False,3,0,0,is_sudden_severe,is_sudden_severe,High,High,High
sudden_severe_3_0873,"Dispatcher: さっきまで普通だったのに急にひどい頭痛になった感じですか？
Caller: 妻から頭痛で横になってるとだけ連絡があって、始まり方や強さはまだ聞けていません。",True,False,False,3,0,0,is_sudden_severe,is_sudden_severe,Low,Low,High
sudden_severe_3_0874,"Dispatcher: 頭の痛みは、急に出た強い痛みか確認できますか？
Caller: 今は本人が別室にいて話せないので、突然なのか、強い痛みなのかは確認できません。",True,False,False,3,0,0,is_sudden_severe,is_sudden_severe,High,High,Low
sudden_severe_3_0875,"Dispatcher: 急に我慢できないほど痛くなった頭痛ですか？
Caller: 友人から頭が痛いとだけ電話があって、急だったかどうかまでは分からないです。",True,False,False,3,0,0,is_sudden_severe,is_sudden_severe,Low,Low,High
sudden_severe_0_0876,"Dispatcher: 何か変わったことはありますか？
Caller: 頭が痛いと聞いただけで、普段と違う様子かどうかはまだ分かりません。",True,False,False,0,0,0,is_sudden_severe,is_behavior,Low,Low,Low
sudden_severe_0_0877,"Dispatcher: しびれや麻痺はありますか？
Caller: はい、父は右手がしびれてうまく力が入らないと言っています。",True,False,False,0,0,0,is_sudden_severe,is_numbness,Low,High,Low
sudden_severe_0_0878,"Dispatcher: 何かいつもと違う行動はありますか？
Caller: はい、弟が同じことを何度も聞き返していて、受け答えが普段と明らかに違います。",True,False,False,0,0,0,is_sudden_severe,is_behavior,Low,High,High
sudden_severe_0_0879,"Dispatcher: 手足のしびれや動かしにくさはありますか？
Caller: 今のところ手も足も普通に動いていて、しびれはないようです。",True,False,False,0,0,0,is_sudden_severe,is_numbness,Low,Low,High
sudden_severe_0_0880,"Dispatcher: 手足のしびれや麻痺はありますか？
Caller: 本人と離れた場所にいるので、しびれや麻痺があるかはまだ確認できません。",True,False,False,0,0,0,is_sudden_severe,is_numbness,High,Low,High
sudden_severe_1_0881,"Dispatcher: 頭の痛みは、突然起こった激しい痛みですか？
Caller: はい、夫が急に頭を押さえて、今までで一番痛いと言っています。",True,False,False,1,0,0,is_sudden_severe,is_sudden_severe,High,Low,Low
sudden_severe_1_0882,"Dispatcher: さっきまで普通だったのに、急に我慢できないほど頭が痛くなった感じですか？
Caller: はい、会議中に同僚が突然うずくまって、耐えられないくらい頭が痛いと言い出しました。",True,False,False,1,0,0,is_sudden_severe,is_sudden_severe,High,Low,High
sudden_severe_1_0883,"Dispatcher: いつもの頭痛ではなく、急に強い痛みが出たんですか？
Caller: はい、母が急にガーンときたようなひどい頭痛だと言っています。",True,False,False,1,0,0,is_sudden_severe,is_sudden_severe,Low,High,High
sudden_severe_1_0884,"Dispatcher: 頭の痛みは突然始まって、かなり強いですか？
Caller: はい、友人がさっきまで普通に話していたのに、急に激しい頭痛で動けないと言っています。",True,False,False,1,0,0,is_sudden_severe,is_sudden_severe,High,Low,High
sudden_severe_1_0885,"Dispatcher: 頭の痛みは、急に出た強い痛みですか？
Caller: はい、兄が突然ものすごく痛いと言って倒れ込むように座りました。",True,False,False,1,0,0,is_sudden_severe,is_sudden_severe,High,Low,Low
sudden_severe_2_0886,"Dispatcher: 急にひどくなった頭痛ですか？
Caller: いいえ、朝から少しずつ痛くなってきたようで、急な強い痛みではありません。",True,False,False,2,0,0,is_sudden_severe,is_sudden_severe,Low,Low,High
sudden_severe_2_0887,"Dispatcher: 頭の痛みは、突然起こった激しい痛みですか？
Caller: いいえ、本人は昨日から重い感じが続いていると言っていて、突然の激しい頭痛ではありません。",True,False,False,2,0,0,is_sudden_severe,is_sudden_severe,High,High,Low
sudden_severe_2_0888,"Dispatcher: いきなり我慢できないほどの頭痛になったんですか？
Caller: いいえ、同僚は昼ごろからだんだん痛くなったと言っていて、急にではないです。",True,False,False,2,0,0,is_sudden_severe,is_sudden_severe,Low,High,High
sudden_severe_2_0889,"Dispatcher: 急に強い頭痛が始まった感じですか？
Caller: いいえ、母は前からある頭痛が少し増しただけと言っています。",True,False,False,2,0,0,is_sudden_severe,is_sudden_severe,Low,High,Low
sudden_severe_2_0890,"Dispatcher: 頭の痛みは突然起こった激しいものですか？
Caller: いいえ、朝から続く鈍い痛みで、急に強く出たものではないです。",True,False,False,2,0,0,is_sudden_severe,is_sudden_severe,High,Low,Low
sudden_severe_3_0891,"Dispatcher: さっきまで普通だったのに、急に我慢できないほど頭が痛くなった感じですか？
Caller: 子どもから頭が痛いと学校から連絡が来ただけで、急に始まったのか、ひどさがどれくらいかは把握できていません。",True,False,False,3,0,0,is_sudden_severe,is_sudden_severe,High,High,High
sudden_severe_3_0892,"Dispatcher: 頭の痛みは、突然起こった激しい痛みですか？
Caller: 今は本人が寝込んでいて詳しく聞けず、突然だったのか、強い痛みなのかは分かりません。",True,False,False,3,0,0,is_sudden_severe,is_sudden_severe,High,High,Low
sudden_severe_3_0893,"Dispatcher: 頭の痛みは、急に出た強い痛みか見て分かりますか？
Caller: 隣の部署の人から頼まれて電話していて、私は本人の様子をまだ見ていないので分かりません。",True,False,False,3,0,0,is_sudden_severe,is_sudden_severe,High,Low,High
sudden_severe_3_0894,"Dispatcher: 激しい痛みが突然起こりましたか？
Caller: 突然だったかどうかも、どれくらい強いかもまだ確認できていません。",True,False,False,3,0,0,is_sudden_severe,is_sudden_severe,Low,Low,Low
sudden_severe_3_0895,"Dispatcher: いきなりひどい頭痛になったんでしょうか？
Caller: 祖母から頭が痛いとだけ聞いていて、急だったのか強かったのかははっきりしません。",True,False,False,3,0,0,is_sudden_severe,is_sudden_severe,Low,Low,High
sudden_severe_0_0896,"Dispatcher: 何かいつもと違う振る舞いはありますか？
Caller: いいえ、受け答えは普段どおりで、変わった様子はありません。",True,False,False,0,0,0,is_sudden_severe,is_behavior,Low,High,Low
sudden_severe_0_0897,"Dispatcher: ぼんやりしている、返事がおかしいなど、普段と違う様子はありますか？
Caller: いいえ、妻は普通に会話できていますし、行動もいつもと変わりません。",True,False,False,0,0,0,is_sudden_severe,is_behavior,High,Low,High
sudden_severe_0_0898,"Dispatcher: 何か変わった様子はありますか？
Caller: 息子から頭が痛いと連絡があっただけで、普段と違う振る舞いがあるかは分かりません。",True,False,False,0,0,0,is_sudden_severe,is_behavior,Low,Low,High
sudden_severe_0_0899,"Dispatcher: 片側の手足にしびれや動かしにくさがあるか見られますか？
Caller: 今は別の建物にいて本人を見られないので、しびれや麻痺があるかは確認できません。",True,False,False,0,0,0,is_sudden_severe,is_numbness,High,High,High
sudden_severe_0_0900,"Dispatcher: しびれや麻痺はありますか？
Caller: いいえ、友人は手足は普通に動くと言っていて、しびれもないそうです。",True,False,False,0,0,0,is_sudden_severe,is_numbness,Low,Low,High
sudden_severe_1_0901,"Dispatcher: いきなり耐えられないような頭の痛みが来た感じですか？
Caller: はい、夫がさっき急に頭を押さえて、今までにないくらい痛いと言っています。",True,False,False,1,0,0,is_sudden_severe,is_sudden_severe,Low,Low,High
sudden_severe_1_0902,"Dispatcher: いつもの頭痛ではなく、急にひどくなった感じでしょうか？
Caller: はい、同僚が突然うずくまって、我慢できないほど頭が痛いと言っています。",True,False,False,1,0,0,is_sudden_severe,is_sudden_severe,Low,Low,High
sudden_severe_1_0903,"Dispatcher: 頭の痛みは、突然起こった激しい痛みですか？
Caller: はい、母は数分前まで普通でしたが、急に今までで一番ひどい頭痛だと言って倒れ込みました。",True,False,False,1,0,0,is_sudden_severe,is_sudden_severe,Low,High,High
sudden_severe_1_0904,"Dispatcher: 頭の痛みは、急に出た強い痛みですか？
Caller: はい、弟が急に頭が割れそうなくらい痛いと言い出しました。",True,False,False,1,0,0,is_sudden_severe,is_sudden_severe,High,Low,High
sudden_severe_1_0905,"Dispatcher: 頭の痛みは、突然起こった激しい痛みですか？
Caller: はい、友人は食事中に急に頭を抱えて、耐えられないほど強い痛みがいきなり来たと言っています。",True,False,False,1,0,0,is_sudden_severe,is_sudden_severe,High,High,High
sudden_severe_2_0906,"Dispatcher: 頭の痛みは、突然起こった激しい痛みですか？
Caller: いいえ、朝から少しずつ痛くなってきたようで、急にひどくなったわけではありません。",True,False,False,2,0,0,is_sudden_severe,is_sudden_severe,High,High,Low
sudden_severe_2_0907,"Dispatcher: 頭の痛みは、急にガツンと来た感じですか？
Caller: いいえ、父は前から重い感じが続いていて、突然の激しい痛みではないです。",True,False,False,2,0,0,is_sudden_severe,is_sudden_severe,High,Low,High
sudden_severe_2_0908,"Dispatcher: 頭の痛みは、突然起こった激しい痛みですか？
Caller: いいえ、徐々に痛くなってきています。",True,False,False,2,0,0,is_sudden_severe,is_sudden_severe,High,Low,Low
sudden_severe_2_0909,"Dispatcher: 頭の痛みは、突然起こった激しい痛みですか？
Caller: いいえ、妻は昨日から鈍い頭痛が続いていて、急に強い痛みが出たわけではありません。",True,False,False,2,0,0,is_sudden_severe,is_sudden_severe,High,High,Low
sudden_severe_2_0910,"Dispatcher: いきなり我慢できないほどの頭痛になったんですか？
Caller: いいえ、そこまで急ではなくて、だんだん痛くなったみたいです。",True,False,False,2,0,0,is_sudden_severe,is_sudden_severe,Low,Low,Low
sudden_severe_3_0911,"Dispatcher: 激しい痛みが突然起こりましたか？
Caller: 本人から頭が痛いとだけ連絡があって、急に強くなったのかは分かりません。",True,False,False,3,0,0,is_sudden_severe,is_sudden_severe,Low,High,Low
sudden_severe_3_0912,"Dispatcher: 頭の痛みは、突然起こった激しい痛みですか？
Caller: すみません、私は職場にいなくて、妹から聞いただけなので始まり方や強さまでは確認できていません。",True,False,False,3,0,0,is_sudden_severe,is_sudden_severe,High,Low,High
sudden_severe_3_0913,"Dispatcher: 頭の痛みは、急に出た強い痛みか確認できますか？
Caller: 近くにいるのは父だけで、私は電話を受けただけなので、突然なのか激しいのかまでは分かりません。",True,False,False,3,0,0,is_sudden_severe,is_sudden_severe,High,High,High
sudden_severe_3_0914,"Dispatcher: 頭の痛みは、突然起こった激しい痛みですか？
Caller: 分かりません、頭が痛いと言っていることしか確認できていません。",True,False,False,3,0,0,is_sudden_severe,is_sudden_severe,High,Low,Low
sudden_severe_3_0915,"Dispatcher: いきなり強い頭痛が来た感じですか？
Caller: そこはまだ分からず、痛いと言っているだけです。",True,False,False,3,0,0,is_sudden_severe,is_sudden_severe,Low,Low,Low
sudden_severe_0_0916,"Dispatcher: 手足の感覚がおかしいとか、しびれている様子はありますか？
Caller: いいえ、娘は手も足も普通に動かせていて、しびれはないようです。",True,False,False,0,0,0,is_sudden_severe,is_numbness,Low,Low,High
sudden_severe_0_0917,"Dispatcher: しびれや麻痺はありますか？
Caller: いいえ、兄の手足にしびれや動かしにくさはありません。",True,False,False,0,0,0,is_sudden_severe,is_numbness,Low,High,Low
sudden_severe_0_0918,"Dispatcher: 受け答えが変だったり、いつもと違う様子はありますか？
Caller: いいえ、夫は頭痛はありますが会話も普段どおりで、変わった振る舞いはありません。",True,False,False,0,0,0,is_sudden_severe,is_behavior,Low,High,High
sudden_severe_0_0919,"Dispatcher: いつもと違う振る舞いはありますか？
Caller: いいえ、普段と変わった様子はありません。",True,False,False,0,0,0,is_sudden_severe,is_behavior,Low,High,Low
sudden_severe_0_0920,"Dispatcher: 片側の手足がしびれるとか、力が入りにくい様子はありますか？
Caller: はい、母が右手がしびれてうまく持てないと言っています。",True,False,False,0,0,0,is_sudden_severe,is_numbness,Low,Low,High
sudden_severe_1_0921,"Dispatcher: 急にものすごい頭痛が来たんですか？
Caller: はい、急に耐えられないくらい痛くなったそうです。",True,False,False,1,0,0,is_sudden_severe,is_sudden_severe,Low,Low,Low
sudden_severe_1_0922,"Dispatcher: さっきまで普通だったのに、急にひどい頭痛になった感じですか？
Caller: はい、友人が突然しゃがみこんで、こんな痛みは初めてだと言っています。",True,False,False,1,0,0,is_sudden_severe,is_sudden_severe,Low,Low,High
sudden_severe_1_0923,"Dispatcher: 頭の痛みは、突然起こった激しい痛みですか？
Caller: はい、同居の父が急に頭を押さえて、我慢できないほど痛いと言い始めました。",True,False,False,1,0,0,is_sudden_severe,is_sudden_severe,High,Low,High
sudden_severe_1_0924,"Dispatcher: いきなり強い頭痛が出た感じですか？
Caller: はい、突然すごく痛くなったと言っています。",True,False,False,1,0,0,is_sudden_severe,is_sudden_severe,Low,Low,Low
sudden_severe_1_0925,"Dispatcher: 頭の痛みは、突然起こった激しい痛みですか？
Caller: はい、同僚は会議中に急に頭が割れるように痛いと言って、その場で動けなくなりました。",True,False,False,1,0,0,is_sudden_severe,is_sudden_severe,High,High,High
sudden_severe_2_0926,"Dispatcher: いきなり耐え難い頭痛になった感じですか？
Caller: いいえ、祖母は昼ごろから少しずつ痛みが増してきたと言っています。",True,False,False,2,0,0,is_sudden_severe,is_sudden_severe,Low,Low,High
sudden_severe_2_0927,"Dispatcher: 頭の痛みは、突然起こった激しい痛みですか？
Caller: いいえ、夫は朝から鈍い頭痛が続いていて、急に強い痛みが出たわけではありません。",True,False,False,2,0,0,is_sudden_severe,is_sudden_severe,High,High,High
sudden_severe_2_0928,"Dispatcher: 頭の痛みは、突然起こった激しい痛みですか？
Caller: いいえ、友人は仕事中からじわじわ痛くなってきたと言っていて、突然の激痛ではありません。",True,False,False,2,0,0,is_sudden_severe,is_sudden_severe,High,High,High
sudden_severe_2_0929,"Dispatcher: 頭の痛みは、急に出た強い痛みですか？
Caller: いいえ、妹は前から頭が重いと言っていて、急にひどくなった感じではないです。",True,False,False,2,0,0,is_sudden_severe,is_sudden_severe,High,Low,High
sudden_severe_2_0930,"Dispatcher: 急に激しい頭痛が起こりましたか？
Caller: いいえ、息子は昨夜からの頭痛で、突然の強い痛みではありません。",True,False,False,2,0,0,is_sudden_severe,is_sudden_severe,Low,High,Low
sudden_severe_3_0931,"Dispatcher: いつもの軽い頭痛ということでよいですか？
Caller: そこまでは分かりません。急に強くなったのか、いつもの頭痛なのか確認できていません。",True,False,False,3,0,0,is_sudden_severe,is_sudden_severe,Low,Low,Low
sudden_severe_3_0932,"Dispatcher: 頭の痛みは、さっき急に始まった強い痛みか分かりますか？
Caller: 同僚から頭が痛いと連絡を受けただけで、突然だったのか、かなり強い痛みなのかまでは確認できていません。",True,False,False,3,0,0,is_sudden_severe,is_sudden_severe,High,High,High
sudden_severe_3_0933,"Dispatcher: 急にひどく痛くなった感じですか？
Caller: それはまだ分かりません。痛み方までは聞けていません。",True,False,False,3,0,0,is_sudden_severe,is_sudden_severe,Low,Low,Low
sudden_severe_3_0934,"Dispatcher: 頭の痛みは、突然起こった激しい痛みですか？
Caller: 本人から頭痛があるとしか聞いておらず、急に始まったのかや強さまでは分かりません。",True,False,False,3,0,0,is_sudden_severe,is_sudden_severe,High,Low,Low
sudden_severe_3_0935,"Dispatcher: 激しい痛みが突然起こったか確認できますか？
Caller: 別の階にいて本人を見ていないので、突然なのか強いのかは確認できません。",True,False,False,3,0,0,is_sudden_severe,is_sudden_severe,Low,High,Low
sudden_severe_0_0936,"Dispatcher: 受け答えが変だったり、いつもと違う行動はありますか？
Caller: はい、夫なんですが、質問しても話がかみ合わなくて普段と明らかに違います。",True,False,False,0,0,0,is_sudden_severe,is_behavior,High,Low,High
sudden_severe_0_0937,"Dispatcher: 手足のしびれや麻痺はありますか？
Caller: 友人から電話で頭痛を訴えられただけで、手足のしびれや麻痺があるかは確認できません。",True,False,False,0,0,0,is_sudden_severe,is_numbness,High,High,High
sudden_severe_0_0938,"Dispatcher: 手足のしびれや麻痺はありますか？
Caller: 今そばにいないので、しびれや麻痺があるかは分かりません。",True,False,False,0,0,0,is_sudden_severe,is_numbness,High,Low,Low
sudden_severe_0_0939,"Dispatcher: 片側の手足がしびれるとか、動かしにくい様子はありますか？
Caller: 本人は隣の部屋で寝込んでいて、私は電話しているだけなので、しびれや麻痺の有無までは見られていません。",True,False,False,0,0,0,is_sudden_severe,is_numbness,High,Low,High
sudden_severe_0_0940,"Dispatcher: 普段と違う振る舞いや様子はありますか？
Caller: 今は本人と離れていて、いつもと違う様子があるかは確認できません。",True,False,False,0,0,0,is_sudden_severe,is_behavior,High,High,Low
sudden_severe_1_0941,"Dispatcher: 急にひどい頭痛が出た感じですか？
Caller: はい、母がさっき急に頭を押さえて、今までにないくらい痛いと言っています。",True,False,False,1,0,0,is_sudden_severe,is_sudden_severe,Low,Low,Low
sudden_severe_1_0942,"Dispatcher: 突然の強い頭痛ですか？
Caller: はい、弟が急に我慢できないほど痛いと言い出しました。",True,False,False,1,0,0,is_sudden_severe,is_sudden_severe,Low,Low,Low
sudden_severe_1_0943,"Dispatcher: 頭の痛みは、突然起こった激しい痛みですか？
Caller: はい、妻が急に頭が割れるほど痛いと言ってうずくまっています。",True,False,False,1,0,0,is_sudden_severe,is_sudden_severe,High,Low,Low
sudden_severe_1_0944,"Dispatcher: さっきまで普通だったのに、急に我慢できないほどの頭痛になったんですか？
Caller: はい、職場で一緒だった同僚が、突然ハンマーで殴られたみたいに痛いと言ってその場にしゃがみ込みました。",True,False,False,1,0,0,is_sudden_severe,is_sudden_severe,Low,High,High
sudden_severe_1_0945,"Dispatcher: 急に強い頭痛が始まったんですか？
Caller: はい、父が急にものすごく痛いと言っています。",True,False,False,1,0,0,is_sudden_severe,is_sudden_severe,Low,Low,Low
sudden_severe_2_0946,"Dispatcher: 頭の痛みは、突然起こった激しい痛みですか？
Caller: いいえ、朝から少しずつ痛くなってきたようで、急にひどくなった感じではありません。",True,False,False,2,0,0,is_sudden_severe,is_sudden_severe,High,Low,High
sudden_severe_2_0947,"Dispatcher: 急にひどい頭痛が出た感じですか？
Caller: いいえ、だんだん痛くなったみたいです。",True,False,False,2,0,0,is_sudden_severe,is_sudden_severe,Low,Low,Low
sudden_severe_2_0948,"Dispatcher: 突然の強い頭痛ですか？
Caller: いいえ、急にではなく前から痛いと言っていました。",True,False,False,2,0,0,is_sudden_severe,is_sudden_severe,Low,Low,Low
sudden_severe_2_0949,"Dispatcher: それは急に始まった我慢できないほどの頭痛ですか？
Caller: いいえ、娘は昨日から鈍い頭痛が続いているだけで、突然ひどくなったわけではありません。",True,False,False,2,0,0,is_sudden_severe,is_sudden_severe,High,High,High
sudden_severe_2_0950,"Dispatcher: 頭の痛みは、突然起こった激しい痛みですか？
Caller: いいえ、最初は軽くて、時間がたって少し痛くなった程度です。",True,False,False,2,0,0,is_sudden_severe,is_sudden_severe,High,Low,Low
sudden_severe_3_0951,"Dispatcher: 頭の痛みは、急に出た強い痛みか確認できますか？
Caller: 近くにいないので、突然なのか、強い痛みなのかは確認できません。",True,False,False,3,0,0,is_sudden_severe,is_sudden_severe,High,High,Low
sudden_severe_3_0952,"Dispatcher: いつもの頭痛ですか？
Caller: それも含めてまだ分かりません。急に強くなったのか聞けていません。",True,False,False,3,0,0,is_sudden_severe,is_sudden_severe,Low,Low,Low
sudden_severe_3_0953,"Dispatcher: さっき急にひどく痛くなったんですか？
Caller: ビデオ通話で少し見ただけなので、いつからどのくらい強いのかまでは分かりません。",True,False,False,3,0,0,is_sudden_severe,is_sudden_severe,Low,Low,High
sudden_severe_3_0954,"Dispatcher: 頭の痛みは、突然起こった激しい痛みですか？
Caller: 息子からメッセージで頭痛いとだけ来ていて、急に始まったのか、激しい痛みなのかはまだ確認できていません。",True,False,False,3,0,0,is_sudden_severe,is_sudden_severe,High,Low,High
sudden_severe_3_0955,"Dispatcher: 急にすごく痛くなった感じですか？
Caller: まだそこは分かりません。頭痛があるとしか聞いていません。",True,False,False,3,0,0,is_sudden_severe,is_sudden_severe,Low,Low,Low
sudden_severe_0_0956,"Dispatcher: 手足のしびれや麻痺はありますか？
Caller: いいえ、姉は手足は普通に動かせていて、しびれもないと言っています。",True,False,False,0,0,0,is_sudden_severe,is_numbness,High,High,Low
sudden_severe_0_0957,"Dispatcher: ぼんやりしているとか、返事がおかしいなど、普段と違う様子はありますか？
Caller: 学校にいる息子から頭痛の連絡だけで、今は直接見ていないので普段と違う振る舞いがあるかは分かりません。",True,False,False,0,0,0,is_sudden_severe,is_behavior,High,Low,High
sudden_severe_0_0958,"Dispatcher: 片側の手足にしびれや動かしにくさがあるか見られますか？
Caller: 別室にいて姿が見えないので、しびれや麻痺の有無は分かりません。",True,False,False,0,0,0,is_sudden_severe,is_numbness,High,High,Low
sudden_severe_0_0959,"Dispatcher: 何かいつもと違う振る舞いはありますか？
Caller: いいえ、受け答えは普段どおりで、変わった様子はありません。",True,False,False,0,0,0,is_sudden_severe,is_behavior,Low,Low,Low
sudden_severe_0_0960,"Dispatcher: いつもと違う様子はありますか？
Caller: はい、同僚なんですが、急に落ち着きがなくなって同じことを何度も聞いてきます。",True,False,False,0,0,0,is_sudden_severe,is_behavior,Low,Low,High
sudden_severe_1_0961,"Dispatcher: 頭の痛みは、突然起こった激しい痛みですか？
Caller: はい、夫がさっき急に頭を押さえて、今までにないくらいひどく痛むと言っています。",True,False,False,1,0,0,is_sudden_severe,is_sudden_severe,High,Low,High
sudden_severe_1_0962,"Dispatcher: 頭の痛みは、突然起こった激しい痛みですか？
Caller: はい、急に我慢できないほどの頭痛が出たようです。",True,False,False,1,0,0,is_sudden_severe,is_sudden_severe,High,Low,Low
sudden_severe_1_0963,"Dispatcher: いつもの頭痛ではなく、いきなり強い痛みが来た感じですか？
Caller: はい、同僚が急に動けなくなるほど頭が痛いと言っていました。",True,False,False,1,0,0,is_sudden_severe,is_sudden_severe,Low,High,High
sudden_severe_1_0964,"Dispatcher: 頭の痛みは、突然起こった激しい痛みですか？
Caller: はい、急に始まった強い頭痛で、本人も耐えられないと言っています。",True,False,False,1,0,0,is_sudden_severe,is_sudden_severe,High,High,Low
sudden_severe_1_0965,"Dispatcher: いつもの軽い頭痛ということでよいですか？
Caller: いいえ、弟は急にものすごく痛くなったと言っています。",True,False,False,1,0,0,is_sudden_severe,is_sudden_severe,Low,Low,High
sudden_severe_2_0966,"Dispatcher: いつもの頭痛とは違って、急に強い痛みが来た感じですか？
Caller: いいえ、朝から少しずつ痛くなってきたようで、突然ではありません。",True,False,False,2,0,0,is_sudden_severe,is_sudden_severe,Low,High,High
sudden_severe_2_0967,"Dispatcher: いきなり耐えられないような頭痛になったんですか？
Caller: いえ、友人は前から重い感じが続いていて、急にひどくなったわけではないです。",True,False,False,2,0,0,is_sudden_severe,is_sudden_severe,Low,Low,High
sudden_severe_2_0968,"Dispatcher: 急にガーンと来るような強い頭痛ですか？
Caller: いいえ、母は昨日からじわじわ痛いと言っていて、急な激痛ではありません。",True,False,False,2,0,0,is_sudden_severe,is_sudden_severe,Low,High,High
sudden_severe_2_0969,"Dispatcher: さっきまで普通だったのに、急に我慢できないほど痛くなったんですか？
Caller: そうではなくて、仕事中からだんだん痛みが増してきたと聞いています。",True,False,False,2,0,0,is_sudden_severe,is_sudden_severe,Low,Low,High
sudden_severe_2_0970,"Dispatcher: 頭の痛みは、突然起こった激しい痛みですか？
Caller: いいえ、突然ではなく、痛みも少しずつ強くなってきたものです。",True,False,False,2,0,0,is_sudden_severe,is_sudden_severe,High,High,Low
sudden_severe_3_0971,"Dispatcher: 頭の痛みは、突然起こった激しい痛みですか？
Caller: 本人から頭が痛いとだけ連絡があって、急に始まったのか強いのかまでは分かりません。",True,False,False,3,0,0,is_sudden_severe,is_sudden_severe,High,High,Low
sudden_severe_3_0972,"Dispatcher: いつもの軽い頭痛ということでよいですか？
Caller: そこは分かりません。急な強い痛みかどうか確認できていません。",True,False,False,3,0,0,is_sudden_severe,is_sudden_severe,Low,Low,Low
sudden_severe_3_0973,"Dispatcher: 急にひどい頭痛になった感じですか？
Caller: 会社から電話が来ただけで、始まり方や痛みの強さまではまだ分からないです。",True,False,False,3,0,0,is_sudden_severe,is_sudden_severe,Low,Low,High
sudden_severe_3_0974,"Dispatcher: 頭の痛みは、突然起こった激しい痛みですか？
Caller: 近くにいないので、突然なのか、激しい痛みなのかは確認できません。",True,False,False,3,0,0,is_sudden_severe,is_sudden_severe,High,High,Low
sudden_severe_3_0975,"Dispatcher: さっきまで普通だったのに、急に我慢できないほど頭が痛くなった感じですか？
Caller: メッセージで頭痛とだけ来ていて、急だったのかひどさまでは聞けていません。",True,False,False,3,0,0,is_sudden_severe,is_sudden_severe,High,Low,High
sudden_severe_0_0976,"Dispatcher: 手足のしびれや麻痺はありますか？
Caller: 今は別の部屋にいて様子が見えないので、しびれや麻痺があるかは確認できません。",True,False,False,0,0,0,is_sudden_severe,is_numbness,High,High,High
sudden_severe_0_0977,"Dispatcher: 普通に手足は動かせていますか？
Caller: はい、妻は腕も脚も普通に動かせていて、しびれもないと言っています。",True,False,False,0,0,0,is_sudden_severe,is_numbness,Low,Low,High
sudden_severe_0_0978,"Dispatcher: 片側の手足にしびれや動かしにくさはありますか？
Caller: いいえ、父は左右とも問題なく動かせていて、しびれも訴えていません。",True,False,False,0,0,0,is_sudden_severe,is_numbness,Low,High,High
sudden_severe_0_0979,"Dispatcher: 何か変わったことはありますか？
Caller: 頭が痛いとしか聞いておらず、普段と違う様子があるかは分かりません。",True,False,False,0,0,0,is_sudden_severe,is_behavior,Low,Low,Low
sudden_severe_0_0980,"Dispatcher: 普段と違う振る舞いや様子はありますか？
Caller: はい、姉が受け答えを間違えたり、落ち着かず同じことを何度も言っています。",True,False,False,0,0,0,is_sudden_severe,is_behavior,High,Low,Low
sudden_severe_1_0981,"Dispatcher: 頭の痛みは、突然起こった激しい痛みですか？
Caller: はい、父が食事中に急に頭を抱えて、耐えられないくらい痛いと言い出しました。",True,False,False,1,0,0,is_sudden_severe,is_sudden_severe,High,Low,High
sudden_severe_1_0982,"Dispatcher: 頭の痛みは、突然起こった激しい痛みですか？
Caller: はい、同僚がさっき突然、今までで一番ひどい頭痛だと言って座り込んでいます。",True,False,False,1,0,0,is_sudden_severe,is_sudden_severe,High,High,High
sudden_severe_1_0983,"Dispatcher: 頭の痛みは、突然起こった激しい痛みですか？
Caller: はい、母が急に頭が割れるように痛いと言って、その場で動けなくなりました。",True,False,False,1,0,0,is_sudden_severe,is_sudden_severe,High,High,High
sudden_severe_1_0984,"Dispatcher: 頭の痛みは、突然起こった激しい痛みですか？
Caller: はい、友人がさっき急にものすごい頭痛が来たと言ってうずくまっています。",True,False,False,1,0,0,is_sudden_severe,is_sudden_severe,High,Low,High
sudden_severe_1_0985,"Dispatcher: いつもの頭痛みたいなものですか？
Caller: いいえ、さっき急にすごく痛くなったと本人が言っています。",True,False,False,1,0,0,is_sudden_severe,is_sudden_severe,Low,Low,High
sudden_severe_2_0986,"Dispatcher: 頭の痛みは、突然起こった激しい痛みですか？
Caller: いいえ、娘は昼ごろから徐々に痛くなってきたと言っていて、急な激痛ではありません。",True,False,False,2,0,0,is_sudden_severe,is_sudden_severe,High,High,High
sudden_severe_2_0987,"Dispatcher: 頭の痛みは、突然起こった激しい痛みですか？
Caller: いいえ、朝から少しずつ痛んでいて、突然の強い痛みではないです。",True,False,False,2,0,0,is_sudden_severe,is_sudden_severe,High,High,Low
sudden_severe_2_0988,"Dispatcher: いきなりひどい頭痛になったんですか？
Caller: いえ、兄は前から鈍い痛みがあって、急に激しくなったわけではないです。",True,False,False,2,0,0,is_sudden_severe,is_sudden_severe,Low,Low,High
sudden_severe_2_0989,"Dispatcher: 急に我慢できないほどの頭痛が出た感じですか？
Caller: そうではなくて、さっきから少しずつつらくなってきたと言っています。",True,False,False,2,0,0,is_sudden_severe,is_sudden_severe,Low,Low,High
sudden_severe_2_0990,"Dispatcher: 頭の痛みは、突然起こった激しい痛みですか？
Caller: いいえ、突然ではなく、前からあった頭痛が続いている状態です。",True,False,False,2,0,0,is_sudden_severe,is_sudden_severe,High,High,Low
sudden_severe_3_0991,"Dispatcher: 激しい痛みが突然起こりましたか？
Caller: 突然だったのか、かなり強い痛みなのかは分かりません。",True,False,False,3,0,0,is_sudden_severe,is_sudden_severe,Low,High,Low
sudden_severe_3_0992,"Dispatcher: 頭の痛みは、急に出た強い痛みですか？
Caller: 職場から連絡を受けただけで、痛みの出方や強さまではまだ確認できていません。",True,False,False,3,0,0,is_sudden_severe,is_sudden_severe,High,Low,High
sudden_severe_3_0993,"Dispatcher: 頭痛は突然始まった激しいものですか？
Caller: 本人は今別の部屋にいて、急だったのかひどい痛みなのかは聞けていないです。",True,False,False,3,0,0,is_sudden_severe,is_sudden_severe,High,Low,High
sudden_severe_3_0994,"Dispatcher: さっきまで普通だったのに急に耐えられないほど頭が痛くなった感じですか？
Caller: 友人づてに頼まれて電話していて、そこまでは私には分かりません。",True,False,False,3,0,0,is_sudden_severe,is_sudden_severe,High,Low,High
sudden_severe_3_0995,"Dispatcher: 急にものすごく強い頭痛が起きたのでしょうか？
Caller: メッセージで頭が痛いと来ただけなので、急にかどうかも痛みの程度も不明です。",True,False,False,3,0,0,is_sudden_severe,is_sudden_severe,High,Low,High
sudden_severe_0_0996,"Dispatcher: しびれや麻痺はありますか？
Caller: はい、左手がしびれて力も入りにくいと言っています。",True,False,False,0,0,0,is_sudden_severe,is_numbness,Low,Low,Low
sudden_severe_0_0997,"Dispatcher: いつもと違う振る舞いはありますか？
Caller: はい、呼びかけても返事がちぐはぐで普段と明らかに違います。",True,False,False,0,0,0,is_sudden_severe,is_behavior,Low,High,Low
sudden_severe_0_0998,"Dispatcher: 手足のしびれや麻痺はありますか？
Caller: 今は電話越しで様子が見えないので、しびれや麻痺があるかは確認できません。",True,False,False,0,0,0,is_sudden_severe,is_numbness,High,High,High
sudden_severe_0_0999,"Dispatcher: 普通に動けていますか？
Caller: そこは分からなくて、手足のしびれや動かしにくさはまだ見ていません。",True,False,False,0,0,0,is_sudden_severe,is_numbness,Low,High,High
sudden_severe_0_1000,"Dispatcher: 普段と違う振る舞いや様子はありますか？
Caller: いいえ、受け答えもいつも通りで変わった様子はありません。",True,False,False,0,0,0,is_sudden_severe,is_behavior,High,Low,High
sudden_severe_1_1001,"Dispatcher: いつもの頭痛ではなく、急にひどくなった感じですか？
Caller: はい、さっき急に我慢できないくらい痛いと言ってうずくまりました。",True,False,False,1,0,0,is_sudden_severe,is_sudden_severe,Low,Low,High
sudden_severe_1_1002,"Dispatcher: 頭の痛みは、突然起こった激しい痛みですか？
Caller: はい、会話中にいきなり頭を押さえて、今までで一番痛いと言っています。",True,False,False,1,0,0,is_sudden_severe,is_sudden_severe,High,High,High
sudden_severe_1_1003,"Dispatcher: 激しい痛みが突然起こりましたか？
Caller: はい、急にものすごい頭痛が来たと言っています。",True,False,False,1,0,0,is_sudden_severe,is_sudden_severe,Low,Low,Low
sudden_severe_1_1004,"Dispatcher: 急に耐えられないほどの頭痛が出たのですか？
Caller: はい、食事中に突然ひどい頭痛が始まって、動けなくなりました。",True,False,False,1,0,0,is_sudden_severe,is_sudden_severe,Low,High,High
sudden_severe_1_1005,"Dispatcher: 頭痛は急に始まった強い痛みでしょうか？
Caller: はい、さっきまで普通だったのに、急に激痛だと言って倒れ込むように座りました。",True,False,False,1,0,0,is_sudden_severe,is_sudden_severe,High,High,High
sudden_severe_2_1006,"Dispatcher: 頭の痛みは、突然起こった激しい痛みですか？
Caller: いいえ、朝から少しずつ痛くなってきたようで、急な激痛ではありません。",True,False,False,2,0,0,is_sudden_severe,is_sudden_severe,High,Low,Low
sudden_severe_2_1007,"Dispatcher: いきなりひどい頭痛になった感じですか？
Caller: いいえ、前からじわじわ痛んでいて急に強くなったわけではないです。",True,False,False,2,0,0,is_sudden_severe,is_sudden_severe,Low,Low,High
sudden_severe_2_1008,"Dispatcher: 急に我慢できないほど頭が痛くなったのですか？
Caller: いいえ、昨日から続く鈍い痛みで、突然の激しい痛みではないです。",True,False,False,2,0,0,is_sudden_severe,is_sudden_severe,Low,Low,High
sudden_severe_2_1009,"Dispatcher: 頭痛は突然始まった強いものですか？
Caller: いいえ、普段の頭痛と同じようにゆっくり出てきています。",True,False,False,2,0,0,is_sudden_severe,is_sudden_severe,High,Low,Low
sudden_severe_2_1010,"Dispatcher: 激しい痛みが急に起きましたか？
Caller: いいえ、少し前から重い感じがしていただけで、急な激痛ではありません。",True,False,False,2,0,0,is_sudden_severe,is_sudden_severe,Low,Low,Low
sudden_severe_3_1011,"Dispatcher: いつもの頭痛という感じですか？
Caller: まだ本人に詳しく聞けておらず、急に強くなったのかどうかは分かりません。",True,False,False,3,0,0,is_sudden_severe,is_sudden_severe,Low,Low,High
sudden_severe_3_1012,"Dispatcher: 頭の痛みは、突然起こった激しい痛みですか？
Caller: 今は本人のそばにいないので、急に始まったのか痛みが強いのかは確認できません。",True,False,False,3,0,0,is_sudden_severe,is_sudden_severe,High,High,High
sudden_severe_3_1013,"Dispatcher: 頭の痛みは、急に出た強い痛みですか？
Caller: 近くで見ていないため、突然なのか激しいのかは分かりません。",True,False,False,3,0,0,is_sudden_severe,is_sudden_severe,High,High,Low
sudden_severe_3_1014,"Dispatcher: 軽い頭痛ではなく、急にひどくなった感じでしょうか？
Caller: 本人から頭が痛いとだけ連絡があって、始まり方や強さまでは不明です。",True,False,False,3,0,0,is_sudden_severe,is_sudden_severe,Low,Low,High
sudden_severe_3_1015,"Dispatcher: いきなり耐えがたい頭痛が出たのですか？
Caller: 同僚から頼まれてかけていて、急だったのか強いのかまでは私には分かりません。",True,False,False,3,0,0,is_sudden_severe,is_sudden_severe,Low,Low,High
sudden_severe_0_1016,"Dispatcher: 手足のしびれや麻痺はありますか？
Caller: いいえ、手足は普通に動いていて、しびれもないそうです。",True,False,False,0,0,0,is_sudden_severe,is_numbness,High,Low,Low
sudden_severe_0_1017,"Dispatcher: 何か変わった様子はありますか？
Caller: 頭が痛いと聞いただけで、普段と違う振る舞いがあるかはまだ確認できていません。",True,False,False,0,0,0,is_sudden_severe,is_behavior,Low,High,High
sudden_severe_0_1018,"Dispatcher: 受け答えが変だったり、いつもと違う行動はありますか？
Caller: 今はメッセージのやり取りだけなので、普段と違う様子かどうかは分かりません。",True,False,False,0,0,0,is_sudden_severe,is_behavior,Low,High,High
sudden_severe_0_1019,"Dispatcher: 普段と違う振る舞いや様子はありますか？
Caller: いいえ、話し方も行動もいつも通りでおかしなところはありません。",True,False,False,0,0,0,is_sudden_severe,is_behavior,High,Low,High
sudden_severe_0_1020,"Dispatcher: しびれや麻痺はありますか？
Caller: 電話で呼ばれただけでまだ会えていないので、手足のしびれがあるかは確認できません。",True,False,False,0,0,0,is_sudden_severe,is_numbness,Low,High,High
sudden_severe_1_1021,"Dispatcher: 頭の痛みは、突然起こった激しい痛みですか？
Caller: はい、急に我慢できないくらい強い頭痛が出たと家族が言っています。",True,False,False,1,0,0,is_sudden_severe,is_sudden_severe,High,Low,Low
sudden_severe_1_1022,"Dispatcher: 頭の痛みは、突然起こった激しい痛みですか？
Caller: はい、同僚がさっき急に頭を押さえて、今までにないくらいひどく痛いと言っています。",True,False,False,1,0,0,is_sudden_severe,is_sudden_severe,High,High,Low
sudden_severe_1_1023,"Dispatcher: いつもの頭痛ではなく、急にひどくなった感じですか？
Caller: はい、友人が急に耐えられないほど痛いと言い出しました。",True,False,False,1,0,0,is_sudden_severe,is_sudden_severe,Low,High,Low
sudden_severe_1_1024,"Dispatcher: さっきまで普通だったのに、一気に強い痛みが来た感じですか？
Caller: はい、夫が食事中に突然うずくまって、頭が割れるほど痛いと言いました。",True,False,False,1,0,0,is_sudden_severe,is_sudden_severe,Low,High,High
sudden_severe_1_1025,"Dispatcher: いつもの軽い頭痛というより、急にひどくなった感じですか？
Caller: ええ、母が急に声を上げて、こんな痛みは初めてなくらいつらいと言っています。",True,False,False,1,0,0,is_sudden_severe,is_sudden_severe,Low,Low,High
sudden_severe_2_1026,"Dispatcher: 頭の痛みは、突然起こった激しい痛みですか？
Caller: いいえ、朝から少しずつ痛くなってきたようで、急に強く出た感じではありません。",True,False,False,2,0,0,is_sudden_severe,is_sudden_severe,High,Low,Low
sudden_severe_2_1027,"Dispatcher: いつもの頭痛ではなく、急にひどくなった感じですか？
Caller: いいえ、同僚は昼ごろからだんだん痛くなったと言っていて、突然の激痛ではありません。",True,False,False,2,0,0,is_sudden_severe,is_sudden_severe,Low,High,Low
sudden_severe_2_1028,"Dispatcher: いつもの軽い頭痛というより、急にひどくなった感じですか？
Caller: いいえ、妻は前から重い感じが続いていただけで、急にガツンと来たわけではないです。",True,False,False,2,0,0,is_sudden_severe,is_sudden_severe,Low,Low,High
sudden_severe_2_1029,"Dispatcher: さっきまで普通だったのに、一気に強い痛みが来た感じですか？
Caller: いいえ、友人は会議の途中からじわじわ痛くなったと言っていて、突然ではないです。",True,False,False,2,0,0,is_sudden_severe,is_sudden_severe,Low,High,High
sudden_severe_2_1030,"Dispatcher: いつもの頭痛ではなく、急にひどくなった感じですか？
Caller: いいえ、父は前から痛みがあって、今日は少し増した程度だそうです。",True,False,False,2,0,0,is_sudden_severe,is_sudden_severe,Low,Low,High
sudden_severe_3_1031,"Dispatcher: 頭の痛みは、突然起こった激しい痛みですか？
Caller: 近くにいないので、突然なのか激しいのかまでは確認できません。",True,False,False,3,0,0,is_sudden_severe,is_sudden_severe,High,High,Low
sudden_severe_3_1032,"Dispatcher: 頭の痛みは、突然起こった激しい痛みですか？
Caller: 頭が痛いとだけ連絡があって、急に起きたのかどうかは分かりません。",True,False,False,3,0,0,is_sudden_severe,is_sudden_severe,High,Low,Low
sudden_severe_3_1033,"Dispatcher: いつもの頭痛ではなく、急にひどくなった感じですか？
Caller: ビデオ通話ではないので、始まり方やどれほど強い痛みかまでは分かりません。",True,False,False,3,0,0,is_sudden_severe,is_sudden_severe,Low,High,High
sudden_severe_3_1034,"Dispatcher: いつもの軽い頭痛ということでよいですか？
Caller: そこまでは分かりません。急に強くなったのかはまだ確認できていません。",True,False,False,3,0,0,is_sudden_severe,is_sudden_severe,Low,Low,Low
sudden_severe_3_1035,"Dispatcher: さっきまで普通だったのに、一気に強い痛みが来た感じですか？
Caller: 弟から頭痛とだけメッセージが来ていて、急だったのか痛みの強さまでは分からないです。",True,False,False,3,0,0,is_sudden_severe,is_sudden_severe,Low,Low,High
sudden_severe_0_1036,"Dispatcher: ぼんやりしている、返事がおかしいなど、普段と違う様子は見えますか？
Caller: いいえ、妻は受け答えもしっかりしていて、行動もいつもと変わりません。",True,False,False,0,0,0,is_sudden_severe,is_behavior,High,High,High
sudden_severe_0_1037,"Dispatcher: 体のどこかが動かしにくいとか、しびれる様子はありますか？
Caller: はい、父は右手に力が入りにくくて、右足もしびれると言っています。",True,False,False,0,0,0,is_sudden_severe,is_numbness,Low,Low,High
sudden_severe_0_1038,"Dispatcher: しびれや麻痺はありますか？
Caller: いいえ、手足のしびれも動かしにくさもありません。",True,False,False,0,0,0,is_sudden_severe,is_numbness,Low,High,Low
sudden_severe_0_1039,"Dispatcher: 普段と違う振る舞いや様子はありますか？
Caller: はい、同僚が質問にちぐはぐな返事をしていて、落ち着きなく歩き回っています。",True,False,False,0,0,0,is_sudden_severe,is_behavior,High,High,High
sudden_severe_0_1040,"Dispatcher: しびれや麻痺はありますか？
Caller: いいえ、母は両手足とも普通に動かせていて、しびれもないです。",True,False,False,0,0,0,is_sudden_severe,is_numbness,Low,High,Low
sudden_severe_1_1041,"Dispatcher: 頭の痛みは、突然起こった激しい痛みですか？
Caller: はい、兄が急に頭を抱えて、我慢できないほど痛いと言っています。",True,False,False,1,0,0,is_sudden_severe,is_sudden_severe,High,High,Low
sudden_severe_1_1042,"Dispatcher: いつもの頭痛ではなく、急にひどくなった感じですか？
Caller: はい、母がいきなり今までで一番痛いと言い出しました。",True,False,False,1,0,0,is_sudden_severe,is_sudden_severe,Low,High,Low
sudden_severe_1_1043,"Dispatcher: 頭の痛みは、突然起こった激しい痛みですか？
Caller: はい、友人が突然うずくまって、耐えられないくらい頭が痛いと言っています。",True,False,False,1,0,0,is_sudden_severe,is_sudden_severe,High,High,Low
sudden_severe_1_1044,"Dispatcher: さっきまで普通だったのに、一気に強い痛みが来た感じですか？
Caller: はい、同居人がテレビを見ていた途中で急に叫んで、頭が割れそうだと言っています。",True,False,False,1,0,0,is_sudden_severe,is_sudden_severe,Low,High,High
sudden_severe_1_1045,"Dispatcher: 頭の痛みは、突然起こった激しい痛みですか？
Caller: はい、夫が急に始まったひどい頭痛で動けないと言っています。",True,False,False,1,0,0,is_sudden_severe,is_sudden_severe,High,High,Low
sudden_severe_2_1046,"Dispatcher: いつもの軽い頭痛ということでよいですか？
Caller: はい、急にひどくなったわけではなく、前からの痛みが続いている感じです。",True,False,False,2,0,0,is_sudden_severe,is_sudden_severe,Low,Low,Low
sudden_severe_2_1047,"Dispatcher: 頭の痛みは、突然起こった激しい痛みですか？
Caller: いいえ、娘は昨日から少しずつ痛いと言っていて、急な激痛ではありません。",True,False,False,2,0,0,is_sudden_severe,is_sudden_severe,High,Low,Low
sudden_severe_2_1048,"Dispatcher: いつもの頭痛ではなく、急にひどくなった感じですか？
Caller: いいえ、祖母は前から鈍い痛みがあると言っていて、急ではないです。",True,False,False,2,0,0,is_sudden_severe,is_sudden_severe,Low,Low,Low
sudden_severe_2_1049,"Dispatcher: 頭の痛みは、突然起こった激しい痛みですか？
Caller: いいえ、夫は数時間かけてだんだん痛くなったと言っていて、突然の強い痛みではありません。",True,False,False,2,0,0,is_sudden_severe,is_sudden_severe,High,High,Low
sudden_severe_2_1050,"Dispatcher: いつもの頭痛ではなく、急にひどくなった感じですか？
Caller: いいえ、友人は朝から重い感じが続いているだけで、急に悪くなったわけではないです。",True,False,False,2,0,0,is_sudden_severe,is_sudden_severe,Low,Low,High
sudden_severe_3_1051,"Dispatcher: 頭の痛みは、突然起こった激しい痛みですか？
Caller: 本人が頭痛いと言っているだけで、急に始まったのか強い痛みなのかは確認できていません。",True,False,False,3,0,0,is_sudden_severe,is_sudden_severe,High,High,Low
sudden_severe_3_1052,"Dispatcher: いつもの頭痛みたいな感じですか？
Caller: 同僚からメッセージが来ただけで、急にひどくなったのか普段どおりの頭痛なのかまでは分かりません。",True,False,False,3,0,0,is_sudden_severe,is_sudden_severe,Low,High,High
sudden_severe_3_1053,"Dispatcher: 激しい痛みが急に出た感じでしょうか？
Caller: そこは分かりません。突然かどうかも、かなり強い痛みかどうかも確認できていません。",True,False,False,3,0,0,is_sudden_severe,is_sudden_severe,Low,High,Low
sudden_severe_3_1054,"Dispatcher: いつもの軽い頭痛ということでよいですか？
Caller: まだそこまでは分からず、急に強くなったのかは確認できていません。",True,False,False,3,0,0,is_sudden_severe,is_sudden_severe,Low,Low,Low
sudden_severe_3_1055,"Dispatcher: さっきまで普通だったのに、一気に強い頭痛になった様子はありますか？
Caller: 友人から頭が痛いと連絡を受けただけなので、始まり方や痛みの強さまでは分かりません。",True,False,False,3,0,0,is_sudden_severe,is_sudden_severe,Low,High,High
sudden_severe_0_1056,"Dispatcher: 手足のしびれや麻痺はありますか？
Caller: 今は別の階にいて様子を見られていないので、しびれや動かしにくさがあるかはまだ分かりません。",True,False,False,0,0,0,is_sudden_severe,is_numbness,High,Low,High
sudden_severe_0_1057,"Dispatcher: 手足のしびれや麻痺はありますか？
Caller: いいえ、手足は普通に動いていて、しびれもないと家族が言っています。",True,False,False,0,0,0,is_sudden_severe,is_numbness,High,High,Low
sudden_severe_0_1058,"Dispatcher: いつもどおりの様子ですか？
Caller: いいえ、さっきから質問しても返事がちぐはぐで、普段と明らかに違います。",True,False,False,0,0,0,is_sudden_severe,is_behavior,Low,High,High
sudden_severe_0_1059,"Dispatcher: しびれや麻痺はありますか？
Caller: まだ本人の近くにいないので、しびれがあるかどうかは分かりません。",True,False,False,0,0,0,is_sudden_severe,is_numbness,High,Low,Low
sudden_severe_0_1060,"Dispatcher: 普段と違う振る舞いや様子はありますか？
Caller: 職場から連絡を受けただけで、受け答えや行動がいつもと違うかどうかは確認できていません。",True,False,False,0,0,0,is_sudden_severe,is_behavior,High,Low,High
sudden_severe_1_1061,"Dispatcher: 頭の痛みは、突然起こった激しい痛みですか？
Caller: はい、急に頭を押さえて、我慢できないくらい痛いと言い出しました。",True,False,False,1,0,0,is_sudden_severe,is_sudden_severe,High,Low,Low
sudden_severe_1_1062,"Dispatcher: いつもの頭痛ではなさそうですか？
Caller: はい、夫が急にうずくまって、今までにないひどい痛みだと言っています。",True,False,False,1,0,0,is_sudden_severe,is_sudden_severe,Low,Low,High
sudden_severe_1_1063,"Dispatcher: さっきまで普通だったのに、急に強い頭痛が出た感じですか？
Caller: ええ、会議中に突然顔色が変わって、耐えられないほど痛いと同僚が言っています。",True,False,False,1,0,0,is_sudden_severe,is_sudden_severe,High,Low,High
sudden_severe_1_1064,"Dispatcher: 激しい痛みが急に出た感じでしょうか？
Caller: はい、急に始まって、本人もものすごく痛いと言っています。",True,False,False,1,0,0,is_sudden_severe,is_sudden_severe,Low,High,Low
sudden_severe_1_1065,"Dispatcher: 頭の痛みは、突然起こった激しい痛みですか？
Caller: はい、さっきまで普通だったのに突然ひどい頭痛が来て、本人が耐えられないと言っています。",True,False,False,1,0,0,is_sudden_severe,is_sudden_severe,High,High,Low
sudden_severe_2_1066,"Dispatcher: いつもの頭痛とは違って、急にものすごく痛くなった感じですか？
Caller: いいえ、朝から少しずつ痛くなってきたようで、急にひどくなったわけではありません。",True,False,False,2,0,0,is_sudden_severe,is_sudden_severe,Low,High,High
sudden_severe_2_1067,"Dispatcher: 頭の痛みは、突然起こった激しい痛みですか？
Caller: いいえ、昼ごろからじわじわ痛み出しただけで、急に強い痛みになったわけではありません。",True,False,False,2,0,0,is_sudden_severe,is_sudden_severe,High,High,High
sudden_severe_2_1068,"Dispatcher: 激しい痛みが急に出た感じでしょうか？
Caller: いいえ、急ではなく、痛みもそこまで激しくはないです。",True,False,False,2,0,0,is_sudden_severe,is_sudden_severe,Low,High,Low
sudden_severe_2_1069,"Dispatcher: いつもの軽い頭痛ではないですか？
Caller: いえ、今のところ急にひどくなった感じではなさそうです。",True,False,False,2,0,0,is_sudden_severe,is_sudden_severe,Low,Low,High
sudden_severe_2_1070,"Dispatcher: 頭の痛みは、突然起こった激しい痛みですか？
Caller: いいえ、本人は前から少しずつ痛くなってきたと言っていて、急な強い痛みではないです。",True,False,False,2,0,0,is_sudden_severe,is_sudden_severe,High,Low,High
sudden_severe_3_1071,"Dispatcher: いつもの頭痛みたいなものですか？
Caller: 弟から頭痛がするとだけ電話があって、急に強く出たのかどうかはまだ分かりません。",True,False,False,3,0,0,is_sudden_severe,is_sudden_severe,Low,Low,High
sudden_severe_3_1072,"Dispatcher: 頭の痛みは、突然起こった激しい痛みですか？
Caller: 今は本人が横になっていて詳しく聞けず、突然だったのか、激しい痛みなのかは分かりません。",True,False,False,3,0,0,is_sudden_severe,is_sudden_severe,High,High,Low
sudden_severe_3_1073,"Dispatcher: 頭の痛みは、急に出た強い痛みですか？
Caller: そこはまだ確認できていなくて、頭痛があることしか分かりません。",True,False,False,3,0,0,is_sudden_severe,is_sudden_severe,High,Low,Low
sudden_severe_3_1074,"Dispatcher: いつもの軽い頭痛ということでよいですか？
Caller: いいえ、そこは分からず、急に強い痛みなのかは確認できていません。",True,False,False,3,0,0,is_sudden_severe,is_sudden_severe,Low,High,Low
sudden_severe_3_1075,"Dispatcher: 急に我慢できないほどの頭痛になった感じはありますか？
Caller: 娘からの連絡が短くて、突然だったのか痛みがどれほど強いのかまでは把握できていません。",True,False,False,3,0,0,is_sudden_severe,is_sudden_severe,High,High,High
sudden_severe_0_1076,"Dispatcher: 手足のしびれや麻痺はありますか？
Caller: いいえ、手も足も問題なく動いていて、しびれはないようです。",True,False,False,0,0,0,is_sudden_severe,is_numbness,High,Low,Low
sudden_severe_0_1077,"Dispatcher: 普段と違う振る舞いや様子はありますか？
Caller: いいえ、受け答えも普段どおりで、変わった様子はありません。",True,False,False,0,0,0,is_sudden_severe,is_behavior,High,High,Low
sudden_severe_0_1078,"Dispatcher: 体の片側が動かしにくい感じはありますか？
Caller: はい、母が左手に力が入らないと言っていて、足もしびれるそうです。",True,False,False,0,0,0,is_sudden_severe,is_numbness,Low,High,Low
sudden_severe_0_1079,"Dispatcher: 普通に歩けていますか？
Caller: いや、友人が右足がしびれてうまく踏ん張れないと言っています。",True,False,False,0,0,0,is_sudden_severe,is_numbness,Low,Low,High
sudden_severe_0_1080,"Dispatcher: 何か変わった様子はありますか？
Caller: いえ、会話も行動もいつもと同じで、特におかしなところはないです。",True,False,False,0,0,0,is_sudden_severe,is_behavior,Low,Low,High
sudden_severe_1_1081,"Dispatcher: いきなりひどい頭痛になった感じですか？
Caller: はい、夫がさっき急に頭を抱えて、我慢できないくらい痛いと言いました。",True,False,False,1,0,0,is_sudden_severe,is_sudden_severe,Low,High,Low
sudden_severe_1_1082,"Dispatcher: いつもの頭痛ではなく、急に強く出た感じですか？
Caller: はい、同僚が会議中に突然うずくまって、今までで一番ひどい頭痛だと言っています。",True,False,False,1,0,0,is_sudden_severe,is_sudden_severe,Low,Low,High
sudden_severe_1_1083,"Dispatcher: いきなりひどい頭痛になった感じですか？
Caller: はい、母が急に耐えられないほど頭が痛いと言い出しました。",True,False,False,1,0,0,is_sudden_severe,is_sudden_severe,Low,High,Low
sudden_severe_1_1084,"Dispatcher: 頭の痛みは、突然起こった激しい痛みですか？
Caller: はい、友人が車を降りた直後に急に激痛が来たと言って、立っていられなくなっています。",True,False,False,1,0,0,is_sudden_severe,is_sudden_severe,High,High,High
sudden_severe_1_1085,"Dispatcher: さっきまで普通だったのに、急に我慢できないほど頭が痛くなった感じですか？
Caller: はい、弟がテレビを見ていたのに、突然ものすごい頭痛だと言ってソファに倒れ込みました。",True,False,False,1,0,0,is_sudden_severe,is_sudden_severe,High,High,High
sudden_severe_2_1086,"Dispatcher: 頭の痛みは、突然起こった激しい痛みですか？
Caller: いいえ、朝から少しずつ痛くなってきたようで、急にひどくなったわけではありません。",True,False,False,2,0,0,is_sudden_severe,is_sudden_severe,High,Low,High
sudden_severe_2_1087,"Dispatcher: 頭の痛みは、突然起こった激しい痛みですか？
Caller: いいえ、娘は昨日から重い感じが続いていると言っていて、急な激痛ではないです。",True,False,False,2,0,0,is_sudden_severe,is_sudden_severe,High,Low,High
sudden_severe_2_1088,"Dispatcher: 激しい痛みが突然起こりましたか？
Caller: いいえ、父は数時間前から徐々に痛くなっていて、突然の激しい頭痛ではありません。",True,False,False,2,0,0,is_sudden_severe,is_sudden_severe,High,High,Low
sudden_severe_2_1089,"Dispatcher: いきなりガツンと来たような痛みですか？
Caller: いいえ、同僚は昼ごろからじわじわ痛くなったと言っていて、急にひどくなったわけではありません。",True,False,False,2,0,0,is_sudden_severe,is_sudden_severe,Low,High,High
sudden_severe_2_1090,"Dispatcher: 頭の痛みは、突然起こった激しい痛みですか？
Caller: いいえ、妻は朝から鈍い頭痛が続いているだけで、急に強い痛みが出たわけではありません。",True,False,False,2,0,0,is_sudden_severe,is_sudden_severe,High,High,High
sudden_severe_3_1091,"Dispatcher: いつもの軽い頭痛ということでよいですか？
Caller: そこまでは分かりません。職場から連絡を受けただけで、急に強くなったのか確認できていません。",True,False,False,3,0,0,is_sudden_severe,is_sudden_severe,Low,High,High
sudden_severe_3_1092,"Dispatcher: 激しい痛みが突然起こりましたか？
Caller: 突然だったかどうかは分かりません。",True,False,False,3,0,0,is_sudden_severe,is_sudden_severe,Low,Low,Low
sudden_severe_3_1093,"Dispatcher: 激しい痛みが突然起こりましたか？
Caller: 強い痛みかどうかも含めてまだ確認できていません。",True,False,False,3,0,0,is_sudden_severe,is_sudden_severe,Low,Low,Low
sudden_severe_3_1094,"Dispatcher: 急に出た強い頭痛か分かりますか？
Caller: いいえ、本人から頭が痛いとだけ聞いていて、突然なのか激しいのかは分かりません。",True,False,False,3,0,0,is_sudden_severe,is_sudden_severe,Low,High,Low
sudden_severe_3_1095,"Dispatcher: 頭の痛みは、急に出た強い痛みか確認できますか？
Caller: 今は別の部屋にいて本人の様子が見えないので、突然始まったのか、どれほど強いのか確認できません。",True,False,False,3,0,0,is_sudden_severe,is_sudden_severe,High,High,High
sudden_severe_0_1096,"Dispatcher: 手足のしびれや麻痺はありますか？
Caller: いいえ、兄は手足は普通に動かせていて、しびれもないです。",True,False,False,0,0,0,is_sudden_severe,is_numbness,High,High,Low
sudden_severe_0_1097,"Dispatcher: 何かいつもと違う様子ですか？
Caller: いいえ、受け答えも普段どおりで、特に変わった振る舞いはありません。",True,False,False,0,0,0,is_sudden_severe,is_behavior,Low,High,Low
sudden_severe_0_1098,"Dispatcher: しびれや麻痺はありますか？
Caller: それは分かりません、私は今そばにいなくて手足の様子を確認できません。",True,False,False,0,0,0,is_sudden_severe,is_numbness,Low,High,Low
sudden_severe_0_1099,"Dispatcher: 普段と違う振る舞いや様子はありますか？
Caller: 今は電話で聞いただけなので、いつもと違う様子があるかは確認できません。",True,False,False,0,0,0,is_sudden_severe,is_behavior,High,High,Low
sudden_severe_0_1100,"Dispatcher: 手足のしびれや麻痺はありますか？
Caller: 頭痛があることしか聞いておらず、しびれや麻痺があるかは分かりません。",True,False,False,0,0,0,is_sudden_severe,is_numbness,High,Low,Low
sudden_severe_1_1101,"Dispatcher: 頭の痛みは、突然起こった激しい痛みですか？
Caller: はい、父が庭仕事の最中に急に今までにない激しい頭痛だと言って、その場にしゃがみ込みました。",True,False,False,1,0,0,is_sudden_severe,is_sudden_severe,High,High,High
sudden_severe_1_1102,"Dispatcher: 頭の痛みは、突然起こった激しい痛みですか？
Caller: はい、妻が料理中に急にすごく痛いと言い出して、耐えられない様子です。",True,False,False,1,0,0,is_sudden_severe,is_sudden_severe,High,Low,High
sudden_severe_1_1103,"Dispatcher: いきなりひどい頭痛になった感じですか？
Caller: はい、友人が急に頭が割れるほど痛いと言っています。",True,False,False,1,0,0,is_sudden_severe,is_sudden_severe,Low,High,Low
sudden_severe_1_1104,"Dispatcher: 頭の痛みは、突然起こった激しい痛みですか？
Caller: はい、同じ部屋にいた妹が急に叫ぶように頭が痛いと言って、すぐ横になりました。",True,False,False,1,0,0,is_sudden_severe,is_sudden_severe,High,Low,High
sudden_severe_1_1105,"Dispatcher: 頭の痛みは、突然起こった激しい痛みですか？
Caller: はい、同僚がパソコン作業中に突然後頭部の激痛を訴えて、これまでで一番つらいと言っています。",True,False,False,1,0,0,is_sudden_severe,is_sudden_severe,High,High,High
sudden_severe_2_1106,"Dispatcher: いきなりひどい頭痛になった感じですか？
Caller: いいえ、母は夕方からだんだん痛くなってきたと言っていて、急な激痛ではありません。",True,False,False,2,0,0,is_sudden_severe,is_sudden_severe,Low,High,High
sudden_severe_2_1107,"Dispatcher: 頭の痛みは、突然起こった激しい痛みですか？
Caller: いいえ、夫は昨日から続く頭痛で、突然強い痛みが出たわけではありません。",True,False,False,2,0,0,is_sudden_severe,is_sudden_severe,High,High,Low
sudden_severe_2_1108,"Dispatcher: 頭の痛みは、突然起こった激しい痛みですか？
Caller: いいえ、友人は最初は軽い痛みで、時間がたって少し強くなっただけです。",True,False,False,2,0,0,is_sudden_severe,is_sudden_severe,High,Low,High
sudden_severe_2_1109,"Dispatcher: いきなりガツンと来たような痛みですか？
Caller: いいえ、兄は朝から違和感があって、徐々に頭痛になったと言っています。",True,False,False,2,0,0,is_sudden_severe,is_sudden_severe,Low,High,High
sudden_severe_2_1110,"Dispatcher: 激しい痛みが突然起こりましたか？
Caller: 分からないではなく、そうではないです。急にではなく前から痛いと言っていました。",True,False,False,2,0,0,is_sudden_severe,is_sudden_severe,Low,Low,Low
sudden_severe_3_1111,"Dispatcher: 頭の痛みは、突然起こった激しい痛みですか？
Caller: 同僚から頭痛がひどいと連絡は来たんですが、急に始まったのか、どれほど強いのかまでは確認できていません。",True,False,False,3,0,0,is_sudden_severe,is_sudden_severe,High,High,High
sudden_severe_3_1112,"Dispatcher: いつもの頭痛ではなく、急に強く出た感じですか？
Caller: 家族から頭が痛いとだけ聞いていて、急にだったのかどうかは分かりません。",True,False,False,3,0,0,is_sudden_severe,is_sudden_severe,Low,High,High
sudden_severe_3_1113,"Dispatcher: 急に強い頭痛になった感じですか？
Caller: そこは分かりません。",True,False,False,3,0,0,is_sudden_severe,is_sudden_severe,Low,Low,Low
sudden_severe_3_1114,"Dispatcher: さっきまで普通だったのに、急につらい頭痛になった様子ですか？
Caller: 友人からメッセージが来ただけで、痛みの出方までは分からないです。",True,False,False,3,0,0,is_sudden_severe,is_sudden_severe,Low,Low,High
sudden_severe_3_1115,"Dispatcher: 急に激しい頭痛ですか？
Caller: 分かりません。",True,False,False,3,0,0,is_sudden_severe,is_sudden_severe,Low,Low,Low
sudden_severe_0_1116,"Dispatcher: 手足のしびれや麻痺はありますか？
Caller: はい、父は右腕がしびれていて、うまく力が入らないと言っています。",True,False,False,0,0,0,is_sudden_severe,is_numbness,High,High,Low
sudden_severe_0_1117,"Dispatcher: しびれや麻痺はありますか？
Caller: そこはまだ分かりません。",True,False,False,0,0,0,is_sudden_severe,is_numbness,Low,Low,Low
sudden_severe_0_1118,"Dispatcher: 何かいつもと違う様子はありますか？
Caller: いいえ、受け答えも普段どおりです。",True,False,False,0,0,0,is_sudden_severe,is_behavior,Low,Low,Low
sudden_severe_0_1119,"Dispatcher: 普通に動けていますか？
Caller: 電話で聞いただけなので、しびれがあるかは分かりません。",True,False,False,0,0,0,is_sudden_severe,is_numbness,Low,Low,High
sudden_severe_0_1120,"Dispatcher: 手足のしびれや麻痺はありますか？
Caller: いいえ、妹は手も足も普通に動かせていて、しびれはないそうです。",True,False,False,0,0,0,is_sudden_severe,is_numbness,High,Low,High
sudden_severe_1_1121,"Dispatcher: 頭の痛みは、突然起こった激しい痛みですか？
Caller: はい、夫がさっき急に頭を押さえて、今までにないくらい強い痛みだと言っています。",True,False,False,1,0,0,is_sudden_severe,is_sudden_severe,High,High,High
sudden_severe_1_1122,"Dispatcher: 急に我慢できないほどの頭痛が出た感じですか？
Caller: はい、会議中にいきなりひどい頭痛が来たと同僚が言っています。",True,False,False,1,0,0,is_sudden_severe,is_sudden_severe,High,Low,High
sudden_severe_1_1123,"Dispatcher: 頭の痛みは突然の激しいものですか？
Caller: はい、急にすごく痛くなったそうです。",True,False,False,1,0,0,is_sudden_severe,is_sudden_severe,High,Low,Low
sudden_severe_1_1124,"Dispatcher: 突然強い頭痛が始まったんですか？
Caller: はい、さっき急に耐えられないくらい痛いと言い出しました。",True,False,False,1,0,0,is_sudden_severe,is_sudden_severe,High,Low,Low
sudden_severe_1_1125,"Dispatcher: さっきまで普通で、急に強い頭痛になりましたか？
Caller: はい、友人が運転を止めるほど急に激しい頭痛が来たと言っています。",True,False,False,1,0,0,is_sudden_severe,is_sudden_severe,High,Low,High
sudden_severe_2_1126,"Dispatcher: 急に強い頭痛になった感じですか？
Caller: いいえ、朝から少しずつ痛みが増してきたようです。",True,False,False,2,0,0,is_sudden_severe,is_sudden_severe,Low,High,Low
sudden_severe_2_1127,"Dispatcher: いつもの軽い頭痛ではなく、急にひどくなったんですか？
Caller: いいえ、母は昨日からじわじわ痛くて、急にではありません。",True,False,False,2,0,0,is_sudden_severe,is_sudden_severe,Low,High,High
sudden_severe_2_1128,"Dispatcher: 頭の痛みは、突然起こった激しい痛みですか？
Caller: いいえ、急にではなく、前から続いている頭痛です。",True,False,False,2,0,0,is_sudden_severe,is_sudden_severe,High,High,Low
sudden_severe_2_1129,"Dispatcher: 頭の痛みは、急に出た激しい痛みですか？
Caller: いいえ、息子は夕方から徐々に痛くなってきたと言っています。",True,False,False,2,0,0,is_sudden_severe,is_sudden_severe,High,High,High
sudden_severe_2_1130,"Dispatcher: いきなりひどい頭痛になった感じですか？
Caller: そういう感じではなくて、だんだん痛くなったみたいです。",True,False,False,2,0,0,is_sudden_severe,is_sudden_severe,Low,Low,High
sudden_severe_3_1131,"Dispatcher: 頭の痛みは、突然起こった激しい痛みですか？
Caller: 本人は頭が痛いとしか言っておらず、急に始まったのか強いのかはまだ聞けていません。",True,False,False,3,0,0,is_sudden_severe,is_sudden_severe,High,Low,High
sudden_severe_3_1132,"Dispatcher: 頭の痛みは、突然起こった激しい痛みですか？
Caller: そこまでは分かりません。",True,False,False,3,0,0,is_sudden_severe,is_sudden_severe,High,Low,Low
sudden_severe_3_1133,"Dispatcher: 急に我慢できないほどの頭痛が出たのか確認できますか？
Caller: 今は別の部屋にいて本人の様子が見えないので、突然なのか痛みが強いのかは確認できません。",True,False,False,3,0,0,is_sudden_severe,is_sudden_severe,High,High,High
sudden_severe_3_1134,"Dispatcher: 急に激しい頭痛ですか？
Caller: 分かりません。",True,False,False,3,0,0,is_sudden_severe,is_sudden_severe,Low,Low,Low
sudden_severe_3_1135,"Dispatcher: いつもの頭痛ではなく、急に強く出た感じですか？
Caller: 娘から頭痛の連絡はありましたが、急だったのかどうかは聞けていません。",True,False,False,3,0,0,is_sudden_severe,is_sudden_severe,Low,High,High
sudden_severe_0_1136,"Dispatcher: 何か変わった様子はありますか？
Caller: いつもと違う振る舞いがあるかは分かりません。",True,False,False,0,0,0,is_sudden_severe,is_behavior,Low,High,Low
sudden_severe_0_1137,"Dispatcher: 普段と違う振る舞いや様子はありますか？
Caller: 今日はまだ本人に会えていないので、いつもと違う様子かどうかは確認できていません。",True,False,False,0,0,0,is_sudden_severe,is_behavior,High,Low,Low
sudden_severe_0_1138,"Dispatcher: 手足のしびれや麻痺はありますか？
Caller: 今はそばにいないので、しびれや麻痺があるかは分かりません。",True,False,False,0,0,0,is_sudden_severe,is_numbness,High,Low,Low
sudden_severe_0_1139,"Dispatcher: 何かいつもと違う様子はありますか？
Caller: いいえ、話し方も行動も普段と変わりません。",True,False,False,0,0,0,is_sudden_severe,is_behavior,Low,Low,Low
sudden_severe_0_1140,"Dispatcher: 手足のしびれや麻痺はありますか？
Caller: はい、左足がしびれていて、立つと力が入りにくいようです。",True,False,False,0,0,0,is_sudden_severe,is_numbness,High,High,Low
sudden_severe_1_1141,"Dispatcher: 頭の痛みは、突然起こった激しい痛みですか？
Caller: はい、夫がさっき急に頭を押さえて、今までにないくらい痛いと言っています。",True,False,False,1,0,0,is_sudden_severe,is_sudden_severe,High,Low,High
sudden_severe_1_1142,"Dispatcher: 頭の痛みは、突然起こった激しい痛みですか？
Caller: はい、同僚が会議中に急に頭が割れるほど痛いと言い出して、その場でうずくまりました。",True,False,False,1,0,0,is_sudden_severe,is_sudden_severe,High,High,High
sudden_severe_1_1143,"Dispatcher: いつもの頭痛ではなく、急にひどくなった感じですか？
Caller: はい、母が突然これまでで一番ひどい頭痛だと言っています。",True,False,False,1,0,0,is_sudden_severe,is_sudden_severe,Low,High,High
sudden_severe_1_1144,"Dispatcher: さっきまで普通だったのに、急につらい頭痛が来た感じですか？
Caller: はい、友人がいきなり耐えられないくらい痛いと言い出しました。",True,False,False,1,0,0,is_sudden_severe,is_sudden_severe,Low,Low,High
sudden_severe_1_1145,"Dispatcher: 急に強い頭痛が出ましたか？
Caller: はい、急にものすごく痛くなったようです。",True,False,False,1,0,0,is_sudden_severe,is_sudden_severe,Low,Low,Low
sudden_severe_2_1146,"Dispatcher: 頭の痛みは、突然起こった激しい痛みですか？
Caller: いいえ、朝から少しずつ痛くなってきただけで、急に強くなったわけではありません。",True,False,False,2,0,0,is_sudden_severe,is_sudden_severe,High,High,Low
sudden_severe_2_1147,"Dispatcher: 頭の痛みは、突然起こった激しい痛みですか？
Caller: いいえ、娘は昨日から重い感じが続いていて、急にひどくなった頭痛ではありません。",True,False,False,2,0,0,is_sudden_severe,is_sudden_severe,High,High,High
sudden_severe_2_1148,"Dispatcher: 頭の痛みは、突然起こった激しい痛みですか？
Caller: いいえ、同僚は昼ごろからじわじわ痛くなったと言っていて、いきなりではないです。",True,False,False,2,0,0,is_sudden_severe,is_sudden_severe,High,High,High
sudden_severe_2_1149,"Dispatcher: 頭の痛みは、突然起こった激しい痛みですか？
Caller: いいえ、父は前からの頭痛が少し長引いているだけで、急激な痛みではないです。",True,False,False,2,0,0,is_sudden_severe,is_sudden_severe,High,High,High
sudden_severe_2_1150,"Dispatcher: 頭の痛みは、突然起こった激しい痛みですか？
Caller: いいえ、さっき急にではなく、前からだんだん痛くなっていたみたいです。",True,False,False,2,0,0,is_sudden_severe,is_sudden_severe,High,Low,High
sudden_severe_3_1151,"Dispatcher: いつもの軽い頭痛ということでよいですか？
Caller: そこまでは分かりません。急に強くなったのかどうかは確認できていません。",True,False,False,3,0,0,is_sudden_severe,is_sudden_severe,Low,High,Low
sudden_severe_3_1152,"Dispatcher: 頭の痛みは、突然起こった激しい痛みですか？
Caller: 今は本人のそばにいないので、突然だったか、激しい痛みかは分かりません。",True,False,False,3,0,0,is_sudden_severe,is_sudden_severe,High,High,Low
sudden_severe_3_1153,"Dispatcher: さっきまで普通で急にひどくなった感じですか？
Caller: 妹から頭が痛いと連絡があっただけで、始まり方や強さまでは聞けていません。",True,False,False,3,0,0,is_sudden_severe,is_sudden_severe,Low,Low,High
sudden_severe_3_1154,"Dispatcher: 頭の痛みは、急に出た強い痛みですか？
Caller: 電話で聞いただけなので、急に起きたのか、どれほど強いのかは分かりません。",True,False,False,3,0,0,is_sudden_severe,is_sudden_severe,High,Low,High
sudden_severe_3_1155,"Dispatcher: 頭の痛みは、突然起こった激しい痛みですか？
Caller: 本人が別室にいて、急にだったのか痛みが強いのかまではまだ確認できていません。",True,False,False,3,0,0,is_sudden_severe,is_sudden_severe,High,Low,High
sudden_severe_0_1156,"Dispatcher: 体の片側が動かしにくいとか、しびれる感じはありますか？
Caller: いいえ、妻は手足は普通に動いていて、しびれもないと言っています。",True,False,False,0,0,0,is_sudden_severe,is_numbness,Low,Low,High
sudden_severe_0_1157,"Dispatcher: どこか動かしにくかったり、しびれたりしていますか？
Caller: はい、父は右手がしびれて力が入りにくいと言っています。",True,False,False,0,0,0,is_sudden_severe,is_numbness,Low,High,High
sudden_severe_0_1158,"Dispatcher: 手足の感覚がおかしいとか、力が入らない様子はありますか？
Caller: いいえ、弟は両手両足とも普通に動いていて、しびれも訴えていません。",True,False,False,0,0,0,is_sudden_severe,is_numbness,Low,High,High
sudden_severe_0_1159,"Dispatcher: ぼんやりしている、受け答えがおかしいなど、普段と違う様子はありますか？
Caller: 会社から連絡を受けただけで私はまだ会えていないので、いつもと違う振る舞いがあるかは分かりません。",True,False,False,0,0,0,is_sudden_severe,is_behavior,High,High,High
sudden_severe_0_1160,"Dispatcher: 普段と違う振る舞いや様子はありますか？
Caller: いいえ、母は受け答えも普段どおりで、特に変わった様子はありません。",True,False,False,0,0,0,is_sudden_severe,is_behavior,High,High,Low
sudden_severe_1_1161,"Dispatcher: 頭の痛みは、突然起こった激しい痛みですか？
Caller: はい、兄がさっき急に今まで経験したことがないほど痛いと言って倒れ込みました。",True,False,False,1,0,0,is_sudden_severe,is_sudden_severe,High,Low,High
sudden_severe_1_1162,"Dispatcher: 急に強い頭痛が出ましたか？
Caller: はい、急に耐えられないくらいの痛みが来たそうです。",True,False,False,1,0,0,is_sudden_severe,is_sudden_severe,Low,Low,Low
sudden_severe_1_1163,"Dispatcher: 頭の痛みは、突然起こった激しい痛みですか？
Caller: はい、同じ部屋にいた友人が急に頭が激しく痛いと言ってしゃがみ込みました。",True,False,False,1,0,0,is_sudden_severe,is_sudden_severe,High,Low,High
sudden_severe_1_1164,"Dispatcher: いきなりひどい頭痛になった感じですか？
Caller: はい、息子が突然すごい頭痛だと言って動けなくなっています。",True,False,False,1,0,0,is_sudden_severe,is_sudden_severe,Low,Low,High
sudden_severe_1_1165,"Dispatcher: 頭の痛みは、突然起こった激しい痛みですか？
Caller: はい、突然ものすごい痛みが出ています。",True,False,False,1,0,0,is_sudden_severe,is_sudden_severe,High,Low,Low
sudden_severe_2_1166,"Dispatcher: いつもの頭痛みたいな始まり方ですか？
Caller: はい、妻は急にではなく、夕方から少しずつ痛くなったと言っています。",True,False,False,2,0,0,is_sudden_severe,is_sudden_severe,Low,High,High
sudden_severe_2_1167,"Dispatcher: 頭の痛みは、突然起こった激しい痛みですか？
Caller: いいえ、友人は朝から鈍い痛みが続いているだけで、急にひどくなったわけではありません。",True,False,False,2,0,0,is_sudden_severe,is_sudden_severe,High,High,High
sudden_severe_2_1168,"Dispatcher: いきなり我慢できないほど痛くなった感じですか？
Caller: いいえ、祖母は前から少し痛くて、急に強い痛みが出たわけではないです。",True,False,False,2,0,0,is_sudden_severe,is_sudden_severe,Low,High,Low
sudden_severe_2_1169,"Dispatcher: さっき急にひどくなった頭痛ですか？
Caller: いいえ、同僚は前から痛かったと言っていて、突然ではなさそうです。",True,False,False,2,0,0,is_sudden_severe,is_sudden_severe,Low,Low,High
sudden_severe_2_1170,"Dispatcher: 頭の痛みは、突然起こった激しい痛みですか？
Caller: いいえ、急にではなく、前から続いている頭痛のようです。",True,False,False,2,0,0,is_sudden_severe,is_sudden_severe,High,Low,Low
sudden_severe_3_1171,"Dispatcher: いつもの軽い頭痛ということでよいですか？
Caller: そこまでは分かりません。急に強くなったのか、いつもの頭痛なのか確認できていません。",True,False,False,3,0,0,is_sudden_severe,is_sudden_severe,Low,Low,Low
sudden_severe_3_1172,"Dispatcher: さっきまで普通だったのに、急にひどい頭痛が出た感じですか？
Caller: 職場から連絡を受けただけで、痛みの出方や強さまではまだ聞けていません。",True,False,False,3,0,0,is_sudden_severe,is_sudden_severe,Low,Low,High
sudden_severe_3_1173,"Dispatcher: 急に耐えられないくらいの頭痛になった様子はありますか？
Caller: 友人から頭が痛いとメッセージが来ただけなので、突然だったかどうかまでは分かりません。",True,False,False,3,0,0,is_sudden_severe,is_sudden_severe,Low,Low,High
sudden_severe_3_1174,"Dispatcher: 激しい痛みが突然起こりましたか？
Caller: 激しい痛みが突然起こったかは分かりません。",True,False,False,3,0,0,is_sudden_severe,is_sudden_severe,Low,Low,Low
sudden_severe_3_1175,"Dispatcher: 急に強い頭痛になったということですか？
Caller: まだ本人に詳しく聞けていないので、急だったのか強いのか分かりません。",True,False,False,3,0,0,is_sudden_severe,is_sudden_severe,Low,Low,Low
sudden_severe_0_1176,"Dispatcher: ぼんやりしている、返事がおかしいなど、普段と違う様子は見えますか？
Caller: 今は別の部屋にいて直接見ていないので、いつもと違う振る舞いがあるかは確認できません。",True,False,False,0,0,0,is_sudden_severe,is_behavior,High,High,High
sudden_severe_0_1177,"Dispatcher: 何かいつもと違う振る舞いはありますか？
Caller: いいえ、受け答えも普段どおりで、変わった様子はありません。",True,False,False,0,0,0,is_sudden_severe,is_behavior,High,High,High
sudden_severe_0_1178,"Dispatcher: 手足のしびれや麻痺はありますか？
Caller: はい、右腕がしびれて力が入りにくいと言っています。",True,False,False,0,0,0,is_sudden_severe,is_numbness,High,High,Low
sudden_severe_0_1179,"Dispatcher: 片側の手足にしびれや動かしにくさはありますか？
Caller: 左足がしびれて、うまく踏ん張れない様子です。",True,False,False,0,0,0,is_sudden_severe,is_numbness,High,Low,Low
sudden_severe_0_1180,"Dispatcher: 普通に歩けているということでよいですか？
Caller: そこは分かりません。しびれや麻痺があるかはまだ確認できていません。",True,False,False,0,0,0,is_sudden_severe,is_numbness,Low,High,Low
sudden_severe_1_1181,"Dispatcher: 頭の痛みは、突然起こった激しい痛みですか？
Caller: はい、急に我慢できないくらい強い頭痛が来たと夫が言っています。",True,False,False,1,0,0,is_sudden_severe,is_sudden_severe,High,Low,Low
sudden_severe_1_1182,"Dispatcher: いきなりひどい頭痛になった感じですか？
Caller: さっきまで普通に話していたのに、急に頭を抱えて動けないほど痛がっています。",True,False,False,1,0,0,is_sudden_severe,is_sudden_severe,Low,High,High
sudden_severe_1_1183,"Dispatcher: いつもの頭痛ではなく、急に強く出た感じですか？
Caller: 会議中に突然、今までで一番痛いと言い出しました。",True,False,False,1,0,0,is_sudden_severe,is_sudden_severe,Low,Low,High
sudden_severe_1_1184,"Dispatcher: さっきまで平気だったのに、急に激しい頭痛が始まったのですか？
Caller: はい、食事中に急にすごい痛みが来たみたいで、顔をしかめてうずくまっています。",True,False,False,1,0,0,is_sudden_severe,is_sudden_severe,High,Low,High
sudden_severe_1_1185,"Dispatcher: 頭の痛みは突然の強いものですか？
Caller: はい、今いきなりバットで殴られたみたいに痛いと本人が言っています。",True,False,False,1,0,0,is_sudden_severe,is_sudden_severe,High,High,High
sudden_severe_2_1186,"Dispatcher: 頭の痛みは、突然起こった激しい痛みですか？
Caller: いいえ、朝から少しずつ痛くなってきたようで、急にひどくなったわけではありません。",True,False,False,2,0,0,is_sudden_severe,is_sudden_severe,High,Low,High
sudden_severe_2_1187,"Dispatcher: 急に我慢できないほどの頭痛が出たのですか？
Caller: いいえ、昨日から続いている鈍い痛みで、突然強くなった感じではないです。",True,False,False,2,0,0,is_sudden_severe,is_sudden_severe,High,High,High
sudden_severe_2_1188,"Dispatcher: いきなり強い頭痛になった感じですか？
Caller: いいえ、急にではなく、前からの頭痛が続いています。",True,False,False,2,0,0,is_sudden_severe,is_sudden_severe,Low,Low,Low
sudden_severe_2_1189,"Dispatcher: さっき急に耐えられないほど痛くなりましたか？
Caller: いや、そういう感じではなくて、前から重い痛みがあるみたいです。",True,False,False,2,0,0,is_sudden_severe,is_sudden_severe,Low,Low,High
sudden_severe_2_1190,"Dispatcher: 頭の痛みは突然の激しいものですか？
Caller: いいえ、昼ごろからじわじわ痛み出して、今も強烈というほどではありません。",True,False,False,2,0,0,is_sudden_severe,is_sudden_severe,High,High,High
sudden_severe_3_1191,"Dispatcher: いつもの頭痛っぽいですか？
Caller: そこはまだ分からなくて、急にひどくなったのか確認できていません。",True,False,False,3,0,0,is_sudden_severe,is_sudden_severe,Low,Low,Low
sudden_severe_3_1192,"Dispatcher: 急に強い頭痛が始まったか分かりますか？
Caller: 今は本人のそばにいないので、突然だったのか痛みが強いのかは確認できません。",True,False,False,3,0,0,is_sudden_severe,is_sudden_severe,Low,High,High
sudden_severe_3_1193,"Dispatcher: いきなり我慢できないくらいの頭痛になった様子ですか？
Caller: 隣の部署の人から伝え聞いただけで、始まり方までは分からないです。",True,False,False,3,0,0,is_sudden_severe,is_sudden_severe,Low,Low,High
sudden_severe_3_1194,"Dispatcher: 激しい痛みが突然起こったか確認できますか？
Caller: 近くにいないので、突然なのか激しいのかは確認できません。",True,False,False,3,0,0,is_sudden_severe,is_sudden_severe,Low,High,Low
sudden_severe_3_1195,"Dispatcher: 頭の痛みは、突然起こった激しい痛みですか？
Caller: すみません、本人から頭が痛いとしか聞いておらず、急に強く出たのかは分かりません。",True,False,False,3,0,0,is_sudden_severe,is_sudden_severe,High,High,Low
sudden_severe_0_1196,"Dispatcher: 何か変わったことはありますか？
Caller: 頭が痛いと聞いただけで、普段と違う振る舞いがあるかは分かりません。",True,False,False,0,0,0,is_sudden_severe,is_behavior,Low,High,Low
sudden_severe_0_1197,"Dispatcher: しびれや麻痺はありますか？
Caller: いいえ、手足のしびれや動かしにくさはないようです。",True,False,False,0,0,0,is_sudden_severe,is_numbness,Low,Low,Low
sudden_severe_0_1198,"Dispatcher: いつもと違う行動をしている感じはありますか？
Caller: はい、話しかけても返事がちぐはぐで、落ち着きなく同じことを繰り返しています。",True,False,False,0,0,0,is_sudden_severe,is_behavior,Low,Low,High
sudden_severe_0_1199,"Dispatcher: しびれや麻痺はありますか？
Caller: 今は電話で話しただけなので、手足のしびれがあるかは確認できません。",True,False,False,0,0,0,is_sudden_severe,is_numbness,Low,High,Low
sudden_severe_0_1200,"Dispatcher: 普段と違う振る舞いや様子はありますか？
Caller: まだ直接会っていないので、いつもと違う様子かどうかは分かりません。",True,False,False,0,0,0,is_sudden_severe,is_behavior,High,Low,Low
numbness_1_1201,"Dispatcher: 手足のしびれや麻痺はありますか？
Caller: 妻が、左腕がしびれてうまく力が入らないと言っています。",False,True,False,0,1,0,is_numbness,is_numbness,High,Low,High
numbness_1_1202,"Dispatcher: しびれや麻痺はありますか？
Caller: はい、右足にしびれがあって動かしにくそうです。",False,True,False,0,1,0,is_numbness,is_numbness,Low,High,Low
numbness_1_1203,"Dispatcher: 片側の手足が動かしにくい感じはありますか？
Caller: 同僚が、右手だけ力が入らないと言っています。",False,True,False,0,1,0,is_numbness,is_numbness,Low,High,High
numbness_1_1204,"Dispatcher: しびれや麻痺はありますか？
Caller: はい、片方の手がしびれているようです。",False,True,False,0,1,0,is_numbness,is_numbness,Low,Low,Low
numbness_1_1205,"Dispatcher: 手足のしびれや麻痺は見られますか？
Caller: 母は頭痛に加えて、左足がしびれて踏ん張れない感じだと言っています。",False,True,False,0,1,0,is_numbness,is_numbness,High,Low,High
numbness_2_1206,"Dispatcher: 手足のしびれや麻痺はありますか？
Caller: 友人を見ていますが、手足のしびれや動かしにくさはないです。",False,True,False,0,2,0,is_numbness,is_numbness,High,Low,High
numbness_2_1207,"Dispatcher: 手足のしびれや麻痺はありますか？
Caller: いいえ、しびれも麻痺もありません。",False,True,False,0,2,0,is_numbness,is_numbness,High,High,Low
numbness_2_1208,"Dispatcher: 片側の手足にしびれや力の入りにくさはありますか？
Caller: 弟は両手両足とも普通に動かせていて、しびれはないと言っています。",False,True,False,0,2,0,is_numbness,is_numbness,High,High,High
numbness_2_1209,"Dispatcher: 手足のしびれや麻痺はありますか？
Caller: 今確認しましたが、本人はしびれは感じていないそうです。",False,True,False,0,2,0,is_numbness,is_numbness,High,Low,High
numbness_2_1210,"Dispatcher: 片側の手足にしびれや麻痺はありますか？
Caller: いいえ、左右とも普通に動いていて、力も入るようです。",False,True,False,0,2,0,is_numbness,is_numbness,High,High,High
numbness_3_1211,"Dispatcher: 普通に手足は動かせていますか？
Caller: 会社から連絡を受けただけで、しびれや動かしにくさがあるかまでは分かりません。",False,True,False,0,3,0,is_numbness,is_numbness,Low,High,High
numbness_3_1212,"Dispatcher: しびれや麻痺はありますか？
Caller: しびれや麻痺があるかは分かりません。",False,True,False,0,3,0,is_numbness,is_numbness,Low,Low,Low
numbness_3_1213,"Dispatcher: 体は普段どおり動いていますか？
Caller: そこはまだ確認できておらず、しびれがあるか分かりません。",False,True,False,0,3,0,is_numbness,is_numbness,Low,Low,Low
numbness_3_1214,"Dispatcher: 手足のしびれや麻痺はありますか？
Caller: 今そばにいないので、しびれや麻痺があるかは確認できません。",False,True,False,0,3,0,is_numbness,is_numbness,High,Low,Low
numbness_3_1215,"Dispatcher: 片側の手足にしびれや動かしにくさがあるか見られますか？
Caller: 本人は別の部屋にいて様子が見えないので、しびれや麻痺の有無は分かりません。",False,True,False,0,3,0,is_numbness,is_numbness,High,High,High
numbness_0_1216,"Dispatcher: いつもと違う様子はありますか？
Caller: 同僚ですが、受け答えも普段どおりで特に変わった様子はありません。",False,True,False,0,0,0,is_numbness,is_behavior,Low,Low,High
numbness_0_1217,"Dispatcher: 普段と違う振る舞いや様子はありますか？
Caller: 父は頭を痛がっていますが、話し方や行動はいつもと変わりません。",False,True,False,0,0,0,is_numbness,is_behavior,High,Low,High
numbness_0_1218,"Dispatcher: ぼんやりしている、返事がおかしいなど普段と違う様子は見えますか？
Caller: 電話で頭痛を訴えられただけで、今は離れているのでいつもと違う振る舞いがあるか確認できません。",False,True,False,0,0,0,is_numbness,is_behavior,High,High,High
numbness_0_1219,"Dispatcher: 普段と違う振る舞いや様子はありますか？
Caller: はい、夫が同じことを何度も聞き返してきて、いつもより受け答えが変です。",False,True,False,0,0,0,is_numbness,is_behavior,High,Low,Low
numbness_0_1220,"Dispatcher: 何か変わった様子はありますか？
Caller: 今は電話で聞いただけなので、普段と違う行動があるかまでは分かりません。",False,True,False,0,0,0,is_numbness,is_behavior,Low,High,Low
numbness_1_1221,"Dispatcher: ちゃんと両手足は使えていますか？
Caller: いいえ、兄が右腕に力が入らないと言っています。",False,True,False,0,1,0,is_numbness,is_numbness,Low,Low,High
numbness_1_1222,"Dispatcher: 体の片側がおかしい感じはありますか？
Caller: 友達が左手先がずっとしびれると言っています。",False,True,False,0,1,0,is_numbness,is_numbness,Low,Low,High
numbness_1_1223,"Dispatcher: しびれや麻痺はありますか？
Caller: はい、左足がしびれて動かしづらいそうです。",False,True,False,0,1,0,is_numbness,is_numbness,Low,Low,Low
numbness_1_1224,"Dispatcher: しびれや麻痺はありますか？
Caller: はい、右手に力が入りにくいです。",False,True,False,0,1,0,is_numbness,is_numbness,Low,Low,Low
numbness_1_1225,"Dispatcher: 手足のしびれや麻痺はありますか？
Caller: 息子は頭痛と一緒に左半身がしびれると言っていて、コップも持ちにくそうです。",False,True,False,0,1,0,is_numbness,is_numbness,High,High,High
numbness_2_1226,"Dispatcher: 手足のしびれや麻痺はありますか？
Caller: 妹に聞いたら、しびれも力の入りにくさもないとのことです。",False,True,False,0,2,0,is_numbness,is_numbness,High,Low,High
numbness_2_1227,"Dispatcher: 片側の手足がおかしい感じはありますか？
Caller: そういうのはなくて、手も足も普通に動いています。",False,True,False,0,2,0,is_numbness,is_numbness,Low,Low,High
numbness_2_1228,"Dispatcher: 手足のしびれや麻痺はありますか？
Caller: いいえ、しびれや麻痺はありません。",False,True,False,0,2,0,is_numbness,is_numbness,High,High,Low
numbness_2_1229,"Dispatcher: 手足のしびれや麻痺はありますか？
Caller: いいえ、両腕両脚とも問題なく動かせています。",False,True,False,0,2,0,is_numbness,is_numbness,High,High,Low
numbness_2_1230,"Dispatcher: しびれや麻痺はありますか？
Caller: いいえ、その症状はないです。",False,True,False,0,2,0,is_numbness,is_numbness,Low,High,Low
numbness_3_1231,"Dispatcher: しびれや麻痺はありますか？
Caller: そこはまだ分かりません。頭が痛いと聞いただけです。",False,True,False,0,3,0,is_numbness,is_numbness,Low,Low,Low
numbness_3_1232,"Dispatcher: 手足のしびれや麻痺はありますか？
Caller: 会社から連絡を受けているだけで本人を見ていないので、しびれがあるかは確認できていません。",False,True,False,0,3,0,is_numbness,is_numbness,High,Low,High
numbness_3_1233,"Dispatcher: 片側の手足にしびれや動かしにくさがあるか見られますか？
Caller: 今は別の階にいて本人の様子が見えないので、しびれや麻痺の有無は確認できません。",False,True,False,0,3,0,is_numbness,is_numbness,High,High,High
numbness_3_1234,"Dispatcher: 普通に歩けていますか？
Caller: 友人からメッセージが来ただけで、手足のしびれや動かしにくさまでは分かりません。",False,True,False,0,3,0,is_numbness,is_numbness,Low,Low,High
numbness_3_1235,"Dispatcher: しびれや麻痺はありますか？
Caller: まだそこは確認できていません。",False,True,False,0,3,0,is_numbness,is_numbness,Low,Low,Low
numbness_0_1236,"Dispatcher: 何か変わったことはありますか？
Caller: はい、返事がちぐはぐで、いつもみたいに会話がかみ合いません。",False,True,False,0,0,0,is_numbness,is_behavior,Low,Low,Low
numbness_0_1237,"Dispatcher: 激しい痛みが突然起こりましたか？
Caller: 本人から頭痛とだけ連絡があって、急に起きた強い痛みかどうかは分かりません。",False,True,False,0,0,0,is_numbness,is_sudden_severe,Low,High,Low
numbness_0_1238,"Dispatcher: 普段と違う振る舞いや様子はありますか？
Caller: 今は電話で聞いただけなので、いつもと違う様子かどうかはまだ確認できていません。",False,True,False,0,0,0,is_numbness,is_behavior,High,Low,Low
numbness_0_1239,"Dispatcher: いつもより元気で普通に過ごしていますか？
Caller: 兄から頭が痛いとだけ聞いていて、普段と違う行動があるかまでは見ていません。",False,True,False,0,0,0,is_numbness,is_behavior,Low,Low,High
numbness_0_1240,"Dispatcher: いつもの軽い頭痛ということでよいですか？
Caller: そこは分かりません。急にひどくなったのか、前からなのか確認できていません。",False,True,False,0,0,0,is_numbness,is_sudden_severe,Low,Low,High
numbness_1_1241,"Dispatcher: しびれや麻痺はありますか？
Caller: はい、左手がしびれて力が入りにくいようです。",False,True,False,0,1,0,is_numbness,is_numbness,Low,Low,Low
numbness_1_1242,"Dispatcher: 手足のしびれや麻痺はありますか？
Caller: はい、母が右腕と右足がしびれてうまく動かせないと言っています。",False,True,False,0,1,0,is_numbness,is_numbness,High,High,High
numbness_1_1243,"Dispatcher: しびれや麻痺はありますか？
Caller: はい、片方の足がしびれて動かしにくいです。",False,True,False,0,1,0,is_numbness,is_numbness,Low,High,Low
numbness_1_1244,"Dispatcher: しびれや麻痺はありますか？
Caller: はい、右手にしびれが出ています。",False,True,False,0,1,0,is_numbness,is_numbness,Low,Low,Low
numbness_1_1245,"Dispatcher: しびれや麻痺はありますか？
Caller: はい、左半身に力が入りにくいみたいです。",False,True,False,0,1,0,is_numbness,is_numbness,Low,Low,Low
numbness_2_1246,"Dispatcher: しびれや麻痺はありますか？
Caller: いいえ、手足のしびれや動かしにくさはないです。",False,True,False,0,2,0,is_numbness,is_numbness,Low,Low,Low
numbness_2_1247,"Dispatcher: 手足のしびれや麻痺はありますか？
Caller: いいえ、隣で見ていますが両手両足とも普通に動いていて、しびれも訴えていません。",False,True,False,0,2,0,is_numbness,is_numbness,High,High,High
numbness_2_1248,"Dispatcher: 手足のしびれや麻痺はありますか？
Caller: いいえ、しびれはなく、腕も足も普段どおり動かせています。",False,True,False,0,2,0,is_numbness,is_numbness,High,High,Low
numbness_2_1249,"Dispatcher: 片側の手足にしびれや力の入りにくさはありますか？
Caller: いいえ、左右どちらにもそういう症状はなく、握る力も変わりません。",False,True,False,0,2,0,is_numbness,is_numbness,High,High,High
numbness_2_1250,"Dispatcher: しびれや麻痺はありますか？
Caller: いいえ、頭痛はありますが手足の感覚は普通で麻痺もありません。",False,True,False,0,2,0,is_numbness,is_numbness,Low,High,High
numbness_3_1251,"Dispatcher: 手足のしびれや麻痺はありますか？
Caller: 娘から学校で頭痛がすると連絡が来ただけで、しびれがあるかどうかまでは聞けていません。",False,True,False,0,3,0,is_numbness,is_numbness,High,Low,High
numbness_3_1252,"Dispatcher: 片側の手足にしびれや動かしにくさはありますか？
Caller: 今向かっている途中でまだ会えていないので、手足の状態は分かりません。",False,True,False,0,3,0,is_numbness,is_numbness,High,Low,High
numbness_3_1253,"Dispatcher: 右手だけ力が入らない、足がしびれる、そういった様子は確認できますか？
Caller: 同僚が休憩室で頭を押さえていると聞いただけで、感覚や動きまでは確認できていません。",False,True,False,0,3,0,is_numbness,is_numbness,High,Low,High
numbness_3_1254,"Dispatcher: 手足のしびれや麻痺はありますか？
Caller: 今はまだ分かりません。本人と話せていません。",False,True,False,0,3,0,is_numbness,is_numbness,High,Low,Low
numbness_3_1255,"Dispatcher: 手足のしびれや麻痺はありますか？
Caller: 本人が部屋にこもっていて様子を見られないので、しびれや麻痺があるかは確認できません。",False,True,False,0,3,0,is_numbness,is_numbness,High,High,Low
numbness_0_1256,"Dispatcher: さっきまで普通だったのに、急に我慢できないほど頭が痛くなった感じですか？
Caller: はい、食事中に急に頭を押さえて、その場で動けないくらい強い痛みだと言っています。",False,True,False,0,0,0,is_numbness,is_sudden_severe,Low,High,High
numbness_0_1257,"Dispatcher: 普段と違う振る舞いや様子はありますか？
Caller: いいえ、受け答えも普段どおりで、変わった行動はありません。",False,True,False,0,0,0,is_numbness,is_behavior,High,Low,Low
numbness_0_1258,"Dispatcher: いつもの軽い頭痛ということでよいですか？
Caller: 妻からつらいとは聞いていますが、急に始まったのか痛みがどれくらい強いのかまでは分かりません。",False,True,False,0,0,0,is_numbness,is_sudden_severe,Low,Low,High
numbness_0_1259,"Dispatcher: 何か変わったことはありますか？
Caller: いいえ、頭痛はありますが、普段と違う様子は特にありません。",False,True,False,0,0,0,is_numbness,is_behavior,Low,Low,Low
numbness_0_1260,"Dispatcher: 普段と違う振る舞いや様子はありますか？
Caller: いいえ、受け答えはしっかりしていて、行動もいつもと変わりません。",False,True,False,0,0,0,is_numbness,is_behavior,High,High,Low
numbness_1_1261,"Dispatcher: 片方の手足が動かしにくい感じはありますか？
Caller: はい、父が左腕に力が入らないと言っています。",False,True,False,0,1,0,is_numbness,is_numbness,Low,Low,High
numbness_1_1262,"Dispatcher: 手足のしびれや麻痺はありますか？
Caller: はい、母の右手と右足がしびれていて、うまく動かせません。",False,True,False,0,1,0,is_numbness,is_numbness,Low,High,High
numbness_1_1263,"Dispatcher: 手足のしびれや麻痺はありますか？
Caller: はい、弟が片方の足がしびれて力も入りにくいと言っています。",False,True,False,0,1,0,is_numbness,is_numbness,High,Low,Low
numbness_1_1264,"Dispatcher: しびれや麻痺はありますか？
Caller: はい、同僚が左手の感覚がおかしくて、物をつかみにくいです。",False,True,False,0,1,0,is_numbness,is_numbness,Low,High,Low
numbness_1_1265,"Dispatcher: まっすぐ歩けていますか？
Caller: いいえ、妻は右足がしびれると言っていて、ふらついています。",False,True,False,0,1,0,is_numbness,is_numbness,Low,Low,High
numbness_2_1266,"Dispatcher: 片腕だけ変な感じはありますか？
Caller: いえ、手足のしびれや動かしにくさはないようです。",False,True,False,0,2,0,is_numbness,is_numbness,Low,Low,High
numbness_2_1267,"Dispatcher: 手足のしびれや麻痺はありますか？
Caller: 夫に確認しましたが、しびれも力の入りにくさもないとのことです。",False,True,False,0,2,0,is_numbness,is_numbness,High,Low,High
numbness_2_1268,"Dispatcher: しびれや麻痺はありますか？
Caller: いいえ、そういう症状はありません。",False,True,False,0,2,0,is_numbness,is_numbness,Low,Low,Low
numbness_2_1269,"Dispatcher: 手足のしびれや麻痺はありますか？
Caller: いいえ、両手両足とも普通に動いていて、しびれはありません。",False,True,False,0,2,0,is_numbness,is_numbness,High,High,Low
numbness_2_1270,"Dispatcher: しびれや麻痺はありますか？
Caller: いいえ、友人は手足にしびれはなく、ちゃんと動かせています。",False,True,False,0,2,0,is_numbness,is_numbness,Low,High,Low
numbness_3_1271,"Dispatcher: 手足のしびれや麻痺はありますか？
Caller: 今まだ本人が別室にいて、しびれがあるかは確認できていません。",False,True,False,0,3,0,is_numbness,is_numbness,High,Low,High
numbness_3_1272,"Dispatcher: しびれや麻痺はありますか？
Caller: 分かりません、そこはまだ見ていません。",False,True,False,0,3,0,is_numbness,is_numbness,Low,Low,Low
numbness_3_1273,"Dispatcher: 体の片側が動かしにくい様子はありますか？
Caller: 電話で頭が痛いと聞いただけで、手足のしびれや麻痺までは確認できていません。",False,True,False,0,3,0,is_numbness,is_numbness,Low,High,High
numbness_3_1274,"Dispatcher: 手足のしびれや麻痺はありますか？
Caller: 今は本人のそばにいないので、しびれや麻痺の有無は分かりません。",False,True,False,0,3,0,is_numbness,is_numbness,High,High,Low
numbness_3_1275,"Dispatcher: 手足のしびれや麻痺はありますか？
Caller: まだそこまでは確認できていません。",False,True,False,0,3,0,is_numbness,is_numbness,High,Low,Low
numbness_0_1276,"Dispatcher: 何かいつもと違う様子はありますか？
Caller: はい、兄の受け答えがちぐはぐで、落ち着きなく同じことを繰り返しています。",False,True,False,0,0,0,is_numbness,is_behavior,Low,Low,High
numbness_0_1277,"Dispatcher: 頭の痛みは、突然起こった激しい痛みですか？
Caller: はい、同僚がさっき急に頭を押さえて、今までで一番ひどい痛みだと言っています。",False,True,False,0,0,0,is_numbness,is_sudden_severe,High,High,High
numbness_0_1278,"Dispatcher: 何か変わった行動はありますか？
Caller: それが、本人とまだ会話できていなくて、普段と違う様子かは分かりません。",False,True,False,0,0,0,is_numbness,is_behavior,Low,Low,High
numbness_0_1279,"Dispatcher: 頭の痛みは、急に出た強い痛みですか？
Caller: はい、妻が数分前に突然ひどい頭痛を訴えて、その場にしゃがみ込みました。",False,True,False,0,0,0,is_numbness,is_sudden_severe,High,High,High
numbness_0_1280,"Dispatcher: いつもと違う振る舞いはありますか？
Caller: いいえ、受け答えは普段どおりで、行動も特におかしくありません。",False,True,False,0,0,0,is_numbness,is_behavior,Low,High,Low
numbness_1_1281,"Dispatcher: しびれや麻痺はありますか？
Caller: はい、母が右手のしびれを訴えています。",False,True,False,0,1,0,is_numbness,is_numbness,Low,Low,Low
numbness_1_1282,"Dispatcher: 手足のしびれや麻痺はありますか？
Caller: はい、友人が左半身がしびれる感じがすると言っています。",False,True,False,0,1,0,is_numbness,is_numbness,High,Low,High
numbness_1_1283,"Dispatcher: 手足のしびれや麻痺はありますか？
Caller: はい、父の右腕と右脚にしびれがあり、力も入りにくくなっています。",False,True,False,0,1,0,is_numbness,is_numbness,High,High,Low
numbness_1_1284,"Dispatcher: しびれや麻痺はありますか？
Caller: はい、同僚の左足がしびれて、うまく踏ん張れない状態です。",False,True,False,0,1,0,is_numbness,is_numbness,Low,High,Low
numbness_1_1285,"Dispatcher: 手足のしびれや麻痺はありますか？
Caller: はい、夫の左手がしびれていて、コップを持ちにくそうです。",False,True,False,0,1,0,is_numbness,is_numbness,High,High,Low
numbness_2_1286,"Dispatcher: 片側の手足に違和感はありますか？
Caller: いいえ、姉はしびれも麻痺もなく、手足は普通に動いています。",False,True,False,0,2,0,is_numbness,is_numbness,Low,High,High
numbness_2_1287,"Dispatcher: 手足のしびれや麻痺はありますか？
Caller: いいえ、しびれや動かしにくさはないそうです。",False,True,False,0,2,0,is_numbness,is_numbness,High,Low,Low
numbness_2_1288,"Dispatcher: 手足のしびれや麻痺はありますか？
Caller: いいえ、夫は両腕両脚とも問題なく動かせていて、しびれも訴えていません。",False,True,False,0,2,0,is_numbness,is_numbness,High,High,High
numbness_2_1289,"Dispatcher: しびれや麻痺はありますか？
Caller: いいえ、母は手も足も普通に使えていて、感覚の異常もないです。",False,True,False,0,2,0,is_numbness,is_numbness,Low,High,High
numbness_2_1290,"Dispatcher: しびれや麻痺はありますか？
Caller: いいえ、ありません。",False,True,False,0,2,0,is_numbness,is_numbness,Low,Low,Low
numbness_3_1291,"Dispatcher: 普通に手足を動かせている感じですか？
Caller: 職場から連絡を受けただけで本人を見ていないので、しびれや麻痺があるかは確認できません。",False,True,False,0,3,0,is_numbness,is_numbness,Low,High,High
numbness_3_1292,"Dispatcher: 手足のしびれや麻痺はありますか？
Caller: しびれや麻痺があるかは分かりません。",False,True,False,0,3,0,is_numbness,is_numbness,High,Low,Low
numbness_3_1293,"Dispatcher: 体の片側が動かしにくい様子はありますか？
Caller: 今は別の部屋にいて見えていないので、しびれや麻痺の有無は分かりません。",False,True,False,0,3,0,is_numbness,is_numbness,Low,High,Low
numbness_3_1294,"Dispatcher: 片方の手だけ力が入らないとか、足がしびれるような様子はありますか？
Caller: 母から頭が痛いと電話が来ただけで、今すぐそばで見られないので手足のしびれや麻痺は確認できません。",False,True,False,0,3,0,is_numbness,is_numbness,High,High,High
numbness_3_1295,"Dispatcher: 手足のしびれや麻痺はありますか？
Caller: そこまではまだ確認できていません。",False,True,False,0,3,0,is_numbness,is_numbness,High,Low,Low
numbness_0_1296,"Dispatcher: 頭の痛みは、突然起こった激しい痛みですか？
Caller: いいえ、朝から少しずつ痛くなってきたようで、急にひどくなったわけではありません。",False,True,False,0,0,0,is_numbness,is_sudden_severe,High,High,Low
numbness_0_1297,"Dispatcher: ぼんやりしているなど、普段と違う振る舞いはありますか？
Caller: 友人から頭痛の連絡だけ来ていて、今は会えていないので普段と違う様子かどうかは分かりません。",False,True,False,0,0,0,is_numbness,is_behavior,High,High,High
numbness_0_1298,"Dispatcher: 頭の痛みは、急に出た強い痛みですか？
Caller: はい、電話中に急に痛いと言い出して、今までで一番ひどい頭痛みたいです。",False,True,False,0,0,0,is_numbness,is_sudden_severe,High,Low,High
numbness_0_1299,"Dispatcher: いつもの頭痛という感じですか？
Caller: いいえ、さっき急に始まって、本人が耐えられないくらい痛いと言っています。",False,True,False,0,0,0,is_numbness,is_sudden_severe,Low,High,Low
numbness_0_1300,"Dispatcher: いつもの軽い頭痛ということでよいですか？
Caller: いいえ、昨日から続いている頭痛で、急にガツンと来た感じではないです。",False,True,False,0,0,0,is_numbness,is_sudden_severe,Low,High,High
numbness_1_1301,"Dispatcher: 手足のしびれや麻痺はありますか？
Caller: はい、右手にしびれがあって力も入りにくいようです。",False,True,False,0,1,0,is_numbness,is_numbness,High,Low,Low
numbness_1_1302,"Dispatcher: 体の動きで気になることはありますか？
Caller: コップを左手でしか持てず、右腕がしびれてうまく使えていません。",False,True,False,0,1,0,is_numbness,is_numbness,Low,High,High
numbness_1_1303,"Dispatcher: 普通に両手足を動かせていますか？
Caller: いや、片足がしびれると言っていて歩きにくそうです。",False,True,False,0,1,0,is_numbness,is_numbness,Low,Low,High
numbness_1_1304,"Dispatcher: しびれや麻痺はありますか？
Caller: はい、左側の手足がしびれて動かしにくいです。",False,True,False,0,1,0,is_numbness,is_numbness,Low,High,Low
numbness_1_1305,"Dispatcher: しびれや麻痺はありますか？
Caller: はい、手がしびれています。",False,True,False,0,1,0,is_numbness,is_numbness,Low,Low,Low
numbness_2_1306,"Dispatcher: 手足のしびれや麻痺はありますか？
Caller: いいえ、しびれも麻痺もなく、手足は普段どおり動かせています。",False,True,False,0,2,0,is_numbness,is_numbness,High,High,Low
numbness_2_1307,"Dispatcher: 普通に手足は動いていますか？
Caller: はい、しびれたり動かしにくかったりはしていません。",False,True,False,0,2,0,is_numbness,is_numbness,Low,Low,Low
numbness_2_1308,"Dispatcher: 片側の手足がしびれる、力が入らないなどはありますか？
Caller: いいえ、隣で見ていますが両手足とも普通に動いていて、しびれも訴えていません。",False,True,False,0,2,0,is_numbness,is_numbness,High,High,High
numbness_2_1309,"Dispatcher: 体のどこか動かしにくいところはありますか？
Caller: いえ、そういうのはないです。",False,True,False,0,2,0,is_numbness,is_numbness,Low,Low,Low
numbness_2_1310,"Dispatcher: 右手だけ使いにくいとか、足がしびれる感じはありますか？
Caller: ありません。頭痛はありますが、手足のしびれや麻痺はないです。",False,True,False,0,2,0,is_numbness,is_numbness,Low,Low,High
numbness_3_1311,"Dispatcher: ちゃんと握れない手があるとか、足がしびれている様子はありますか？
Caller: メッセージで頭痛と来ただけで、手足の状態までは聞けておらず、しびれや麻痺があるかは分かりません。",False,True,False,0,3,0,is_numbness,is_numbness,Low,High,High
numbness_3_1312,"Dispatcher: しびれや麻痺はありますか？
Caller: しびれや麻痺があるかは分かりません。",False,True,False,0,3,0,is_numbness,is_numbness,Low,High,Low
numbness_3_1313,"Dispatcher: 手足のしびれや麻痺はありますか？
Caller: 今は本人がトイレにこもっていて様子を見られないので、そのあたりはまだ確認できていません。",False,True,False,0,3,0,is_numbness,is_numbness,High,Low,High
numbness_3_1314,"Dispatcher: まっすぐ歩けていますか？
Caller: そこは見ていないので、しびれや麻痺があるかは分かりません。",False,True,False,0,3,0,is_numbness,is_numbness,Low,High,Low
numbness_3_1315,"Dispatcher: しびれや麻痺はありますか？
Caller: まだ分かりません。",False,True,False,0,3,0,is_numbness,is_numbness,Low,Low,Low
numbness_0_1316,"Dispatcher: 頭の痛みは、突然起こった激しい痛みですか？
Caller: はい、さっき食事中まで普通だったのに、急に頭を押さえて今までにない激痛だと言っています。",False,True,False,0,0,0,is_numbness,is_sudden_severe,High,High,High
numbness_0_1317,"Dispatcher: 頭の痛みは、急に出た強い痛みですか？
Caller: いいえ、昨夜からじわじわ痛んでいて、突然始まった激しい頭痛ではありません。",False,True,False,0,0,0,is_numbness,is_sudden_severe,High,High,High
numbness_0_1318,"Dispatcher: 受け答えがおかしいなど、普段と違う振る舞いはありますか？
Caller: 弟から頭痛の連絡だけで、まだ合流できていないのでいつもと違う様子があるかは確認できません。",False,True,False,0,0,0,is_numbness,is_behavior,High,High,High
numbness_0_1319,"Dispatcher: 何か変わった様子はありますか？
Caller: はい、同僚なんですが、質問しても話がかみ合わず落ち着きなく歩き回っています。",False,True,False,0,0,0,is_numbness,is_behavior,Low,Low,High
numbness_0_1320,"Dispatcher: ぼんやりしている、返事がおかしいなど、普段と違う様子はありますか？
Caller: はい、夫が私の問いかけに的外れな返事をしていて、いつもより明らかに様子がおかしいです。",False,True,False,0,0,0,is_numbness,is_behavior,High,High,High
numbness_1_1321,"Dispatcher: 体のどこか動かしにくいところはありますか？
Caller: はい、夫は右腕に力が入らず、右足もしびれると言っています。",False,True,False,0,1,0,is_numbness,is_numbness,Low,High,Low
numbness_1_1322,"Dispatcher: ちゃんと両手足は使えていますか？
Caller: いいえ、同僚はコップを持とうとしても左手がうまく使えず、足先もしびれるようです。",False,True,False,0,1,0,is_numbness,is_numbness,Low,Low,High
numbness_1_1323,"Dispatcher: ふつうに歩いたり手を動かしたりできていますか？
Caller: さっきから母は左半身がジンジンして、左手に力が入らないと言っています。",False,True,False,0,1,0,is_numbness,is_numbness,Low,High,High
numbness_1_1324,"Dispatcher: 手足の動きにおかしいところはありますか？
Caller: 友人が右足を引きずっていて、右手もしびれてうまく動かせないです。",False,True,False,0,1,0,is_numbness,is_numbness,Low,High,High
numbness_1_1325,"Dispatcher: 手足のしびれや麻痺はありますか？
Caller: はい、弟は左腕と左足がしびれて、握ろうとしても力が入りにくいです。",False,True,False,0,1,0,is_numbness,is_numbness,High,High,High
numbness_2_1326,"Dispatcher: 普通に手足は使えていますか？
Caller: はい、母はしびれも麻痺もなく、両手足とも普通に動かせています。",False,True,False,0,2,0,is_numbness,is_numbness,Low,High,High
numbness_2_1327,"Dispatcher: 手足のしびれや麻痺はありますか？
Caller: いいえ、父にしびれや麻痺はありません。",False,True,False,0,2,0,is_numbness,is_numbness,High,High,Low
numbness_2_1328,"Dispatcher: 手足のしびれや麻痺はありますか？
Caller: いいえ、そういう症状はないです。",False,True,False,0,2,0,is_numbness,is_numbness,High,Low,Low
numbness_2_1329,"Dispatcher: 片方の手足が動かしにくい感じはありますか？
Caller: いえ、妻は左右とも普通に動いていて、しびれも訴えていません。",False,True,False,0,2,0,is_numbness,is_numbness,Low,High,High
numbness_2_1330,"Dispatcher: 手足のしびれや麻痺はありますか？
Caller: いいえ、ないと思います。",False,True,False,0,2,0,is_numbness,is_numbness,High,Low,Low
numbness_3_1331,"Dispatcher: 手足のしびれや麻痺はありますか？
Caller: しびれや麻痺があるかは分かりません。",False,True,False,0,3,0,is_numbness,is_numbness,High,Low,Low
numbness_3_1332,"Dispatcher: 普通に歩けていますか？
Caller: そこは分かりません。しびれがあるかどうかもまだ確認できていません。",False,True,False,0,3,0,is_numbness,is_numbness,Low,Low,Low
numbness_3_1333,"Dispatcher: 体の動きで気になることはありますか？
Caller: 頭が痛いと連絡があっただけで、手足のしびれまでは分かりません。",False,True,False,0,3,0,is_numbness,is_numbness,Low,Low,Low
numbness_3_1334,"Dispatcher: 片側の手足にしびれや動かしにくさがあるか見られますか？
Caller: 今は別室にいて姿が見えないので、しびれや麻痺の有無は確認できません。",False,True,False,0,3,0,is_numbness,is_numbness,High,High,Low
numbness_3_1335,"Dispatcher: 手足はちゃんと動いていますか？
Caller: まだ本人を見ていないので、しびれや動かしにくさがあるかは分かりません。",False,True,False,0,3,0,is_numbness,is_numbness,Low,Low,Low
numbness_0_1336,"Dispatcher: いつもの頭痛みたいな感じですか？
Caller: はい、娘は朝から少しずつ痛くなったと言っていて、急に激しく始まったわけではなさそうです。",False,True,False,0,0,0,is_numbness,is_sudden_severe,Low,Low,High
numbness_0_1337,"Dispatcher: 頭の痛みは、突然起こった激しい痛みですか？
Caller: いいえ、夫は昨夜からじわじわ痛くなっていて、突然の激しい頭痛ではありません。",False,True,False,0,0,0,is_numbness,is_sudden_severe,High,High,Low
numbness_0_1338,"Dispatcher: 頭の痛みは、突然起こった激しい痛みですか？
Caller: 本人から頭が痛いとだけ連絡があって、急に始まったのか、強い痛みなのかは分かりません。",False,True,False,0,0,0,is_numbness,is_sudden_severe,High,High,Low
numbness_0_1339,"Dispatcher: さっき急にひどく痛くなった感じですか？
Caller: いいえ、同僚は昼前から重い感じが続いていると言っていて、急に激しくなったわけではありません。",False,True,False,0,0,0,is_numbness,is_sudden_severe,Low,High,High
numbness_0_1340,"Dispatcher: 何かいつもと違う行動や受け答えはありますか？
Caller: いいえ、姉は頭痛はありますが、話し方も様子も普段どおりです。",False,True,False,0,0,0,is_numbness,is_behavior,Low,High,High
numbness_1_1341,"Dispatcher: 手足のしびれや麻痺はありますか？
Caller: はい、父は右手がしびれていて、うまく持ち上げられません。",False,True,False,0,1,0,is_numbness,is_numbness,High,High,Low
numbness_1_1342,"Dispatcher: どこか感覚が変だったり、力が入りにくいところはありますか？
Caller: はい、妻は左足がしびれていて、左手にも力が入りにくいです。",False,True,False,0,1,0,is_numbness,is_numbness,Low,High,Low
numbness_1_1343,"Dispatcher: 片側の手足にしびれや動かしにくさはありますか？
Caller: はい、母は右半身がしびれて、特に右腕が動かしにくそうです。",False,True,False,0,1,0,is_numbness,is_numbness,High,High,Low
numbness_1_1344,"Dispatcher: 手足は普段どおり動いていますか？
Caller: いいえ、友人は左手がしびれていて、指に力が入りません。",False,True,False,0,1,0,is_numbness,is_numbness,Low,High,Low
numbness_1_1345,"Dispatcher: 手足のしびれや麻痺はありますか？
Caller: たぶんあります。弟が片方の腕が変にしびれて、物をつかみにくいと言っています。",False,True,False,0,1,0,is_numbness,is_numbness,High,Low,High
numbness_2_1346,"Dispatcher: 体の動きに変なところはありますか？
Caller: 兄は手足のしびれも麻痺もなく、普通に動けています。",False,True,False,0,2,0,is_numbness,is_numbness,Low,High,High
numbness_2_1347,"Dispatcher: 手足はちゃんと動いていますか？
Caller: はい、しびれや麻痺はないです。",False,True,False,0,2,0,is_numbness,is_numbness,Low,Low,Low
numbness_2_1348,"Dispatcher: 片側だけ動かしにくいとか、しびれる感じはありますか？
Caller: いえ、父は両腕両足とも問題なく動いていて、しびれもないです。",False,True,False,0,2,0,is_numbness,is_numbness,Low,High,High
numbness_2_1349,"Dispatcher: 手足のしびれや麻痺はありますか？
Caller: 今見る限り、妹はしびれも動かしにくさもなさそうです。",False,True,False,0,2,0,is_numbness,is_numbness,High,Low,High
numbness_2_1350,"Dispatcher: しびれや麻痺はありますか？
Caller: いいえ、ありません。",False,True,False,0,2,0,is_numbness,is_numbness,Low,High,Low
numbness_3_1351,"Dispatcher: 手足のしびれや麻痺はありますか？
Caller: 母は頭が痛いと言っているだけで、しびれがあるかどうかまではまだ確認できていません。",False,True,False,0,3,0,is_numbness,is_numbness,High,Low,High
numbness_3_1352,"Dispatcher: 手足のしびれや麻痺はありますか？
Caller: 今は本人のそばにいないので、しびれや麻痺があるかは確認できません。",False,True,False,0,3,0,is_numbness,is_numbness,High,High,Low
numbness_3_1353,"Dispatcher: 普通に手足は動かせていますか？
Caller: 同僚からの連絡だけで現場を見ていないので、しびれや麻痺の有無は分かりません。",False,True,False,0,3,0,is_numbness,is_numbness,Low,High,High
numbness_3_1354,"Dispatcher: 体の動きで気になることはありますか？
Caller: 頭痛があるとしか聞いておらず、しびれがあるかは分かりません。",False,True,False,0,3,0,is_numbness,is_numbness,Low,Low,Low
numbness_3_1355,"Dispatcher: 手足のしびれや麻痺はありますか？
Caller: 別室にいて様子が見えないので、しびれや麻痺があるかは分かりません。",False,True,False,0,3,0,is_numbness,is_numbness,High,High,Low
numbness_0_1356,"Dispatcher: 普段と違う振る舞いや様子はありますか？
Caller: いいえ、受け答えも普段どおりで、特に変わった様子はありません。",False,True,False,0,0,0,is_numbness,is_behavior,High,Low,High
numbness_0_1357,"Dispatcher: 頭の痛みは、突然起こった激しい痛みですか？
Caller: はい、さっき急に我慢できないほど痛いと言い出しました。",False,True,False,0,0,0,is_numbness,is_sudden_severe,High,Low,Low
numbness_0_1358,"Dispatcher: いつもより元気で普通に過ごしていますか？
Caller: そこは分かりません。普段と違う様子があるかはまだ確認できていません。",False,True,False,0,0,0,is_numbness,is_behavior,Low,High,Low
numbness_0_1359,"Dispatcher: 頭の痛みは、突然起こった激しい痛みですか？
Caller: いいえ、朝から少しずつ痛くなってきたようで、急に強い痛みが出たわけではありません。",False,True,False,0,0,0,is_numbness,is_sudden_severe,High,High,High
numbness_0_1360,"Dispatcher: いつもの頭痛ということでよいですか？
Caller: 友人から頭痛がすると連絡があっただけで、急にひどくなったのかどうかまでは分かりません。",False,True,False,0,0,0,is_numbness,is_sudden_severe,Low,Low,High
numbness_1_1361,"Dispatcher: しびれや麻痺はありますか？
Caller: はい、右手がしびれて力が入りにくいようです。",False,True,False,0,1,0,is_numbness,is_numbness,Low,Low,Low
numbness_1_1362,"Dispatcher: しびれや麻痺はありますか？
Caller: はい、左足がしびれていて動かしにくいです。",False,True,False,0,1,0,is_numbness,is_numbness,Low,High,Low
numbness_1_1363,"Dispatcher: しびれや麻痺はありますか？
Caller: はい、片方の腕にしびれがあって、うまく持ち上がりません。",False,True,False,0,1,0,is_numbness,is_numbness,Low,High,Low
numbness_1_1364,"Dispatcher: 手足のしびれや麻痺はありますか？
Caller: はい、右側の手足がしびれて力が入りにくいです。",False,True,False,0,1,0,is_numbness,is_numbness,High,Low,Low
numbness_1_1365,"Dispatcher: 手足のしびれや麻痺はありますか？
Caller: はい、夫が頭痛と一緒に左手の感覚がおかしいと言っていて、コップも落としました。",False,True,False,0,1,0,is_numbness,is_numbness,High,Low,High
numbness_2_1366,"Dispatcher: 手足のしびれや麻痺はありますか？
Caller: いいえ、手足は普通に動いていて、しびれもありません。",False,True,False,0,2,0,is_numbness,is_numbness,High,High,Low
numbness_2_1367,"Dispatcher: 手足のしびれや麻痺はありますか？
Caller: いいえ、父は両手両足とも問題なく動かせていますし、しびれる感じもないと言っています。",False,True,False,0,2,0,is_numbness,is_numbness,High,High,High
numbness_2_1368,"Dispatcher: 手足のしびれや麻痺はありますか？
Caller: いいえ、同僚に確認しましたが、腕や足のしびれはなく、力も普通に入るそうです。",False,True,False,0,2,0,is_numbness,is_numbness,High,High,High
numbness_2_1369,"Dispatcher: 普通に手足は動かせていますか？
Caller: はい、しびれはなく、手足も普段どおり動いています。",False,True,False,0,2,0,is_numbness,is_numbness,Low,High,Low
numbness_2_1370,"Dispatcher: 手足のしびれや麻痺はありますか？
Caller: いいえ、しびれも麻痺もなく、ちゃんと歩けています。",False,True,False,0,2,0,is_numbness,is_numbness,High,Low,Low
numbness_3_1371,"Dispatcher: 普通に手足は動かせていますか？
Caller: そこはまだ見ていないので、しびれや麻痺があるかは分かりません。",False,True,False,0,3,0,is_numbness,is_numbness,Low,High,Low
numbness_3_1372,"Dispatcher: 手足のしびれや麻痺はありますか？
Caller: 娘からメッセージで頭痛だけ知らされていて、今は離れているため、しびれや麻痺の有無は確認できません。",False,True,False,0,3,0,is_numbness,is_numbness,High,High,High
numbness_3_1373,"Dispatcher: 体の動きに変わったところはありますか？
Caller: 会社から連絡を受けただけで、手足の感じまでは聞けていません。",False,True,False,0,3,0,is_numbness,is_numbness,Low,Low,High
numbness_3_1374,"Dispatcher: 手足のしびれや麻痺はありますか？
Caller: 本人は頭痛で横になっていて、私は電話越しなので、しびれがあるかまでは分かりません。",False,True,False,0,3,0,is_numbness,is_numbness,High,Low,High
numbness_3_1375,"Dispatcher: 片方の手足が動かしにくい様子はありますか？
Caller: 今連絡をくれたのが隣人で、私はまだ着いていないので、しびれや麻痺があるかは確認できません。",False,True,False,0,3,0,is_numbness,is_numbness,Low,High,High
numbness_0_1376,"Dispatcher: いつもの軽い頭痛ということでよいですか？
Caller: はい、急にひどくなった感じではなく、昼ごろからだんだん痛くなったそうです。",False,True,False,0,0,0,is_numbness,is_sudden_severe,Low,High,Low
numbness_0_1377,"Dispatcher: 普段と違う振る舞いや様子はありますか？
Caller: 今は電話で聞いただけなので、いつもと違う様子があるかは確認できません。",False,True,False,0,0,0,is_numbness,is_behavior,High,High,Low
numbness_0_1378,"Dispatcher: 何か変わったことはありますか？
Caller: 弟から頭が痛いとしか聞いていなくて、普段と違う振る舞いがあるかまでは分かりません。",False,True,False,0,0,0,is_numbness,is_behavior,Low,High,High
numbness_0_1379,"Dispatcher: いつもの軽い頭痛ということでよいですか？
Caller: はい、急に起きた激しい痛みではなくて、前からある頭痛が少し強くなった程度です。",False,True,False,0,0,0,is_numbness,is_sudden_severe,Low,High,Low
numbness_0_1380,"Dispatcher: いつもの頭痛ということでよいですか？
Caller: そこはまだ何とも言えません。急に強く出たのか、前からなのか確認できていません。",False,True,False,0,0,0,is_numbness,is_sudden_severe,Low,High,High
numbness_1_1381,"Dispatcher: 片方の手足が動かしにくいとか、感覚がおかしい様子はありますか？
Caller: はい、父が左腕と左足がしびれると言っていて、コップも持ちにくそうです。",False,True,False,0,1,0,is_numbness,is_numbness,Low,High,High
numbness_1_1382,"Dispatcher: 手足のしびれや麻痺はありますか？
Caller: はい、右手にしびれがあるようです。",False,True,False,0,1,0,is_numbness,is_numbness,High,Low,Low
numbness_1_1383,"Dispatcher: 普通に手足は使えていますか？
Caller: いいえ、妻は片方の足に力が入りにくいみたいです。",False,True,False,0,1,0,is_numbness,is_numbness,Low,Low,High
numbness_1_1384,"Dispatcher: 手足のしびれや麻痺はありますか？
Caller: はい、左手がしびれると言っています。",False,True,False,0,1,0,is_numbness,is_numbness,High,Low,Low
numbness_1_1385,"Dispatcher: 歩き方は普段どおりですか？
Caller: いや、同僚が右足を引きずっていて、しびれるとも言っています。",False,True,False,0,1,0,is_numbness,is_numbness,Low,Low,High
numbness_2_1386,"Dispatcher: 体のどこかにしびれはありますか？
Caller: いいえ、手足のしびれも麻痺もなく、普通に動かせています。",False,True,False,0,2,0,is_numbness,is_numbness,Low,High,Low
numbness_2_1387,"Dispatcher: 手足は普段どおり動いていますか？
Caller: はい、しびれや動かしにくさはないです。",False,True,False,0,2,0,is_numbness,is_numbness,Low,High,Low
numbness_2_1388,"Dispatcher: 手足のしびれや麻痺はありますか？
Caller: いいえ、しびれも麻痺もなく、左右とも普通に動いています。",False,True,False,0,2,0,is_numbness,is_numbness,High,High,Low
numbness_2_1389,"Dispatcher: 片側だけ変な感じはありますか？
Caller: いいえ、母は手足のしびれはないと言っています。",False,True,False,0,2,0,is_numbness,is_numbness,Low,High,High
numbness_2_1390,"Dispatcher: 体はちゃんと動かせていますか？
Caller: はい、しびれも麻痺もなく動けています。",False,True,False,0,2,0,is_numbness,is_numbness,Low,High,Low
numbness_3_1391,"Dispatcher: 手足のしびれや麻痺はありますか？
Caller: 今は本人のそばにいないので、しびれや麻痺があるかは確認できません。",False,True,False,0,3,0,is_numbness,is_numbness,High,High,Low
numbness_3_1392,"Dispatcher: 普通に歩けていますか？
Caller: そこは分かりません。しびれや動かしにくさがあるかはまだ確認できていません。",False,True,False,0,3,0,is_numbness,is_numbness,Low,Low,Low
numbness_3_1393,"Dispatcher: 片側の手足がしびれるとか、力が入らない様子は見えますか？
Caller: ビデオ通話ではなくメッセージだけなので、手足のしびれや麻痺までは分かりません。",False,True,False,0,3,0,is_numbness,is_numbness,High,High,High
numbness_3_1394,"Dispatcher: 手足のしびれや麻痺はありますか？
Caller: 別室にいて姿が見えないので、しびれや麻痺があるかは分かりません。",False,True,False,0,3,0,is_numbness,is_numbness,High,High,Low
numbness_3_1395,"Dispatcher: 右手だけ動かしにくいなど、体の片側に変わった様子はありますか？
Caller: 友人から頭が痛いと連絡があっただけで、しびれや力の入り具合までは聞けていません。",False,True,False,0,3,0,is_numbness,is_numbness,High,Low,High
numbness_0_1396,"Dispatcher: 頭の痛みは、急に起こった強い痛みですか？
Caller: はい、弟がさっき急に頭を押さえて、今までで一番ひどい痛みだと言っています。",False,True,False,0,0,0,is_numbness,is_sudden_severe,High,Low,High
numbness_0_1397,"Dispatcher: いつもと違う振る舞いはありますか？
Caller: いいえ、受け答えも普段どおりで、変わった様子はありません。",False,True,False,0,0,0,is_numbness,is_behavior,Low,High,High
numbness_0_1398,"Dispatcher: 何か普段と違う様子はありますか？
Caller: はい、夫が質問にうまく答えられず、ぼんやりしています。",False,True,False,0,0,0,is_numbness,is_behavior,Low,Low,Low
numbness_0_1399,"Dispatcher: さっきまで普通だったのに、急に我慢できないほどの頭痛になりましたか？
Caller: はい、会議中に突然うずくまって、こんな激しい頭痛は初めてだと同僚が言っています。",False,True,False,0,0,0,is_numbness,is_sudden_severe,High,High,High
numbness_0_1400,"Dispatcher: いつもの頭痛ではなく、急にひどくなった感じですか？
Caller: 本人から頭が痛いとだけ電話があって、急に始まったのか痛みがどれほど強いのかは分かりません。",False,True,False,0,0,0,is_numbness,is_sudden_severe,Low,High,High
numbness_1_1401,"Dispatcher: 手足のしびれや麻痺はありますか？
Caller: はい、母は左手の感覚が鈍いと言っていて、少し動かしづらそうです。",False,True,False,0,1,0,is_numbness,is_numbness,High,Low,High
numbness_1_1402,"Dispatcher: 体のどこかにしびれはありますか？
Caller: はい、右腕がしびれて力が入りにくいです。",False,True,False,0,1,0,is_numbness,is_numbness,Low,High,Low
numbness_1_1403,"Dispatcher: 手足は普段どおり使えていますか？
Caller: いいえ、父は左足がしびれてうまく踏ん張れません。",False,True,False,0,1,0,is_numbness,is_numbness,Low,High,Low
numbness_1_1404,"Dispatcher: まっすぐ歩けていますか？
Caller: いや、姉が片方の足を動かしにくそうで、しびれるとも言っています。",False,True,False,0,1,0,is_numbness,is_numbness,Low,Low,High
numbness_1_1405,"Dispatcher: 片側の手足にしびれや動かしにくさはありますか？
Caller: はい、同僚は右手がしびれてペンを落とし、右足にも力が入りにくいです。",False,True,False,0,1,0,is_numbness,is_numbness,High,High,High
numbness_2_1406,"Dispatcher: 手足のしびれや麻痺はありますか？
Caller: いいえ、娘はしびれはないと言っていて、手足も普通に動かせています。",False,True,False,0,2,0,is_numbness,is_numbness,High,Low,High
numbness_2_1407,"Dispatcher: 体の動きに変わったところはありますか？
Caller: 今のところ、しびれたり動かしにくかったりはしていないようです。",False,True,False,0,2,0,is_numbness,is_numbness,Low,Low,High
numbness_2_1408,"Dispatcher: 片側の手足にしびれや力が入らない感じはありますか？
Caller: いいえ、夫は両手両足とも問題なく動かせていて、しびれも訴えていません。",False,True,False,0,2,0,is_numbness,is_numbness,High,High,High
numbness_2_1409,"Dispatcher: 手足のしびれや麻痺はありますか？
Caller: いいえ、しびれはないようです。",False,True,False,0,2,0,is_numbness,is_numbness,High,Low,Low
numbness_2_1410,"Dispatcher: 歩き方や手の動きはいつもどおりですか？
Caller: はい、友人は普通に歩けていますし、しびれもないと言っています。",False,True,False,0,2,0,is_numbness,is_numbness,Low,Low,High
numbness_3_1411,"Dispatcher: 体は普通に動かせていますか？
Caller: 頭が痛いとは聞いていますが、手足のしびれや動かしにくさまではまだ分かりません。",False,True,False,0,3,0,is_numbness,is_numbness,Low,Low,High
numbness_3_1412,"Dispatcher: しびれや麻痺はありますか？
Caller: しびれや麻痺があるかは分かりません。",False,True,False,0,3,0,is_numbness,is_numbness,Low,Low,Low
numbness_3_1413,"Dispatcher: 手足のしびれや麻痺はありますか？
Caller: 今は本人のそばにいないので、しびれや麻痺があるかは確認できません。",False,True,False,0,3,0,is_numbness,is_numbness,High,High,Low
numbness_3_1414,"Dispatcher: 片方の手足が動かしにくい感じはありますか？
Caller: 隣の部署から連絡を受けただけで、しびれや麻痺があるかは私には確認できません。",False,True,False,0,3,0,is_numbness,is_numbness,Low,High,High
numbness_3_1415,"Dispatcher: しびれや麻痺はありますか？
Caller: しびれや麻痺の有無は確認できていません。",False,True,False,0,3,0,is_numbness,is_numbness,Low,High,Low
numbness_0_1416,"Dispatcher: 普段と違う振る舞いや様子はありますか？
Caller: いいえ、受け答えも普段どおりで、特におかしな様子はありません。",False,True,False,0,0,0,is_numbness,is_behavior,High,High,Low
numbness_0_1417,"Dispatcher: いつもの軽い頭痛ということでよいですか？
Caller: はい、急にひどくなった感じではなく、さっきからじわじわ痛いと言っています。",False,True,False,0,0,0,is_numbness,is_sudden_severe,Low,Low,Low
numbness_0_1418,"Dispatcher: 受け答えが変だったり、いつもと違う行動をしていますか？
Caller: メッセージで頭痛と来ただけなので、普段と違う様子があるかまでは見られていません。",False,True,False,0,0,0,is_numbness,is_behavior,Low,High,High
numbness_0_1419,"Dispatcher: さっきまで普通だったのに急に強い頭痛になった感じですか？
Caller: 本人は別の部屋にいて、急に始まったのか痛みが強いのかまでは確認できません。",False,True,False,0,0,0,is_numbness,is_sudden_severe,Low,High,High
numbness_0_1420,"Dispatcher: 普段と違う振る舞いや様子はありますか？
Caller: たぶんいつもどおりで、特に変わった様子はないです。",False,True,False,0,0,0,is_numbness,is_behavior,High,Low,Low
numbness_1_1421,"Dispatcher: 手足のしびれや麻痺はありますか？
Caller: はい、左腕がしびれて力も入りにくいようです。",False,True,False,0,1,0,is_numbness,is_numbness,High,High,Low
numbness_1_1422,"Dispatcher: 片側の手足にしびれや動かしにくさはありますか？
Caller: はい、今さっきから右足がしびれてうまく踏ん張れないと言っています。",False,True,False,0,1,0,is_numbness,is_numbness,High,Low,High
numbness_1_1423,"Dispatcher: 体は普通に動かせていますか？
Caller: いいえ、片手がしびれていて持っていたコップを落としました。",False,True,False,0,1,0,is_numbness,is_numbness,Low,Low,High
numbness_1_1424,"Dispatcher: 手足のしびれや麻痺はありますか？
Caller: はい、母は右手がしびれて、うまく上がらないです。",False,True,False,0,1,0,is_numbness,is_numbness,High,High,High
numbness_1_1425,"Dispatcher: 歩き方は普段どおりですか？
Caller: いいえ、左足がしびれるみたいで、さっきからふらついています。",False,True,False,0,1,0,is_numbness,is_numbness,Low,Low,High
numbness_2_1426,"Dispatcher: しびれや麻痺はありますか？
Caller: いいえ、手足のしびれも麻痺もありません。",False,True,False,0,2,0,is_numbness,is_numbness,Low,High,Low
numbness_2_1427,"Dispatcher: 体は普通に動かせていますか？
Caller: はい、手も足も問題なく動いていて、しびれもないです。",False,True,False,0,2,0,is_numbness,is_numbness,Low,High,High
numbness_2_1428,"Dispatcher: 片方の手足が動かしにくい感じはありますか？
Caller: いいえ、両手両足とも普通に動いていて、しびれも訴えていません。",False,True,False,0,2,0,is_numbness,is_numbness,Low,High,High
numbness_2_1429,"Dispatcher: 手足のしびれや麻痺はありますか？
Caller: いいえ、しびれも麻痺もなく、左右ともちゃんと動いています。",False,True,False,0,2,0,is_numbness,is_numbness,High,High,High
numbness_2_1430,"Dispatcher: しびれや麻痺はありますか？
Caller: いいえ、そういうのはないようです。",False,True,False,0,2,0,is_numbness,is_numbness,Low,Low,Low
numbness_3_1431,"Dispatcher: 体は普通に動かせていますか？
Caller: 電話で頭痛と聞いただけで、しびれがあるかどうかはまだ確認できていません。",False,True,False,0,3,0,is_numbness,is_numbness,Low,Low,High
numbness_3_1432,"Dispatcher: 手足のしびれや麻痺はありますか？
Caller: 今はオンライン会議中に同僚から知らされたばかりで、しびれや麻痺の有無までは確認できません。",False,True,False,0,3,0,is_numbness,is_numbness,High,High,High
numbness_3_1433,"Dispatcher: 片側の手足にしびれや動かしにくさはありますか？
Caller: 私は駐車場で待っていて本人を見ていないので、そのあたりはまだ分かりません。",False,True,False,0,3,0,is_numbness,is_numbness,High,Low,High
numbness_3_1434,"Dispatcher: しびれや麻痺はありますか？
Caller: しびれや麻痺があるかは分かりません。",False,True,False,0,3,0,is_numbness,is_numbness,Low,Low,Low
numbness_3_1435,"Dispatcher: 手足のしびれや麻痺はありますか？
Caller: 本人からは頭が痛いとしか聞いておらず、しびれや力の入りにくさまでは確認していません。",False,True,False,0,3,0,is_numbness,is_numbness,High,Low,High
numbness_0_1436,"Dispatcher: 普段と違う振る舞いや様子はありますか？
Caller: いえ、頭痛はありますが、話し方や行動はいつもと変わりません。",False,True,False,0,0,0,is_numbness,is_behavior,High,Low,Low
numbness_0_1437,"Dispatcher: ぼんやりしている、返事がおかしいなど、普段と違う様子は見えますか？
Caller: 姉から電話で頼まれただけで今は離れているので、いつもと違う振る舞いがあるかは確認できません。",False,True,False,0,0,0,is_numbness,is_behavior,High,High,High
numbness_0_1438,"Dispatcher: 頭の痛みは、突然起こった激しい痛みですか？
Caller: はい、さっきまで普通に話していたのに、急に頭を抱えて今までで一番痛いと言い出しました。",False,True,False,0,0,0,is_numbness,is_sudden_severe,High,High,High
numbness_0_1439,"Dispatcher: 頭の痛みについて何か分かることはありますか？
Caller: 頭痛があることしか分からず、急に始まったのか、ものすごく強いのかまでは確認できていません。",False,True,False,0,0,0,is_numbness,is_sudden_severe,Low,High,High
numbness_0_1440,"Dispatcher: いつもの頭痛ではなく、急にひどくなった感じですか？
Caller: はい、会話の途中で突然うずくまって、耐えられないくらい痛いと言っています。",False,True,False,0,0,0,is_numbness,is_sudden_severe,Low,Low,High
numbness_1_1441,"Dispatcher: 片方の手足が動かしにくい感じはありますか？
Caller: はい、同僚が左腕と左足がしびれて力も入りにくいと言っています。",False,True,False,0,1,0,is_numbness,is_numbness,Low,High,High
numbness_1_1442,"Dispatcher: しびれや麻痺はありますか？
Caller: はい、本人は右手がしびれてうまく動かせないです。",False,True,False,0,1,0,is_numbness,is_numbness,Low,High,Low
numbness_1_1443,"Dispatcher: まっすぐ立てないとか、片側だけ力が入らない様子はありますか？
Caller: はい、父が右足に力が入らないと言っていて、右手もしびれるそうです。",False,True,False,0,1,0,is_numbness,is_numbness,Low,High,High
numbness_1_1444,"Dispatcher: 手足は普段どおり使えていますか？
Caller: いいえ、母が片手を動かしにくい感じです。",False,True,False,0,1,0,is_numbness,is_numbness,Low,Low,Low
numbness_1_1445,"Dispatcher: しびれや麻痺はありますか？
Caller: はい、弟の左手と左足がしびれて動かしづらそうです。",False,True,False,0,1,0,is_numbness,is_numbness,Low,High,Low
numbness_2_1446,"Dispatcher: 手足のしびれや麻痺はありますか？
Caller: いいえ、しびれはなくて手足は普通に動いています。",False,True,False,0,2,0,is_numbness,is_numbness,High,Low,Low
numbness_2_1447,"Dispatcher: 手足のしびれや麻痺はありますか？
Caller: いいえ、両手両足とも問題なく動いていて、しびれもないです。",False,True,False,0,2,0,is_numbness,is_numbness,High,High,Low
numbness_2_1448,"Dispatcher: 片側だけ動かしにくい感じはありますか？
Caller: そういう様子はなくて、手足はいつもどおり動いています。",False,True,False,0,2,0,is_numbness,is_numbness,Low,Low,High
numbness_2_1449,"Dispatcher: 手足のしびれや麻痺はありますか？
Caller: いいえ、妻にしびれはなく、左右ともちゃんと動かせています。",False,True,False,0,2,0,is_numbness,is_numbness,High,High,High
numbness_2_1450,"Dispatcher: 手足のしびれや麻痺はありますか？
Caller: いいえ、そこは大丈夫そうです。",False,True,False,0,2,0,is_numbness,is_numbness,High,Low,Low
numbness_3_1451,"Dispatcher: 手足は普通に動いていますか？
Caller: まだそこは見ていなくて、しびれがあるか分かりません。",False,True,False,0,3,0,is_numbness,is_numbness,Low,Low,Low
numbness_3_1452,"Dispatcher: しびれや麻痺はありますか？
Caller: 今は本人のそばにいないので、しびれや麻痺があるかは確認できません。",False,True,False,0,3,0,is_numbness,is_numbness,Low,High,Low
numbness_3_1453,"Dispatcher: 片側だけ力が入らない感じはありますか？
Caller: 友人から頭が痛いと連絡があっただけで、手足のことまでは分かりません。",False,True,False,0,3,0,is_numbness,is_numbness,Low,Low,High
numbness_3_1454,"Dispatcher: 手足のしびれや麻痺はありますか？
Caller: 別の部屋にいて見えていないので、そのあたりはまだ確認できていません。",False,True,False,0,3,0,is_numbness,is_numbness,High,Low,High
numbness_3_1455,"Dispatcher: 手足のしびれや動かしにくさはありますか？
Caller: 電話で呼ばれて来る途中なので、しびれや麻痺の有無はまだ確認できません。",False,True,False,0,3,0,is_numbness,is_numbness,High,High,High
numbness_0_1456,"Dispatcher: 受け答えがおかしいなど、いつもと違う様子はありますか？
Caller: いいえ、夫は頭痛はありますが会話も普段どおりで様子は変わりません。",False,True,False,0,0,0,is_numbness,is_behavior,Low,High,High
numbness_0_1457,"Dispatcher: 頭の痛みは、突然起こった激しい痛みですか？
Caller: はい、さっき急に今までで一番痛いと言い出しました。",False,True,False,0,0,0,is_numbness,is_sudden_severe,High,Low,Low
numbness_0_1458,"Dispatcher: 頭の痛みは、突然起こった激しい痛みですか？
Caller: いいえ、朝から少しずつ痛くなってきたようで、急にではありません。",False,True,False,0,0,0,is_numbness,is_sudden_severe,High,Low,Low
numbness_0_1459,"Dispatcher: いつもの軽い頭痛という感じですか？
Caller: そこまでは分からなくて、急に強くなったのかどうか本人にまだ聞けていません。",False,True,False,0,0,0,is_numbness,is_sudden_severe,Low,Low,High
numbness_0_1460,"Dispatcher: 急にひどい頭痛が出ましたか？
Caller: はい、娘が突然すごく痛いと言ってうずくまりました。",False,True,False,0,0,0,is_numbness,is_sudden_severe,Low,Low,Low
numbness_1_1461,"Dispatcher: 手足のしびれや麻痺はありますか？
Caller: はい、右半身がしびれると言っています。",False,True,False,0,1,0,is_numbness,is_numbness,High,Low,Low
numbness_1_1462,"Dispatcher: どこか動かしづらいところはありますか？
Caller: 息子が左手に力が入らないみたいです。",False,True,False,0,1,0,is_numbness,is_numbness,Low,Low,High
numbness_1_1463,"Dispatcher: 手足のしびれや麻痺はありますか？
Caller: はい、同居の祖母が片足がしびれて踏ん張れないと言っています。",False,True,False,0,1,0,is_numbness,is_numbness,High,Low,High
numbness_1_1464,"Dispatcher: しびれはありますか？
Caller: はい、腕がしびれるようです。",False,True,False,0,1,0,is_numbness,is_numbness,Low,Low,Low
numbness_1_1465,"Dispatcher: しびれや麻痺はありますか？
Caller: はい、夫が左腕にしびれがあって、指もうまく動かせません。",False,True,False,0,1,0,is_numbness,is_numbness,Low,High,Low
numbness_2_1466,"Dispatcher: 体の片側が動かしにくい感じはありますか？
Caller: いいえ、母は左右とも普通に動かせていて、しびれも訴えていません。",False,True,False,0,2,0,is_numbness,is_numbness,Low,High,High
numbness_2_1467,"Dispatcher: 手足に変な感じはありますか？
Caller: そういうのはなさそうで、しびれはないみたいです。",False,True,False,0,2,0,is_numbness,is_numbness,Low,Low,High
numbness_2_1468,"Dispatcher: 手足のしびれや麻痺はありますか？
Caller: いいえ、弟は手足を普通に動かせていて、しびれもないと言っています。",False,True,False,0,2,0,is_numbness,is_numbness,High,Low,High
numbness_2_1469,"Dispatcher: 片手だけ力が入らないようなことはありますか？
Caller: そういうことはなくて、手足は問題なさそうです。",False,True,False,0,2,0,is_numbness,is_numbness,Low,Low,High
numbness_2_1470,"Dispatcher: しびれや麻痺はありますか？
Caller: いいえ、友人はしびれはなく、腕も足も普段どおり動いています。",False,True,False,0,2,0,is_numbness,is_numbness,Low,High,High
numbness_3_1471,"Dispatcher: 体の動きでおかしいところはありますか？
Caller: 会社の別フロアにいて見えていないので、手足のしびれや動かしにくさは分かりません。",False,True,False,0,3,0,is_numbness,is_numbness,Low,Low,High
numbness_3_1472,"Dispatcher: 普通に手足は使えていそうですか？
Caller: 本人からは頭が痛いとしか聞いておらず、しびれがあるかまでは確認できていません。",False,True,False,0,3,0,is_numbness,is_numbness,Low,Low,High
numbness_3_1473,"Dispatcher: 体のどちらかが動かしにくい様子はありますか？
Caller: 今は電話で話しただけなので、しびれや麻痺があるかは分かりません。",False,True,False,0,3,0,is_numbness,is_numbness,Low,High,Low
numbness_3_1474,"Dispatcher: 歩き方や手の動きは普段どおりでしょうか？
Caller: まだ合流できていないので、そのあたりは確認できていません。",False,True,False,0,3,0,is_numbness,is_numbness,Low,Low,High
numbness_3_1475,"Dispatcher: 片腕が上がらないとか、足がしびれる感じはありますか？
Caller: メッセージで頭痛を訴えてきただけで、手足の感覚や力の入り方までは聞けていません。",False,True,False,0,3,0,is_numbness,is_numbness,Low,High,High
numbness_0_1476,"Dispatcher: さっき急に耐えられないほどの頭痛が始まった感じですか？
Caller: いいえ、朝からじわじわ痛くなってきたようで、急に激しく出たわけではありません。",False,True,False,0,0,0,is_numbness,is_sudden_severe,Low,High,High
numbness_0_1477,"Dispatcher: 頭の痛みは、突然起こった激しい痛みですか？
Caller: いいえ、昨日からの頭痛が続いているだけで、急にひどくなった感じではないです。",False,True,False,0,0,0,is_numbness,is_sudden_severe,High,Low,High
numbness_0_1478,"Dispatcher: いつもの頭痛ではなく、急にものすごく強い痛みが出た感じですか？
Caller: はい、さっき急に今までで一番ひどい頭痛だと言ってうずくまりました。",False,True,False,0,0,0,is_numbness,is_sudden_severe,Low,Low,Low
numbness_0_1479,"Dispatcher: ぼんやりしている、返事がおかしいなど、普段と違う様子はありますか？
Caller: いいえ、受け答えはいつもどおりで、変わった振る舞いはありません。",False,True,False,0,0,0,is_numbness,is_behavior,High,High,High
numbness_0_1480,"Dispatcher: 頭の痛みは、突然起こった激しい痛みですか？
Caller: 本人が頭痛いとしか言わず、急に始まったのか強いのかまでは分かりません。",False,True,False,0,0,0,is_numbness,is_sudden_severe,High,High,Low
numbness_1_1481,"Dispatcher: 手足のしびれや麻痺はありますか？
Caller: はい、左手にしびれがあって力も入りにくいようです。",False,True,False,0,1,0,is_numbness,is_numbness,High,Low,Low
numbness_1_1482,"Dispatcher: 片側の手足にしびれや動かしにくさはありますか？
Caller: はい、右足がしびれていて、うまく動かせないと言っています。",False,True,False,0,1,0,is_numbness,is_numbness,High,High,Low
numbness_1_1483,"Dispatcher: 手足のしびれや麻痺はありますか？
Caller: はい、同僚がコップを持とうとしても右手に力が入らない様子です。",False,True,False,0,1,0,is_numbness,is_numbness,High,Low,High
numbness_1_1484,"Dispatcher: どこか動かしにくいところはありますか？
Caller: はい、母は左腕がしびれて上がりにくいです。",False,True,False,0,1,0,is_numbness,is_numbness,Low,High,High
numbness_1_1485,"Dispatcher: しびれや麻痺はありますか？
Caller: はい、片足がしびれて踏ん張れないみたいです。",False,True,False,0,1,0,is_numbness,is_numbness,Low,Low,Low
numbness_2_1486,"Dispatcher: しびれや麻痺はありますか？
Caller: いいえ、手足のしびれや動かしにくさはありません。",False,True,False,0,2,0,is_numbness,is_numbness,Low,High,Low
numbness_2_1487,"Dispatcher: 手足のしびれや麻痺はありますか？
Caller: いいえ、両手両足とも普通に動いていて、しびれもないです。",False,True,False,0,2,0,is_numbness,is_numbness,High,High,Low
numbness_2_1488,"Dispatcher: 片側の手足にしびれたり力が入らない様子はありますか？
Caller: いいえ、友人は左右とも問題なく動かせていて、しびれも訴えていません。",False,True,False,0,2,0,is_numbness,is_numbness,High,High,High
numbness_2_1489,"Dispatcher: 体のどこか動かしにくいところはありますか？
Caller: いいえ、手足は普通に使えているようです。",False,True,False,0,2,0,is_numbness,is_numbness,High,Low,Low
numbness_2_1490,"Dispatcher: しびれや麻痺はありますか？
Caller: いいえ、そういう症状はないです。",False,True,False,0,2,0,is_numbness,is_numbness,Low,High,Low
numbness_3_1491,"Dispatcher: 手足のしびれや麻痺はありますか？
Caller: 駅で別れたあとに頭痛の連絡が来ただけなので、今しびれや麻痺があるかは確認できません。",False,True,False,0,3,0,is_numbness,is_numbness,High,High,High
numbness_3_1492,"Dispatcher: しびれや麻痺はありますか？
Caller: そこはまだ分かりません。",False,True,False,0,3,0,is_numbness,is_numbness,Low,Low,Low
numbness_3_1493,"Dispatcher: 右手だけ力が入らない、足がしびれるなどはありますか？
Caller: ビデオ通話ではなく音声だけなので、手足の様子までは分からず、しびれの有無は確認できません。",False,True,False,0,3,0,is_numbness,is_numbness,High,High,High
numbness_3_1494,"Dispatcher: 体の動きで気になることはありますか？
Caller: 隣の部屋から呼ばれて通報していて、まだ本人の手足を見ていないので分かりません。",False,True,False,0,3,0,is_numbness,is_numbness,Low,High,High
numbness_3_1495,"Dispatcher: 片側の手足にしびれや動かしにくさがありますか？
Caller: 本人は頭を押さえているだけで、しびれや麻痺があるかまではまだ確認できていません。",False,True,False,0,3,0,is_numbness,is_numbness,Low,High,High
numbness_0_1496,"Dispatcher: 何か変わった様子はありますか？
Caller: 職場から電話が来ただけなので、普段と違う振る舞いがあるかはまだ分かりません。",False,True,False,0,0,0,is_numbness,is_behavior,Low,Low,High
numbness_0_1497,"Dispatcher: 激しい痛みが突然起こりましたか？
Caller: それは分かりません、頭が痛いと連絡があっただけです。",False,True,False,0,0,0,is_numbness,is_sudden_severe,Low,Low,Low
numbness_0_1498,"Dispatcher: 頭の痛みは、急に出た強い痛みですか？
Caller: 今そばにいないので、突然だったのか、どれほど強いのかまでは確認できません。",False,True,False,0,0,0,is_numbness,is_sudden_severe,High,Low,High
numbness_0_1499,"Dispatcher: いつもと違う振る舞いはありますか？
Caller: 電話だけでは様子が見えず、普段と違う行動があるかは分かりません。",False,True,False,0,0,0,is_numbness,is_behavior,Low,High,Low
numbness_0_1500,"Dispatcher: いつもの頭痛ではなく、急にひどくなった感じですか？
Caller: はい、さっきまで普通だったのに突然激しい頭痛で倒れ込んだと同僚が言っています。",False,True,False,0,0,0,is_numbness,is_sudden_severe,Low,Low,High
numbness_1_1501,"Dispatcher: 体のどこか動かしにくいところはありますか？
Caller: はい、本人が右手に力が入らないと言っています。",False,True,False,0,1,0,is_numbness,is_numbness,Low,Low,Low
numbness_1_1502,"Dispatcher: 手足のしびれや麻痺はありますか？
Caller: はい、左足がしびれてうまく動かせないようです。",False,True,False,0,1,0,is_numbness,is_numbness,High,Low,Low
numbness_1_1503,"Dispatcher: 普通に手足は使えていますか？
Caller: いいえ、片方の腕がしびれて持ち上げにくいみたいです。",False,True,False,0,1,0,is_numbness,is_numbness,Low,Low,High
numbness_1_1504,"Dispatcher: 片側の手足にしびれや動かしにくさはありますか？
Caller: はい、父が左半身がしびれると言っていて、左手に力も入りにくいです。",False,True,False,0,1,0,is_numbness,is_numbness,High,Low,High
numbness_1_1505,"Dispatcher: 歩いたり手を動かしたりは普段どおりできますか？
Caller: いや、右足がしびれて踏ん張れないみたいです。",False,True,False,0,1,0,is_numbness,is_numbness,Low,Low,Low
numbness_2_1506,"Dispatcher: 手足のしびれや麻痺はありますか？
Caller: いいえ、しびれはないようです。",False,True,False,0,2,0,is_numbness,is_numbness,High,Low,Low
numbness_2_1507,"Dispatcher: 片側の手足にしびれや動かしにくさはありますか？
Caller: いいえ、両手両足とも普通に動いていて、しびれもないです。",False,True,False,0,2,0,is_numbness,is_numbness,High,High,Low
numbness_2_1508,"Dispatcher: 手足のしびれや麻痺はありますか？
Caller: ありません。頭痛はありますが、腕も脚も普通に動いています。",False,True,False,0,2,0,is_numbness,is_numbness,High,Low,High
numbness_2_1509,"Dispatcher: 体のどこか動かしにくいところはありますか？
Caller: いいえ、そういうのはないです。",False,True,False,0,2,0,is_numbness,is_numbness,Low,Low,Low
numbness_2_1510,"Dispatcher: ちゃんと手足は使えていますか？
Caller: はい、コップも持てていますし、しびれた感じもしないと言っています。",False,True,False,0,2,0,is_numbness,is_numbness,Low,High,High
numbness_3_1511,"Dispatcher: 手足のしびれや麻痺はありますか？
Caller: すみません、今そばにいないのでそこは分かりません。",False,True,False,0,3,0,is_numbness,is_numbness,High,Low,Low
numbness_3_1512,"Dispatcher: 片方の手足がしびれるとか、力が入らない様子はありますか？
Caller: 職場から連絡を受けただけで、手足の状態まではまだ確認できていません。",False,True,False,0,3,0,is_numbness,is_numbness,High,Low,High
numbness_3_1513,"Dispatcher: 普通に動けていますか？
Caller: それは分かりません。しびれがあるかまでは聞けていません。",False,True,False,0,3,0,is_numbness,is_numbness,Low,Low,Low
numbness_3_1514,"Dispatcher: 片側の手足にしびれや麻痺があるか見て分かりますか？
Caller: 今は別室にいて本人の姿が見えないので、しびれや麻痺の有無は確認できません。",False,True,False,0,3,0,is_numbness,is_numbness,High,High,High
numbness_3_1515,"Dispatcher: 体のどこか動かしにくいところはありますか？
Caller: 頭が痛いとは聞いていますが、手足のしびれまでは確認できていません。",False,True,False,0,3,0,is_numbness,is_numbness,Low,High,Low
numbness_0_1516,"Dispatcher: いつもの頭痛ではなく、急に強い痛みが出た感じですか？
Caller: いいえ、朝から少しずつ痛くなってきたようで、急にひどくなったわけではありません。",False,True,False,0,0,0,is_numbness,is_sudden_severe,Low,High,Low
numbness_0_1517,"Dispatcher: 何かいつもと違う振る舞いはありますか？
Caller: いいえ、受け答えも普段どおりで、変わった様子はありません。",False,True,False,0,0,0,is_numbness,is_behavior,Low,High,High
numbness_0_1518,"Dispatcher: いきなり我慢できないくらい強い頭痛が来た感じですか？
Caller: はい、会議中に急に頭を押さえて、今までで一番痛いと言い出しました。",False,True,False,0,0,0,is_numbness,is_sudden_severe,Low,High,High
numbness_0_1519,"Dispatcher: 普段と違う振る舞いや様子はありますか？
Caller: 今は本人と離れていて、電話で頭痛と聞いただけなので、いつもと違う様子かどうかは確認できません。",False,True,False,0,0,0,is_numbness,is_behavior,High,High,High
numbness_0_1520,"Dispatcher: 急にひどい頭痛が始まったんですか？
Caller: はい、さっき突然、耐えられないくらい痛いと言って倒れ込みました。",False,True,False,0,0,0,is_numbness,is_sudden_severe,Low,Low,Low
numbness_1_1521,"Dispatcher: 体のどこかしびれていますか？
Caller: はい、左手がしびれてうまく握れないそうです。",False,True,False,0,1,0,is_numbness,is_numbness,Low,Low,Low
numbness_1_1522,"Dispatcher: 普通に歩いたり持ったりできていますか？
Caller: できていません。母が右足がしびれて立ちにくいと言っています。",False,True,False,0,1,0,is_numbness,is_numbness,Low,Low,High
numbness_1_1523,"Dispatcher: 手足のしびれや麻痺はありますか？
Caller: はい、同僚が左腕の感覚がおかしいと言っていて、物を持つ力も弱くなっています。",False,True,False,0,1,0,is_numbness,is_numbness,High,Low,High
numbness_1_1524,"Dispatcher: どこか動かしにくいところはありますか？
Caller: はい、右手に力が入らず、箸も落としてしまっています。",False,True,False,0,1,0,is_numbness,is_numbness,Low,High,Low
numbness_1_1525,"Dispatcher: 片側の手足にしびれや麻痺はありますか？
Caller: はい、弟は左腕と左脚がしびれていて、左手はほとんど力が入らないです。",False,True,False,0,1,0,is_numbness,is_numbness,High,High,Low
numbness_2_1526,"Dispatcher: 手足のしびれや麻痺はありますか？
Caller: ありません。本人は頭痛だけで、腕や脚の違和感はないと言っています。",False,True,False,0,2,0,is_numbness,is_numbness,High,Low,High
numbness_2_1527,"Dispatcher: 手足のしびれや麻痺はありますか？
Caller: いいえ、しびれはないです。",False,True,False,0,2,0,is_numbness,is_numbness,High,Low,Low
numbness_2_1528,"Dispatcher: 体のどこか動かしにくいところはありますか？
Caller: いいえ、手足は普通に動いています。",False,True,False,0,2,0,is_numbness,is_numbness,Low,Low,Low
numbness_2_1529,"Dispatcher: ちゃんと歩けたり手を使えたりしていますか？
Caller: はい、しびれもなく普通に動けています。",False,True,False,0,2,0,is_numbness,is_numbness,Low,Low,High
numbness_2_1530,"Dispatcher: 片側の手足にしびれや動かしにくさはありますか？
Caller: いいえ、友人は左右とも問題なく動かせていて、しびれも訴えていません。",False,True,False,0,2,0,is_numbness,is_numbness,High,Low,High
numbness_3_1531,"Dispatcher: しびれや麻痺はありますか？
Caller: しびれや麻痺があるかは分かりません。",False,True,False,0,3,0,is_numbness,is_numbness,High,Low,Low
numbness_3_1532,"Dispatcher: 普通に歩けていますか？
Caller: そこは確認できておらず、手足のしびれや動かしにくさがあるかは分かりません。",False,True,False,0,3,0,is_numbness,is_numbness,Low,High,Low
numbness_3_1533,"Dispatcher: 片方の手足がしびれる、動かしにくいといった様子はありますか？
Caller: 本人は隣の会議室にいて私は見ていないので、しびれや麻痺があるかは確認できません。",False,True,False,0,3,0,is_numbness,is_numbness,High,High,High
numbness_3_1534,"Dispatcher: 手足のしびれや麻痺はありますか？
Caller: 娘からメッセージで頭痛とだけ来ていて、しびれや麻痺の有無まではまだ聞けていません。",False,True,False,0,3,0,is_numbness,is_numbness,High,High,High
numbness_3_1535,"Dispatcher: ちゃんと手足は動かせていますか？
Caller: 電話では頭が痛いとしか聞いていなくて、そのあたりはまだ分からないです。",False,True,False,0,3,0,is_numbness,is_numbness,Low,Low,High
numbness_0_1536,"Dispatcher: 普段と違う振る舞いや様子はありますか？
Caller: 今は本人と離れていて、いつもと違う様子があるかは確認できません。",False,True,False,0,0,0,is_numbness,is_behavior,High,High,Low
numbness_0_1537,"Dispatcher: いつもどおり受け答えできていますか？
Caller: 電話があっただけで直接見ていないので、普段と違う振る舞いがあるかは分かりません。",False,True,False,0,0,0,is_numbness,is_behavior,Low,High,Low
numbness_0_1538,"Dispatcher: いつもの頭痛みたいな感じですか？
Caller: いいえ、さっき急に今までで一番ひどい頭痛だと言ってうずくまったそうです。",False,True,False,0,0,0,is_numbness,is_sudden_severe,Low,Low,Low
numbness_0_1539,"Dispatcher: いつもの軽い頭痛ということでよいですか？
Caller: そこは分かりません。急に強くなったのかどうかは確認できていません。",False,True,False,0,0,0,is_numbness,is_sudden_severe,Low,High,Low
numbness_0_1540,"Dispatcher: いつもの頭痛ですか？
Caller: いいえ、突然ものすごく痛いと言って、その場で動けなくなりました。",False,True,False,0,0,0,is_numbness,is_sudden_severe,Low,Low,Low
numbness_1_1541,"Dispatcher: 体は普通に動かせていますか？
Caller: いや、弟が左手がしびれて力が入らないと言っています。",False,True,False,0,1,0,is_numbness,is_numbness,Low,Low,High
numbness_1_1542,"Dispatcher: しびれや麻痺はありますか？
Caller: はい、母の右足がしびれていて、うまく踏ん張れません。",False,True,False,0,1,0,is_numbness,is_numbness,Low,High,High
numbness_1_1543,"Dispatcher: まっすぐ歩けていますか？
Caller: いいえ、頭痛に加えて右脚がしびれると言ってふらついています。",False,True,False,0,1,0,is_numbness,is_numbness,Low,Low,High
numbness_1_1544,"Dispatcher: 手足のしびれや麻痺はありますか？
Caller: はい、夫の左腕がしびれていて、うまく持ち上がりません。",False,True,False,0,1,0,is_numbness,is_numbness,High,High,Low
numbness_1_1545,"Dispatcher: 片側の手足にしびれや動かしにくさはありますか？
Caller: 本人が右半身が変な感じで、特に右手に力が入らないと言っています。",False,True,False,0,1,0,is_numbness,is_numbness,High,Low,High
numbness_2_1546,"Dispatcher: 体は普通に動かせていますか？
Caller: はい、手足のしびれも麻痺もなく普通に動かせています。",False,True,False,0,2,0,is_numbness,is_numbness,Low,High,Low
numbness_2_1547,"Dispatcher: しびれはありますか？
Caller: いいえ、しびれたり動かしにくかったりはしていません。",False,True,False,0,2,0,is_numbness,is_numbness,Low,Low,Low
numbness_2_1548,"Dispatcher: 手足に違和感はありますか？
Caller: いえ、頭痛だけで手足のしびれはないそうです。",False,True,False,0,2,0,is_numbness,is_numbness,Low,Low,Low
numbness_2_1549,"Dispatcher: しびれや麻痺はありますか？
Caller: ありません。両手両足とも普通に動いています。",False,True,False,0,2,0,is_numbness,is_numbness,Low,High,High
numbness_2_1550,"Dispatcher: 片側だけ力が入りにくい感じはありますか？
Caller: そういうのはなくて、手足はいつもどおり動かせています。",False,True,False,0,2,0,is_numbness,is_numbness,Low,Low,High
numbness_3_1551,"Dispatcher: 普通に歩けていますか？
Caller: 妹から頭痛の連絡だけ受けていて、しびれや動かしにくさがあるかはまだ確認できていません。",False,True,False,0,3,0,is_numbness,is_numbness,Low,High,High
numbness_3_1552,"Dispatcher: しびれや麻痺はありますか？
Caller: 今はそばにいないので、あるかどうか分かりません。",False,True,False,0,3,0,is_numbness,is_numbness,Low,High,Low
numbness_3_1553,"Dispatcher: 手足は問題なく動いていますか？
Caller: オンライン通話で顔しか見えていないので、しびれや麻痺の有無は確認できません。",False,True,False,0,3,0,is_numbness,is_numbness,Low,High,High
numbness_3_1554,"Dispatcher: 手足のしびれや麻痺はありますか？
Caller: それはまだ確認できていません。",False,True,False,0,3,0,is_numbness,is_numbness,High,Low,Low
numbness_3_1555,"Dispatcher: 片側の手足にしびれや力の入りにくさはありますか？
Caller: 頭が痛いとしか聞いておらず、そこまでは分かりません。",False,True,False,0,3,0,is_numbness,is_numbness,High,Low,Low
numbness_0_1556,"Dispatcher: いつもの軽い頭痛ですか？
Caller: 同僚から連絡を受けただけで、急に始まったのか痛みが強いのかまでは分かりません。",False,True,False,0,0,0,is_numbness,is_sudden_severe,Low,High,High
numbness_0_1557,"Dispatcher: 頭の痛みは、突然起こった激しい痛みですか？
Caller: いいえ、朝からじわじわ痛くなってきたと言っていて、急にひどくなったわけではありません。",False,True,False,0,0,0,is_numbness,is_sudden_severe,High,Low,Low
numbness_0_1558,"Dispatcher: 頭の痛みは、突然起こった激しい痛みですか？
Caller: いいえ、昨日から続く鈍い頭痛で、急に強く出た感じではないです。",False,True,False,0,0,0,is_numbness,is_sudden_severe,High,Low,High
numbness_0_1559,"Dispatcher: 受け答えが変だったり、いつもと違う行動はありますか？
Caller: いいえ、妻は頭痛はありますが会話も普段どおりで、変わった様子はありません。",False,True,False,0,0,0,is_numbness,is_behavior,High,High,High
numbness_0_1560,"Dispatcher: いつもの頭痛みたいな感じですか？
Caller: いいえ、父がさっき突然、我慢できないくらい頭が痛いと言って倒れ込みました。",False,True,False,0,0,0,is_numbness,is_sudden_severe,Low,High,Low
numbness_1_1561,"Dispatcher: 体のどこか動かしにくいところはありますか？
Caller: はい、母は右手と右足がしびれて力も入りにくいです。",False,True,False,0,1,0,is_numbness,is_numbness,Low,High,Low
numbness_1_1562,"Dispatcher: 手足のしびれや、片側だけ動かしづらい様子はありますか？
Caller: はい、同僚が左腕の感覚がおかしいと言っていて、左足もうまく踏ん張れません。",False,True,False,0,1,0,is_numbness,is_numbness,High,High,High
numbness_1_1563,"Dispatcher: 普通に手足は使えていますか？
Caller: いいえ、父は片方の腕に力が入らない感じです。",False,True,False,0,1,0,is_numbness,is_numbness,Low,Low,Low
numbness_1_1564,"Dispatcher: まっすぐ歩けていますか？
Caller: 妻が左足がしびれると言っていて、うまく歩けていません。",False,True,False,0,1,0,is_numbness,is_numbness,Low,Low,High
numbness_1_1565,"Dispatcher: 手足は問題なさそうですか？
Caller: いや、弟は右手がしびれて持ち上げにくいです。",False,True,False,0,1,0,is_numbness,is_numbness,Low,Low,Low
numbness_2_1566,"Dispatcher: 体のどこか動かしにくいところはありますか？
Caller: いいえ、手足のしびれや麻痺はありません。",False,True,False,0,2,0,is_numbness,is_numbness,Low,High,Low
numbness_2_1567,"Dispatcher: 手足のしびれや麻痺はありますか？
Caller: 今のところ、そういう訴えはなく普通に両手両足を動かせています。",False,True,False,0,2,0,is_numbness,is_numbness,High,Low,Low
numbness_2_1568,"Dispatcher: 歩き方や手の動きにおかしさはありますか？
Caller: 夫はしびれも力の入りにくさもないと言っています。",False,True,False,0,2,0,is_numbness,is_numbness,Low,Low,High
numbness_2_1569,"Dispatcher: 手足のしびれや麻痺はありますか？
Caller: ありません。動きも普段どおりです。",False,True,False,0,2,0,is_numbness,is_numbness,High,Low,Low
numbness_2_1570,"Dispatcher: 体はちゃんと動いていますか？
Caller: はい、しびれはなく、手足は普通に動いています。",False,True,False,0,2,0,is_numbness,is_numbness,Low,Low,Low
numbness_3_1571,"Dispatcher: 体のどこか動かしにくいところはありますか？
Caller: それが、本人のそばにいないのでしびれや麻痺があるか分かりません。",False,True,False,0,3,0,is_numbness,is_numbness,Low,High,Low
numbness_3_1572,"Dispatcher: まっすぐ歩けていますか？
Caller: 友人から頭が痛いと連絡があっただけで、手足の様子までは確認できていません。",False,True,False,0,3,0,is_numbness,is_numbness,Low,Low,High
numbness_3_1573,"Dispatcher: 手足のしびれや麻痺はありますか？
Caller: 今は電話で話しただけなので、しびれや動かしにくさがあるかは分かりません。",False,True,False,0,3,0,is_numbness,is_numbness,High,Low,High
numbness_3_1574,"Dispatcher: 片方の手足だけ力が入らない様子は見られますか？
Caller: 別の部屋にいて姿が見えないので、その点は確認できません。",False,True,False,0,3,0,is_numbness,is_numbness,Low,High,High
numbness_3_1575,"Dispatcher: 手足のしびれや麻痺はありますか？
Caller: 近くにいないため、しびれや麻痺の有無は確認できません。",False,True,False,0,3,0,is_numbness,is_numbness,High,High,Low
numbness_0_1576,"Dispatcher: 普段と違う振る舞いや様子はありますか？
Caller: はい、夫が質問にちぐはぐな返事をしていて、いつもと明らかに違います。",False,True,False,0,0,0,is_numbness,is_behavior,High,High,Low
numbness_0_1577,"Dispatcher: いつもの頭痛ではなく、急に強い痛みが出た感じですか？
Caller: ええ、さっき急に頭を押さえて、今までで一番ひどい痛みだと言い出しました。",False,True,False,0,0,0,is_numbness,is_sudden_severe,Low,Low,High
numbness_0_1578,"Dispatcher: 頭の痛みは、突然起こった激しい痛みですか？
Caller: 本人から頭痛とだけ連絡が来ていて、急に始まったのか強いのかまでは分かりません。",False,True,False,0,0,0,is_numbness,is_sudden_severe,High,High,High
numbness_0_1579,"Dispatcher: ぼんやりしている、返事がおかしいなど、普段と違う様子は見えますか？
Caller: 今はメッセージで頭が痛いと来ただけで、普段と違う振る舞いがあるかは確認できません。",False,True,False,0,0,0,is_numbness,is_behavior,High,High,High
numbness_0_1580,"Dispatcher: 受け答えが変だったり、いつもと違う行動はありますか？
Caller: いいえ、娘は会話もしっかりしていて、様子は普段どおりです。",False,True,False,0,0,0,is_numbness,is_behavior,High,High,High
numbness_1_1581,"Dispatcher: 体のどこか動かしにくいところはありますか？
Caller: はい、祖父は左手がしびれて、コップを持つ力が入らないです。",False,True,False,0,1,0,is_numbness,is_numbness,Low,High,Low
numbness_1_1582,"Dispatcher: 体はいつもどおり動いていますか？
Caller: いいえ、兄が右足の感覚が鈍くて力も入りにくいと言っています。",False,True,False,0,1,0,is_numbness,is_numbness,Low,Low,Low
numbness_1_1583,"Dispatcher: いつもどおり手足は使えていますか？
Caller: いえ、同居人は左腕がしびれていて、指先にも力が入らないみたいです。",False,True,False,0,1,0,is_numbness,is_numbness,Low,High,High
numbness_1_1584,"Dispatcher: 体のどこか動かしにくいところはありますか？
Caller: はい、父の右半身がしびれていて、腕が上がりにくいです。",False,True,False,0,1,0,is_numbness,is_numbness,Low,High,Low
numbness_1_1585,"Dispatcher: 歩いたり持ったりは普通にできていますか？
Caller: 妹が片方の足がしびれて、立つとふらつくと言っています。",False,True,False,0,1,0,is_numbness,is_numbness,Low,Low,High
numbness_2_1586,"Dispatcher: 体はちゃんと動いていますか？
Caller: 息子はしびれも麻痺もなく、普通に手足を動かせています。",False,True,False,0,2,0,is_numbness,is_numbness,Low,Low,High
numbness_2_1587,"Dispatcher: 体のどこか動かしにくいところはありますか？
Caller: いいえ、手足のしびれや力の入りにくさはありません。",False,True,False,0,2,0,is_numbness,is_numbness,Low,High,Low
numbness_2_1588,"Dispatcher: 手足のしびれや麻痺はありますか？
Caller: ありません。妻は両手両足とも普通に動かせています。",False,True,False,0,2,0,is_numbness,is_numbness,High,Low,High
numbness_2_1589,"Dispatcher: 歩き方や手の動きにおかしさはありますか？
Caller: いいえ、母はしびれもなく、物も普通につかめています。",False,True,False,0,2,0,is_numbness,is_numbness,Low,High,High
numbness_2_1590,"Dispatcher: 手足は問題なさそうですか？
Caller: はい、友人はしびれも麻痺もなく、足取りも普段どおりです。",False,True,False,0,2,0,is_numbness,is_numbness,Low,High,High
numbness_3_1591,"Dispatcher: ふらついたり手足が動かしにくい様子はありますか？
Caller: 頭が痛いとは聞いていますが、しびれや動かしにくさまではまだ見ていません。",False,True,False,0,3,0,is_numbness,is_numbness,Low,Low,High
numbness_3_1592,"Dispatcher: 手足のしびれや麻痺はありますか？
Caller: 今は本人がトイレにこもっていて様子が見えないので、しびれや麻痺があるかは確認できません。",False,True,False,0,3,0,is_numbness,is_numbness,High,High,High
numbness_3_1593,"Dispatcher: 普通に手足は使えていそうですか？
Caller: 電話で呼ばれただけで、手足のしびれがあるかどうかは分からないです。",False,True,False,0,3,0,is_numbness,is_numbness,Low,Low,High
numbness_3_1594,"Dispatcher: 片方の手足が動かしにくい感じはありますか？
Caller: 本人は別の部屋にいて見えていないので、しびれや麻痺の有無は確認できません。",False,True,False,0,3,0,is_numbness,is_numbness,Low,High,High
numbness_3_1595,"Dispatcher: 手足のしびれや麻痺はありますか？
Caller: しびれや麻痺があるかは分かりません。",False,True,False,0,3,0,is_numbness,is_numbness,High,Low,Low
numbness_0_1596,"Dispatcher: 頭の痛みは、突然起こった激しい痛みですか？
Caller: 頭痛があるとは聞きましたが、急に強く出たのかまでは分かりません。",False,True,False,0,0,0,is_numbness,is_sudden_severe,High,Low,Low
numbness_0_1597,"Dispatcher: 何か変わったことはありますか？
Caller: 頭が痛いことしか分からず、普段と違う様子かは確認できていません。",False,True,False,0,0,0,is_numbness,is_behavior,Low,Low,Low
numbness_0_1598,"Dispatcher: ぼんやりしている、返事がおかしいなど、普段と違う様子は見えますか？
Caller: 職場から連絡を受けて来ている途中でまだ本人に会えていないので、いつもと違う振る舞いがあるかは確認できません。",False,True,False,0,0,0,is_numbness,is_behavior,High,High,High
numbness_0_1599,"Dispatcher: いつもと違う振る舞いはありますか？
Caller: 今そばにいないので、普段と違う様子があるかは分かりません。",False,True,False,0,0,0,is_numbness,is_behavior,Low,High,Low
numbness_0_1600,"Dispatcher: いきなりひどい頭痛になった感じですか？
Caller: いいえ、朝から少しずつ痛みが強くなったようです。",False,True,False,0,0,0,is_numbness,is_sudden_severe,Low,Low,High
numbness_1_1601,"Dispatcher: しびれや麻痺はありますか？
Caller: はい、左腕がしびれて力も入りにくいです。",False,True,False,0,1,0,is_numbness,is_numbness,Low,High,Low
numbness_1_1602,"Dispatcher: 手足に変な感じはありますか？
Caller: あります、同僚が右足がしびれて踏ん張れないと言っています。",False,True,False,0,1,0,is_numbness,is_numbness,Low,High,High
numbness_1_1603,"Dispatcher: 手足のしびれや麻痺はありますか？
Caller: はい、母は片方の手がしびれて持っていたコップを落としました。",False,True,False,0,1,0,is_numbness,is_numbness,High,Low,High
numbness_1_1604,"Dispatcher: 片側だけ動かしづらいところはありますか？
Caller: 弟が左手に力が入らないと言っています。",False,True,False,0,1,0,is_numbness,is_numbness,Low,Low,High
numbness_1_1605,"Dispatcher: 体のどこか動かしにくい様子はありますか？
Caller: 友人が右腕がしびれてうまく上がらないようです。",False,True,False,0,1,0,is_numbness,is_numbness,Low,Low,High
numbness_2_1606,"Dispatcher: 手足におかしな感じはありますか？
Caller: いいえ、しびれも麻痺もなく、手足は普通に動いています。",False,True,False,0,2,0,is_numbness,is_numbness,Low,High,High
numbness_2_1607,"Dispatcher: 手足のしびれや麻痺はありますか？
Caller: いいえ、隣で見ていますが、両手両足とも普段どおり動かせていてしびれも訴えていません。",False,True,False,0,2,0,is_numbness,is_numbness,High,High,High
numbness_2_1608,"Dispatcher: 手足のしびれや麻痺はありますか？
Caller: いいえ、そういう症状はないです。",False,True,False,0,2,0,is_numbness,is_numbness,High,Low,Low
numbness_2_1609,"Dispatcher: 片側の手足が動かしにくいことはありますか？
Caller: いいえ、手足は問題なく動いています。",False,True,False,0,2,0,is_numbness,is_numbness,High,Low,Low
numbness_2_1610,"Dispatcher: しびれたり力が入らないところはありますか？
Caller: いいえ、本人は手も足も普通に動くと言っています。",False,True,False,0,2,0,is_numbness,is_numbness,Low,High,High
numbness_3_1611,"Dispatcher: しびれや麻痺はありますか？
Caller: しびれや麻痺があるかは確認できません。",False,True,False,0,3,0,is_numbness,is_numbness,Low,High,Low
numbness_3_1612,"Dispatcher: 手足のしびれや麻痺はありますか？
Caller: さっきメッセージで頭痛だけ知らされて、手足の状態までは聞けていません。",False,True,False,0,3,0,is_numbness,is_numbness,High,Low,High
numbness_3_1613,"Dispatcher: 片側の手足が動かしにくい様子はありますか？
Caller: 祖母から頭が痛いと連絡があっただけで、しびれや麻痺についてはまだ確認していません。",False,True,False,0,3,0,is_numbness,is_numbness,High,Low,High
numbness_3_1614,"Dispatcher: 手足のしびれや麻痺はありますか？
Caller: 今はインターホン越しに返事を聞いただけで姿が見えないので、しびれや麻痺があるかは分かりません。",False,True,False,0,3,0,is_numbness,is_numbness,High,High,High
numbness_3_1615,"Dispatcher: 片方の腕や足に力が入りにくいことはありますか？
Caller: 友人から頭痛の連絡を受けただけなので、手足のしびれまでは把握できていません。",False,True,False,0,3,0,is_numbness,is_numbness,High,Low,High
numbness_0_1616,"Dispatcher: さっきまで普通だったのに、急に耐えられないほどの頭痛になりましたか？
Caller: はい、夫が急に頭を押さえて、今までにないくらいひどく痛いと言っています。",False,True,False,0,0,0,is_numbness,is_sudden_severe,Low,High,High
numbness_0_1617,"Dispatcher: 頭の痛みは、突然起こった激しい痛みですか？
Caller: いいえ、昨日から続いている頭痛で、急に始まったものではありません。",False,True,False,0,0,0,is_numbness,is_sudden_severe,High,High,Low
numbness_0_1618,"Dispatcher: 急に我慢できないほど強い頭痛が出たのですか？
Caller: いいえ、娘は昼過ぎからじわじわ痛くなったと言っていて、突然の激痛ではありません。",False,True,False,0,0,0,is_numbness,is_sudden_severe,High,High,High
numbness_0_1619,"Dispatcher: 普段と違う振る舞いや様子はありますか？
Caller: いいえ、受け答えも普段どおりで、変わった行動はありません。",False,True,False,0,0,0,is_numbness,is_behavior,High,High,High
numbness_0_1620,"Dispatcher: いきなり強い頭痛が出た感じですか？
Caller: いいえ、前からある頭痛が少しつらくなっただけみたいです。",False,True,False,0,0,0,is_numbness,is_sudden_severe,Low,Low,High
numbness_1_1621,"Dispatcher: 手足のしびれや麻痺、片側だけ動かしにくい感じはありますか？
Caller: はい、夫が右腕と右足がしびれると言っていて、右手に力も入りにくいです。",False,True,False,0,1,0,is_numbness,is_numbness,High,High,High
numbness_1_1622,"Dispatcher: 体の片方がうまく使えない感じはありますか？
Caller: はい、母は左手がしびれて、左足も動かしづらいと言っています。",False,True,False,0,1,0,is_numbness,is_numbness,Low,High,High
numbness_1_1623,"Dispatcher: しびれや麻痺はありますか？
Caller: はい、左腕がしびれて力が入りにくいです。",False,True,False,0,1,0,is_numbness,is_numbness,Low,High,Low
numbness_1_1624,"Dispatcher: 手足のしびれや麻痺はありますか？
Caller: ええ、片方の手足がうまく動かせない感じです。",False,True,False,0,1,0,is_numbness,is_numbness,High,Low,High
numbness_1_1625,"Dispatcher: 普通に両手両足を動かせていますか？
Caller: いいえ、同僚は右足がしびれていて、右手にも力が入らない様子です。",False,True,False,0,1,0,is_numbness,is_numbness,Low,High,High
numbness_2_1626,"Dispatcher: 手足のしびれや麻痺はありますか？
Caller: いいえ、しびれも麻痺もありません。",False,True,False,0,2,0,is_numbness,is_numbness,High,High,Low
numbness_2_1627,"Dispatcher: 片側の手足が動かしにくいことはありますか？
Caller: いいえ、手足は普通に動いていて、しびれもないです。",False,True,False,0,2,0,is_numbness,is_numbness,High,High,Low
numbness_2_1628,"Dispatcher: 右手だけ力が入らないとか、足がしびれるような様子はありますか？
Caller: いいえ、父は手足のしびれもなく、左右とも普通に動かせています。",False,True,False,0,2,0,is_numbness,is_numbness,High,High,High
numbness_2_1629,"Dispatcher: 手足のしびれや麻痺はありますか？
Caller: いいえ、そのような症状はありません。",False,True,False,0,2,0,is_numbness,is_numbness,High,High,Low
numbness_2_1630,"Dispatcher: 歩き方や手の動きで気になることはありますか？
Caller: 今のところ、手足は普段どおり動いていて、しびれた感じもないようです。",False,True,False,0,2,0,is_numbness,is_numbness,Low,Low,High
numbness_3_1631,"Dispatcher: 手足のしびれや麻痺はありますか？
Caller: 今は本人のそばにいないので、しびれや麻痺があるかは分かりません。",False,True,False,0,3,0,is_numbness,is_numbness,High,High,Low
numbness_3_1632,"Dispatcher: 普通に手足は使えていそうですか？
Caller: そこはまだ確認できておらず、しびれがあるかどうか分かりません。",False,True,False,0,3,0,is_numbness,is_numbness,Low,Low,High
numbness_3_1633,"Dispatcher: 片側の手足にしびれや動かしにくさがあるか見られますか？
Caller: 妹から頭が痛いと連絡が来ただけで、手足の感覚や動きまでは確認できていません。",False,True,False,0,3,0,is_numbness,is_numbness,High,High,High
numbness_3_1634,"Dispatcher: しびれや麻痺はありますか？
Caller: しびれや麻痺があるかは分かりません。",False,True,False,0,3,0,is_numbness,is_numbness,Low,High,Low
numbness_3_1635,"Dispatcher: 体の動きで変わったところはありますか？
Caller: 頭痛のことしか聞けていなくて、手足のしびれまではまだ分からないです。",False,True,False,0,3,0,is_numbness,is_numbness,Low,Low,High
numbness_0_1636,"Dispatcher: 頭の痛みは、突然起こった激しい痛みですか？
Caller: 息子から頭痛いとだけ電話があって、急に強く出たのかまでは確認できていません。",False,True,False,0,0,0,is_numbness,is_sudden_severe,High,High,High
numbness_0_1637,"Dispatcher: いつもの軽い頭痛ということでよいですか？
Caller: はい、急にひどくなった感じではなく、朝から少しずつ痛くなってきたそうです。",False,True,False,0,0,0,is_numbness,is_sudden_severe,Low,High,Low
numbness_0_1638,"Dispatcher: さっきまで普通だったのに、急に我慢できないほど頭が痛くなった感じですか？
Caller: 友人からメッセージが来ただけなので、急に始まったのか、どれくらい強いのかは分かりません。",False,True,False,0,0,0,is_numbness,is_sudden_severe,High,High,High
numbness_0_1639,"Dispatcher: いつもの頭痛ではなさそうですか？
Caller: そこはまだ聞けていなくて、急な強い痛みなのかどうかは分からないです。",False,True,False,0,0,0,is_numbness,is_sudden_severe,Low,Low,High
numbness_0_1640,"Dispatcher: 普段と違う振る舞いや様子はありますか？
Caller: はい、父が質問にうまく答えられず、急に落ち着きなく同じことを繰り返しています。",False,True,False,0,0,0,is_numbness,is_behavior,High,High,Low
numbness_1_1641,"Dispatcher: いつもどおり手足は動いていますか？
Caller: いいえ、左手がしびれて力が入りにくいみたいです。",False,True,False,0,1,0,is_numbness,is_numbness,Low,Low,Low
numbness_1_1642,"Dispatcher: 歩いたり物を持ったりは普段どおりできますか？
Caller: できていません。姉は右足がしびれてふらついていて、右手も握りにくいです。",False,True,False,0,1,0,is_numbness,is_numbness,Low,High,High
numbness_1_1643,"Dispatcher: 手足のしびれや麻痺はありますか？
Caller: はい、同僚が左半身がしびれると言っていて、左腕が上がりにくいです。",False,True,False,0,1,0,is_numbness,is_numbness,High,High,High
numbness_1_1644,"Dispatcher: 片側の手足にしびれや麻痺はありますか？
Caller: はい、右側がかなり動かしづらそうです。",False,True,False,0,1,0,is_numbness,is_numbness,High,Low,High
numbness_1_1645,"Dispatcher: 手足のしびれや麻痺はありますか？
Caller: はい、右手がしびれて、うまく動かせないです。",False,True,False,0,1,0,is_numbness,is_numbness,High,High,Low
numbness_2_1646,"Dispatcher: 普通に両手両足は使えていますか？
Caller: はい、手足はちゃんと動いていて、しびれた感じもないそうです。",False,True,False,0,2,0,is_numbness,is_numbness,Low,Low,High
numbness_2_1647,"Dispatcher: 片方の手足だけ変な感じはありますか？
Caller: いいえ、妻は左右とも普通に動かせていて、しびれも訴えていません。",False,True,False,0,2,0,is_numbness,is_numbness,Low,High,High
numbness_2_1648,"Dispatcher: 力が入りにくい手足はありますか？
Caller: いいえ、弟はしっかり歩けていますし、腕や足のしびれもないです。",False,True,False,0,2,0,is_numbness,is_numbness,Low,High,High
numbness_2_1649,"Dispatcher: 手足のしびれや麻痺はありますか？
Caller: いいえ、その点はなさそうで、普通に動けています。",False,True,False,0,2,0,is_numbness,is_numbness,High,Low,High
numbness_2_1650,"Dispatcher: 体の片側が使いにくい感じはありますか？
Caller: いいえ、友人は両手足とも問題なく動かせて、しびれもないと言っています。",False,True,False,0,2,0,is_numbness,is_numbness,Low,High,High
numbness_3_1651,"Dispatcher: 体の動きは普段どおりですか？
Caller: そこまではまだ見ておらず、手足のしびれや動かしにくさがあるかは分かりません。",False,True,False,0,3,0,is_numbness,is_numbness,Low,Low,High
numbness_3_1652,"Dispatcher: 片腕だけ動かしにくいとか、しびれている様子はありますか？
Caller: 今は別の階にいて本人が見えないので、しびれや麻痺があるか確認できません。",False,True,False,0,3,0,is_numbness,is_numbness,Low,High,High
numbness_3_1653,"Dispatcher: 普通に手足は動いていますか？
Caller: 手足のしびれや麻痺があるかは確認できていません。",False,True,False,0,3,0,is_numbness,is_numbness,Low,High,Low
numbness_3_1654,"Dispatcher: どこか動かしにくそうなところはありますか？
Caller: しびれや麻痺の有無はまだ分かりません。",False,True,False,0,3,0,is_numbness,is_numbness,Low,High,Low
numbness_3_1655,"Dispatcher: 手足のしびれや麻痺はありますか？
Caller: そこはまだ確認できていません。",False,True,False,0,3,0,is_numbness,is_numbness,High,Low,Low
numbness_0_1656,"Dispatcher: 頭の痛みは、突然起こった激しい痛みですか？
Caller: 本人から頭が痛いと連絡があっただけで、急に強く出たのかまでは分かりません。",False,True,False,0,0,0,is_numbness,is_sudden_severe,High,Low,High
numbness_0_1657,"Dispatcher: 頭の痛みは、突然起こった激しい痛みですか？
Caller: いいえ、朝から少しずつ痛くなってきたようで、急にひどくなった感じではありません。",False,True,False,0,0,0,is_numbness,is_sudden_severe,High,Low,High
numbness_0_1658,"Dispatcher: 何かいつもと違う様子はありますか？
Caller: はい、会話がかみ合わず、同じことを何度も聞き返しています。",False,True,False,0,0,0,is_numbness,is_behavior,Low,Low,High
numbness_0_1659,"Dispatcher: いつもの頭痛ではなく、急にものすごく痛くなった感じですか？
Caller: はい、さっき急に頭を押さえて、今までで一番痛いと言っています。",False,True,False,0,0,0,is_numbness,is_sudden_severe,Low,High,High
numbness_0_1660,"Dispatcher: 受け答えや行動で普段と違うところはありますか？
Caller: いいえ、頭痛はありますが受け答えは普段どおりです。",False,True,False,0,0,0,is_numbness,is_behavior,Low,Low,High
numbness_1_1661,"Dispatcher: しびれや麻痺はありますか？
Caller: はい、左手にしびれがあって力も入りにくいです。",False,True,False,0,1,0,is_numbness,is_numbness,Low,High,Low
numbness_1_1662,"Dispatcher: 手足のしびれや麻痺はありますか？
Caller: はい、右腕がしびれていて、うまく持ち上げられていません。",False,True,False,0,1,0,is_numbness,is_numbness,High,High,Low
numbness_1_1663,"Dispatcher: 普通に両手足は使えていますか？
Caller: いいえ、片方の足がしびれてふらついています。",False,True,False,0,1,0,is_numbness,is_numbness,Low,High,High
numbness_1_1664,"Dispatcher: 片側の手足にしびれや動かしにくさはありますか？
Caller: はい、右半身に力が入りにくいようです。",False,True,False,0,1,0,is_numbness,is_numbness,High,Low,High
numbness_1_1665,"Dispatcher: 手足のしびれや麻痺はありますか？
Caller: あります、コップを持とうとしても左手がうまく動いていません。",False,True,False,0,1,0,is_numbness,is_numbness,High,Low,High
numbness_2_1666,"Dispatcher: しびれや麻痺はありますか？
Caller: いいえ、手足のしびれはないようです。",False,True,False,0,2,0,is_numbness,is_numbness,Low,Low,Low
numbness_2_1667,"Dispatcher: 手足のしびれや麻痺はありますか？
Caller: いいえ、しびれも麻痺もなく、手足は普通に動かせています。",False,True,False,0,2,0,is_numbness,is_numbness,High,Low,Low
numbness_2_1668,"Dispatcher: 片側の手足にしびれや力の入りにくさはありますか？
Caller: いいえ、左右とも問題なく動いていて、しびれも訴えていません。",False,True,False,0,2,0,is_numbness,is_numbness,High,High,High
numbness_2_1669,"Dispatcher: どこかしびれたり、動かしにくいところはありますか？
Caller: いいえ、腕も足も普段どおり動いています。",False,True,False,0,2,0,is_numbness,is_numbness,Low,High,High
numbness_2_1670,"Dispatcher: 体の動きで変なところはありますか？
Caller: 今のところ、しびれたり力が入らない様子はありません。",False,True,False,0,2,0,is_numbness,is_numbness,Low,Low,High
numbness_3_1671,"Dispatcher: 手足のしびれや麻痺はありますか？
Caller: 今は本人のそばにいないので、しびれや麻痺があるかは確認できません。",False,True,False,0,3,0,is_numbness,is_numbness,High,High,Low
numbness_3_1672,"Dispatcher: 普通に歩けていますか？
Caller: そこは分かりません。しびれや動かしにくさはまだ確認できていません。",False,True,False,0,3,0,is_numbness,is_numbness,Low,High,Low
numbness_3_1673,"Dispatcher: 手足のしびれや麻痺はありますか？
Caller: 頭が痛いとは聞いていますが、しびれがあるかどうかは分かりません。",False,True,False,0,3,0,is_numbness,is_numbness,High,Low,Low
numbness_3_1674,"Dispatcher: 右手だけ力が入らないなどの様子はありますか？
Caller: 同僚から連絡を受けただけで、手足の感覚や動きまでは確認できていません。",False,True,False,0,3,0,is_numbness,is_numbness,High,Low,High
numbness_3_1675,"Dispatcher: 体の様子で気になることはありますか？
Caller: 頭痛のことしか聞けておらず、しびれがあるかは分かりません。",False,True,False,0,3,0,is_numbness,is_numbness,Low,Low,High
numbness_0_1676,"Dispatcher: 頭の痛みは、突然起こった激しい痛みですか？
Caller: いいえ、昨日から続いている痛みで、急に始まったものではありません。",False,True,False,0,0,0,is_numbness,is_sudden_severe,High,Low,Low
numbness_0_1677,"Dispatcher: いつもの軽い頭痛ということでよいですか？
Caller: そこまでは分からず、急に強くなったのかどうか確認できていません。",False,True,False,0,0,0,is_numbness,is_sudden_severe,Low,Low,High
numbness_0_1678,"Dispatcher: 急に我慢できないほどの頭痛になりましたか？
Caller: はい、突然ひどい痛みが来たと言って、すぐ横になりました。",False,True,False,0,0,0,is_numbness,is_sudden_severe,Low,High,Low
numbness_0_1679,"Dispatcher: 急に強い頭痛が出た感じですか？
Caller: いいえ、急ではなく、じわじわ痛くなってきたようです。",False,True,False,0,0,0,is_numbness,is_sudden_severe,Low,Low,Low
numbness_0_1680,"Dispatcher: さっきまで普通だったのに、急に激しい頭痛になった感じですか？
Caller: はい、食事中に突然頭を抱えて、耐えられないくらい痛いと言っています。",False,True,False,0,0,0,is_numbness,is_sudden_severe,Low,High,High
numbness_1_1681,"Dispatcher: 片方の手足が動かしにくい感じはありますか？
Caller: はい、父が右腕に力が入らないと言っていて、右足もしびれるようです。",False,True,False,0,1,0,is_numbness,is_numbness,Low,High,High
numbness_1_1682,"Dispatcher: ちゃんと両手両足は使えていますか？
Caller: いいえ、同僚は左手がしびれてコップを持てず、左足も踏ん張りにくいです。",False,True,False,0,1,0,is_numbness,is_numbness,Low,High,High
numbness_1_1683,"Dispatcher: しびれや麻痺はありますか？
Caller: 妻が片腕を動かしづらい感じです。",False,True,False,0,1,0,is_numbness,is_numbness,Low,Low,Low
numbness_1_1684,"Dispatcher: 普通に歩けていますか？
Caller: 友人は足がしびれてうまく歩けず、手にも力が入りにくそうです。",False,True,False,0,1,0,is_numbness,is_numbness,Low,Low,High
numbness_1_1685,"Dispatcher: 手足のしびれや麻痺はありますか？
Caller: 弟が片側の手足を動かしにくいようです。",False,True,False,0,1,0,is_numbness,is_numbness,High,Low,Low
numbness_2_1686,"Dispatcher: 片側だけ変な感じはありますか？
Caller: いえ、母は手足のしびれも動かしにくさもないと言っています。",False,True,False,0,2,0,is_numbness,is_numbness,Low,Low,High
numbness_2_1687,"Dispatcher: しびれや麻痺はありますか？
Caller: ありません。",False,True,False,0,2,0,is_numbness,is_numbness,Low,Low,Low
numbness_2_1688,"Dispatcher: 手足にしびれたり、力が入らない様子はありますか？
Caller: いいえ、夫は両手両足とも普通に動かせていて、しびれも訴えていません。",False,True,False,0,2,0,is_numbness,is_numbness,Low,High,High
numbness_2_1689,"Dispatcher: 体のどちらか片方が動かしにくいことはありますか？
Caller: ありません。娘は左右とも問題なく動いていて、しびれもないです。",False,True,False,0,2,0,is_numbness,is_numbness,Low,High,High
numbness_2_1690,"Dispatcher: しびれや麻痺はありますか？
Caller: いいえ、手足のしびれや麻痺はありません。",False,True,False,0,2,0,is_numbness,is_numbness,Low,High,Low
numbness_3_1691,"Dispatcher: 手足のしびれや麻痺はありますか？
Caller: 今は本人が別室にいて見えていないので、しびれや麻痺があるか確認できません。",False,True,False,0,3,0,is_numbness,is_numbness,High,High,High
numbness_3_1692,"Dispatcher: 普通に歩けていますか？
Caller: 電話で頭痛を訴えられただけで、手足のしびれや動かしにくさまでは分かりません。",False,True,False,0,3,0,is_numbness,is_numbness,Low,High,High
numbness_3_1693,"Dispatcher: 片方の手足に力が入らない様子はありますか？
Caller: すぐ来てほしいと連絡があっただけで、麻痺やしびれの有無はまだ確認できていません。",False,True,False,0,3,0,is_numbness,is_numbness,Low,High,High
numbness_3_1694,"Dispatcher: 手足のしびれや麻痺はありますか？
Caller: そこはまだ分かりません。",False,True,False,0,3,0,is_numbness,is_numbness,High,Low,Low
numbness_3_1695,"Dispatcher: 片側の手足に異常はありますか？
Caller: しびれがあるかどうかは確認できていません。",False,True,False,0,3,0,is_numbness,is_numbness,High,Low,Low
numbness_0_1696,"Dispatcher: 何かいつもと違う様子はありますか？
Caller: はい、兄は質問しても話がかみ合わず、落ち着きなく同じことを繰り返しています。",False,True,False,0,0,0,is_numbness,is_behavior,Low,Low,High
numbness_0_1697,"Dispatcher: 普段と違う振る舞いや受け答えはありますか？
Caller: いいえ、妻は受け答えもしっかりしていて、様子はいつも通りです。",False,True,False,0,0,0,is_numbness,is_behavior,High,High,High
numbness_0_1698,"Dispatcher: いつもと違う振る舞いはありますか？
Caller: ありません。",False,True,False,0,0,0,is_numbness,is_behavior,Low,Low,Low
numbness_0_1699,"Dispatcher: 激しい頭痛が急に起こった感じですか？
Caller: いいえ、朝から少しずつ痛くなっていて、急に強くなったわけではありません。",False,True,False,0,0,0,is_numbness,is_sudden_severe,Low,High,Low
numbness_0_1700,"Dispatcher: ぼんやりしているなど、普段と違う様子はありますか？
Caller: 息子が返事はするんですが、受け答えがちぐはぐでいつもより明らかに変です。",False,True,False,0,0,0,is_numbness,is_behavior,High,Low,Low
numbness_1_1701,"Dispatcher: 手足のしびれや麻痺はありますか？
Caller: はい、母が左手足のしびれを訴えています。",False,True,False,0,1,0,is_numbness,is_numbness,High,Low,Low
numbness_1_1702,"Dispatcher: どこか力が入らないところはありますか？
Caller: はい、上司は右手に力が入らず、ペンを落としてしまいました。",False,True,False,0,1,0,is_numbness,is_numbness,Low,High,High
numbness_1_1703,"Dispatcher: 体の片側がおかしい感じはありますか？
Caller: あります。祖母は左足がしびれて、左腕も動かしづらいと言っています。",False,True,False,0,1,0,is_numbness,is_numbness,Low,High,High
numbness_1_1704,"Dispatcher: 手足のしびれや麻痺はありますか？
Caller: はい、夫は右半身がしびれると言っていて、右手に力も入りにくいです。",False,True,False,0,1,0,is_numbness,is_numbness,High,High,High
numbness_1_1705,"Dispatcher: 手足のしびれや麻痺はありますか？
Caller: はい、しびれがあります。",False,True,False,0,1,0,is_numbness,is_numbness,High,High,Low
numbness_2_1706,"Dispatcher: 手足のしびれや麻痺はありますか？
Caller: いいえ、しびれや麻痺はないようです。",False,True,False,0,2,0,is_numbness,is_numbness,High,Low,Low
numbness_2_1707,"Dispatcher: どこか動かしにくいところはありますか？
Caller: ありません。父は手足を普通に動かせていますし、しびれも訴えていません。",False,True,False,0,2,0,is_numbness,is_numbness,Low,High,High
numbness_2_1708,"Dispatcher: 手足のしびれや麻痺はありますか？
Caller: いいえ、ありません。",False,True,False,0,2,0,is_numbness,is_numbness,High,Low,Low
numbness_2_1709,"Dispatcher: 片側の手足が動かしにくいことはありますか？
Caller: いいえ、左右とも問題なく動いていて、しびれもないです。",False,True,False,0,2,0,is_numbness,is_numbness,High,Low,Low
numbness_2_1710,"Dispatcher: 手足にしびれたり、力が入らない感じはありますか？
Caller: いえ、同僚は感覚も普通で、腕も足もしっかり動かせています。",False,True,False,0,2,0,is_numbness,is_numbness,High,Low,High
numbness_3_1711,"Dispatcher: 手足のしびれや麻痺はありますか？
Caller: 本人が頭痛いと言っているだけで、しびれや麻痺があるかは分かりません。",False,True,False,0,3,0,is_numbness,is_numbness,High,Low,Low
numbness_3_1712,"Dispatcher: 手足のしびれや麻痺はありますか？
Caller: そこはまだ確認できておらず、しびれや麻痺の有無は分かりません。",False,True,False,0,3,0,is_numbness,is_numbness,High,Low,Low
numbness_3_1713,"Dispatcher: 手足のしびれや麻痺はありますか？
Caller: 別の部屋にいて様子が見えないので、しびれや麻痺があるかは確認できません。",False,True,False,0,3,0,is_numbness,is_numbness,High,High,Low
numbness_3_1714,"Dispatcher: 普通に動けていますか？
Caller: まだそこまでは見ていなくて、しびれがあるかは分かりません。",False,True,False,0,3,0,is_numbness,is_numbness,Low,Low,Low
numbness_3_1715,"Dispatcher: 手足のしびれや麻痺はありますか？
Caller: 頭痛のことしか聞けていないので、しびれや麻痺は分かりません。",False,True,False,0,3,0,is_numbness,is_numbness,High,Low,Low
numbness_0_1716,"Dispatcher: 頭の痛みは、急に起きた強い痛みですか？
Caller: 職場から連絡を受けただけで、急だったのか痛みがどれほど強いのかまでは分かりません。",False,True,False,0,0,0,is_numbness,is_sudden_severe,High,Low,High
numbness_0_1717,"Dispatcher: 普段と違う振る舞いや様子はありますか？
Caller: 友人づてに頭痛と聞いただけで、いつもと違う様子かどうかはまだ確認できていません。",False,True,False,0,0,0,is_numbness,is_behavior,High,Low,High
numbness_0_1718,"Dispatcher: 頭の痛みは、突然起こった激しい痛みですか？
Caller: いいえ、朝から少しずつ痛くなってきたようで、急にひどくなった感じではありません。",False,True,False,0,0,0,is_numbness,is_sudden_severe,High,Low,Low
numbness_0_1719,"Dispatcher: 普段と違う振る舞いや様子はありますか？
Caller: はい、夫が同じことを何度も聞き返してきて、受け答えがいつもと明らかに違います。",False,True,False,0,0,0,is_numbness,is_behavior,High,High,High
numbness_0_1720,"Dispatcher: 頭の痛みは、突然起こった激しい痛みですか？
Caller: 本人から頭が痛いとだけ連絡が来ていて、急に始まったのか強い痛みなのかは確認できません。",False,True,False,0,0,0,is_numbness,is_sudden_severe,High,High,Low
numbness_1_1721,"Dispatcher: 手足に何か違和感はありますか？
Caller: はい、母が左手がしびれて力も入りにくいと言っています。",False,True,False,0,1,0,is_numbness,is_numbness,Low,High,Low
numbness_1_1722,"Dispatcher: しびれや麻痺はありますか？
Caller: はい、右足がしびれてうまく動かせない様子です。",False,True,False,0,1,0,is_numbness,is_numbness,Low,High,Low
numbness_1_1723,"Dispatcher: 体の片側が動かしにくい感じはありますか？
Caller: はい、父の右腕に力が入らず、しびれもあると言っています。",False,True,False,0,1,0,is_numbness,is_numbness,Low,High,Low
numbness_1_1724,"Dispatcher: しびれや麻痺はありますか？
Caller: 片方の手がずっとしびれると言っています。",False,True,False,0,1,0,is_numbness,is_numbness,Low,Low,Low
numbness_1_1725,"Dispatcher: 手足のしびれや麻痺はありますか？
Caller: はい、弟が左足の感覚がおかしいと言っていて、うまく踏ん張れていません。",False,True,False,0,1,0,is_numbness,is_numbness,High,Low,Low
numbness_2_1726,"Dispatcher: しびれや麻痺はありますか？
Caller: いいえ、手足のしびれはないようです。",False,True,False,0,2,0,is_numbness,is_numbness,Low,Low,Low
numbness_2_1727,"Dispatcher: 手足のしびれや麻痺はありますか？
Caller: いいえ、両手両足とも普通に動いていて、しびれや麻痺はありません。",False,True,False,0,2,0,is_numbness,is_numbness,High,High,Low
numbness_2_1728,"Dispatcher: 体の動きにおかしいところはありますか？
Caller: いいえ、しびれたり動かしにくかったりはしていません。",False,True,False,0,2,0,is_numbness,is_numbness,Low,Low,Low
numbness_2_1729,"Dispatcher: 手足のしびれや麻痺はありますか？
Caller: いいえ、そういう症状は今のところないです。",False,True,False,0,2,0,is_numbness,is_numbness,High,Low,Low
numbness_2_1730,"Dispatcher: 片側の手足にしびれや力の入りにくさはありますか？
Caller: いいえ、同僚の様子を見ていますが、左右とも普通に動かせていてしびれも訴えていません。",False,True,False,0,2,0,is_numbness,is_numbness,High,High,High
numbness_3_1731,"Dispatcher: 手足のしびれや麻痺はありますか？
Caller: まだ電話でしか話していないので、しびれや麻痺があるかは分かりません。",False,True,False,0,3,0,is_numbness,is_numbness,High,Low,Low
numbness_3_1732,"Dispatcher: 普通に歩けていますか？
Caller: その点は確認できておらず、手足のしびれや動かしにくさがあるかは分かりません。",False,True,False,0,3,0,is_numbness,is_numbness,Low,High,Low
numbness_3_1733,"Dispatcher: 手足のしびれや麻痺はありますか？
Caller: 今は本人のそばにいないので、しびれや麻痺の有無は確認できません。",False,True,False,0,3,0,is_numbness,is_numbness,High,High,Low
numbness_3_1734,"Dispatcher: 体の様子で気になることはありますか？
Caller: 頭が痛いとしか聞いておらず、しびれがあるかどうかは分かりません。",False,True,False,0,3,0,is_numbness,is_numbness,Low,Low,High
numbness_3_1735,"Dispatcher: 右手だけ力が入らないなどの様子はありますか？
Caller: メッセージで頭痛を訴えてきただけなので、手足の感覚や動きまでは確認できていません。",False,True,False,0,3,0,is_numbness,is_numbness,Low,High,High
numbness_0_1736,"Dispatcher: 普段と違う振る舞いや様子はありますか？
Caller: はい、妻がさっきから会話がかみ合わず、ぼんやりしていていつもと違います。",False,True,False,0,0,0,is_numbness,is_behavior,High,Low,Low
numbness_0_1737,"Dispatcher: 何か変わった様子はありますか？
Caller: はい、同僚が急に落ち着きなく歩き回っていて、普段の様子ではありません。",False,True,False,0,0,0,is_numbness,is_behavior,Low,Low,Low
numbness_0_1738,"Dispatcher: 普段と違う振る舞いや様子はありますか？
Caller: いいえ、娘は受け答えもしっかりしていて、様子はいつも通りです。",False,True,False,0,0,0,is_numbness,is_behavior,High,High,High
numbness_0_1739,"Dispatcher: いつもと違う行動はありますか？
Caller: はい、父が質問に対して見当違いの返事をしていて、明らかに普段と違います。",False,True,False,0,0,0,is_numbness,is_behavior,Low,High,Low
numbness_0_1740,"Dispatcher: いつもの頭痛ではなく、急に激しく痛くなった感じですか？
Caller: いいえ、母は昨夜からじわじわ痛くなってきたと言っていて、急に激しく始まったわけではありません。",False,True,False,0,0,0,is_numbness,is_sudden_severe,Low,High,High
numbness_1_1741,"Dispatcher: 体のどこか動かしにくい感じはありますか？
Caller: はい、夫は右腕に力が入らなくて、指もしびれると言っています。",False,True,False,0,1,0,is_numbness,is_numbness,Low,High,Low
numbness_1_1742,"Dispatcher: いつも通り手足は使えていますか？
Caller: いいえ、左手がしびれてうまく持てない様子です。",False,True,False,0,1,0,is_numbness,is_numbness,Low,Low,Low
numbness_1_1743,"Dispatcher: 片側の手足に違和感はありますか？
Caller: はい、母は左足がしびれて、立つと力が入りにくいです。",False,True,False,0,1,0,is_numbness,is_numbness,Low,High,Low
numbness_1_1744,"Dispatcher: 手足のしびれや麻痺はありますか？
Caller: あります、弟が片腕を動かしづらそうにしています。",False,True,False,0,1,0,is_numbness,is_numbness,High,Low,High
numbness_1_1745,"Dispatcher: 手足のしびれや麻痺はありますか？
Caller: はい、父は右半身がしびれて、右手に力が入りにくいです。",False,True,False,0,1,0,is_numbness,is_numbness,High,High,Low
numbness_2_1746,"Dispatcher: 体のどこか動かしにくい感じはありますか？
Caller: いいえ、妻は手足のしびれも麻痺もないと言っています。",False,True,False,0,2,0,is_numbness,is_numbness,Low,High,Low
numbness_2_1747,"Dispatcher: 手足のしびれや麻痺はありますか？
Caller: いいえ、同僚は手足とも普通に動いていて、しびれはありません。",False,True,False,0,2,0,is_numbness,is_numbness,High,High,Low
numbness_2_1748,"Dispatcher: いつも通り手足は使えていますか？
Caller: はい、しびれたり動かしにくかったりはしていません。",False,True,False,0,2,0,is_numbness,is_numbness,Low,Low,Low
numbness_2_1749,"Dispatcher: 手足のしびれや麻痺はありますか？
Caller: ありません、娘は腕も足も普通に動かせています。",False,True,False,0,2,0,is_numbness,is_numbness,High,Low,Low
numbness_2_1750,"Dispatcher: 右手だけ力が入らないとか、足がしびれる感じはありますか？
Caller: いいえ、友人は両手足とも問題なく動いていて、しびれも訴えていません。",False,True,False,0,2,0,is_numbness,is_numbness,High,High,High
numbness_3_1751,"Dispatcher: 手足のしびれや麻痺はありますか？
Caller: 今は本人のそばにいないので、しびれや麻痺があるかは確認できません。",False,True,False,0,3,0,is_numbness,is_numbness,High,High,Low
numbness_3_1752,"Dispatcher: 普通に歩けているということでよいですか？
Caller: そこは分かりません。手足のしびれや動かしにくさはまだ確認できていません。",False,True,False,0,3,0,is_numbness,is_numbness,Low,Low,Low
numbness_3_1753,"Dispatcher: 体のどこか動かしにくい感じはありますか？
Caller: 頭が痛いと連絡があっただけで、しびれがあるかは分かりません。",False,True,False,0,3,0,is_numbness,is_numbness,Low,High,Low
numbness_3_1754,"Dispatcher: 片側の手足にしびれや動かしにくさがあるか見られますか？
Caller: 会議室の外から電話していて本人の様子が見えないので、そこまでは確認できません。",False,True,False,0,3,0,is_numbness,is_numbness,High,High,High
numbness_3_1755,"Dispatcher: いつも通り手足は使えていますか？
Caller: まだそこは聞けておらず、しびれや麻痺があるかは分かりません。",False,True,False,0,3,0,is_numbness,is_numbness,Low,Low,Low
numbness_0_1756,"Dispatcher: いつもの頭痛ではなく、急にひどくなった感じですか？
Caller: はい、同僚がさっき急に今までで一番痛いと言い出しました。",False,True,False,0,0,0,is_numbness,is_sudden_severe,Low,Low,High
numbness_0_1757,"Dispatcher: 頭の痛みは、突然起こった激しい痛みですか？
Caller: いいえ、朝から少しずつ痛くなってきたようで、急に激しくなったわけではありません。",False,True,False,0,0,0,is_numbness,is_sudden_severe,High,High,High
numbness_0_1758,"Dispatcher: いきなり我慢できないくらいの頭痛になった感じですか？
Caller: はい、友人が急に頭を押さえて、突然ものすごく痛いと言っています。",False,True,False,0,0,0,is_numbness,is_sudden_severe,Low,High,High
numbness_0_1759,"Dispatcher: 何か変わったことはありますか？
Caller: はい、母は受け答えがちぐはぐで、いつもよりぼんやりしています。",False,True,False,0,0,0,is_numbness,is_behavior,Low,Low,Low
numbness_0_1760,"Dispatcher: 普段と違う様子はありますか？
Caller: あります、夫が落ち着かず同じことを何度も聞き返しています。",False,True,False,0,0,0,is_numbness,is_behavior,Low,Low,High
numbness_1_1761,"Dispatcher: 手足のしびれや麻痺はありますか？
Caller: はい、父が左手の感覚がおかしいと言っていて、コップをうまく持てません。",False,True,False,0,1,0,is_numbness,is_numbness,High,High,High
numbness_1_1762,"Dispatcher: 手足のしびれや麻痺はありますか？
Caller: はい、妻は右足がしびれていて、力も入りにくいようです。",False,True,False,0,1,0,is_numbness,is_numbness,High,High,Low
numbness_1_1763,"Dispatcher: 片方の腕や足がしびれたり、動かしにくかったりしますか？
Caller: はい、同僚は左腕がしびれて、キーボードを打ちにくいと言っています。",False,True,False,0,1,0,is_numbness,is_numbness,High,High,High
numbness_1_1764,"Dispatcher: 手足のしびれや麻痺はありますか？
Caller: あります、母が片足に違和感があって踏ん張りにくいと言っています。",False,True,False,0,1,0,is_numbness,is_numbness,High,Low,High
numbness_1_1765,"Dispatcher: 手足のしびれや麻痺はありますか？
Caller: はい、兄は右手がしびれて、握る力が弱くなっています。",False,True,False,0,1,0,is_numbness,is_numbness,High,High,Low
numbness_2_1766,"Dispatcher: 体のどこか動かしにくい感じはありますか？
Caller: いいえ、友人は手足にしびれもなく、普通に動かせています。",False,True,False,0,2,0,is_numbness,is_numbness,Low,High,High
numbness_2_1767,"Dispatcher: 手足のしびれや麻痺はありますか？
Caller: いいえ、父は左右ともちゃんと動かせていて、しびれも訴えていません。",False,True,False,0,2,0,is_numbness,is_numbness,High,High,High
numbness_2_1768,"Dispatcher: 体のどこか動かしにくい感じはありますか？
Caller: いいえ、弟は腕も足も問題なく動いていて、しびれはないです。",False,True,False,0,2,0,is_numbness,is_numbness,Low,High,Low
numbness_2_1769,"Dispatcher: 手足のしびれや麻痺はありますか？
Caller: いいえ、妻に確認しましたが、しびれも麻痺もありません。",False,True,False,0,2,0,is_numbness,is_numbness,High,High,Low
numbness_2_1770,"Dispatcher: 片側の手足がしびれるとか、力が入らない様子はありますか？
Caller: いいえ、同僚は両腕両足とも普段通りで、動かしにくさはありません。",False,True,False,0,2,0,is_numbness,is_numbness,High,High,High
numbness_3_1771,"Dispatcher: 手足のしびれや麻痺はありますか？
Caller: 妻から頭痛の連絡を受けただけで今そばにいないので、しびれや麻痺があるかは確認できません。",False,True,False,0,3,0,is_numbness,is_numbness,High,High,High
numbness_3_1772,"Dispatcher: 普通に手足は動かせていますか？
Caller: 同僚から頭が痛いとメッセージが来ただけで、動かしにくさやしびれまでは分かりません。",False,True,False,0,3,0,is_numbness,is_numbness,Low,High,High
numbness_3_1773,"Dispatcher: 手足のしびれや麻痺はありますか？
Caller: しびれがあるかどうかはまだ確認できていません。",False,True,False,0,3,0,is_numbness,is_numbness,High,Low,Low
numbness_3_1774,"Dispatcher: 片方の手足が動かしにくい様子はありますか？
Caller: 友人本人とはまだ話せておらず、しびれや麻痺があるかは分かりません。",False,True,False,0,3,0,is_numbness,is_numbness,Low,High,High
numbness_3_1775,"Dispatcher: 右手だけ力が入らないなど、しびれや麻痺は見られますか？
Caller: 母は部屋にこもっていて私はドア越しに話しているだけなので、手足のしびれや麻痺までは確認できません。",False,True,False,0,3,0,is_numbness,is_numbness,High,High,High
numbness_0_1776,"Dispatcher: 頭の痛みは、突然起こった激しい痛みですか？
Caller: 本人から頭痛とだけ聞いていて、急に強く出たのかは分かりません。",False,True,False,0,0,0,is_numbness,is_sudden_severe,High,High,Low
numbness_0_1777,"Dispatcher: 普段と違う振る舞いや様子はありますか？
Caller: いいえ、受け答えも普段どおりで、変わった行動はありません。",False,True,False,0,0,0,is_numbness,is_behavior,High,High,High
numbness_0_1778,"Dispatcher: 頭の痛みは、突然起こった激しい痛みですか？
Caller: いいえ、朝から少しずつ痛くなってきたようです。",False,True,False,0,0,0,is_numbness,is_sudden_severe,High,Low,High
numbness_0_1779,"Dispatcher: いきなり我慢できないほどの頭痛になった感じですか？
Caller: そうではなくて、前から痛がっていて急にではなさそうです。",False,True,False,0,0,0,is_numbness,is_sudden_severe,Low,Low,High
numbness_0_1780,"Dispatcher: 普段と違う振る舞いや様子はありますか？
Caller: はい、弟が同じことを何度も聞き返してきて、いつもより明らかに様子がおかしいです。",False,True,False,0,0,0,is_numbness,is_behavior,High,Low,High
numbness_1_1781,"Dispatcher: 手足のしびれや麻痺はありますか？
Caller: はい、左腕がしびれて力も入りにくいです。",False,True,False,0,1,0,is_numbness,is_numbness,High,Low,Low
numbness_1_1782,"Dispatcher: まっすぐ歩けていますか？
Caller: いいえ、父は右足がしびれると言っていて、うまく踏ん張れていません。",False,True,False,0,1,0,is_numbness,is_numbness,Low,High,High
numbness_1_1783,"Dispatcher: 体の様子で気になることはありますか？
Caller: 妻が片手を動かしにくいみたいで、しびれるとも言っています。",False,True,False,0,1,0,is_numbness,is_numbness,Low,Low,High
numbness_1_1784,"Dispatcher: しびれや麻痺はありますか？
Caller: はい、右手がしびれて動かしづらいです。",False,True,False,0,1,0,is_numbness,is_numbness,Low,Low,Low
numbness_1_1785,"Dispatcher: 普通に両手足は使えていますか？
Caller: いえ、同僚は左足の感覚が鈍いと言っていて、力も入りにくそうです。",False,True,False,0,1,0,is_numbness,is_numbness,Low,Low,High
numbness_2_1786,"Dispatcher: しびれや麻痺はありますか？
Caller: いいえ、手足のしびれはないようです。",False,True,False,0,2,0,is_numbness,is_numbness,Low,Low,Low
numbness_2_1787,"Dispatcher: 手足のしびれや麻痺はありますか？
Caller: いいえ、両手両足とも普通に動かせていて、しびれも訴えていません。",False,True,False,0,2,0,is_numbness,is_numbness,High,High,Low
numbness_2_1788,"Dispatcher: 体の動きでおかしいところはありますか？
Caller: 兄は手足は問題なく動くと言っていて、しびれもないです。",False,True,False,0,2,0,is_numbness,is_numbness,Low,High,High
numbness_2_1789,"Dispatcher: しびれや麻痺はありますか？
Caller: いいえ、そういう症状はありません。",False,True,False,0,2,0,is_numbness,is_numbness,Low,High,Low
numbness_2_1790,"Dispatcher: 片側だけ動かしにくい感じはありますか？
Caller: 友人は普通に両手を使えていて、しびれも感じていないそうです。",False,True,False,0,2,0,is_numbness,is_numbness,Low,High,High
numbness_3_1791,"Dispatcher: 手足のしびれや麻痺はありますか？
Caller: そこまではまだ分かりません。",False,True,False,0,3,0,is_numbness,is_numbness,High,Low,Low
numbness_3_1792,"Dispatcher: 片側の手足にしびれや動かしにくさはありますか？
Caller: 娘からは頭が痛いと泣きながら電話があっただけで、手足の状態までは確認できていません。",False,True,False,0,3,0,is_numbness,is_numbness,High,High,High
numbness_3_1793,"Dispatcher: 普通に歩けていますか？
Caller: しびれや麻痺があるかは分かりません。",False,True,False,0,3,0,is_numbness,is_numbness,Low,High,Low
numbness_3_1794,"Dispatcher: 手足のしびれや麻痺はありますか？
Caller: 今は隣の部署から連絡を受けているだけで、実際の様子が見えず確認できません。",False,True,False,0,3,0,is_numbness,is_numbness,High,Low,High
numbness_3_1795,"Dispatcher: 手足のしびれや麻痺はありますか？
Caller: 本人が頭痛で横になっていて、しびれの有無まではまだ聞けていません。",False,True,False,0,3,0,is_numbness,is_numbness,High,Low,Low
numbness_0_1796,"Dispatcher: 何か変わった様子はありますか？
Caller: いいえ、普段どおりに話せています。",False,True,False,0,0,0,is_numbness,is_behavior,Low,Low,Low
numbness_0_1797,"Dispatcher: 急にひどい頭痛が起きた感じですか？
Caller: いいえ、急な感じではないです。",False,True,False,0,0,0,is_numbness,is_sudden_severe,Low,Low,Low
numbness_0_1798,"Dispatcher: 普段と違う振る舞いや様子はありますか？
Caller: いいえ、受け答えは普通で、いつもと変わりません。",False,True,False,0,0,0,is_numbness,is_behavior,High,High,Low
numbness_0_1799,"Dispatcher: さっきまで普通だったのに、急に我慢できないほど頭が痛くなった感じですか？
Caller: 息子から頭が痛いと連絡が来ただけで、急に始まったのか痛みがどれほど強いのかまでは分かりません。",False,True,False,0,0,0,is_numbness,is_sudden_severe,High,High,High
numbness_0_1800,"Dispatcher: 頭の痛みは、突然起こった激しい痛みですか？
Caller: はい、父がさっき急に今までで一番ひどい頭痛だと言って、その場でうずくまりました。",False,True,False,0,0,0,is_numbness,is_sudden_severe,High,High,Low
numbness_1_1801,"Dispatcher: 片方の手足が動かしにくい感じはありますか？
Caller: はい、父が右腕に力が入らないと言っています。",False,True,False,0,1,0,is_numbness,is_numbness,Low,Low,High
numbness_1_1802,"Dispatcher: 手足のしびれや麻痺はありますか？
Caller: はい、同僚は左足がしびれていて、左手もうまく動かせません。",False,True,False,0,1,0,is_numbness,is_numbness,Low,High,High
numbness_1_1803,"Dispatcher: まっすぐ歩けないとか、手に力が入らない様子はありますか？
Caller: ええ、妻が片手に力が入らないみたいです。",False,True,False,0,1,0,is_numbness,is_numbness,Low,Low,High
numbness_1_1804,"Dispatcher: しびれや麻痺はありますか？
Caller: はい、左手がしびれて動かしにくいです。",False,True,False,0,1,0,is_numbness,is_numbness,Low,Low,Low
numbness_1_1805,"Dispatcher: 体のどこかが思うように動かない感じはありますか？
Caller: あります、友人が右足がしびれて踏ん張れないと言っています。",False,True,False,0,1,0,is_numbness,is_numbness,Low,Low,High
numbness_2_1806,"Dispatcher: 手足のしびれや麻痺はありますか？
Caller: いいえ、弟は手足のしびれも動かしにくさもないです。",False,True,False,0,2,0,is_numbness,is_numbness,High,Low,High
numbness_2_1807,"Dispatcher: しびれや麻痺はありますか？
Caller: いいえ、そういうのはないです。",False,True,False,0,2,0,is_numbness,is_numbness,Low,Low,Low
numbness_2_1808,"Dispatcher: 片側だけ動かしにくい感じはありますか？
Caller: いいえ、手足は普通に動いています。",False,True,False,0,2,0,is_numbness,is_numbness,Low,Low,Low
numbness_2_1809,"Dispatcher: 手足のしびれや麻痺はありますか？
Caller: いいえ、母は両手両足とも普通に動かせていて、しびれも訴えていません。",False,True,False,0,2,0,is_numbness,is_numbness,High,High,High
numbness_2_1810,"Dispatcher: しびれや麻痺はありますか？
Caller: いいえ、しびれも麻痺もありません。",False,True,False,0,2,0,is_numbness,is_numbness,Low,High,Low
numbness_3_1811,"Dispatcher: しびれや麻痺はありますか？
Caller: しびれや麻痺があるかは分かりません。",False,True,False,0,3,0,is_numbness,is_numbness,Low,High,Low
numbness_3_1812,"Dispatcher: どこか動かしにくそうな様子はありますか？
Caller: 会社から連絡を受けただけで、手足のしびれまでは確認できていません。",False,True,False,0,3,0,is_numbness,is_numbness,Low,Low,High
numbness_3_1813,"Dispatcher: しびれや麻痺はありますか？
Caller: 分かりません、まだ確認できていません。",False,True,False,0,3,0,is_numbness,is_numbness,Low,Low,Low
numbness_3_1814,"Dispatcher: 手足のしびれや麻痺はありますか？
Caller: 今は本人のそばにいないので、しびれや麻痺があるかは確認できません。",False,True,False,0,3,0,is_numbness,is_numbness,High,High,Low
numbness_3_1815,"Dispatcher: 片側の手足が動かしにくい感じはありますか？
Caller: そこはまだ見ていなくて、分かりません。",False,True,False,0,3,0,is_numbness,is_numbness,Low,Low,Low
numbness_0_1816,"Dispatcher: 急にものすごく強い頭痛が始まった感じですか？
Caller: はい、夫がさっき急に我慢できないくらい痛いと言い出しました。",False,True,False,0,0,0,is_numbness,is_sudden_severe,Low,Low,Low
numbness_0_1817,"Dispatcher: 普段と違う振る舞いや様子はありますか？
Caller: 今は電話で聞いただけなので、いつもと違う様子かどうかは確認できません。",False,True,False,0,0,0,is_numbness,is_behavior,High,High,Low
numbness_0_1818,"Dispatcher: 頭の痛みは、突然起こった激しい痛みですか？
Caller: いいえ、朝から少しずつ痛くなってきたようで、急に激しくなったわけではありません。",False,True,False,0,0,0,is_numbness,is_sudden_severe,High,Low,Low
numbness_0_1819,"Dispatcher: いつもと違う行動や受け答えはありますか？
Caller: はい、兄が質問しても話がかみ合わず、ぼんやりしています。",False,True,False,0,0,0,is_numbness,is_behavior,Low,Low,Low
numbness_0_1820,"Dispatcher: ぼんやりしている、返事がおかしいなど、普段と違う様子は見えますか？
Caller: 離れた場所から連絡を受けただけで、普段と違う振る舞いがあるかまでは確認できません。",False,True,False,0,0,0,is_numbness,is_behavior,High,High,High
numbness_1_1821,"Dispatcher: 手足のしびれや麻痺はありますか？
Caller: はい、母は左腕がしびれていて、左足にも力が入らない状態です。",False,True,False,0,1,0,is_numbness,is_numbness,High,High,Low
numbness_1_1822,"Dispatcher: 片側の手足にしびれや動かしにくさはありますか？
Caller: はい、夫の右半身がしびれる感じがあるようです。",False,True,False,0,1,0,is_numbness,is_numbness,High,Low,High
numbness_1_1823,"Dispatcher: 手足のしびれや麻痺はありますか？
Caller: あります、友達が左手をうまく握れないと言っています。",False,True,False,0,1,0,is_numbness,is_numbness,High,Low,High
numbness_1_1824,"Dispatcher: しびれや麻痺はありますか？
Caller: はい、右足がしびれているそうです。",False,True,False,0,1,0,is_numbness,is_numbness,Low,Low,Low
numbness_1_1825,"Dispatcher: しびれや麻痺はありますか？
Caller: はい、父は左腕がしびれていて、コップを持とうとしても力が入らないです。",False,True,False,0,1,0,is_numbness,is_numbness,Low,High,Low
numbness_2_1826,"Dispatcher: 手足のしびれや麻痺はありますか？
Caller: いいえ、しびれも麻痺もないです。",False,True,False,0,2,0,is_numbness,is_numbness,High,Low,Low
numbness_2_1827,"Dispatcher: 動かしにくい手足はありますか？
Caller: いいえ、妹は手も足も普段どおり動かせています。",False,True,False,0,2,0,is_numbness,is_numbness,Low,Low,High
numbness_2_1828,"Dispatcher: しびれや麻痺はありますか？
Caller: いいえ、同居人は左右とも普通に動いていて、しびれもないと言っています。",False,True,False,0,2,0,is_numbness,is_numbness,Low,High,High
numbness_2_1829,"Dispatcher: しびれや麻痺はありますか？
Caller: いいえ、ありません。",False,True,False,0,2,0,is_numbness,is_numbness,Low,Low,Low
numbness_2_1830,"Dispatcher: 手足のしびれや麻痺はありますか？
Caller: いいえ、手足にしびれはなく、力も普通に入っています。",False,True,False,0,2,0,is_numbness,is_numbness,High,Low,Low
numbness_3_1831,"Dispatcher: 普通に歩けているということでよいですか？
Caller: そこは分かりません。今そばにいないので、しびれや麻痺があるか確認できません。",False,True,False,0,3,0,is_numbness,is_numbness,Low,High,Low
numbness_3_1832,"Dispatcher: 手足のしびれや麻痺はありますか？
Caller: 今は本人のそばにいないので、しびれや麻痺があるかは確認できません。",False,True,False,0,3,0,is_numbness,is_numbness,High,High,Low
numbness_3_1833,"Dispatcher: 体はいつも通り動かせていますか？
Caller: まだ会えていないので、しびれや動かしにくさがあるか分かりません。",False,True,False,0,3,0,is_numbness,is_numbness,Low,High,Low
numbness_3_1834,"Dispatcher: 右手だけ力が入らないとか、足がしびれる様子はありますか？
Caller: 同僚から頭痛の連絡を受けただけで、手足の状態までは確認できていません。",False,True,False,0,3,0,is_numbness,is_numbness,Low,High,High
numbness_3_1835,"Dispatcher: 手足のしびれや麻痺はありますか？
Caller: 頭が痛いとは聞いていますが、しびれがあるかどうかまではまだ分かりません。",False,True,False,0,3,0,is_numbness,is_numbness,High,Low,Low
numbness_0_1836,"Dispatcher: 頭の痛みは、突然起こった激しい痛みですか？
Caller: いいえ、朝から少しずつ痛くなってきたようです。",False,True,False,0,0,0,is_numbness,is_sudden_severe,High,Low,Low
numbness_0_1837,"Dispatcher: 普段と違う振る舞いや様子はありますか？
Caller: 今日はまだ直接会っていないので、いつもと違う様子かどうかは分かりません。",False,True,False,0,0,0,is_numbness,is_behavior,High,Low,Low
numbness_0_1838,"Dispatcher: いつもより元気がなくて変な様子はありますか？
Caller: いいえ、受け答えも行動も普段と変わりありません。",False,True,False,0,0,0,is_numbness,is_behavior,Low,High,Low
numbness_0_1839,"Dispatcher: いつもの頭痛ではなく、急に強い痛みが出た感じですか？
Caller: 友人からメッセージが来ただけで、急にだったのか痛みがどれほど強いのかは分かりません。",False,True,False,0,0,0,is_numbness,is_sudden_severe,Low,High,High
numbness_0_1840,"Dispatcher: 何か変わったことはありますか？
Caller: 頭痛のことしか聞けておらず、普段と違う振る舞いがあるかは確認できていません。",False,True,False,0,0,0,is_numbness,is_behavior,Low,High,Low
numbness_1_1841,"Dispatcher: 体のどこか動かしにくいところはありますか？
Caller: 妻は左腕がしびれて、うまく持ち上がらないと言っています。",False,True,False,0,1,0,is_numbness,is_numbness,Low,High,High
numbness_1_1842,"Dispatcher: まっすぐ歩けていますか？
Caller: いや、右足がしびれるみたいでふらついています。",False,True,False,0,1,0,is_numbness,is_numbness,Low,Low,High
numbness_1_1843,"Dispatcher: 手足のしびれや麻痺はありますか？
Caller: はい、父の右手と右足にしびれがあって力も入りにくそうです。",False,True,False,0,1,0,is_numbness,is_numbness,High,High,Low
numbness_1_1844,"Dispatcher: しびれや麻痺はありますか？
Caller: はい、片手がしびれて動かしづらいようです。",False,True,False,0,1,0,is_numbness,is_numbness,Low,Low,Low
numbness_1_1845,"Dispatcher: 片側の手足にしびれや動かしにくさはありますか？
Caller: はい、母が左半身がしびれて腕に力が入らないと言っています。",False,True,False,0,1,0,is_numbness,is_numbness,High,High,Low
numbness_2_1846,"Dispatcher: 体の動きにおかしなところはありますか？
Caller: いいえ、手足のしびれや動かしにくさはないようです。",False,True,False,0,2,0,is_numbness,is_numbness,Low,Low,High
numbness_2_1847,"Dispatcher: しびれや麻痺はありますか？
Caller: いいえ、手足は普通に動いていて、しびれもありません。",False,True,False,0,2,0,is_numbness,is_numbness,Low,High,Low
numbness_2_1848,"Dispatcher: 手足のしびれや麻痺はありますか？
Caller: いいえ、娘の手足にしびれはなく、左右とも問題なく動かせています。",False,True,False,0,2,0,is_numbness,is_numbness,High,High,High
numbness_2_1849,"Dispatcher: 片側の手足が動かしにくいとか、しびれる様子はありますか？
Caller: いいえ、同僚は両手両足とも普通に動かせていて、しびれも訴えていません。",False,True,False,0,2,0,is_numbness,is_numbness,High,High,High
numbness_2_1850,"Dispatcher: しびれや麻痺はありますか？
Caller: いいえ、そういう症状はないです。",False,True,False,0,2,0,is_numbness,is_numbness,Low,Low,Low
numbness_3_1851,"Dispatcher: 片側の手足に違和感はありますか？
Caller: 本人から頭痛の連絡だけで、しびれまでは聞けていません。",False,True,False,0,3,0,is_numbness,is_numbness,Low,Low,High
numbness_3_1852,"Dispatcher: 手足のしびれや麻痺はありますか？
Caller: 別室にいて姿が見えないので、しびれや麻痺の有無は分かりません。",False,True,False,0,3,0,is_numbness,is_numbness,High,High,Low
numbness_3_1853,"Dispatcher: 片側の手足にしびれや動かしにくさがあるか見られますか？
Caller: 今は電話で話しただけなので、しびれや麻痺があるかまでは確認できません。",False,True,False,0,3,0,is_numbness,is_numbness,High,High,Low
numbness_3_1854,"Dispatcher: ちゃんと両手両足を動かせていますか？
Caller: 隣の部署から連絡を受けただけで、動きやしびれの有無はまだ見ていません。",False,True,False,0,3,0,is_numbness,is_numbness,Low,High,High
numbness_3_1855,"Dispatcher: しびれや麻痺はありますか？
Caller: 駅で別れてしまって、今はしびれがあるかどうか確認できないです。",False,True,False,0,3,0,is_numbness,is_numbness,Low,High,High
numbness_0_1856,"Dispatcher: 頭の痛みは、突然起こった激しい痛みですか？
Caller: いいえ、急にではなく昼頃からだんだん強くなったみたいです。",False,True,False,0,0,0,is_numbness,is_sudden_severe,High,Low,Low
numbness_0_1857,"Dispatcher: いきなり我慢できないほどの頭痛になりましたか？
Caller: はい、さっき急に頭を押さえて、今までで一番痛いと言っています。",False,True,False,0,0,0,is_numbness,is_sudden_severe,Low,High,Low
numbness_0_1858,"Dispatcher: 普段と違う振る舞いや様子はありますか？
Caller: はい、夫が質問にうまく答えられず、いつもよりぼんやりしています。",False,True,False,0,0,0,is_numbness,is_behavior,High,High,Low
numbness_0_1859,"Dispatcher: 普段と違う振る舞いや様子はありますか？
Caller: 今は電話で聞いただけなので、普段と違う様子があるかまでは確認できません。",False,True,False,0,0,0,is_numbness,is_behavior,High,High,Low
numbness_0_1860,"Dispatcher: 急にひどい頭痛が始まった感じですか？
Caller: はい、会話の途中で突然うずくまるほど強い頭痛が出ました。",False,True,False,0,0,0,is_numbness,is_sudden_severe,Low,High,Low
numbness_1_1861,"Dispatcher: 手足のしびれや麻痺、片側だけ力が入りにくい感じはありますか？
Caller: はい、夫が頭痛に加えて右腕と右脚がしびれていて、うまく力が入らないと言っています。",False,True,False,0,1,0,is_numbness,is_numbness,High,High,High
numbness_1_1862,"Dispatcher: 普通に手足は動かせていますか？
Caller: いいえ、左手がしびれて動かしにくいようです。",False,True,False,0,1,0,is_numbness,is_numbness,Low,Low,Low
numbness_1_1863,"Dispatcher: しびれや麻痺はありますか？
Caller: はい、片方の腕にしびれが出ています。",False,True,False,0,1,0,is_numbness,is_numbness,Low,High,Low
numbness_1_1864,"Dispatcher: 体は普段どおり動かせていますか？
Caller: いいえ、右足がしびれて力が入りにくいです。",False,True,False,0,1,0,is_numbness,is_numbness,Low,High,Low
numbness_1_1865,"Dispatcher: 歩き方や手の動きでおかしいところはありますか？
Caller: 友人なんですが、さっきから左手がじんじんして物をつかみにくいと言っています。",False,True,False,0,1,0,is_numbness,is_numbness,Low,Low,High
numbness_2_1866,"Dispatcher: 普通に手足は動かせていますか？
Caller: はい、しびれも麻痺もなく、手足は普通に動かせています。",False,True,False,0,2,0,is_numbness,is_numbness,Low,High,Low
numbness_2_1867,"Dispatcher: 体はいつもどおり動いていますか？
Caller: ええ、手足のしびれはないようです。",False,True,False,0,2,0,is_numbness,is_numbness,Low,Low,Low
numbness_2_1868,"Dispatcher: 手足のしびれや麻痺、片側だけ動かしにくい感じはありますか？
Caller: いいえ、同僚を見ていますが、両手両足とも普通に動いていて、しびれは訴えていません。",False,True,False,0,2,0,is_numbness,is_numbness,High,High,High
numbness_2_1869,"Dispatcher: 手足のしびれや麻痺はありますか？
Caller: ないです、頭痛だけです。",False,True,False,0,2,0,is_numbness,is_numbness,High,Low,Low
numbness_2_1870,"Dispatcher: ちゃんと歩けていますか？
Caller: 母は歩けていますし、手足がしびれる感じもないと言っています。",False,True,False,0,2,0,is_numbness,is_numbness,Low,Low,High
numbness_3_1871,"Dispatcher: 手足のしびれや麻痺はありますか？
Caller: 今そばにいないので、しびれや麻痺があるかは分かりません。",False,True,False,0,3,0,is_numbness,is_numbness,High,Low,Low
numbness_3_1872,"Dispatcher: 手足のしびれや麻痺はありますか？
Caller: 本人から頭が痛いと連絡があっただけで、しびれまでは確認できていません。",False,True,False,0,3,0,is_numbness,is_numbness,High,Low,Low
numbness_3_1873,"Dispatcher: 普通に歩けていますか？
Caller: 電話で聞いただけなので、手足のしびれや動かしにくさがあるかは分かりません。",False,True,False,0,3,0,is_numbness,is_numbness,Low,High,High
numbness_3_1874,"Dispatcher: 片手が上がらないとか、足がもつれる感じはありますか？
Caller: 別室から呼ばれているだけでまだ姿を見ておらず、しびれや麻痺の有無は確認できません。",False,True,False,0,3,0,is_numbness,is_numbness,Low,High,High
numbness_3_1875,"Dispatcher: しびれや麻痺はありますか？
Caller: そこはまだ分かりません。",False,True,False,0,3,0,is_numbness,is_numbness,Low,Low,Low
numbness_0_1876,"Dispatcher: 普段と違う振る舞いや様子はありますか？
Caller: いいえ、受け答えも普段どおりで、変わった様子はありません。",False,True,False,0,0,0,is_numbness,is_behavior,High,Low,High
numbness_0_1877,"Dispatcher: いつもの頭痛ではなく、急にひどくなった感じですか？
Caller: はい、同僚がさっき突然、今までで一番痛いと言い出しました。",False,True,False,0,0,0,is_numbness,is_sudden_severe,Low,Low,Low
numbness_0_1878,"Dispatcher: 何か変わった様子はありますか？
Caller: 今は電話で聞いただけなので、普段と違う振る舞いがあるかは確認できません。",False,True,False,0,0,0,is_numbness,is_behavior,Low,High,Low
numbness_0_1879,"Dispatcher: いつもの軽い頭痛ということでよいですか？
Caller: そこまでは分からなくて、急に強くなったのかどうか確認できていません。",False,True,False,0,0,0,is_numbness,is_sudden_severe,Low,Low,High
numbness_0_1880,"Dispatcher: 頭の痛みは、突然起こった激しい痛みですか？
Caller: いいえ、朝から少しずつ痛くなってきたようで、急に激しく出た感じではありません。",False,True,False,0,0,0,is_numbness,is_sudden_severe,High,Low,High
numbness_1_1881,"Dispatcher: 手足のしびれや麻痺はありますか？
Caller: はい、弟が左手の感覚がおかしくて力も入りにくいと言っています。",False,True,False,0,1,0,is_numbness,is_numbness,High,Low,Low
numbness_1_1882,"Dispatcher: 片側の手足にしびれたり、うまく動かせなかったりしていますか？
Caller: はい、父が急な頭痛のあとから左腕と左脚がしびれて、立ち上がりにくくなっています。",False,True,False,0,1,0,is_numbness,is_numbness,High,High,High
numbness_1_1883,"Dispatcher: 手足のしびれや麻痺はありますか？
Caller: はい、右半身にしびれがあって、腕が上げにくいです。",False,True,False,0,1,0,is_numbness,is_numbness,High,High,Low
numbness_1_1884,"Dispatcher: 普通に歩けていますか？
Caller: いいえ、足がしびれて力が入りにくいみたいです。",False,True,False,0,1,0,is_numbness,is_numbness,Low,Low,Low
numbness_1_1885,"Dispatcher: 手足のしびれや麻痺、どちらか片方だけ動かしにくいことはありますか？
Caller: 妻ですが、夫は頭を押さえながら左手がしびれてコップを落としそうになると言っています。",False,True,False,0,1,0,is_numbness,is_numbness,High,Low,High
numbness_2_1886,"Dispatcher: 手足は普段どおり使えていますか？
Caller: 兄は頭痛はありますが、しびれたり動かしにくかったりはしていません。",False,True,False,0,2,0,is_numbness,is_numbness,Low,Low,High
numbness_2_1887,"Dispatcher: 手足のしびれや麻痺はありますか？
Caller: いいえ、しびれも力の入りにくさもないです。",False,True,False,0,2,0,is_numbness,is_numbness,High,Low,Low
numbness_2_1888,"Dispatcher: 片側の手足にしびれや動かしにくさはありますか？
Caller: いいえ、そういう症状はなくて、頭痛だけを訴えています。",False,True,False,0,2,0,is_numbness,is_numbness,High,Low,Low
numbness_2_1889,"Dispatcher: 手足のしびれや麻痺、片方だけ力が入らない感じはありますか？
Caller: いいえ、母のそばで見ていますが、両腕も両脚も普通に動いていて、しびれはないと言っています。",False,True,False,0,2,0,is_numbness,is_numbness,High,High,High
numbness_2_1890,"Dispatcher: 手足のしびれや麻痺はありますか？
Caller: いいえ、しびれも麻痺もありません。",False,True,False,0,2,0,is_numbness,is_numbness,High,High,Low
numbness_3_1891,"Dispatcher: 手足のしびれや麻痺はありますか？
Caller: 同僚から頭痛で動けないと連絡が来ただけで、しびれや麻痺があるかまでは確認できていません。",False,True,False,0,3,0,is_numbness,is_numbness,High,Low,High
numbness_3_1892,"Dispatcher: 手足のしびれや麻痺はありますか？
Caller: しびれや麻痺があるかは分かりません。",False,True,False,0,3,0,is_numbness,is_numbness,High,Low,Low
numbness_3_1893,"Dispatcher: 普通に両手足は動かせていますか？
Caller: 今は別の階にいて本人を見ていないので、しびれや麻痺があるかは分かりません。",False,True,False,0,3,0,is_numbness,is_numbness,Low,High,High
numbness_3_1894,"Dispatcher: 片側の腕や足が動かしにくい様子はありますか？
Caller: 友人からメッセージで頭が痛いと来ただけで、手足のしびれや動かしにくさは確認できていません。",False,True,False,0,3,0,is_numbness,is_numbness,Low,High,High
numbness_3_1895,"Dispatcher: 手足のしびれや麻痺はありますか？
Caller: そこはまだ見ておらず、しびれや麻痺があるかは分かりません。",False,True,False,0,3,0,is_numbness,is_numbness,High,Low,Low
numbness_0_1896,"Dispatcher: いつもの頭痛ではなく、急に耐えられないほど強い痛みが出た感じですか？
Caller: はい、さっきまで普通に話していたのに、急に頭を押さえて今までで一番痛いと言いました。",False,True,False,0,0,0,is_numbness,is_sudden_severe,Low,High,High
numbness_0_1897,"Dispatcher: 何かいつもと違う振る舞いはありますか？
Caller: はい、質問しても話がかみ合わず、落ち着きなく同じことを繰り返しています。",False,True,False,0,0,0,is_numbness,is_behavior,Low,Low,Low
numbness_0_1898,"Dispatcher: 受け答えが変だったり、普段と違う様子はありますか？
Caller: 本人とは電話で少し話しただけなので、いつもと違う振る舞いがあるかは確認できません。",False,True,False,0,0,0,is_numbness,is_behavior,Low,High,High
numbness_0_1899,"Dispatcher: 普段と違う振る舞いや様子はありますか？
Caller: 妹なんですが、返事がちぐはぐで、さっきから同じ場所をうろうろしていて明らかに普段と違います。",False,True,False,0,0,0,is_numbness,is_behavior,High,Low,High
numbness_0_1900,"Dispatcher: 頭の痛みは、突然起こった激しい痛みですか？
Caller: 頭痛がするとしか聞いておらず、急に始まったのか強い痛みなのかまでは分かりません。",False,True,False,0,0,0,is_numbness,is_sudden_severe,High,Low,Low
numbness_1_1901,"Dispatcher: 手足は普段どおり動いていますか？
Caller: いいえ、左腕がしびれて力が入らないようです。",False,True,False,0,1,0,is_numbness,is_numbness,Low,High,Low
numbness_1_1902,"Dispatcher: しびれや麻痺はありますか？
Caller: はい、夫が右足を触っても感覚が鈍いと言っていて、少し引きずっています。",False,True,False,0,1,0,is_numbness,is_numbness,Low,High,High
numbness_1_1903,"Dispatcher: 体は普通に動かせていますか？
Caller: いいえ、片方の手がしびれてコップを持てません。",False,True,False,0,1,0,is_numbness,is_numbness,Low,High,Low
numbness_1_1904,"Dispatcher: しびれや麻痺はありますか？
Caller: はい、左手と左足がしびれていて、うまく動かせていません。",False,True,False,0,1,0,is_numbness,is_numbness,Low,High,Low
numbness_1_1905,"Dispatcher: どこか動かしにくかったり、感覚がおかしいところはありますか？
Caller: 母ですが、右半身に力が入りにくいみたいで、手もしびれると言っています。",False,True,False,0,1,0,is_numbness,is_numbness,Low,Low,High
numbness_2_1906,"Dispatcher: 手足のしびれや麻痺はありますか？
Caller: いいえ、娘は手足は普通に動かせていて、しびれもないと言っています。",False,True,False,0,2,0,is_numbness,is_numbness,High,High,High
numbness_2_1907,"Dispatcher: 体は普通に動かせていますか？
Caller: はい、手足のしびれや麻痺はありません。",False,True,False,0,2,0,is_numbness,is_numbness,Low,High,Low
numbness_2_1908,"Dispatcher: 歩き方がおかしいとか、片側だけしびれる様子はありますか？
Caller: いいえ、本人はまっすぐ歩けていますし、手足のしびれもないそうです。",False,True,False,0,2,0,is_numbness,is_numbness,Low,High,High
numbness_2_1909,"Dispatcher: しびれや麻痺はありますか？
Caller: ないです、頭痛だけです。",False,True,False,0,2,0,is_numbness,is_numbness,Low,Low,Low
numbness_2_1910,"Dispatcher: 手足に違和感はありますか？
Caller: 夫は頭は痛がっていますが、手足は普通でしびれもないようです。",False,True,False,0,2,0,is_numbness,is_numbness,Low,Low,High
numbness_3_1911,"Dispatcher: 手足のしびれや麻痺はありますか？
Caller: 今は本人のそばにいないので、しびれや麻痺があるかは確認できません。",False,True,False,0,3,0,is_numbness,is_numbness,High,High,Low
numbness_3_1912,"Dispatcher: 手足のしびれや麻痺はありますか？
Caller: まだそこは聞けておらず、しびれや麻痺があるかは分かりません。",False,True,False,0,3,0,is_numbness,is_numbness,High,Low,Low
numbness_3_1913,"Dispatcher: 普通に歩けていますか？
Caller: 駅で別れてから電話が来ただけなので、しびれや麻痺があるかは確認できません。",False,True,False,0,3,0,is_numbness,is_numbness,Low,High,High
numbness_3_1914,"Dispatcher: 右手だけ力が入らないなどの様子はありますか？
Caller: 祖父が頭痛を訴えていることしか分からず、手足の状態まではまだ見られていません。",False,True,False,0,3,0,is_numbness,is_numbness,Low,Low,High
numbness_3_1915,"Dispatcher: 体は普通に動かせていますか？
Caller: そこは確認できておらず、しびれや麻痺の有無は分かりません。",False,True,False,0,3,0,is_numbness,is_numbness,Low,High,Low
numbness_0_1916,"Dispatcher: 普段と違う振る舞いや様子はありますか？
Caller: 今は電話で聞いただけなので、いつもと違う振る舞いがあるかまでは確認できません。",False,True,False,0,0,0,is_numbness,is_behavior,High,High,Low
numbness_0_1917,"Dispatcher: 何か変わった様子はありますか？
Caller: まだ会えていないので、普段と違うかは分かりません。",False,True,False,0,0,0,is_numbness,is_behavior,Low,Low,Low
numbness_0_1918,"Dispatcher: いつもの軽い頭痛ということでよいですか？
Caller: はい、急にひどくなった感じではなく、朝から少しずつ痛くなってきたようです。",False,True,False,0,0,0,is_numbness,is_sudden_severe,Low,Low,Low
numbness_0_1919,"Dispatcher: 急に強い頭痛が出た感じですか？
Caller: はい、会議中に突然うずくまって、我慢できないほど痛いと言っています。",False,True,False,0,0,0,is_numbness,is_sudden_severe,Low,High,Low
numbness_0_1920,"Dispatcher: 頭の痛みは、突然起こった激しい痛みですか？
Caller: はい、父がさっき急に今までにない激しい頭痛だと言って倒れ込みました。",False,True,False,0,0,0,is_numbness,is_sudden_severe,High,High,High
numbness_1_1921,"Dispatcher: 片方の手足が動かしにくい感じはありますか？
Caller: はい、父が右手に力が入らないと言っています。",False,True,False,0,1,0,is_numbness,is_numbness,Low,Low,High
numbness_1_1922,"Dispatcher: 普通に両手両足を使えている様子ですか？
Caller: いいえ、妻の左足がしびれて踏ん張れないみたいです。",False,True,False,0,1,0,is_numbness,is_numbness,Low,Low,High
numbness_1_1923,"Dispatcher: しびれや麻痺はありますか？
Caller: はい、弟の左腕にしびれがあって、うまく動かせません。",False,True,False,0,1,0,is_numbness,is_numbness,Low,High,Low
numbness_1_1924,"Dispatcher: 体は普段どおり動かせていますか？
Caller: いや、同僚が片手がしびれて力が入らないと言っています。",False,True,False,0,1,0,is_numbness,is_numbness,Low,Low,Low
numbness_1_1925,"Dispatcher: 歩き方や手の動きでおかしいところはありますか？
Caller: はい、母は右足がしびれていて、右手もうまく持ち上がりません。",False,True,False,0,1,0,is_numbness,is_numbness,Low,High,High
numbness_2_1926,"Dispatcher: 手足のしびれや麻痺はありますか？
Caller: いえ、娘は頭痛だけで、手足のしびれはないです。",False,True,False,0,2,0,is_numbness,is_numbness,High,Low,High
numbness_2_1927,"Dispatcher: 片側だけ動かしにくい感じはありますか？
Caller: いいえ、夫は手も足も普通に動かせています。",False,True,False,0,2,0,is_numbness,is_numbness,High,Low,High
numbness_2_1928,"Dispatcher: 手足に違和感や感覚のおかしさはありますか？
Caller: 今見ている限り、友人にしびれや麻痺はありません。",False,True,False,0,2,0,is_numbness,is_numbness,High,Low,High
numbness_2_1929,"Dispatcher: 手足のしびれや麻痺はありますか？
Caller: いいえ、兄にしびれも麻痺もありません。",False,True,False,0,2,0,is_numbness,is_numbness,High,High,Low
numbness_2_1930,"Dispatcher: 片側の手足にしびれや動かしにくさはありますか？
Caller: ありません。母は両手両足とも普段どおり動いています。",False,True,False,0,2,0,is_numbness,is_numbness,High,High,Low
numbness_3_1931,"Dispatcher: 手足のしびれや麻痺はありますか？
Caller: すみません、本人から頭が痛いと連絡があっただけで、しびれまでは確認できていません。",False,True,False,0,3,0,is_numbness,is_numbness,High,Low,High
numbness_3_1932,"Dispatcher: 普通に歩けていますか？
Caller: そこは分かりません。しびれや麻痺があるかは確認できません。",False,True,False,0,3,0,is_numbness,is_numbness,Low,High,Low
numbness_3_1933,"Dispatcher: 体は普段どおり動かせていますか？
Caller: 分かりません。手足のしびれや麻痺の有無はまだ確認できていません。",False,True,False,0,3,0,is_numbness,is_numbness,Low,High,Low
numbness_3_1934,"Dispatcher: 片側の手足にしびれや動かしにくさがあるか見られますか？
Caller: 今は別の部屋にいて姿が見えないので、しびれや麻痺があるかは分かりません。",False,True,False,0,3,0,is_numbness,is_numbness,High,High,High
numbness_3_1935,"Dispatcher: しびれや麻痺はありますか？
Caller: しびれや麻痺があるかは分かりません。",False,True,False,0,3,0,is_numbness,is_numbness,Low,Low,Low
numbness_0_1936,"Dispatcher: いつもの頭痛ではなく、急に強く出た感じですか？
Caller: 本人から頭痛とだけ聞いていて、急に激しくなったのかは確認できません。",False,True,False,0,0,0,is_numbness,is_sudden_severe,Low,High,Low
numbness_0_1937,"Dispatcher: 急に我慢できないほどの頭痛が出た感じですか？
Caller: はい、同僚がさっき突然ひどい頭痛が来たと言ってうずくまっています。",False,True,False,0,0,0,is_numbness,is_sudden_severe,Low,Low,High
numbness_0_1938,"Dispatcher: 軽い痛みが続いている感じですか？
Caller: そこまでは分からなくて、急に強くなったのかどうかはまだ聞けていません。",False,True,False,0,0,0,is_numbness,is_sudden_severe,Low,Low,High
numbness_0_1939,"Dispatcher: いつもと違う振る舞いはありますか？
Caller: はい、父は受け答えがちぐはぐで、同じことを何度も聞き返しています。",False,True,False,0,0,0,is_numbness,is_behavior,Low,High,Low
numbness_0_1940,"Dispatcher: 頭の痛みは、突然起こった激しい痛みですか？
Caller: はい、妻が急に今までにないくらい強い頭痛だと言い出しました。",False,True,False,0,0,0,is_numbness,is_sudden_severe,High,Low,High
numbness_1_1941,"Dispatcher: 手足のしびれや麻痺はありますか？
Caller: はい、夫の左手がしびれて力が入りにくいです。",False,True,False,0,1,0,is_numbness,is_numbness,High,Low,Low
numbness_1_1942,"Dispatcher: どこか動かしにくいところはありますか？
Caller: はい、友人は右半身がしびれる感じがして、コップを落としました。",False,True,False,0,1,0,is_numbness,is_numbness,Low,High,High
numbness_1_1943,"Dispatcher: しびれや麻痺はありますか？
Caller: はい、母が左足がしびれると言っています。",False,True,False,0,1,0,is_numbness,is_numbness,Low,Low,Low
numbness_1_1944,"Dispatcher: 体は普段どおり動かせていますか？
Caller: いいえ、兄は右腕が麻痺したようで上がりません。",False,True,False,0,1,0,is_numbness,is_numbness,Low,High,Low
numbness_1_1945,"Dispatcher: 手足のしびれや麻痺はありますか？
Caller: はい、同僚の片方の手がしびれて、うまくキーボードを打てません。",False,True,False,0,1,0,is_numbness,is_numbness,High,Low,High
numbness_2_1946,"Dispatcher: 体のどこか動かしにくいところはありますか？
Caller: いいえ、父はしびれもなく普通に手足を動かせています。",False,True,False,0,2,0,is_numbness,is_numbness,Low,Low,Low
numbness_2_1947,"Dispatcher: 手足に変な感じはありますか？
Caller: ありません。妻はしびれも麻痺も訴えていません。",False,True,False,0,2,0,is_numbness,is_numbness,Low,Low,Low
numbness_2_1948,"Dispatcher: 手足のしびれや麻痺はありますか？
Caller: いいえ、息子にしびれはありません。",False,True,False,0,2,0,is_numbness,is_numbness,High,Low,Low
numbness_2_1949,"Dispatcher: 片側の手足にしびれや力の入りにくさはありますか？
Caller: いいえ、母は左右とも普通に動かせています。",False,True,False,0,2,0,is_numbness,is_numbness,High,Low,Low
numbness_2_1950,"Dispatcher: 手足のしびれや麻痺はありますか？
Caller: いいえ、友人にしびれも麻痺もなく、両腕両足とも問題なく動いています。",False,True,False,0,2,0,is_numbness,is_numbness,High,High,Low
numbness_3_1951,"Dispatcher: 普通に手足を動かせている感じですか？
Caller: 同僚から頭痛の連絡を受けただけで、しびれや動かしにくさがあるかは確認できていません。",False,True,False,0,3,0,is_numbness,is_numbness,Low,High,High
numbness_3_1952,"Dispatcher: しびれや麻痺はありますか？
Caller: しびれや麻痺があるかは分かりません。",False,True,False,0,3,0,is_numbness,is_numbness,Low,High,Low
numbness_3_1953,"Dispatcher: 体の動きで気になることはありますか？
Caller: 頭が痛いとしか聞いておらず、しびれがあるかどうかは分かりません。",False,True,False,0,3,0,is_numbness,is_numbness,Low,Low,High
numbness_3_1954,"Dispatcher: ちゃんと歩けていますか？
Caller: 友人からメッセージが来ただけなので、手足のしびれや力の入り方までは分からないです。",False,True,False,0,3,0,is_numbness,is_numbness,Low,Low,High
numbness_3_1955,"Dispatcher: 手足のしびれや麻痺はありますか？
Caller: 今は本人の様子を見られていないので、その点はまだ確認できていません。",False,True,False,0,3,0,is_numbness,is_numbness,High,Low,High
numbness_0_1956,"Dispatcher: いつもの頭痛ではなく、急にものすごく強く痛み出した感じですか？
Caller: はい、さっき急に今までで一番ひどいと言い出して、我慢できないくらい痛がっています。",False,True,False,0,0,0,is_numbness,is_sudden_severe,Low,Low,High
numbness_0_1957,"Dispatcher: 頭の痛みは、突然起こった激しい痛みですか？
Caller: いいえ、朝から少しずつ痛くなってきたようで、急に強く出た感じではありません。",False,True,False,0,0,0,is_numbness,is_sudden_severe,High,Low,Low
numbness_0_1958,"Dispatcher: 激しい痛みが急に起きた感じですか？
Caller: 頭痛があるとは聞いていますが、急に始まったのか強さがどの程度かまでは分かりません。",False,True,False,0,0,0,is_numbness,is_sudden_severe,Low,Low,Low
numbness_0_1959,"Dispatcher: 頭の痛みは、突然起こった激しい痛みですか？
Caller: はい、目の前で急に頭を押さえて倒れ込んで、耐えられないほど痛いと言っています。",False,True,False,0,0,0,is_numbness,is_sudden_severe,High,High,Low
numbness_0_1960,"Dispatcher: 何か変わった様子はありますか？
Caller: 妹から頭が痛いと連絡が来ただけで、普段と違う振る舞いがあるかまでは確認できません。",False,True,False,0,0,0,is_numbness,is_behavior,Low,High,High
numbness_1_1961,"Dispatcher: 手足に違和感はありますか？
Caller: はい、父が右腕がしびれて力も入りにくいと言っています。",False,True,False,0,1,0,is_numbness,is_numbness,Low,Low,Low
numbness_1_1962,"Dispatcher: しびれや麻痺はありますか？
Caller: はい、左足がしびれてうまく動かせないようです。",False,True,False,0,1,0,is_numbness,is_numbness,Low,Low,Low
numbness_1_1963,"Dispatcher: 片側の手足にしびれや動かしにくさはありますか？
Caller: はい、母は左手と左足がしびれていて、左腕に力が入らず持ち上げにくそうです。",False,True,False,0,1,0,is_numbness,is_numbness,High,High,High
numbness_1_1964,"Dispatcher: 手足のしびれや麻痺はありますか？
Caller: あります。夫が片方の手に感覚がなくて、動かしづらいと言っています。",False,True,False,0,1,0,is_numbness,is_numbness,High,Low,High
numbness_1_1965,"Dispatcher: どこかしびれたり、力が入りにくかったりしていますか？
Caller: はい、友人は右半身がしびれると言っていて、コップを持つ手にも力が入っていません。",False,True,False,0,1,0,is_numbness,is_numbness,Low,High,High
numbness_2_1966,"Dispatcher: 手足の具合でおかしいところはありますか？
Caller: いいえ、娘はしびれも麻痺もなく、手足は普通に動かせています。",False,True,False,0,2,0,is_numbness,is_numbness,Low,High,High
numbness_2_1967,"Dispatcher: 手足のしびれや麻痺はありますか？
Caller: いいえ、しびれたり動かしにくかったりはしていません。",False,True,False,0,2,0,is_numbness,is_numbness,High,Low,Low
numbness_2_1968,"Dispatcher: しびれや麻痺はありますか？
Caller: いいえ、そのような症状はないようです。",False,True,False,0,2,0,is_numbness,is_numbness,Low,Low,Low
numbness_2_1969,"Dispatcher: 手足に違和感はありますか？
Caller: いいえ、頭痛はありますが、しびれは出ていません。",False,True,False,0,2,0,is_numbness,is_numbness,Low,Low,Low
numbness_2_1970,"Dispatcher: 片側の手足にしびれや力の入りにくさはありますか？
Caller: いいえ、妻の手足は左右とも普通に動いていて、しびれや麻痺は見られません。",False,True,False,0,2,0,is_numbness,is_numbness,High,High,High
numbness_3_1971,"Dispatcher: 手足のしびれや麻痺はありますか？
Caller: 今は本人が別の部屋にいて様子が見えないので、しびれや麻痺があるかは確認できません。",False,True,False,0,3,0,is_numbness,is_numbness,High,High,High
numbness_3_1972,"Dispatcher: 片側の手足にしびれや動かしにくさは見られますか？
Caller: 職場からの電話で知っただけで、実際の様子が見えていないため、しびれや麻痺の有無は分かりません。",False,True,False,0,3,0,is_numbness,is_numbness,High,High,High
numbness_3_1973,"Dispatcher: 手足のしびれや麻痺はありますか？
Caller: 頭痛のことしか聞けておらず、そこまではまだ確認できていません。",False,True,False,0,3,0,is_numbness,is_numbness,High,Low,High
numbness_3_1974,"Dispatcher: 片方の腕や足が動かしにくい様子はありますか？
Caller: 今こちらに向かっている途中で、しびれや麻痺があるかどうかはまだ分からないです。",False,True,False,0,3,0,is_numbness,is_numbness,High,Low,High
numbness_3_1975,"Dispatcher: 手足のしびれや麻痺はありますか？
Caller: それはまだ分かりません。",False,True,False,0,3,0,is_numbness,is_numbness,High,Low,Low
numbness_0_1976,"Dispatcher: 頭の痛みは、突然起こった激しい痛みですか？
Caller: はい、さっきまで普通だったのに急に頭を抱えて、耐えられないほど痛いと言っています。",False,True,False,0,0,0,is_numbness,is_sudden_severe,High,Low,Low
numbness_0_1977,"Dispatcher: 普段と違う振る舞いや様子はありますか？
Caller: いいえ、受け答えはいつも通りで、変わった行動もありません。",False,True,False,0,0,0,is_numbness,is_behavior,High,High,Low
numbness_0_1978,"Dispatcher: 頭の痛みは、急に出た強い痛みですか？
Caller: いいえ、昨日から続いている鈍い頭痛で、突然ひどくなったわけではないです。",False,True,False,0,0,0,is_numbness,is_sudden_severe,High,Low,High
numbness_0_1979,"Dispatcher: いきなり我慢できないほどの頭痛になった感じですか？
Caller: はい、急に叫ぶように痛がって、今までにない強さだと言っています。",False,True,False,0,0,0,is_numbness,is_sudden_severe,Low,High,Low
numbness_0_1980,"Dispatcher: 何かいつもと違う様子はありますか？
Caller: はい、弟が質問にうまく答えられず、ぼんやりしていて普段と明らかに違います。",False,True,False,0,0,0,is_numbness,is_behavior,Low,Low,Low
numbness_1_1981,"Dispatcher: 体のどこか動かしにくい感じはありますか？
Caller: はい、本人が右手に力が入らなくてしびれると言っています。",False,True,False,0,1,0,is_numbness,is_numbness,Low,Low,Low
numbness_1_1982,"Dispatcher: しびれや麻痺のような症状はありますか？
Caller: はい、父は左腕と左足がしびれていて、コップも持てない状態です。",False,True,False,0,1,0,is_numbness,is_numbness,Low,High,High
numbness_1_1983,"Dispatcher: 手足のしびれや麻痺はありますか？
Caller: はい、左足がしびれてうまく踏ん張れないようです。",False,True,False,0,1,0,is_numbness,is_numbness,High,Low,Low
numbness_1_1984,"Dispatcher: 片側の手足にしびれや動かしにくさはありますか？
Caller: あります、右腕がしびれて持ち上げにくいみたいです。",False,True,False,0,1,0,is_numbness,is_numbness,High,Low,Low
numbness_1_1985,"Dispatcher: 普通に手足は使えていますか？
Caller: いいえ、母は左手がしびれていて、うまく動かせません。",False,True,False,0,1,0,is_numbness,is_numbness,Low,High,Low
numbness_2_1986,"Dispatcher: 体のどこか動かしにくい感じはありますか？
Caller: いいえ、しびれも麻痺もないと言っています。",False,True,False,0,2,0,is_numbness,is_numbness,Low,Low,Low
numbness_2_1987,"Dispatcher: 手足のしびれや麻痺はありますか？
Caller: いいえ、両手両足とも普通に動いていて、しびれもありません。",False,True,False,0,2,0,is_numbness,is_numbness,High,High,Low
numbness_2_1988,"Dispatcher: 片側の手足にしびれや力の入りにくさはありますか？
Caller: いいえ、手足は問題なく動いていて、しびれもないです。",False,True,False,0,2,0,is_numbness,is_numbness,High,Low,Low
numbness_2_1989,"Dispatcher: どこか感覚がおかしいとか、力が入らない様子はありますか？
Caller: ありません。妻は頭痛はありますが、手足のしびれも麻痺も見られません。",False,True,False,0,2,0,is_numbness,is_numbness,Low,High,High
numbness_2_1990,"Dispatcher: 手や足に変な感じは出ていますか？
Caller: いえ、頭が痛いだけで、しびれたり動かしにくかったりはしていません。",False,True,False,0,2,0,is_numbness,is_numbness,Low,Low,High
numbness_3_1991,"Dispatcher: しびれや麻痺はありますか？
Caller: そこはまだ分かりません。本人から頭が痛いとだけ連絡が来ています。",False,True,False,0,3,0,is_numbness,is_numbness,Low,Low,Low
numbness_3_1992,"Dispatcher: 手足は普通に動いていますか？
Caller: 職場から電話が来ただけで、しびれがあるかまでは確認できていません。",False,True,False,0,3,0,is_numbness,is_numbness,Low,Low,High
numbness_3_1993,"Dispatcher: 手足のしびれや麻痺はありますか？
Caller: 今は本人が別の部屋にいて、しびれや動かしにくさがあるかは見えていません。",False,True,False,0,3,0,is_numbness,is_numbness,High,Low,High
numbness_3_1994,"Dispatcher: 体の様子で気になることはありますか？
Caller: 頭痛以外はまだ聞けておらず、手足のしびれや麻痺の有無は分かりません。",False,True,False,0,3,0,is_numbness,is_numbness,Low,High,High
numbness_3_1995,"Dispatcher: 片側の手足にしびれや動かしにくさがあるか見られますか？
Caller: 今は電話越しでしか分からず、しびれや麻痺があるかは確認できません。",False,True,False,0,3,0,is_numbness,is_numbness,High,High,Low
numbness_0_1996,"Dispatcher: 普段と違う振る舞いや様子はありますか？
Caller: はい、返事がちぐはぐで、いつもよりぼんやりしています。",False,True,False,0,0,0,is_numbness,is_behavior,High,Low,Low
numbness_0_1997,"Dispatcher: 受け答えが変だったり、いつもと違う行動はありますか？
Caller: いいえ、同僚は頭痛を訴えていますが、会話も普段どおりで様子は変わりません。",False,True,False,0,0,0,is_numbness,is_behavior,High,High,High
numbness_0_1998,"Dispatcher: いつもの頭痛ではなく、急にひどくなった感じですか？
Caller: はい、さっき急に今までで一番痛いと言って、その場にしゃがみ込みました。",False,True,False,0,0,0,is_numbness,is_sudden_severe,Low,High,High
numbness_0_1999,"Dispatcher: 軽い痛みではなく、急に強い頭痛が出たんですか？
Caller: そうです。会議中に突然、頭が割れるほど痛いと言い出しました。",False,True,False,0,0,0,is_numbness,is_sudden_severe,Low,Low,High
numbness_0_2000,"Dispatcher: 普段と違う振る舞いや様子はありますか？
Caller: いいえ、受け答えはいつもどおりで、変わった行動はありません。",False,True,False,0,0,0,is_numbness,is_behavior,High,Low,Low
numbness_1_2001,"Dispatcher: 手足のしびれや麻痺はありますか？
Caller: はい、弟は片方の腕がしびれて、力も入りにくいようです。",False,True,False,0,1,0,is_numbness,is_numbness,High,Low,High
numbness_1_2002,"Dispatcher: 手足のしびれや麻痺はありますか？
Caller: はい、夫は右半身がしびれると言っていて、右手で物をつかめません。",False,True,False,0,1,0,is_numbness,is_numbness,High,High,Low
numbness_1_2003,"Dispatcher: ちゃんと歩けていますか？
Caller: いいえ、友人は左足がしびれて力が入らず、ふらついています。",False,True,False,0,1,0,is_numbness,is_numbness,Low,High,High
numbness_1_2004,"Dispatcher: 片側の手足にしびれや動かしにくさはありますか？
Caller: はい、母は左腕がしびれていて、箸を持とうとしても落としてしまいます。",False,True,False,0,1,0,is_numbness,is_numbness,High,High,High
numbness_1_2005,"Dispatcher: 手足のしびれや麻痺はありますか？
Caller: あります。上司が右足の感覚がおかしいと言っていて、立ってもすぐ崩れそうになります。",False,True,False,0,1,0,is_numbness,is_numbness,High,High,High
numbness_2_2006,"Dispatcher: 普通に手足は使えていますか？
Caller: はい、しびれも麻痺もなく、両手足とも問題なく動いています。",False,True,False,0,2,0,is_numbness,is_numbness,Low,High,Low
numbness_2_2007,"Dispatcher: どこか力が入らないところはありますか？
Caller: ないです。頭痛はありますが、手足は普段どおり動いています。",False,True,False,0,2,0,is_numbness,is_numbness,Low,Low,High
numbness_2_2008,"Dispatcher: 手足のしびれや麻痺はありますか？
Caller: いいえ、しびれも動かしにくさもありません。",False,True,False,0,2,0,is_numbness,is_numbness,High,Low,Low
numbness_2_2009,"Dispatcher: 片側の手足にしびれや力の入りにくさはありますか？
Caller: いいえ、父は左右とも普通に動かせていて、感覚の異常も訴えていません。",False,True,False,0,2,0,is_numbness,is_numbness,High,High,High
numbness_2_2010,"Dispatcher: 体に変わった感じは出ていますか？
Caller: いえ、頭痛だけで、しびれたり麻痺したりはしていません。",False,True,False,0,2,0,is_numbness,is_numbness,Low,Low,High
numbness_3_2011,"Dispatcher: しびれや麻痺はありますか？
Caller: しびれや麻痺があるかは分かりません。",False,True,False,0,3,0,is_numbness,is_numbness,High,Low,Low
numbness_3_2012,"Dispatcher: 普通に歩けているということでよいですか？
Caller: 職場から連絡を受けただけで現場にいないので、手足のしびれや動かしにくさは確認できていません。",False,True,False,0,3,0,is_numbness,is_numbness,Low,High,High
numbness_3_2013,"Dispatcher: 体の様子で気になることはありますか？
Caller: 頭が痛いとしか聞いておらず、しびれがあるかは分かりません。",False,True,False,0,3,0,is_numbness,is_numbness,Low,Low,Low
numbness_3_2014,"Dispatcher: ちゃんと両手を動かせていますか？
Caller: 友人からメッセージが来ただけで見えていないので、手足のしびれや麻痺は確認できません。",False,True,False,0,3,0,is_numbness,is_numbness,Low,High,High
numbness_3_2015,"Dispatcher: ふらつかずに動けていますか？
Caller: 別の部屋にいる同僚から電話で知らされただけなので、しびれや片側の動かしにくさがあるかは分かりません。",False,True,False,0,3,0,is_numbness,is_numbness,Low,High,High
numbness_0_2016,"Dispatcher: 何か変わったことはありますか？
Caller: 頭が痛いこと以外はまだ分からず、普段と違う様子かどうかは確認できていません。",False,True,False,0,0,0,is_numbness,is_behavior,Low,Low,Low
numbness_0_2017,"Dispatcher: いつもの頭痛という感じですか？
Caller: いいえ、さっき急に我慢できないくらい強い頭痛が来たと本人が言っています。",False,True,False,0,0,0,is_numbness,is_sudden_severe,Low,High,Low
numbness_0_2018,"Dispatcher: 普段と違う振る舞いや様子はありますか？
Caller: いいえ、受け答えも行動もいつも通りです。",False,True,False,0,0,0,is_numbness,is_behavior,High,High,Low
numbness_0_2019,"Dispatcher: 普段と違う振る舞いや様子はありますか？
Caller: はい、夫が同じことを何度も聞き返してきて、いつもより明らかに様子がおかしいです。",False,True,False,0,0,0,is_numbness,is_behavior,High,Low,High
numbness_0_2020,"Dispatcher: 普段と違う振る舞いや様子はありますか？
Caller: いいえ、話し方も動きも普段と変わりません。",False,True,False,0,0,0,is_numbness,is_behavior,High,High,Low
numbness_1_2021,"Dispatcher: しびれや麻痺はありますか？
Caller: はい、左手がしびれて力も入りにくいです。",False,True,False,0,1,0,is_numbness,is_numbness,Low,Low,Low
numbness_1_2022,"Dispatcher: 手足のしびれや麻痺はありますか？
Caller: はい、母が右足がしびれてうまく踏ん張れないと言っています。",False,True,False,0,1,0,is_numbness,is_numbness,High,Low,High
numbness_1_2023,"Dispatcher: ちゃんと両手足を動かせていますか？
Caller: いや、弟は片方の腕がしびれて動かしづらそうです。",False,True,False,0,1,0,is_numbness,is_numbness,Low,Low,High
numbness_1_2024,"Dispatcher: しびれや麻痺はありますか？
Caller: はい、片側の足にしびれがあります。",False,True,False,0,1,0,is_numbness,is_numbness,Low,Low,Low
numbness_1_2025,"Dispatcher: 手足のしびれや動かしにくさは見られますか？
Caller: はい、同僚が右手に力が入らないと言っていて、しびれもあるようです。",False,True,False,0,1,0,is_numbness,is_numbness,High,Low,High
numbness_2_2026,"Dispatcher: 手足のしびれや麻痺はありますか？
Caller: いいえ、しびれや麻痺はないそうです。",False,True,False,0,2,0,is_numbness,is_numbness,High,Low,Low
numbness_2_2027,"Dispatcher: 手足のしびれや麻痺はありますか？
Caller: いいえ、父は手も足も普通に動かせていて、しびれも訴えていません。",False,True,False,0,2,0,is_numbness,is_numbness,High,Low,High
numbness_2_2028,"Dispatcher: 手足のしびれや麻痺はありますか？
Caller: いいえ、そういう症状はありません。",False,True,False,0,2,0,is_numbness,is_numbness,High,Low,Low
numbness_2_2029,"Dispatcher: 片側の手足にしびれや動かしにくさはありますか？
Caller: いいえ、妻の両手両足とも問題なく動いていて、しびれもありません。",False,True,False,0,2,0,is_numbness,is_numbness,High,High,High
numbness_2_2030,"Dispatcher: 普通に手足は動いていますか？
Caller: はい、しびれも麻痺もなく普通に動けています。",False,True,False,0,2,0,is_numbness,is_numbness,Low,High,Low
numbness_3_2031,"Dispatcher: 手足に変な感じは出ていますか？
Caller: 今は本人がトイレにこもっていて様子が見えないので、しびれや麻痺があるかは確認できません。",False,True,False,0,3,0,is_numbness,is_numbness,Low,High,High
numbness_3_2032,"Dispatcher: しびれや麻痺はありますか？
Caller: そこはまだ分かりません。",False,True,False,0,3,0,is_numbness,is_numbness,Low,Low,Low
numbness_3_2033,"Dispatcher: 手足のしびれや麻痺はありますか？
Caller: 今は電話越しに話しているだけで姿が見えないので、しびれや麻痺の有無は確認できません。",False,True,False,0,3,0,is_numbness,is_numbness,High,High,High
numbness_3_2034,"Dispatcher: 普通に歩けていますか？
Caller: そこまでは見ていなくて、しびれがあるかどうかは分かりません。",False,True,False,0,3,0,is_numbness,is_numbness,Low,Low,High
numbness_3_2035,"Dispatcher: 片手だけ力が入らないようなことはありますか？
Caller: 友達から頭痛の連絡が来ただけなので、手足の感覚や動きまでは確認できていません。",False,True,False,0,3,0,is_numbness,is_numbness,Low,Low,High
numbness_0_2036,"Dispatcher: 普段と違う振る舞いや様子はありますか？
Caller: 今日はまだ直接会えていないので、いつもと違う様子かどうかは分かりません。",False,True,False,0,0,0,is_numbness,is_behavior,High,Low,Low
numbness_0_2037,"Dispatcher: 頭の痛みは、突然起こった激しい痛みですか？
Caller: いいえ、朝から少しずつ痛くなってきたようで、急に強く出た感じではありません。",False,True,False,0,0,0,is_numbness,is_sudden_severe,High,Low,High
numbness_0_2038,"Dispatcher: 頭の痛みは、突然起こった激しい痛みですか？
Caller: はい、さっきまで普通だったのに急に耐えられないほど痛いと言い出しました。",False,True,False,0,0,0,is_numbness,is_sudden_severe,High,Low,Low
numbness_0_2039,"Dispatcher: いつもの軽い頭痛ということでよいですか？
Caller: いいえ、会議中に突然ひどい頭痛が来て、本人も今までで一番痛いと言っています。",False,True,False,0,0,0,is_numbness,is_sudden_severe,Low,Low,High
numbness_0_2040,"Dispatcher: いつもの頭痛という感じですか？
Caller: はい、急にではなく昼頃からだんだん痛くなってきたようです。",False,True,False,0,0,0,is_numbness,is_sudden_severe,Low,High,Low
numbness_1_2041,"Dispatcher: 手足のしびれや麻痺はありますか？
Caller: はい、本人が右手にしびれがあって力も入りにくいと言っています。",False,True,False,0,1,0,is_numbness,is_numbness,High,Low,Low
numbness_1_2042,"Dispatcher: 体は普段どおり動かせていますか？
Caller: いいえ、左腕がしびれて動かしにくいようです。",False,True,False,0,1,0,is_numbness,is_numbness,Low,Low,Low
numbness_1_2043,"Dispatcher: 片側だけ動かしにくい感じはありますか？
Caller: はい、右足がしびれてうまく踏ん張れないと言っています。",False,True,False,0,1,0,is_numbness,is_numbness,Low,Low,Low
numbness_1_2044,"Dispatcher: ちゃんと両手足は使えていますか？
Caller: さっきから左手だけ感覚がおかしくて、コップも持ちにくい状態です。",False,True,False,0,1,0,is_numbness,is_numbness,Low,High,High
numbness_1_2045,"Dispatcher: 手足のしびれや麻痺はありますか？
Caller: はい、片方の足がしびれて力が入りにくいです。",False,True,False,0,1,0,is_numbness,is_numbness,High,Low,Low
numbness_2_2046,"Dispatcher: 手足のしびれや麻痺はありますか？
Caller: いいえ、両手両足とも普通に動いていて、しびれもないです。",False,True,False,0,2,0,is_numbness,is_numbness,High,High,High
numbness_2_2047,"Dispatcher: 歩き方や手の動きはいつもどおりですか？
Caller: はい、しびれたり力が入らない様子は見ていません。",False,True,False,0,2,0,is_numbness,is_numbness,Low,Low,High
numbness_2_2048,"Dispatcher: 手足のしびれや麻痺はありますか？
Caller: いいえ、腕も足も問題なく動かせています。",False,True,False,0,2,0,is_numbness,is_numbness,High,Low,High
numbness_2_2049,"Dispatcher: 片側だけ使いにくい感じはありますか？
Caller: ありません。左右とも同じように動いていて麻痺もなさそうです。",False,True,False,0,2,0,is_numbness,is_numbness,Low,High,High
numbness_2_2050,"Dispatcher: 体の動きは普段どおりですか？
Caller: はい、しびれとか動かしづらさはないみたいです。",False,True,False,0,2,0,is_numbness,is_numbness,Low,Low,High
numbness_3_2051,"Dispatcher: 手足のしびれや麻痺はありますか？
Caller: 今は本人のそばにいないので、しびれや麻痺があるかは確認できません。",False,True,False,0,3,0,is_numbness,is_numbness,High,High,Low
numbness_3_2052,"Dispatcher: 普通に歩けていますか？
Caller: そこは分かりません。しびれや動かしにくさはまだ確認できていません。",False,True,False,0,3,0,is_numbness,is_numbness,Low,Low,Low
numbness_3_2053,"Dispatcher: 右手や足に力が入りにくい様子はありますか？
Caller: 電話で頭痛と聞いただけで、手足の状態までは分かりません。",False,True,False,0,3,0,is_numbness,is_numbness,Low,Low,High
numbness_3_2054,"Dispatcher: 手足のしびれや麻痺はありますか？
Caller: 別室にいて姿が見えないので、しびれや麻痺の有無は分かりません。",False,True,False,0,3,0,is_numbness,is_numbness,High,High,Low
numbness_3_2055,"Dispatcher: 片側の手足にしびれはありますか？
Caller: 本人から頭が痛いとしか聞いておらず、しびれがあるかは確認できていません。",False,True,False,0,3,0,is_numbness,is_numbness,High,Low,Low
numbness_0_2056,"Dispatcher: 頭の痛みは、突然起こった激しい痛みですか？
Caller: はい、さっき急に今までにないくらい強い頭痛が来たと家族が言っています。",False,True,False,0,0,0,is_numbness,is_sudden_severe,High,High,Low
numbness_0_2057,"Dispatcher: 受け答えが変だったり、普段と違う行動はありますか？
Caller: いいえ、会話も普通で、いつもと変わった様子はありません。",False,True,False,0,0,0,is_numbness,is_behavior,Low,High,High
numbness_0_2058,"Dispatcher: 何か変わった様子はありますか？
Caller: いえ、普段どおりでおかしな振る舞いはしていません。",False,True,False,0,0,0,is_numbness,is_behavior,Low,Low,Low
numbness_0_2059,"Dispatcher: 普段と違う振る舞いや様子はありますか？
Caller: 今日はまだ直接会えていないので、いつもと違う様子かどうかは分かりません。",False,True,False,0,0,0,is_numbness,is_behavior,High,High,Low
numbness_0_2060,"Dispatcher: いつもの頭痛ではなく、急に強く出た感じですか？
Caller: 近くにいないので、突然だったのか痛みがどれほど強いのかまでは確認できません。",False,True,False,0,0,0,is_numbness,is_sudden_severe,Low,High,Low
numbness_1_2061,"Dispatcher: 体のどこか動かしにくいところはありますか？
Caller: あります、左手がしびれてうまく握れないそうです。",False,True,False,0,1,0,is_numbness,is_numbness,Low,Low,High
numbness_1_2062,"Dispatcher: 歩き方は普通ですか？
Caller: いや、右足がしびれてふらついています。",False,True,False,0,1,0,is_numbness,is_numbness,Low,Low,High
numbness_1_2063,"Dispatcher: いつもどおり手は使えていますか？
Caller: いいえ、片方の腕に力が入らないみたいです。",False,True,False,0,1,0,is_numbness,is_numbness,Low,Low,High
numbness_1_2064,"Dispatcher: 手足のしびれや麻痺はありますか？
Caller: はい、左半身がしびれていて、左腕がうまく上がりません。",False,True,False,0,1,0,is_numbness,is_numbness,High,High,Low
numbness_1_2065,"Dispatcher: 手足のしびれや麻痺はありますか？
Caller: はい、同僚が急に右手の感覚が鈍いと言い出して、ペンも落としてしまいます。",False,True,False,0,1,0,is_numbness,is_numbness,High,High,High
numbness_2_2066,"Dispatcher: 手足のしびれや麻痺はありますか？
Caller: いいえ、しびれはなく、手足も普段どおりしっかり動いています。",False,True,False,0,2,0,is_numbness,is_numbness,High,High,Low
numbness_2_2067,"Dispatcher: 手足のしびれや麻痺はありますか？
Caller: ありません。両腕も両足も普通に動かせていて、力も入っています。",False,True,False,0,2,0,is_numbness,is_numbness,High,High,High
numbness_2_2068,"Dispatcher: 手足のしびれや麻痺はありますか？
Caller: いいえ、しびれは訴えておらず、コップも普通に持てています。",False,True,False,0,2,0,is_numbness,is_numbness,High,Low,High
numbness_2_2069,"Dispatcher: 片側だけ動かしにくいことはありますか？
Caller: ないです。左右とも問題なく動いています。",False,True,False,0,2,0,is_numbness,is_numbness,High,Low,High
numbness_2_2070,"Dispatcher: 体は普段どおり使えていますか？
Caller: はい、しびれも麻痺もなく普通に動けています。",False,True,False,0,2,0,is_numbness,is_numbness,Low,Low,High
numbness_3_2071,"Dispatcher: 普通に手足は動かせていますか？
Caller: すぐそばで見ていないので、しびれや麻痺があるかは確認できません。",False,True,False,0,3,0,is_numbness,is_numbness,Low,High,Low
numbness_3_2072,"Dispatcher: 体にしびれはなさそうですか？
Caller: 電話で聞いただけで、しびれや動かしにくさがあるかは分かりません。",False,True,False,0,3,0,is_numbness,is_numbness,Low,High,Low
numbness_3_2073,"Dispatcher: 手足のしびれや麻痺はありますか？
Caller: 頭が痛いとは言っていますが、手足のことまではまだ確認できていません。",False,True,False,0,3,0,is_numbness,is_numbness,High,Low,Low
numbness_3_2074,"Dispatcher: まっすぐ歩けていますか？
Caller: 今は職場の別フロアにいて様子が見えず、手足のしびれや麻痺は分かりません。",False,True,False,0,3,0,is_numbness,is_numbness,Low,High,High
numbness_3_2075,"Dispatcher: 手足のしびれや麻痺はありますか？
Caller: 本人が部屋にこもっていて確認できず、しびれや麻痺があるかは分かりません。",False,True,False,0,3,0,is_numbness,is_numbness,High,High,Low
numbness_0_2076,"Dispatcher: 頭の痛みは、突然起こった激しい痛みですか？
Caller: はい、さっき急に今までにないくらい強い頭痛が来たと家族が言っています。",False,True,False,0,0,0,is_numbness,is_sudden_severe,High,High,Low
numbness_0_2077,"Dispatcher: いつもの頭痛という感じですか？
Caller: メッセージで頭が痛いと来ただけで、急に強くなったのかはまだ分かりません。",False,True,False,0,0,0,is_numbness,is_sudden_severe,Low,Low,High
numbness_0_2078,"Dispatcher: いつもの軽い頭痛ということでよいですか？
Caller: はい、急にではなく朝からじわじわ痛んでいて、我慢できないほどではないそうです。",False,True,False,0,0,0,is_numbness,is_sudden_severe,Low,High,High
numbness_0_2079,"Dispatcher: 激しい痛みが突然起こりましたか？
Caller: いいえ、前からある頭痛が少し強くなっただけで、急にひどくなったわけではありません。",False,True,False,0,0,0,is_numbness,is_sudden_severe,Low,High,Low
numbness_0_2080,"Dispatcher: 急にひどい頭痛になった感じですか？
Caller: はい、同僚が突然頭を押さえて、耐えられないくらい痛いと言っています。",False,True,False,0,0,0,is_numbness,is_sudden_severe,Low,Low,Low
numbness_1_2081,"Dispatcher: 片側の手足にしびれや力の入りにくさはありますか？
Caller: はい、母が右腕と右足がしびれて力が入らないと言っています。",False,True,False,0,1,0,is_numbness,is_numbness,High,High,High
numbness_1_2082,"Dispatcher: 普通に歩けていますか？
Caller: いいえ、夫は左足がしびれると言っていて、ふらついています。",False,True,False,0,1,0,is_numbness,is_numbness,Low,Low,High
numbness_1_2083,"Dispatcher: しびれや麻痺はありますか？
Caller: はい、左手がしびれてうまく動かせないそうです。",False,True,False,0,1,0,is_numbness,is_numbness,Low,High,Low
numbness_1_2084,"Dispatcher: 体の動きにおかしなところはありますか？
Caller: あります、友人が片方の腕に力が入らないと言っています。",False,True,False,0,1,0,is_numbness,is_numbness,Low,Low,High
numbness_1_2085,"Dispatcher: しびれや麻痺はありますか？
Caller: はい、父が右半身がしびれると言っていて、手もうまく握れません。",False,True,False,0,1,0,is_numbness,is_numbness,Low,High,Low
numbness_2_2086,"Dispatcher: 手足のしびれや麻痺はありますか？
Caller: いいえ、しびれも麻痺もなく、手足は普通に動かせています。",False,True,False,0,2,0,is_numbness,is_numbness,High,High,Low
numbness_2_2087,"Dispatcher: 片側の手足が動かしにくい様子はありますか？
Caller: いいえ、妻は両手両足とも問題なく動かせていて、しびれもないです。",False,True,False,0,2,0,is_numbness,is_numbness,High,High,High
numbness_2_2088,"Dispatcher: しびれはなさそうですか？
Caller: はい、手足のしびれや動かしにくさはないと言っています。",False,True,False,0,2,0,is_numbness,is_numbness,Low,Low,Low
numbness_2_2089,"Dispatcher: 手足のしびれや麻痺はありますか？
Caller: いいえ、弟は感覚も普通で、麻痺した感じはありません。",False,True,False,0,2,0,is_numbness,is_numbness,High,High,High
numbness_2_2090,"Dispatcher: 体のどこかに力が入らない感じはありますか？
Caller: いいえ、同僚はしびれもなく、腕も脚も普段どおり動いています。",False,True,False,0,2,0,is_numbness,is_numbness,Low,High,High
numbness_3_2091,"Dispatcher: 体の様子で気になることはありますか？
Caller: 頭痛の連絡だけ受けていて、しびれがあるかどうかはまだ聞けていません。",False,True,False,0,3,0,is_numbness,is_numbness,Low,Low,High
numbness_3_2092,"Dispatcher: 手足のしびれや麻痺はありますか？
Caller: 本人とまだ会話できていないので、その点は分かりません。",False,True,False,0,3,0,is_numbness,is_numbness,High,Low,Low
numbness_3_2093,"Dispatcher: 片腕が上がらないとか、足がしびれる様子はありますか？
Caller: 今は隣の建物にいて本人が見えないので、しびれや麻痺があるか確認できません。",False,True,False,0,3,0,is_numbness,is_numbness,High,High,High
numbness_3_2094,"Dispatcher: しびれはありますか？
Caller: そこはまだ分かりません。",False,True,False,0,3,0,is_numbness,is_numbness,Low,Low,Low
numbness_3_2095,"Dispatcher: ちゃんと手足を動かせていますか？
Caller: ビデオ通話ではなく音声だけなので、しびれや動かしにくさは確認できていません。",False,True,False,0,3,0,is_numbness,is_numbness,Low,Low,High
numbness_0_2096,"Dispatcher: いつもの頭痛という感じですか？
Caller: はい、娘は昨日から少しずつ痛くなったと言っていて、急に激しく出た頭痛ではありません。",False,True,False,0,0,0,is_numbness,is_sudden_severe,Low,High,High
numbness_0_2097,"Dispatcher: 頭の痛みは、突然起こった激しい痛みですか？
Caller: 本人から頭痛とだけ電話があって、急に始まったのか強さまでは分かりません。",False,True,False,0,0,0,is_numbness,is_sudden_severe,High,Low,High
numbness_0_2098,"Dispatcher: 何か変わったことはありますか？
Caller: 連絡を受けただけでまだ会えていないので、普段と違う様子があるかは分かりません。",False,True,False,0,0,0,is_numbness,is_behavior,Low,Low,High
numbness_0_2099,"Dispatcher: いつもと違う振る舞いはありますか？
Caller: はい、夫が質問にうまく答えられず、落ち着きなく同じことを繰り返しています。",False,True,False,0,0,0,is_numbness,is_behavior,Low,Low,Low
numbness_0_2100,"Dispatcher: 普通に受け答えできていますか？
Caller: 電話では頭が痛いとしか聞いておらず、普段と違う様子かどうかは確認できません。",False,True,False,0,0,0,is_numbness,is_behavior,Low,Low,High
numbness_1_2101,"Dispatcher: 片手だけ動かしにくいとか、そういう様子はありますか？
Caller: はい、夫が左腕がしびれて力が入らないと言っています。",False,True,False,0,1,0,is_numbness,is_numbness,Low,High,High
numbness_1_2102,"Dispatcher: 手足のしびれや麻痺はありますか？
Caller: ええ、母は右足がしびれてうまく踏ん張れないようです。",False,True,False,0,1,0,is_numbness,is_numbness,High,Low,High
numbness_1_2103,"Dispatcher: しびれや麻痺はありますか？
Caller: はい、弟の右手がしびれていて持ち上げにくそうです。",False,True,False,0,1,0,is_numbness,is_numbness,High,High,Low
numbness_1_2104,"Dispatcher: 普通に両手両足は使えていますか？
Caller: いいえ、同僚は片方の手に力が入りにくいみたいです。",False,True,False,0,1,0,is_numbness,is_numbness,Low,Low,High
numbness_1_2105,"Dispatcher: 手足のしびれや麻痺はありますか？
Caller: はい、父の左足がしびれて動かしにくいです。",False,True,False,0,1,0,is_numbness,is_numbness,High,High,Low
numbness_2_2106,"Dispatcher: 手足のしびれや麻痺はありますか？
Caller: いいえ、しびれはなく手足は動かせています。",False,True,False,0,2,0,is_numbness,is_numbness,High,Low,Low
numbness_2_2107,"Dispatcher: 片側だけ変な感じは出ていますか？
Caller: いえ、友人は手足の違和感はないと言っています。",False,True,False,0,2,0,is_numbness,is_numbness,Low,Low,High
numbness_2_2108,"Dispatcher: 手足のしびれや麻痺はありますか？
Caller: いいえ、しびれも麻痺もありません。",False,True,False,0,2,0,is_numbness,is_numbness,High,High,Low
numbness_2_2109,"Dispatcher: 体のどこか動かしにくいところはありますか？
Caller: いいえ、妹は手足を普通に動かせていてしびれもないです。",False,True,False,0,2,0,is_numbness,is_numbness,Low,High,Low
numbness_2_2110,"Dispatcher: 片側の手足がしびれる、力が入らないといったことはありますか？
Caller: ありません。夫は頭痛はありますが、両手両足とも普段どおり動いています。",False,True,False,0,2,0,is_numbness,is_numbness,High,High,High
numbness_3_2111,"Dispatcher: ちゃんと歩けていますか？
Caller: そこは見ていなくて、しびれがあるかどうかは分かりません。",False,True,False,0,3,0,is_numbness,is_numbness,Low,Low,High
numbness_3_2112,"Dispatcher: 手足のしびれや麻痺はありますか？
Caller: 今は本人から頭が痛いと連絡があっただけで、しびれや麻痺は確認できていません。",False,True,False,0,3,0,is_numbness,is_numbness,High,Low,High
numbness_3_2113,"Dispatcher: 手足のしびれや麻痺はありますか？
Caller: 本人のそばにいないので、しびれや麻痺があるかは分かりません。",False,True,False,0,3,0,is_numbness,is_numbness,High,Low,Low
numbness_3_2114,"Dispatcher: 手足のしびれや麻痺はありますか？
Caller: まだそこまでは確認できていません。",False,True,False,0,3,0,is_numbness,is_numbness,High,Low,Low
numbness_3_2115,"Dispatcher: 片側の手足にしびれや動かしにくさがあるか見られますか？
Caller: 別の部屋から連絡を受けただけで姿が見えていないので、しびれや麻痺の有無は分かりません。",False,True,False,0,3,0,is_numbness,is_numbness,High,High,High
numbness_0_2116,"Dispatcher: 何かいつもと違う振る舞いはありますか？
Caller: はい、父が質問にうまく答えられず、ぼんやりしていて普段と明らかに違います。",False,True,False,0,0,0,is_numbness,is_behavior,Low,High,Low
numbness_0_2117,"Dispatcher: 頭の痛みは、突然起こった激しい痛みですか？
Caller: 職場から電話が来ただけで、急に始まったのか痛みがどれほど強いのかまでは分かりません。",False,True,False,0,0,0,is_numbness,is_sudden_severe,High,High,High
numbness_0_2118,"Dispatcher: 頭の痛みは、突然起こった激しい痛みですか？
Caller: 本人から頭痛とだけ連絡があり、突然だったか激しいかは分かりません。",False,True,False,0,0,0,is_numbness,is_sudden_severe,High,High,Low
numbness_0_2119,"Dispatcher: 受け答えが変だったり、いつもと違う様子はありますか？
Caller: 今は電話で聞いただけなので、普段と違う振る舞いがあるかは確認できません。",False,True,False,0,0,0,is_numbness,is_behavior,Low,High,High
numbness_0_2120,"Dispatcher: さっきまで普通だったのに急にひどく痛くなった感じですか？
Caller: いいえ、妻は朝からじわじわ痛いと言っていて、急にひどくなったわけではありません。",False,True,False,0,0,0,is_numbness,is_sudden_severe,Low,High,Low
numbness_1_2121,"Dispatcher: 体のどこか動かしづらいところはありますか？
Caller: はい、母が右手に力が入りにくいと言っています。",False,True,False,0,1,0,is_numbness,is_numbness,Low,Low,Low
numbness_1_2122,"Dispatcher: 手足のしびれや麻痺はありますか？
Caller: はい、兄は左足がしびれると言っています。",False,True,False,0,1,0,is_numbness,is_numbness,High,Low,Low
numbness_1_2123,"Dispatcher: 片方の手足だけ変な感じはありますか？
Caller: はい、友人は右半身がしびれて腕に力が入りにくいです。",False,True,False,0,1,0,is_numbness,is_numbness,Low,High,High
numbness_1_2124,"Dispatcher: 手足のしびれや麻痺はありますか？
Caller: はい、妻の左手がしびれて動かしにくいようです。",False,True,False,0,1,0,is_numbness,is_numbness,High,Low,Low
numbness_1_2125,"Dispatcher: まっすぐ立てていますか？
Caller: いや、弟が足先のしびれを訴えていて踏ん張りにくそうです。",False,True,False,0,1,0,is_numbness,is_numbness,Low,Low,High
numbness_2_2126,"Dispatcher: 片側の手足がうまく使えない感じはありますか？
Caller: いいえ、父は手足のしびれもなく普通に動かせています。",False,True,False,0,2,0,is_numbness,is_numbness,Low,High,Low
numbness_2_2127,"Dispatcher: 手足のしびれや麻痺はありますか？
Caller: いいえ。母は頭を痛がっていますが、腕も脚も問題なく動いていてしびれはないです。",False,True,False,0,2,0,is_numbness,is_numbness,High,High,High
numbness_2_2128,"Dispatcher: 体のどこか感覚が鈍いとか、力が入りにくいところはありますか？
Caller: ありません。同僚はしびれは訴えておらず、手足も普段どおり動かせています。",False,True,False,0,2,0,is_numbness,is_numbness,Low,High,High
numbness_2_2129,"Dispatcher: 手足のしびれや麻痺はありますか？
Caller: いいえ、しびれも麻痺もありません。",False,True,False,0,2,0,is_numbness,is_numbness,High,High,Low
numbness_2_2130,"Dispatcher: どちらかの手足だけ変な感じはありますか？
Caller: いいえ、友人は頭痛だけで手足のしびれや動かしにくさはないです。",False,True,False,0,2,0,is_numbness,is_numbness,Low,High,High
numbness_3_2131,"Dispatcher: 手足のしびれや麻痺はありますか？
Caller: まだそこは確認できておらず、しびれや麻痺があるかは分かりません。",False,True,False,0,3,0,is_numbness,is_numbness,High,Low,Low
numbness_3_2132,"Dispatcher: 手足のしびれや麻痺はありますか？
Caller: 本人が頭痛を訴えているだけで、しびれや麻痺の有無までは分かりません。",False,True,False,0,3,0,is_numbness,is_numbness,High,Low,Low
numbness_3_2133,"Dispatcher: 手足のしびれや麻痺はありますか？
Caller: 今は別の部屋にいて様子が見えないので、しびれや麻痺があるか確認できません。",False,True,False,0,3,0,is_numbness,is_numbness,High,High,Low
numbness_3_2134,"Dispatcher: 片側の手足がしびれるとか、動かしにくい様子はありますか？
Caller: さっきメッセージで頭が痛いと来ただけで、手足の状態までは聞けていません。",False,True,False,0,3,0,is_numbness,is_numbness,High,Low,High
numbness_3_2135,"Dispatcher: 普通に両手足は使えていますか？
Caller: 職場から連絡を受けただけで、しびれや動かしにくさがあるかは確認できていません。",False,True,False,0,3,0,is_numbness,is_numbness,Low,High,High
numbness_0_2136,"Dispatcher: いつもの頭痛ではなく、急にひどくなった感じですか？
Caller: はい、さっき突然、今までで一番痛いくらいの激しい頭痛が出たと夫が言っています。",False,True,False,0,0,0,is_numbness,is_sudden_severe,Low,High,Low
numbness_0_2137,"Dispatcher: 普段と違う振る舞いや様子はありますか？
Caller: 今は本人と離れていて、いつもと違う様子があるかまでは確認できません。",False,True,False,0,0,0,is_numbness,is_behavior,High,High,Low
numbness_0_2138,"Dispatcher: 普段と違う振る舞いや様子はありますか？
Caller: はい、同じことを何度も聞き返してきて、受け答えがいつもより明らかに変です。",False,True,False,0,0,0,is_numbness,is_behavior,High,High,High
numbness_0_2139,"Dispatcher: それはいつもの頭痛という感じですか？
Caller: 友人から頭が痛いとだけ電話があって、急に始まったのか強いのかまでは分かりません。",False,True,False,0,0,0,is_numbness,is_sudden_severe,Low,Low,High
numbness_0_2140,"Dispatcher: 普段と違う振る舞いや様子はありますか？
Caller: いいえ、受け答えも普段どおりで、行動も特に変わった様子はありません。",False,True,False,0,0,0,is_numbness,is_behavior,High,High,Low
numbness_1_2141,"Dispatcher: 手足のしびれや麻痺はありますか？
Caller: はい、母が右腕がしびれて力も入りにくいと言っています。",False,True,False,0,1,0,is_numbness,is_numbness,High,Low,High
numbness_1_2142,"Dispatcher: 手足のしびれや麻痺はありますか？
Caller: はい、左足にしびれがあって動かしにくいようです。",False,True,False,0,1,0,is_numbness,is_numbness,High,Low,Low
numbness_1_2143,"Dispatcher: 普通に手足は動かせていますか？
Caller: いいえ、同僚は片方の手に力が入りにくいみたいです。",False,True,False,0,1,0,is_numbness,is_numbness,Low,Low,High
numbness_1_2144,"Dispatcher: 体のどこかに違和感はありますか？
Caller: はい、本人が左半身がしびれるとはっきり言っています。",False,True,False,0,1,0,is_numbness,is_numbness,Low,High,Low
numbness_1_2145,"Dispatcher: 右手だけ力が入らないとか、足がしびれる感じはありますか？
Caller: あります、弟が右足がしびれてうまく踏ん張れないと言っています。",False,True,False,0,1,0,is_numbness,is_numbness,Low,High,High
numbness_2_2146,"Dispatcher: 手足のしびれや麻痺はありますか？
Caller: いいえ、しびれも麻痺もなく、手足は普通に動かせています。",False,True,False,0,2,0,is_numbness,is_numbness,High,High,High
numbness_2_2147,"Dispatcher: 手足のしびれや麻痺はありますか？
Caller: いいえ、そのようなしびれや麻痺はありません。",False,True,False,0,2,0,is_numbness,is_numbness,High,High,Low
numbness_2_2148,"Dispatcher: 普通に手足は動かせていますか？
Caller: はい、しびれたり動かしにくかったりはしていません。",False,True,False,0,2,0,is_numbness,is_numbness,Low,Low,Low
numbness_2_2149,"Dispatcher: どこか動かしにくいところはありますか？
Caller: いいえ、本人は手足にしびれもなく、いつもどおり動かせています。",False,True,False,0,2,0,is_numbness,is_numbness,Low,High,High
numbness_2_2150,"Dispatcher: 片側の手足がしびれる、力が入らないといったことはありますか？
Caller: ありません、両手両足とも問題なく動いていてしびれもないです。",False,True,False,0,2,0,is_numbness,is_numbness,High,High,High
numbness_3_2151,"Dispatcher: 手足のしびれや麻痺はありますか？
Caller: 頭痛があるとは聞いていますが、しびれや麻痺があるかどうかは分かりません。",False,True,False,0,3,0,is_numbness,is_numbness,High,Low,Low
numbness_3_2152,"Dispatcher: 普通に歩けていますか？
Caller: そこはまだ見ていなくて、しびれがあるのかも分かっていません。",False,True,False,0,3,0,is_numbness,is_numbness,Low,Low,High
numbness_3_2153,"Dispatcher: 手足のしびれや麻痺はありますか？
Caller: 電話で頭が痛いと聞いただけなので、しびれや麻痺の有無は確認できません。",False,True,False,0,3,0,is_numbness,is_numbness,High,Low,Low
numbness_3_2154,"Dispatcher: 体の様子で気になることはありますか？
Caller: 頭痛以外は分からず、手足のしびれがあるかは確認できていません。",False,True,False,0,3,0,is_numbness,is_numbness,Low,Low,Low
numbness_3_2155,"Dispatcher: 片側の手足にしびれや動かしにくさがあるか見られますか？
Caller: 今はオンライン会議中に急に席を外しただけで、こちらからは手足の様子が見えず確認できません。",False,True,False,0,3,0,is_numbness,is_numbness,High,High,High
numbness_0_2156,"Dispatcher: 普段と違う振る舞いや様子はありますか？
Caller: はい、父が話しかけても返事がちぐはぐで、いつもの受け答えではありません。",False,True,False,0,0,0,is_numbness,is_behavior,High,High,Low
numbness_0_2157,"Dispatcher: 受け答えが変だったり、いつもと違う行動はありますか？
Caller: はい、同僚が急に机の場所を間違えたりして、明らかに普段と違う動きをしています。",False,True,False,0,0,0,is_numbness,is_behavior,High,High,High
numbness_0_2158,"Dispatcher: 何か変わった様子はありますか？
Caller: 頭が痛いと連絡があっただけで、普段と違う振る舞いがあるかは分かりません。",False,True,False,0,0,0,is_numbness,is_behavior,Low,Low,Low
numbness_0_2159,"Dispatcher: それは急に強く出た頭痛ですか？
Caller: はい、さっき急に始まって、耐えられないくらい痛いと本人が言っています。",False,True,False,0,0,0,is_numbness,is_sudden_severe,Low,Low,Low
numbness_0_2160,"Dispatcher: いつもの頭痛ではなく、急に激しく痛くなった感じですか？
Caller: はい、会話中に突然頭を押さえて、我慢できないほど痛いと言い出しました。",False,True,False,0,0,0,is_numbness,is_sudden_severe,Low,High,Low
numbness_1_2161,"Dispatcher: 手足のしびれや麻痺はありますか？
Caller: はい、父は右腕と右足がしびれていて、うまく力が入らないです。",False,True,False,0,1,0,is_numbness,is_numbness,High,High,Low
numbness_1_2162,"Dispatcher: 手足のしびれや麻痺はありますか？
Caller: はい、同僚の左手がしびれていて、足も動かしにくいと言っています。",False,True,False,0,1,0,is_numbness,is_numbness,High,High,Low
numbness_1_2163,"Dispatcher: 体の片方が動かしにくい感じはありますか？
Caller: はい、母が左側の手足に力が入りにくいみたいです。",False,True,False,0,1,0,is_numbness,is_numbness,Low,Low,High
numbness_1_2164,"Dispatcher: 普通に手足は使えていますか？
Caller: いいえ、妻は右手がしびれて、コップを持ちにくそうです。",False,True,False,0,1,0,is_numbness,is_numbness,Low,High,High
numbness_1_2165,"Dispatcher: 歩いたり物を持ったりは普段どおりできますか？
Caller: できていません。兄が片足を引きずっていて、左手もしびれると言っています。",False,True,False,0,1,0,is_numbness,is_numbness,Low,High,High
numbness_2_2166,"Dispatcher: 体の片方が動かしにくい感じはありますか？
Caller: いいえ、友人は手足のしびれも麻痺もなく、普通に動かせています。",False,True,False,0,2,0,is_numbness,is_numbness,Low,High,High
numbness_2_2167,"Dispatcher: 手足のしびれや麻痺はありますか？
Caller: いえ、しびれや動かしにくさはないようです。",False,True,False,0,2,0,is_numbness,is_numbness,High,Low,Low
numbness_2_2168,"Dispatcher: 手足のしびれや麻痺はありますか？
Caller: ありません。妹は両手両足とも普通に動かせています。",False,True,False,0,2,0,is_numbness,is_numbness,High,Low,High
numbness_2_2169,"Dispatcher: 手足のしびれや麻痺はありますか？
Caller: いいえ、夫にしびれはなく、左右とも問題なく動いています。",False,True,False,0,2,0,is_numbness,is_numbness,High,High,High
numbness_2_2170,"Dispatcher: 体の動きでおかしいところはありますか？
Caller: いいえ、息子は手足にしびれもなく、麻痺した様子もありません。",False,True,False,0,2,0,is_numbness,is_numbness,Low,High,High
numbness_3_2171,"Dispatcher: しびれや麻痺はありますか？
Caller: 今は本人のそばにいないので、しびれや麻痺があるかは分かりません。",False,True,False,0,3,0,is_numbness,is_numbness,Low,High,Low
numbness_3_2172,"Dispatcher: 手足のしびれや麻痺はありますか？
Caller: 職場から電話を受けただけで、手足がしびれているかまでは確認できていません。",False,True,False,0,3,0,is_numbness,is_numbness,High,High,High
numbness_3_2173,"Dispatcher: 手足のしびれや麻痺はありますか？
Caller: 別室にいて姿が見えないので、しびれや麻痺の有無は分かりません。",False,True,False,0,3,0,is_numbness,is_numbness,High,High,Low
numbness_3_2174,"Dispatcher: 片側の手足が動かしにくい様子はありますか？
Caller: ビデオ通話ではなく声だけなので、しびれや動かしにくさまでは確認できません。",False,True,False,0,3,0,is_numbness,is_numbness,High,High,High
numbness_3_2175,"Dispatcher: 体の様子で気になることはありますか？
Caller: 頭が痛いと聞いただけで、しびれがあるかどうかは分かりません。",False,True,False,0,3,0,is_numbness,is_numbness,Low,High,Low
numbness_0_2176,"Dispatcher: 頭の痛みは、突然起こった激しい痛みですか？
Caller: いいえ、朝から少しずつ痛くなってきたようで、急に激しく出た感じではありません。",False,True,False,0,0,0,is_numbness,is_sudden_severe,High,Low,Low
numbness_0_2177,"Dispatcher: いつもの頭痛という感じですか？
Caller: いいえ、さっき急に今までにない強い痛みが来たと本人が言っています。",False,True,False,0,0,0,is_numbness,is_sudden_severe,Low,High,Low
numbness_0_2178,"Dispatcher: 頭の痛みは、突然起こった激しい痛みですか？
Caller: 本人から頭が痛いと連絡があっただけで、急に強く出たのかまでは分かりません。",False,True,False,0,0,0,is_numbness,is_sudden_severe,High,High,High
numbness_0_2179,"Dispatcher: 何か変わったことはありますか？
Caller: 頭痛の連絡だけ受けていて、普段と違う様子かどうかはまだ分かりません。",False,True,False,0,0,0,is_numbness,is_behavior,Low,Low,Low
numbness_0_2180,"Dispatcher: 普段と違う振る舞いや様子はありますか？
Caller: はい、弟が受け答えを何度も間違えていて、いつもよりぼんやりしています。",False,True,False,0,0,0,is_numbness,is_behavior,High,High,High
numbness_1_2181,"Dispatcher: まっすぐ歩けていますか？
Caller: いいえ、祖母は左足がしびれてふらついていて、左手にも力が入りにくいです。",False,True,False,0,1,0,is_numbness,is_numbness,Low,High,High
numbness_1_2182,"Dispatcher: しびれや麻痺はありますか？
Caller: はい、夫の右半身がしびれていて、腕が上がりにくいです。",False,True,False,0,1,0,is_numbness,is_numbness,Low,High,Low
numbness_1_2183,"Dispatcher: 手足のしびれや麻痺はありますか？
Caller: はい、娘の左腕がしびれていて、指もうまく動かせません。",False,True,False,0,1,0,is_numbness,is_numbness,High,High,Low
numbness_1_2184,"Dispatcher: 手足のしびれや麻痺はありますか？
Caller: はい、父が片側の足を動かしにくくて、手もしびれると言っています。",False,True,False,0,1,0,is_numbness,is_numbness,High,High,Low
numbness_1_2185,"Dispatcher: 普通に手足は動かせていますか？
Caller: いいえ、友人は右手に力が入りづらいようです。",False,True,False,0,1,0,is_numbness,is_numbness,Low,Low,Low
numbness_2_2186,"Dispatcher: 手足のしびれや麻痺はありますか？
Caller: しびれも麻痺もなく、手足は普通に動いています。",False,True,False,0,2,0,is_numbness,is_numbness,High,Low,Low
numbness_2_2187,"Dispatcher: 体の片方が動かしにくい感じはありますか？
Caller: そういう様子はなく、手足は問題なく使えています。",False,True,False,0,2,0,is_numbness,is_numbness,Low,Low,Low
numbness_2_2188,"Dispatcher: 普通に歩けていますか？
Caller: はい、同僚はしびれもなく歩けていますし、手も普通に使えています。",False,True,False,0,2,0,is_numbness,is_numbness,Low,Low,High
numbness_2_2189,"Dispatcher: 手足のしびれや麻痺はありますか？
Caller: いいえ、母は左右ともちゃんと動かせていて、しびれも訴えていません。",False,True,False,0,2,0,is_numbness,is_numbness,High,High,High
numbness_2_2190,"Dispatcher: 体の動きでおかしいところはありますか？
Caller: いいえ、妻は手足にしびれはなく、麻痺した感じもありません。",False,True,False,0,2,0,is_numbness,is_numbness,Low,High,Low
numbness_3_2191,"Dispatcher: しびれや麻痺はありますか？
Caller: そこはまだ分からず、しびれや麻痺があるかは確認できていません。",False,True,False,0,3,0,is_numbness,is_numbness,High,Low,Low
numbness_3_2192,"Dispatcher: 普通に手足は動かせていますか？
Caller: 本人が別の部屋にいて見えていないので、しびれや動かしにくさがあるかは確認できません。",False,True,False,0,3,0,is_numbness,is_numbness,Low,High,Low
numbness_3_2193,"Dispatcher: 片方の手足が動かしにくい感じはありますか？
Caller: 同僚からメッセージで頭痛と来ただけで、しびれや麻痺までは聞けていません。",False,True,False,0,3,0,is_numbness,is_numbness,Low,High,High
numbness_3_2194,"Dispatcher: 手足のしびれや麻痺はありますか？
Caller: 頭が痛いとは言っていますが、しびれがあるかどうかはまだ分かりません。",False,True,False,0,3,0,is_numbness,is_numbness,High,Low,Low
numbness_3_2195,"Dispatcher: 歩き方や手の動きにおかしいところはありますか？
Caller: 友人から電話があっただけなので、手足のしびれや麻痺の有無は確認できていません。",False,True,False,0,3,0,is_numbness,is_numbness,Low,High,High
numbness_0_2196,"Dispatcher: 何かいつもと違う様子はありますか？
Caller: いいえ、受け答えも普段どおりで、変わった様子はありません。",False,True,False,0,0,0,is_numbness,is_behavior,Low,Low,Low
numbness_0_2197,"Dispatcher: いつもと違う振る舞いはありますか？
Caller: いいえ、特におかしな行動はなく、普段と同じです。",False,True,False,0,0,0,is_numbness,is_behavior,Low,Low,Low
numbness_0_2198,"Dispatcher: いつもの頭痛ではなく、急に強い痛みが出た感じですか？
Caller: いえ、急にではなく、朝から少しずつ痛くなってきたようです。",False,True,False,0,0,0,is_numbness,is_sudden_severe,Low,Low,High
numbness_0_2199,"Dispatcher: 普段と違う振る舞いや様子はありますか？
Caller: はい、夫が質問しても話がかみ合わず、落ち着きなく同じことを繰り返しています。",False,True,False,0,0,0,is_numbness,is_behavior,High,Low,High
numbness_0_2200,"Dispatcher: 激しい痛みが突然起こりましたか？
Caller: はい、さっき急に今までで一番痛いと言ってうずくまりました。",False,True,False,0,0,0,is_numbness,is_sudden_severe,Low,High,Low
numbness_1_2201,"Dispatcher: 手足のしびれや麻痺はありますか？
Caller: はい、右手と右足がしびれて力も入りにくいです。",False,True,False,0,1,0,is_numbness,is_numbness,High,High,Low
numbness_1_2202,"Dispatcher: 片側の手足にしびれや動かしにくさはありますか？
Caller: はい、左腕がしびれて、うまく持ち上げられていません。",False,True,False,0,1,0,is_numbness,is_numbness,High,High,Low
numbness_1_2203,"Dispatcher: 手足のしびれや麻痺はありますか？
Caller: はい、足がしびれると言っていて、少し動かしづらそうです。",False,True,False,0,1,0,is_numbness,is_numbness,High,Low,Low
numbness_1_2204,"Dispatcher: 体は普通に動かせていますか？
Caller: いいえ、妹は片方の手に力が入らないみたいです。",False,True,False,0,1,0,is_numbness,is_numbness,Low,Low,High
numbness_1_2205,"Dispatcher: 手足のしびれや麻痺はありますか？
Caller: はい、友人は右半身がじんじんして、コップも持ちにくいと言っています。",False,True,False,0,1,0,is_numbness,is_numbness,High,Low,High
numbness_2_2206,"Dispatcher: しびれや麻痺はありますか？
Caller: いいえ、手足のしびれや動かしにくさはありません。",False,True,False,0,2,0,is_numbness,is_numbness,Low,Low,Low
numbness_2_2207,"Dispatcher: 体の動きに変なところはありますか？
Caller: いいえ、腕も足も普通に動いていて、しびれはないそうです。",False,True,False,0,2,0,is_numbness,is_numbness,Low,Low,High
numbness_2_2208,"Dispatcher: 手足のしびれや麻痺はありますか？
Caller: いいえ、今確認しましたが、しびれも麻痺もなく両手足とも動かせています。",False,True,False,0,2,0,is_numbness,is_numbness,Low,High,Low
numbness_2_2209,"Dispatcher: 片側の手足にしびれや力の入りにくさはありますか？
Caller: いいえ、母は左右とも普通に動かせていて、しびれも訴えていません。",False,True,False,0,2,0,is_numbness,is_numbness,High,High,High
numbness_2_2210,"Dispatcher: 手足は普段どおり使えていますか？
Caller: はい、しびれも麻痺もなく、問題なく動かせています。",False,True,False,0,2,0,is_numbness,is_numbness,Low,High,Low
numbness_3_2211,"Dispatcher: 体の動きで気になることはありますか？
Caller: 頭痛があることしか分からず、しびれがあるかはまだ確認できていません。",False,True,False,0,3,0,is_numbness,is_numbness,Low,Low,High
numbness_3_2212,"Dispatcher: 手足はちゃんと動いていますか？
Caller: 電話で呼ばれただけでまだ会えていないので、しびれや麻痺の有無は分かりません。",False,True,False,0,3,0,is_numbness,is_numbness,Low,High,Low
numbness_3_2213,"Dispatcher: 普通に歩けていますか？
Caller: 今は本人の姿が見えないため、手足のしびれや動かしにくさは確認できません。",False,True,False,0,3,0,is_numbness,is_numbness,Low,High,Low
numbness_3_2214,"Dispatcher: しびれや麻痺はありますか？
Caller: そこはまだ聞けておらず、あるかどうか分かりません。",False,True,False,0,3,0,is_numbness,is_numbness,Low,High,Low
numbness_3_2215,"Dispatcher: 手足のしびれや麻痺はありますか？
Caller: 今は会社の別フロアにいて本人を見られないので、しびれや麻痺があるか確認できません。",False,True,False,0,3,0,is_numbness,is_numbness,High,High,Low
numbness_0_2216,"Dispatcher: 普段と違う振る舞いや様子はありますか？
Caller: はい、父は呼びかけても返事がちぐはぐで、いつもよりぼんやりしています。",False,True,False,0,0,0,is_numbness,is_behavior,High,Low,Low
numbness_0_2217,"Dispatcher: 何かいつもと違う様子はありますか？
Caller: いいえ、会話も普通で、特に変わった行動はありません。",False,True,False,0,0,0,is_numbness,is_behavior,Low,Low,Low
numbness_0_2218,"Dispatcher: 頭の痛みは、突然起こった激しい痛みですか？
Caller: いいえ、娘は昨日から重い感じが続いていて、急に強くなったわけではありません。",False,True,False,0,0,0,is_numbness,is_sudden_severe,High,High,High
numbness_0_2219,"Dispatcher: 何か変わったことはありますか？
Caller: はい、同僚が急に話のつじつまが合わなくなって、同じ質問を何度もしています。",False,True,False,0,0,0,is_numbness,is_behavior,Low,Low,High
numbness_0_2220,"Dispatcher: 激しい痛みが突然起こりましたか？
Caller: いいえ、急にではなく、昼ごろからだんだん痛みが強くなったそうです。",False,True,False,0,0,0,is_numbness,is_sudden_severe,Low,High,Low
numbness_1_2221,"Dispatcher: 片方の手足がうまく使えていない感じはありますか？
Caller: はい、父が左手に力が入らないと言っていて、足もしびれるみたいです。",False,True,False,0,1,0,is_numbness,is_numbness,Low,Low,High
numbness_1_2222,"Dispatcher: 手足のしびれや麻痺はありますか？
Caller: はい、妻の右腕と右足がしびれていて、右手はうまく動かせません。",False,True,False,0,1,0,is_numbness,is_numbness,High,High,High
numbness_1_2223,"Dispatcher: 片側の手足にしびれや動かしにくさはありますか？
Caller: ええ、本人が左半身がしびれると言っていて、腕も動かしづらそうです。",False,True,False,0,1,0,is_numbness,is_numbness,High,Low,High
numbness_1_2224,"Dispatcher: 手足にしびれたり、力が入りにくかったりしていますか？
Caller: はい、同僚が右足を引きずっていて、右手にも力が入らないと言っています。",False,True,False,0,1,0,is_numbness,is_numbness,High,High,High
numbness_1_2225,"Dispatcher: 普通に手足は動かせていますか？
Caller: いいえ、母は片腕がしびれていて、コップを持ちにくそうです。",False,True,False,0,1,0,is_numbness,is_numbness,Low,Low,High
numbness_2_2226,"Dispatcher: 手足のしびれや麻痺はありますか？
Caller: 兄を見ていますが、しびれも麻痺もなく、手足は普通に動かせています。",False,True,False,0,2,0,is_numbness,is_numbness,High,Low,High
numbness_2_2227,"Dispatcher: 体の動きでおかしいところはありますか？
Caller: いいえ、しびれや麻痺はなく、両手足とも問題なく動いています。",False,True,False,0,2,0,is_numbness,is_numbness,Low,High,Low
numbness_2_2228,"Dispatcher: 手足のしびれや麻痺はありますか？
Caller: いいえ、妻にしびれはなく、左右とも普通に動かせています。",False,True,False,0,2,0,is_numbness,is_numbness,High,High,Low
numbness_2_2229,"Dispatcher: 歩き方や手の動きに変なところはありますか？
Caller: そこは大丈夫で、友人はしびれもなく普通に歩けています。",False,True,False,0,2,0,is_numbness,is_numbness,Low,Low,High
numbness_2_2230,"Dispatcher: 片側の手足にしびれや力の入りにくさはありますか？
Caller: いいえ、父は両腕両足ともちゃんと動かせていて、しびれもありません。",False,True,False,0,2,0,is_numbness,is_numbness,High,High,Low
numbness_3_2231,"Dispatcher: しびれや麻痺はありますか？
Caller: しびれや麻痺があるかは分かりません。",False,True,False,0,3,0,is_numbness,is_numbness,Low,High,Low
numbness_3_2232,"Dispatcher: 手足のしびれや麻痺はありますか？
Caller: 今は本人が別室にいて様子が見えないので、しびれや麻痺があるか確認できません。",False,True,False,0,3,0,is_numbness,is_numbness,High,High,High
numbness_3_2233,"Dispatcher: 普通に手足は動かせていますか？
Caller: まだそこは見ていなくて、しびれがあるかどうかは分かりません。",False,True,False,0,3,0,is_numbness,is_numbness,Low,Low,Low
numbness_3_2234,"Dispatcher: 片側の手足にしびれや動かしにくさはありますか？
Caller: 電話で頭が痛いと聞いただけなので、手足のしびれまでは確認できていません。",False,True,False,0,3,0,is_numbness,is_numbness,High,Low,High
numbness_3_2235,"Dispatcher: 手の動きや足の感覚に変わったことはありますか？
Caller: 友人から連絡を受けただけで、しびれや麻痺があるかはまだ分からないです。",False,True,False,0,3,0,is_numbness,is_numbness,Low,Low,High
numbness_0_2236,"Dispatcher: 頭の痛みは、突然起こった激しい痛みですか？
Caller: いいえ、弟は朝から少しずつ痛くなってきたと言っていて、急に激しく出た感じではありません。",False,True,False,0,0,0,is_numbness,is_sudden_severe,High,High,Low
numbness_0_2237,"Dispatcher: 普段と違う振る舞いや様子はありますか？
Caller: いいえ、受け答えも普段どおりで、変わった様子はありません。",False,True,False,0,0,0,is_numbness,is_behavior,High,Low,Low
numbness_0_2238,"Dispatcher: ぼんやりしている、返事がおかしいなど、普段と違う様子は見えますか？
Caller: いいえ、同僚は会話も普通で、行動もいつもと変わりません。",False,True,False,0,0,0,is_numbness,is_behavior,High,High,Low
numbness_0_2239,"Dispatcher: 何か変わったことはありますか？
Caller: はい、母が同じことを何度も聞いてきて、受け答えもいつもより変なんです。",False,True,False,0,0,0,is_numbness,is_behavior,Low,Low,High
numbness_0_2240,"Dispatcher: 普段と違う振る舞いや様子はありますか？
Caller: まだ本人に会えていないので、いつもと違う様子かどうかは分かりません。",False,True,False,0,0,0,is_numbness,is_behavior,High,Low,Low
numbness_1_2241,"Dispatcher: 手足のしびれや麻痺はありますか？
Caller: はい、夫の左手がしびれていて、左足もうまく動かせません。",False,True,False,0,1,0,is_numbness,is_numbness,High,High,Low
numbness_1_2242,"Dispatcher: 片側の手足にしびれや力の入りにくさはありますか？
Caller: はい、同僚の右腕がしびれていて、ペンを握れないほど力が入りにくいです。",False,True,False,0,1,0,is_numbness,is_numbness,High,High,High
numbness_1_2243,"Dispatcher: 手足はいつもどおり使えていますか？
Caller: いや、姉が片足がしびれると言っていて、立ち上がりにくそうです。",False,True,False,0,1,0,is_numbness,is_numbness,Low,Low,High
numbness_1_2244,"Dispatcher: 手足のしびれや麻痺はありますか？
Caller: はい、父が右手のしびれを訴えていて、うまく持ち上げられません。",False,True,False,0,1,0,is_numbness,is_numbness,High,Low,Low
numbness_1_2245,"Dispatcher: 片側だけ動かしにくいとか、しびれる感じはありますか？
Caller: あります。友人が左腕だけ感覚がおかしいと言って、力も入りにくそうです。",False,True,False,0,1,0,is_numbness,is_numbness,High,Low,High
numbness_2_2246,"Dispatcher: 手足のしびれや麻痺はありますか？
Caller: いいえ、母にしびれはなく、手足は普通に動いています。",False,True,False,0,2,0,is_numbness,is_numbness,High,Low,Low
numbness_2_2247,"Dispatcher: 体の動きで気になることはありますか？
Caller: いいえ、しびれや麻痺は見られず、普通に歩けています。",False,True,False,0,2,0,is_numbness,is_numbness,Low,High,Low
numbness_2_2248,"Dispatcher: 手足のしびれや麻痺はありますか？
Caller: いいえ、兄はしびれを訴えておらず、両腕両足とも問題なく動かせています。",False,True,False,0,2,0,is_numbness,is_numbness,High,High,Low
numbness_2_2249,"Dispatcher: 片側の手足にしびれや力の入りにくさはありますか？
Caller: いいえ、妻は左右ともちゃんと動かせていて、力も入っています。",False,True,False,0,2,0,is_numbness,is_numbness,High,High,Low
numbness_2_2250,"Dispatcher: 普通に手足は動かせていますか？
Caller: はい、しびれも麻痺もなく普通に動けています。",False,True,False,0,2,0,is_numbness,is_numbness,Low,Low,Low
numbness_3_2251,"Dispatcher: 手足のしびれや麻痺はありますか？
Caller: 本人は頭が痛いとしか言っておらず、しびれや麻痺があるかまではまだ分かりません。",False,True,False,0,3,0,is_numbness,is_numbness,High,Low,High
numbness_3_2252,"Dispatcher: 片側の手足にしびれたり、動かしにくかったりしていますか？
Caller: 同僚から連絡を受けただけで、手足の感じや動きまでは確認できていません。",False,True,False,0,3,0,is_numbness,is_numbness,High,Low,High
numbness_3_2253,"Dispatcher: しびれや麻痺はありますか？
Caller: しびれや麻痺があるかは分かりません。",False,True,False,0,3,0,is_numbness,is_numbness,High,Low,Low
numbness_3_2254,"Dispatcher: 普通に手足は動かせていそうですか？
Caller: そこまでは見えておらず、しびれや動かしにくさがあるかは確認できていません。",False,True,False,0,3,0,is_numbness,is_numbness,Low,Low,High
numbness_3_2255,"Dispatcher: 手足のしびれや麻痺はありますか？
Caller: 今は別の部屋にいて本人の様子が見えないので、しびれや麻痺の有無は確認できません。",False,True,False,0,3,0,is_numbness,is_numbness,High,High,Low
numbness_0_2256,"Dispatcher: 頭の痛みは、突然起こった激しい痛みですか？
Caller: はい、さっき急に今までで一番ひどい頭痛だと言い出しました。",False,True,False,0,0,0,is_numbness,is_sudden_severe,High,Low,Low
numbness_0_2257,"Dispatcher: 普段と違う振る舞いや様子はありますか？
Caller: はい、夫なんですが質問しても話がかみ合わず、急に同じことを何度も繰り返しています。",False,True,False,0,0,0,is_numbness,is_behavior,High,High,High
numbness_0_2258,"Dispatcher: いつもの軽い頭痛ということでよいですか？
Caller: いいえ、それも分からなくて、急に強くなったのかどうか本人にまだ確認できていません。",False,True,False,0,0,0,is_numbness,is_sudden_severe,Low,High,High
numbness_0_2259,"Dispatcher: 何か変わった様子はありますか？
Caller: はい、受け答えがいつもより明らかに遅くて、ぼんやりしています。",False,True,False,0,0,0,is_numbness,is_behavior,Low,High,Low
numbness_0_2260,"Dispatcher: 普段と違う振る舞いや様子はありますか？
Caller: 今は電話で頭痛と聞いただけで、普段と違う様子があるかまでは確認できません。",False,True,False,0,0,0,is_numbness,is_behavior,High,High,High
numbness_1_2261,"Dispatcher: 手足のしびれや麻痺はありますか？
Caller: はい、右手がしびれて力が入りにくいと言っています。",False,True,False,0,1,0,is_numbness,is_numbness,High,High,Low
numbness_1_2262,"Dispatcher: 普通に両手足は使えていますか？
Caller: いいえ、友人は左足がしびれてうまく踏ん張れないようです。",False,True,False,0,1,0,is_numbness,is_numbness,Low,Low,High
numbness_1_2263,"Dispatcher: 片側の手足にしびれや動かしにくさはありますか？
Caller: はい、左腕がしびれて上がりにくくなっています。",False,True,False,0,1,0,is_numbness,is_numbness,High,High,Low
numbness_1_2264,"Dispatcher: 手足のしびれや麻痺はありますか？
Caller: はい、右半身がしびれる感じがして、手もうまく動かせないそうです。",False,True,False,0,1,0,is_numbness,is_numbness,High,High,Low
numbness_1_2265,"Dispatcher: 右手だけ力が入らないなど、しびれや麻痺は見られますか？
Caller: はい、母はコップを持とうとしても左手に力が入らず、しびれるとも言っています。",False,True,False,0,1,0,is_numbness,is_numbness,High,High,High
numbness_2_2266,"Dispatcher: 手足のしびれや麻痺はありますか？
Caller: いいえ、頭痛はありますが手足のしびれはないと言っています。",False,True,False,0,2,0,is_numbness,is_numbness,High,Low,High
numbness_2_2267,"Dispatcher: 片側の手足にしびれたり、動かしにくかったりはしていますか？
Caller: いいえ、両手足とも普通に動いていて、しびれもないそうです。",False,True,False,0,2,0,is_numbness,is_numbness,High,Low,High
numbness_2_2268,"Dispatcher: 手足のしびれや麻痺はありますか？
Caller: いいえ、今見ていますが左右ともちゃんと動かせていて、しびれも訴えていません。",False,True,False,0,2,0,is_numbness,is_numbness,High,High,High
numbness_2_2269,"Dispatcher: 片側の体に力が入らない感じやしびれはありますか？
Caller: いいえ、夫は握手もできていますし、足もしっかり動いていてしびれはないです。",False,True,False,0,2,0,is_numbness,is_numbness,High,High,High
numbness_2_2270,"Dispatcher: 歩き方や手の動きは普段どおりですか？
Caller: はい、しびれや麻痺はなく普通に動けています。",False,True,False,0,2,0,is_numbness,is_numbness,Low,High,Low
numbness_3_2271,"Dispatcher: 普通に手足は動かせていますか？
Caller: まだ本人のそばに行けていないので、しびれや動かしにくさがあるかは分かりません。",False,True,False,0,3,0,is_numbness,is_numbness,Low,High,High
numbness_3_2272,"Dispatcher: ちゃんと立てたり手を使えたりしていますか？
Caller: 電話で呼ばれただけなので、そのあたりはまだ確認できていません。",False,True,False,0,3,0,is_numbness,is_numbness,Low,Low,High
numbness_3_2273,"Dispatcher: 手足のしびれや麻痺はありますか？
Caller: 今は隣の部署から連絡を受けただけで本人を見ておらず、しびれや麻痺があるかは確認できません。",False,True,False,0,3,0,is_numbness,is_numbness,High,High,High
numbness_3_2274,"Dispatcher: いつもどおり歩けていそうですか？
Caller: そこは分からず、手足のしびれがあるかどうかもまだ見ていません。",False,True,False,0,3,0,is_numbness,is_numbness,Low,Low,High
numbness_3_2275,"Dispatcher: 手足のしびれや麻痺はありますか？
Caller: しびれや麻痺があるかは確認できません。",False,True,False,0,3,0,is_numbness,is_numbness,High,Low,Low
numbness_0_2276,"Dispatcher: ぼんやりしている、返事がおかしいなど、普段と違う様子は見えますか？
Caller: はい、弟なんですが急に黙り込んだり、呼んでも見当違いの返事をしています。",False,True,False,0,0,0,is_numbness,is_behavior,High,Low,High
numbness_0_2277,"Dispatcher: 頭の痛みは、突然起こった激しい痛みですか？
Caller: はい、さっきまで普通だったのに急に頭を押さえて、耐えられないくらい痛いと言っています。",False,True,False,0,0,0,is_numbness,is_sudden_severe,High,Low,Low
numbness_0_2278,"Dispatcher: 普段と違う振る舞いや様子はありますか？
Caller: はい、会話がちぐはぐで、落ち着かず同じ場所を行ったり来たりしています。",False,True,False,0,0,0,is_numbness,is_behavior,High,Low,Low
numbness_0_2279,"Dispatcher: 普段と違う振る舞いや様子はありますか？
Caller: まだメッセージで頭痛と来ただけで、普段と違う様子があるかは分かりません。",False,True,False,0,0,0,is_numbness,is_behavior,High,Low,High
numbness_0_2280,"Dispatcher: いつもの軽い頭痛ということでよいですか？
Caller: そこは分かりません。急にひどくなったのか、強さもまだ確認できていません。",False,True,False,0,0,0,is_numbness,is_sudden_severe,Low,High,Low
numbness_1_2281,"Dispatcher: 体のどこか動かしにくいところはありますか？
Caller: はい、夫が頭痛に加えて左手に力が入りにくいと言っています。",False,True,False,0,1,0,is_numbness,is_numbness,Low,Low,High
numbness_1_2282,"Dispatcher: 手足のしびれや麻痺はありますか？
Caller: はい、母の右腕と右足がしびれていて動かしにくそうです。",False,True,False,0,1,0,is_numbness,is_numbness,Low,High,Low
numbness_1_2283,"Dispatcher: まっすぐ歩けないとか、片側が使いにくい様子はありますか？
Caller: はい、同僚が左足がしびれてうまく踏ん張れないと言っています。",False,True,False,0,1,0,is_numbness,is_numbness,Low,High,High
numbness_1_2284,"Dispatcher: 手足のしびれや麻痺はありますか？
Caller: はい、父は頭痛と一緒に右手がしびれて、うまく持ち上がらないです。",False,True,False,0,1,0,is_numbness,is_numbness,High,High,High
numbness_1_2285,"Dispatcher: しびれたり力が入らないところはありますか？
Caller: はい、妻の左腕がしびれていて力も入りにくいです。",False,True,False,0,1,0,is_numbness,is_numbness,Low,High,Low
numbness_2_2286,"Dispatcher: 手足のしびれや麻痺はありますか？
Caller: いいえ、弟は頭痛はありますが手足のしびれも動かしにくさもありません。",False,True,False,0,2,0,is_numbness,is_numbness,High,High,High
numbness_2_2287,"Dispatcher: 手足のしびれや麻痺はありますか？
Caller: いいえ、しびれはないようです。",False,True,False,0,2,0,is_numbness,is_numbness,High,Low,Low
numbness_2_2288,"Dispatcher: 片側だけ力が入らない感じはありますか？
Caller: いいえ、友人は手足は普通に動いていて、しびれも訴えていません。",False,True,False,0,2,0,is_numbness,is_numbness,Low,High,High
numbness_2_2289,"Dispatcher: 体のどこか感覚がおかしいとか、動かしにくいところはありますか？
Caller: いいえ、同僚は頭痛だけで、腕や足のしびれや麻痺はありません。",False,True,False,0,2,0,is_numbness,is_numbness,Low,High,High
numbness_2_2290,"Dispatcher: 手足のしびれや麻痺はありますか？
Caller: いいえ、そういう症状はないです。",False,True,False,0,2,0,is_numbness,is_numbness,High,Low,Low
numbness_3_2291,"Dispatcher: 手足のしびれや麻痺はありますか？
Caller: 分かりません、本人から頭が痛いとだけ連絡があって、しびれは確認できていません。",False,True,False,0,3,0,is_numbness,is_numbness,High,Low,Low
numbness_3_2292,"Dispatcher: 手足のしびれや麻痺はありますか？
Caller: まだ見ていないので、しびれや麻痺があるかは分かりません。",False,True,False,0,3,0,is_numbness,is_numbness,High,Low,Low
numbness_3_2293,"Dispatcher: 片側の手足にしびれや動かしにくさはありますか？
Caller: 今は別室にいて様子が見えないので、しびれや麻痺の有無は確認できません。",False,True,False,0,3,0,is_numbness,is_numbness,High,High,Low
numbness_3_2294,"Dispatcher: 普通に手足は使えていますか？
Caller: 電話で聞いただけなので、しびれがあるのか動かしにくいのかまでは分かりません。",False,True,False,0,3,0,is_numbness,is_numbness,Low,High,High
numbness_3_2295,"Dispatcher: 手足のしびれや麻痺はありますか？
Caller: すみません、娘から頭痛の連絡だけで、手足にしびれがあるかはまだ確認できていません。",False,True,False,0,3,0,is_numbness,is_numbness,High,High,High
numbness_0_2296,"Dispatcher: 受け答えが変だったり、いつもと違う様子はありますか？
Caller: 友人づてに頭痛と聞いただけで、普段と違う振る舞いがあるかは分かりません。",False,True,False,0,0,0,is_numbness,is_behavior,Low,Low,High
numbness_0_2297,"Dispatcher: 頭の痛みは、突然起こった激しい痛みですか？
Caller: はい、同僚が急に今までで一番ひどい頭痛だと言ってうずくまっています。",False,True,False,0,0,0,is_numbness,is_sudden_severe,High,High,Low
numbness_0_2298,"Dispatcher: さっきまで普通だったのに、急に強い頭痛が出た感じですか？
Caller: はい、父が食事中に突然頭を押さえて、我慢できないくらい痛いと言い出しました。",False,True,False,0,0,0,is_numbness,is_sudden_severe,High,High,High
numbness_0_2299,"Dispatcher: 頭の痛みは、突然起こった激しい痛みですか？
Caller: いいえ、妹は朝から少しずつ痛くなってきたと言っていて、急にひどくなったわけではありません。",False,True,False,0,0,0,is_numbness,is_sudden_severe,High,High,High
numbness_0_2300,"Dispatcher: いつもの頭痛ではなく、急にひどくなった感じですか？
Caller: はい、夫が急に殴られたみたいな激しい頭痛だと言っています。",False,True,False,0,0,0,is_numbness,is_sudden_severe,Low,Low,High
numbness_1_2301,"Dispatcher: どこか片側だけ変な感じはありますか？
Caller: はい、母が右半身、特に右腕がしびれて動かしづらいです。",False,True,False,0,1,0,is_numbness,is_numbness,Low,High,High
numbness_1_2302,"Dispatcher: 手足のしびれや麻痺はありますか？
Caller: はい、左手がしびれているみたいです。",False,True,False,0,1,0,is_numbness,is_numbness,Low,Low,Low
numbness_1_2303,"Dispatcher: 手足のしびれや麻痺はありますか？
Caller: はい、兄は右手にしびれがあると言っています。",False,True,False,0,1,0,is_numbness,is_numbness,High,Low,Low
numbness_1_2304,"Dispatcher: 片側の手足にしびれや動かしにくさはありますか？
Caller: はい、妻の左足がしびれて力が入りにくいです。",False,True,False,0,1,0,is_numbness,is_numbness,High,Low,Low
numbness_1_2305,"Dispatcher: しびれたり動かしにくいところはありますか？
Caller: はい、同僚の右腕がしびれて、物を持ちにくい状態です。",False,True,False,0,1,0,is_numbness,is_numbness,Low,High,Low
numbness_2_2306,"Dispatcher: 手足に違和感はありますか？
Caller: いいえ、特にしびれはないようです。",False,True,False,0,2,0,is_numbness,is_numbness,Low,Low,Low
numbness_2_2307,"Dispatcher: 手足のしびれや麻痺はありますか？
Caller: いいえ、父は頭痛はあるものの、腕も足も普段どおり動いていてしびれはありません。",False,True,False,0,2,0,is_numbness,is_numbness,High,Low,High
numbness_2_2308,"Dispatcher: どこか片方だけ使いにくい感じはありますか？
Caller: いいえ、友達は手足は普通で、しびれた感じもないと言っています。",False,True,False,0,2,0,is_numbness,is_numbness,Low,Low,High
numbness_2_2309,"Dispatcher: 体のどこかしびれたり、力が入らないところはありますか？
Caller: いいえ、母は頭が痛いだけで、手足のしびれや麻痺は見られません。",False,True,False,0,2,0,is_numbness,is_numbness,Low,High,High
numbness_2_2310,"Dispatcher: しびれや麻痺はありますか？
Caller: いいえ、ないです。",False,True,False,0,2,0,is_numbness,is_numbness,Low,Low,Low
numbness_3_2311,"Dispatcher: 普通に動けていますか？
Caller: そこは分かりません。頭が痛いと連絡があっただけで、しびれや動かしにくさは確認できていません。",False,True,False,0,3,0,is_numbness,is_numbness,Low,Low,Low
numbness_3_2312,"Dispatcher: いつも通り手足は使えていそうですか？
Caller: 職場の別フロアから呼ばれて来ている途中で、まだ本人を見ていないので何とも言えません。",False,True,False,0,3,0,is_numbness,is_numbness,Low,Low,High
numbness_3_2313,"Dispatcher: しびれや麻痺はありますか？
Caller: 本人がトイレにこもっていて様子が見えないので、しびれや麻痺があるかは分かりません。",False,True,False,0,3,0,is_numbness,is_numbness,Low,High,Low
numbness_3_2314,"Dispatcher: 片方の手足がしびれる、動かしにくいといった様子はありますか？
Caller: 友人から頭痛がひどいとメッセージが来ただけで、手足の状態までは確認できていません。",False,True,False,0,3,0,is_numbness,is_numbness,High,High,High
numbness_3_2315,"Dispatcher: 手足のしびれや麻痺はありますか？
Caller: 今は別室にいて本人の様子が見えないので、しびれや麻痺があるかは確認できません。",False,True,False,0,3,0,is_numbness,is_numbness,High,High,Low
numbness_0_2316,"Dispatcher: 何か変わった様子はありますか？
Caller: まだ会話ができていなくて、普段と違う振る舞いがあるかは分かりません。",False,True,False,0,0,0,is_numbness,is_behavior,Low,Low,Low
numbness_0_2317,"Dispatcher: いつもと違う行動はありますか？
Caller: そこはまだ確認できていません。頭が痛いと聞いただけです。",False,True,False,0,0,0,is_numbness,is_behavior,Low,Low,Low
numbness_0_2318,"Dispatcher: 頭の痛みは、突然起こった激しい痛みですか？
Caller: いいえ、朝から少しずつ痛くなってきたみたいで、急にではないです。",False,True,False,0,0,0,is_numbness,is_sudden_severe,High,Low,High
numbness_0_2319,"Dispatcher: ぼんやりしている、返事がおかしいなど、普段と違う様子は見えますか？
Caller: 今は本人と離れた場所にいて見えていないので、いつもと違う振る舞いがあるかは確認できません。",False,True,False,0,0,0,is_numbness,is_behavior,High,High,Low
numbness_0_2320,"Dispatcher: いつもの頭痛ではなく、急に強く出た感じですか？
Caller: そこまでは分かりません。痛いと電話があっただけで、急にかどうかは聞けていません。",False,True,False,0,0,0,is_numbness,is_sudden_severe,Low,Low,Low
numbness_1_2321,"Dispatcher: 体のどこか動かしにくそうですか？
Caller: はい、同僚が右手に力が入らないと言っています。",False,True,False,0,1,0,is_numbness,is_numbness,Low,Low,High
numbness_1_2322,"Dispatcher: 手足のしびれや麻痺はありますか？
Caller: はい、母が左足がしびれてうまく踏ん張れないと言っています。",False,True,False,0,1,0,is_numbness,is_numbness,High,Low,High
numbness_1_2323,"Dispatcher: しびれや麻痺はありますか？
Caller: はい、弟の左腕がしびれていて、物をつかみにくい状態です。",False,True,False,0,1,0,is_numbness,is_numbness,Low,High,High
numbness_1_2324,"Dispatcher: ちゃんと歩けていますか？
Caller: いいえ、友人が片足がしびれると言ってふらついています。",False,True,False,0,1,0,is_numbness,is_numbness,Low,Low,High
numbness_1_2325,"Dispatcher: 手足に異常はありますか？
Caller: はい、父は右半身がしびれると言っていて、腕も上がりにくそうです。",False,True,False,0,1,0,is_numbness,is_numbness,Low,High,High
numbness_2_2326,"Dispatcher: 手足のしびれや麻痺はありますか？
Caller: いいえ、両手両足とも普通に動いていて、しびれもないと言っています。",False,True,False,0,2,0,is_numbness,is_numbness,High,High,High
numbness_2_2327,"Dispatcher: 体はいつも通り動かせていますか？
Caller: はい、しびれたり力が入らない感じはないそうです。",False,True,False,0,2,0,is_numbness,is_numbness,Low,Low,High
numbness_2_2328,"Dispatcher: 片側の手足がしびれる、動かしにくいといったことはありますか？
Caller: いいえ、そういう様子はなくて、手足は問題なく動いています。",False,True,False,0,2,0,is_numbness,is_numbness,High,Low,High
numbness_2_2329,"Dispatcher: しびれや麻痺はありますか？
Caller: いいえ、ありません。",False,True,False,0,2,0,is_numbness,is_numbness,Low,Low,Low
numbness_2_2330,"Dispatcher: 手足にしびれはありますか？
Caller: いいえ、手も足も普通で、しびれはないです。",False,True,False,0,2,0,is_numbness,is_numbness,Low,Low,Low
numbness_3_2331,"Dispatcher: 手足のしびれや麻痺はありますか？
Caller: 今は本人のそばにいないので、しびれや麻痺があるかは確認できません。",False,True,False,0,3,0,is_numbness,is_numbness,High,High,Low
numbness_3_2332,"Dispatcher: 片側の手足が動かしにくい感じはありますか？
Caller: 妻から頭痛がするとだけ連絡が来ていて、手足のことまではまだ聞けていません。",False,True,False,0,3,0,is_numbness,is_numbness,High,Low,High
numbness_3_2333,"Dispatcher: 普通に歩けていますか？
Caller: 電話では頭が痛いとしか言っていなくて、しびれがあるかは分かりません。",False,True,False,0,3,0,is_numbness,is_numbness,Low,Low,High
numbness_3_2334,"Dispatcher: 手足のしびれや麻痺はありますか？
Caller: オンライン会議中に具合が悪くなった同僚の連絡を受けただけで、体の動きまでは確認できていません。",False,True,False,0,3,0,is_numbness,is_numbness,High,Low,High
numbness_3_2335,"Dispatcher: 手足のしびれや麻痺はありますか？
Caller: 今は電話越しに頭痛を訴えているだけで、しびれや麻痺の有無までは確認できません。",False,True,False,0,3,0,is_numbness,is_numbness,High,High,Low
numbness_0_2336,"Dispatcher: 急に強い頭痛が起こりましたか？
Caller: はい、さっき急に頭を押さえて、今までにないくらい痛いと言い出しました。",False,True,False,0,0,0,is_numbness,is_sudden_severe,Low,Low,Low
numbness_0_2337,"Dispatcher: いきなり我慢できないほどの頭痛になった感じですか？
Caller: いいえ、娘は昼前からじわじわ痛くなってきたと言っていて、急にではありません。",False,True,False,0,0,0,is_numbness,is_sudden_severe,Low,High,High
numbness_0_2338,"Dispatcher: 頭の痛みは、突然起こった激しい痛みですか？
Caller: はい、夫がさっきまで普通だったのに、急に今までで一番ひどい頭痛だと言ってうずくまりました。",False,True,False,0,0,0,is_numbness,is_sudden_severe,High,High,Low
numbness_0_2339,"Dispatcher: さっきまで普通だったのに、急に我慢できないほど頭が痛くなった感じですか？
Caller: いいえ、同僚は会議の前から重い痛みが続いていたと言っていて、突然ではありません。",False,True,False,0,0,0,is_numbness,is_sudden_severe,High,High,High
numbness_0_2340,"Dispatcher: 急にひどい頭痛が出ましたか？
Caller: はい、友人が運転中に突然ガツンと来たみたいな痛みだと言っています。",False,True,False,0,0,0,is_numbness,is_sudden_severe,Low,Low,High
numbness_1_2341,"Dispatcher: 手足のしびれや動かしにくさはありますか？
Caller: はい、左腕と左足がしびれていて、力も入りにくいです。",False,True,False,0,1,0,is_numbness,is_numbness,Low,High,Low
numbness_1_2342,"Dispatcher: 手足のしびれや麻痺はありますか？
Caller: あります。本人が右手の感覚がおかしいと言っていて、物をつかみにくそうです。",False,True,False,0,1,0,is_numbness,is_numbness,High,Low,High
numbness_1_2343,"Dispatcher: 片方の手足だけ変な感じや動かしにくさは出ていますか？
Caller: はい、右足がしびれていて、うまく踏ん張れないみたいです。",False,True,False,0,1,0,is_numbness,is_numbness,Low,High,High
numbness_1_2344,"Dispatcher: 普通に両手両足を使えている感じですか？
Caller: いいえ、左手に力が入りにくいようです。",False,True,False,0,1,0,is_numbness,is_numbness,Low,Low,High
numbness_1_2345,"Dispatcher: 手足のしびれや麻痺はありますか？
Caller: はい、右半身がしびれると言っていて、腕も上げにくそうです。",False,True,False,0,1,0,is_numbness,is_numbness,High,High,Low
numbness_2_2346,"Dispatcher: 手足のしびれや麻痺はありますか？
Caller: いいえ、手足のしびれも麻痺もなく、普通に動かせています。",False,True,False,0,2,0,is_numbness,is_numbness,High,High,High
numbness_2_2347,"Dispatcher: 手足のしびれや麻痺はありますか？
Caller: いいえ、しびれもなく、手足はいつも通り動いています。",False,True,False,0,2,0,is_numbness,is_numbness,High,High,Low
numbness_2_2348,"Dispatcher: 片側の手足が動かしにくい感じはありますか？
Caller: そういう様子はないです。",False,True,False,0,2,0,is_numbness,is_numbness,Low,Low,Low
numbness_2_2349,"Dispatcher: ちゃんと手足は使えていますか？
Caller: はい、特にしびれたり動かしにくかったりはしていません。",False,True,False,0,2,0,is_numbness,is_numbness,Low,Low,Low
numbness_2_2350,"Dispatcher: しびれたり力が入らないところはありますか？
Caller: いえ、その感じはないです。",False,True,False,0,2,0,is_numbness,is_numbness,Low,Low,Low
numbness_3_2351,"Dispatcher: 手足のしびれや麻痺はありますか？
Caller: しびれや麻痺があるかは分かりません。",False,True,False,0,3,0,is_numbness,is_numbness,High,Low,Low
numbness_3_2352,"Dispatcher: 普通に歩けていますか？
Caller: 今そばにいないので、しびれや動かしにくさがあるかは確認できません。",False,True,False,0,3,0,is_numbness,is_numbness,Low,High,Low
numbness_3_2353,"Dispatcher: 片腕だけ動かしにくいとか、足がしびれる様子はありますか？
Caller: メッセージで頭痛と来ただけで、手足の状態まではまだ分かりません。",False,True,False,0,3,0,is_numbness,is_numbness,Low,High,High
numbness_3_2354,"Dispatcher: 体の動きで気になることはありますか？
Caller: 頭が痛いとは聞いていますが、しびれがあるかどうかまでは見ていません。",False,True,False,0,3,0,is_numbness,is_numbness,Low,Low,High
numbness_3_2355,"Dispatcher: 手足のしびれや麻痺はありますか？
Caller: 別の部屋にいて本人が見えないので、しびれや麻痺の有無は確認できません。",False,True,False,0,3,0,is_numbness,is_numbness,High,High,Low
numbness_0_2356,"Dispatcher: 普段と違う振る舞いや様子はありますか？
Caller: いつもと違う様子かどうかは、まだ確認できていません。",False,True,False,0,0,0,is_numbness,is_behavior,High,Low,Low
numbness_0_2357,"Dispatcher: 受け答えが変だったり、いつもと違う行動はありますか？
Caller: はい、同じことを何度も聞き返していて、会話がかみ合いません。",False,True,False,0,0,0,is_numbness,is_behavior,Low,High,High
numbness_0_2358,"Dispatcher: 何か変わった様子はありますか？
Caller: はい、普段は落ち着いているのに、急にうろうろして話もまとまりません。",False,True,False,0,0,0,is_numbness,is_behavior,Low,High,Low
numbness_0_2359,"Dispatcher: いつもと違う振る舞いはありますか？
Caller: いいえ、受け答えも行動も普段通りです。",False,True,False,0,0,0,is_numbness,is_behavior,Low,Low,High
numbness_0_2360,"Dispatcher: いつもより様子がおかしい感じはありますか？
Caller: 電話で聞いただけなので、普段と違う振る舞いがあるかは確認できません。",False,True,False,0,0,0,is_numbness,is_behavior,Low,High,Low
numbness_1_2361,"Dispatcher: 手足のしびれや麻痺はありますか？
Caller: はい、母が左手がしびれてコップを落としたと言っています。",False,True,False,0,1,0,is_numbness,is_numbness,High,High,High
numbness_1_2362,"Dispatcher: 手足のしびれや麻痺はありますか？
Caller: あります。右足がじんじんして、うまく歩けないみたいです。",False,True,False,0,1,0,is_numbness,is_numbness,High,Low,High
numbness_1_2363,"Dispatcher: いつも通り体は動かせていますか？
Caller: いや、左側が動かしづらいみたいです。",False,True,False,0,1,0,is_numbness,is_numbness,Low,Low,High
numbness_1_2364,"Dispatcher: 手足にしびれや力の入りにくさはありますか？
Caller: はい、右腕がしびれていて、持ち上げにくいです。",False,True,False,0,1,0,is_numbness,is_numbness,Low,High,Low
numbness_1_2365,"Dispatcher: 片側の手足にしびれや動かしにくさはありますか？
Caller: はい、夫の左足がしびれていて、立とうとしても力が入らない感じです。",False,True,False,0,1,0,is_numbness,is_numbness,High,High,High
numbness_2_2366,"Dispatcher: 手足のしびれや麻痺はありますか？
Caller: いいえ、腕も脚も問題なく動いていて、しびれはないです。",False,True,False,0,2,0,is_numbness,is_numbness,High,High,High
numbness_2_2367,"Dispatcher: 片方の手足だけおかしい感じはありますか？
Caller: いいえ、左右とも普通に動いていて、しびれも訴えていません。",False,True,False,0,2,0,is_numbness,is_numbness,Low,High,High
numbness_2_2368,"Dispatcher: 手足に変な感じはありますか？
Caller: いえ、特にないです。",False,True,False,0,2,0,is_numbness,is_numbness,Low,Low,Low
numbness_2_2369,"Dispatcher: 手足のしびれや麻痺はありますか？
Caller: ないようです。",False,True,False,0,2,0,is_numbness,is_numbness,High,Low,Low
numbness_2_2370,"Dispatcher: 手足のしびれや麻痺はありますか？
Caller: いいえ、しびれも麻痺もなく、左右ともちゃんと動かせています。",False,True,False,0,2,0,is_numbness,is_numbness,High,High,Low
numbness_3_2371,"Dispatcher: 手足のしびれや麻痺はありますか？
Caller: 本人は頭が痛いと言うだけで、しびれがあるかまではまだ確認できていません。",False,True,False,0,3,0,is_numbness,is_numbness,High,Low,High
numbness_3_2372,"Dispatcher: しびれや麻痺はありますか？
Caller: しびれや麻痺があるかは分かりません。",False,True,False,0,3,0,is_numbness,is_numbness,High,Low,Low
numbness_3_2373,"Dispatcher: 普通に手足は動かせていますか？
Caller: 電話で呼ばれただけなので、しびれたり動かしにくかったりするかは見ていません。",False,True,False,0,3,0,is_numbness,is_numbness,Low,Low,High
numbness_3_2374,"Dispatcher: 片側の手足にしびれや動かしにくさはありますか？
Caller: 今向かっている途中で本人の様子を見られていないので、その点はまだ分かりません。",False,True,False,0,3,0,is_numbness,is_numbness,High,Low,High
numbness_3_2375,"Dispatcher: 右手だけ力が入らないなどの様子はありますか？
Caller: 別の部屋にいて姿が見えないため、手足のしびれや力の入り方は確認できません。",False,True,False,0,3,0,is_numbness,is_numbness,Low,High,High
numbness_0_2376,"Dispatcher: 頭の痛みは、急に起こった強い痛みですか？
Caller: メッセージで頭痛と来ただけで、急に始まったのか強いのかまでは分かりません。",False,True,False,0,0,0,is_numbness,is_sudden_severe,High,Low,High
numbness_0_2377,"Dispatcher: いつもと違う振る舞いはありますか？
Caller: 今はまだ会えていないので、普段と違う様子があるかは確認できません。",False,True,False,0,0,0,is_numbness,is_behavior,Low,High,Low
numbness_0_2378,"Dispatcher: 頭の痛みは、突然起こった激しい痛みですか？
Caller: いいえ、朝から少しずつ痛くなってきたようで、急にひどくなった感じではありません。",False,True,False,0,0,0,is_numbness,is_sudden_severe,High,Low,High
numbness_0_2379,"Dispatcher: いつもの頭痛ではなく、急に強く出た感じですか？
Caller: そこは分かりません。始まり方も痛みの強さもまだ聞けていません。",False,True,False,0,0,0,is_numbness,is_sudden_severe,Low,Low,Low
numbness_0_2380,"Dispatcher: 激しい痛みが突然起こりましたか？
Caller: 近くにいないので、突然だったのか、かなり強い痛みなのかは確認できません。",False,True,False,0,0,0,is_numbness,is_sudden_severe,High,High,Low
numbness_1_2381,"Dispatcher: 手足は普通に動いていますか？
Caller: いいえ、父は左手がしびれて力が入りにくいと言っています。",False,True,False,0,1,0,is_numbness,is_numbness,Low,Low,High
numbness_1_2382,"Dispatcher: しびれや麻痺はありますか？
Caller: はい、右足がしびれてうまく動かせません。",False,True,False,0,1,0,is_numbness,is_numbness,Low,High,Low
numbness_1_2383,"Dispatcher: しびれや麻痺はありますか？
Caller: はい、左腕にしびれがあって持ち上げにくそうです。",False,True,False,0,1,0,is_numbness,is_numbness,Low,High,Low
numbness_1_2384,"Dispatcher: 手足のしびれや麻痺はありますか？
Caller: はい、片方の手がしびれていて力も入りにくいです。",False,True,False,0,1,0,is_numbness,is_numbness,High,High,Low
numbness_1_2385,"Dispatcher: ちゃんと歩けていますか？
Caller: いいえ、右足がしびれると言っていて、ふらついています。",False,True,False,0,1,0,is_numbness,is_numbness,Low,High,Low
numbness_2_2386,"Dispatcher: しびれや麻痺はありますか？
Caller: いいえ、手足のしびれや動かしにくさはありません。",False,True,False,0,2,0,is_numbness,is_numbness,Low,High,Low
numbness_2_2387,"Dispatcher: 手足は普段どおり使えていますか？
Caller: はい、しびれた感じはないそうで、普通に動かせています。",False,True,False,0,2,0,is_numbness,is_numbness,Low,Low,High
numbness_2_2388,"Dispatcher: 片側の手足が動かしにくいとか、しびれる感じはありますか？
Caller: それはありません。両手両足とも普通に動いています。",False,True,False,0,2,0,is_numbness,is_numbness,Low,High,High
numbness_2_2389,"Dispatcher: 手足のしびれや麻痺はありますか？
Caller: いいえ、しびれも麻痺もなく、力も普通に入っています。",False,True,False,0,2,0,is_numbness,is_numbness,High,High,High
numbness_2_2390,"Dispatcher: しびれや麻痺はありますか？
Caller: いいえ、ありません。",False,True,False,0,2,0,is_numbness,is_numbness,Low,Low,Low
numbness_3_2391,"Dispatcher: 手足のしびれや麻痺はありますか？
Caller: 今は電話で聞いただけなので、しびれや麻痺があるかまでは確認できません。",False,True,False,0,3,0,is_numbness,is_numbness,High,High,Low
numbness_3_2392,"Dispatcher: 普通に歩けていますか？
Caller: そこは分かりません。しびれや動かしにくさがあるかはまだ確認できていません。",False,True,False,0,3,0,is_numbness,is_numbness,Low,Low,Low
numbness_3_2393,"Dispatcher: 体の様子で気になることはありますか？
Caller: 頭が痛いとしか聞いておらず、しびれがあるかは分かりません。",False,True,False,0,3,0,is_numbness,is_numbness,Low,Low,Low
numbness_3_2394,"Dispatcher: 片側の手足にしびれや麻痺はありますか？
Caller: 本人のそばにいないので、その有無は確認できません。",False,True,False,0,3,0,is_numbness,is_numbness,High,Low,Low
numbness_3_2395,"Dispatcher: 指先がしびれる、腕に力が入らないなどはありますか？
Caller: 同僚から連絡を受けただけで、感覚や動きの異常まではまだ把握できていません。",False,True,False,0,3,0,is_numbness,is_numbness,High,Low,High
numbness_0_2396,"Dispatcher: 普段と違う振る舞いや様子はありますか？
Caller: いいえ、受け答えも普段どおりで、変わった様子はありません。",False,True,False,0,0,0,is_numbness,is_behavior,High,Low,High
numbness_0_2397,"Dispatcher: いつもと違う振る舞いはありますか？
Caller: いいえ、ぼんやりもしておらず、普段どおり話せています。",False,True,False,0,0,0,is_numbness,is_behavior,High,High,Low
numbness_0_2398,"Dispatcher: さっきまで普通だったのに、急に我慢できないほど頭が痛くなった感じですか？
Caller: 友人から電話で頭痛を訴えられただけで、急に始まったのか痛みがどれほど強いのかは確認できていません。",False,True,False,0,0,0,is_numbness,is_sudden_severe,High,High,High
numbness_0_2399,"Dispatcher: 頭の痛みは、突然起こった激しい痛みですか？
Caller: いいえ、昨日から続いている頭痛で、急に強く出たものではないです。",False,True,False,0,0,0,is_numbness,is_sudden_severe,High,Low,High
numbness_0_2400,"Dispatcher: いつもの軽い頭痛ではなく、急に強い痛みですか？
Caller: いいえ、昼ごろからじわじわ痛くなったそうで、突然の激しい痛みではありません。",False,True,False,0,0,0,is_numbness,is_sudden_severe,Low,High,High
behavior_1_2401,"Dispatcher: 受け答えが変だったり、いつもと違う様子はありますか？
Caller: はい、同僚なんですが、さっきから同じことを何度も聞き返していて普段の受け答えと明らかに違います。",False,False,True,0,0,1,is_behavior,is_behavior,Low,High,High
behavior_1_2402,"Dispatcher: 普段と違う振る舞いや様子はありますか？
Caller: はい、いつもより反応が鈍くて会話がかみ合いません。",False,False,True,0,0,1,is_behavior,is_behavior,High,Low,Low
behavior_1_2403,"Dispatcher: ぼんやりしているとか、返事がおかしいなど、普段と違う様子はありますか？
Caller: はい、母なんですが、問いかけても見当違いの返事が多くていつもの感じではありません。",False,False,True,0,0,1,is_behavior,is_behavior,High,Low,High
behavior_1_2404,"Dispatcher: 普段と違う振る舞いや様子はありますか？
Caller: はい、夫が頭を痛がったあと急に落ち着きがなくなって、呼びかけにも変な受け答えをしています。",False,False,True,0,0,1,is_behavior,is_behavior,High,High,High
behavior_1_2405,"Dispatcher: 何か変わったことはありますか？
Caller: はい、普段と様子が違って少しおかしいです。",False,False,True,0,0,1,is_behavior,is_behavior,Low,Low,Low
behavior_2_2406,"Dispatcher: 普段と違う振る舞いや様子はありますか？
Caller: いいえ、頭痛はありますが受け答えも行動もいつも通りです。",False,False,True,0,0,2,is_behavior,is_behavior,High,Low,High
behavior_2_2407,"Dispatcher: 何か変わったことはありますか？
Caller: いいえ、特に普段と変わりません。",False,False,True,0,0,2,is_behavior,is_behavior,Low,Low,Low
behavior_2_2408,"Dispatcher: いつもと違う行動をしている感じはありますか？
Caller: いいえ、友人ですが話し方も動きも普段どおりです。",False,False,True,0,0,2,is_behavior,is_behavior,Low,Low,High
behavior_2_2409,"Dispatcher: ぼんやりしている、返事がおかしいなど、普段と違う様子は見えますか？
Caller: いいえ、弟は頭が痛いとは言っていますが、質問には普通に答えていて行動もいつもと変わりません。",False,False,True,0,0,2,is_behavior,is_behavior,High,High,High
behavior_2_2410,"Dispatcher: 普段と違う振る舞いや様子はありますか？
Caller: いいえ、妻ですが会話も普通にできていますし、変わった行動もありません。",False,False,True,0,0,2,is_behavior,is_behavior,High,Low,High
behavior_3_2411,"Dispatcher: いつもと違う振る舞いはありますか？
Caller: まだ本人に会えていないので、普段と違う様子があるかは分かりません。",False,False,True,0,0,3,is_behavior,is_behavior,High,Low,Low
behavior_3_2412,"Dispatcher: ぼんやりしている、返事がおかしいなど、普段と違う様子は見えますか？
Caller: 今は電話で頭痛と聞いただけで、受け答えや行動がいつもと違うかまでは確認できません。",False,False,True,0,0,3,is_behavior,is_behavior,High,High,Low
behavior_3_2413,"Dispatcher: 何か変わったことはありますか？
Caller: 頭が痛いこと以外は分からず、普段と違う様子かどうかは確認できていません。",False,False,True,0,0,3,is_behavior,is_behavior,Low,Low,Low
behavior_3_2414,"Dispatcher: 普段と違う振る舞いや様子はありますか？
Caller: 別の部屋にいて本人の様子が見えないので、いつもと違う行動があるかは分かりません。",False,False,True,0,0,3,is_behavior,is_behavior,High,High,Low
behavior_3_2415,"Dispatcher: 普段と違う振る舞いや様子はありますか？
Caller: 近くにいないため、受け答えや行動が普段と違うかどうかは確認できません。",False,False,True,0,0,3,is_behavior,is_behavior,High,High,Low
behavior_0_2416,"Dispatcher: 頭の痛みは、突然起こった激しい痛みですか？
Caller: 頭痛がすると連絡は来たんですが、急に強く出たのかまでは分かりません。",False,False,True,0,0,0,is_behavior,is_sudden_severe,High,Low,Low
behavior_0_2417,"Dispatcher: さっきまで普通だったのに、急に我慢できないほど頭が痛くなった感じですか？
Caller: 本人からメッセージが来ただけで、始まり方も痛みの強さも確認できていないので分かりません。",False,False,True,0,0,0,is_behavior,is_sudden_severe,High,High,High
behavior_0_2418,"Dispatcher: 手足のしびれや麻痺はありますか？
Caller: はい、父は右腕がしびれてうまく持ち上がらないと言っています。",False,False,True,0,0,0,is_behavior,is_numbness,High,High,Low
behavior_0_2419,"Dispatcher: 頭の痛みは、突然起こった激しい痛みですか？
Caller: はい、会議中にいきなり頭を押さえて、今までにないくらい強い痛みだと訴えました。",False,False,True,0,0,0,is_behavior,is_sudden_severe,High,High,High
behavior_0_2420,"Dispatcher: いつもの頭痛という感じですか？
Caller: そこは分かりません。急にひどくなったのか、どのくらい強いのか本人からまだ聞けていません。",False,False,True,0,0,0,is_behavior,is_sudden_severe,Low,High,High
behavior_1_2421,"Dispatcher: 何か変わったことはありますか？
Caller: はい、姉なんですが、急に話が飛び飛びになっていつもの受け答えじゃありません。",False,False,True,0,0,1,is_behavior,is_behavior,Low,Low,High
behavior_1_2422,"Dispatcher: いつもと違う感じはありますか？
Caller: はい、父が名前を呼んでも反応が遅くて、質問してもずれた答えが返ってきます。",False,False,True,0,0,1,is_behavior,is_behavior,Low,High,High
behavior_1_2423,"Dispatcher: 何か変わったことはありますか？
Caller: はい、母が呼びかけても話がかみ合わず、普段よりぼんやりしています。",False,False,True,0,0,1,is_behavior,is_behavior,Low,High,Low
behavior_1_2424,"Dispatcher: 何か変わったことはありますか？
Caller: はい、同僚が急に落ち着かなく歩き回っていて、返事も変です。",False,False,True,0,0,1,is_behavior,is_behavior,Low,High,Low
behavior_1_2425,"Dispatcher: いつもと違う感じはありますか？
Caller: はい、夫がさっきから意味の通らないことを言っていて普段と違います。",False,False,True,0,0,1,is_behavior,is_behavior,Low,Low,High
behavior_2_2426,"Dispatcher: 普段と違う振る舞いや様子はありますか？
Caller: いいえ、娘は頭痛を訴えていますが、受け答えはしっかりしていて行動もいつも通りです。",False,False,True,0,0,2,is_behavior,is_behavior,High,High,High
behavior_2_2427,"Dispatcher: 普段と違う振る舞いや様子はありますか？
Caller: いいえ、同僚は普通に会話できていますし、変な行動やぼんやりした様子もありません。",False,False,True,0,0,2,is_behavior,is_behavior,High,High,High
behavior_2_2428,"Dispatcher: 何か変わったことはありますか？
Caller: いいえ、兄は受け答えも動きも普段どおりで、おかしな様子は見られません。",False,False,True,0,0,2,is_behavior,is_behavior,Low,High,High
behavior_2_2429,"Dispatcher: 普段と違う振る舞いや様子はありますか？
Caller: いいえ、特に変わった様子はありません。",False,False,True,0,0,2,is_behavior,is_behavior,High,Low,Low
behavior_2_2430,"Dispatcher: 普段と違う振る舞いや様子はありますか？
Caller: いいえ、友人ですが普通に受け答えできていて、いつもと違う行動はありません。",False,False,True,0,0,2,is_behavior,is_behavior,High,Low,High
behavior_3_2431,"Dispatcher: 何か変わった様子はありますか？
Caller: 頭が痛いとは聞いていますが、普段と違う振る舞いがあるかは分かりません。",False,False,True,0,0,3,is_behavior,is_behavior,Low,Low,Low
behavior_3_2432,"Dispatcher: 普段と違う振る舞いや様子はありますか？
Caller: そこはまだ確認できておらず、いつもと違うかどうかは分かりません。",False,False,True,0,0,3,is_behavior,is_behavior,High,Low,Low
behavior_3_2433,"Dispatcher: ぼんやりしているなど、いつもと違う様子はありますか？
Caller: 頭痛のことしか聞けていないので、普段と違う振る舞いがあるかは分かりません。",False,False,True,0,0,3,is_behavior,is_behavior,High,Low,Low
behavior_3_2434,"Dispatcher: 受け答えがおかしい、落ち着きがないなど、普段と違う振る舞いは見られますか？
Caller: 今は別の部屋にいて様子を見ていないので、そういう変化があるか確認できません。",False,False,True,0,0,3,is_behavior,is_behavior,High,High,High
behavior_3_2435,"Dispatcher: 何か変わったことはありますか？
Caller: 今本人を見ていないので、普段と違う振る舞いがあるかは確認できません。",False,False,True,0,0,3,is_behavior,is_behavior,Low,High,Low
behavior_0_2436,"Dispatcher: 手足のしびれや麻痺はありますか？
Caller: 同僚が付き添っていますが、手足のしびれも動かしにくさもないと聞いています。",False,False,True,0,0,0,is_behavior,is_numbness,High,Low,High
behavior_0_2437,"Dispatcher: いつもの軽い頭痛ということでよいですか？
Caller: 友人によると、さっき急にではなくて、朝からだんだん痛くなってきたそうです。",False,False,True,0,0,0,is_behavior,is_sudden_severe,Low,High,High
behavior_0_2438,"Dispatcher: 頭の痛みは、突然起こった激しい痛みですか？
Caller: いいえ、急にではなく、昼ごろから少しずつ痛くなってきたようです。",False,False,True,0,0,0,is_behavior,is_sudden_severe,High,High,Low
behavior_0_2439,"Dispatcher: 手足のしびれや麻痺はありますか？
Caller: はい、父は右腕がしびれて力も入りにくいです。",False,False,True,0,0,0,is_behavior,is_numbness,High,Low,Low
behavior_0_2440,"Dispatcher: 頭の痛みは、急に出た強い痛みですか？
Caller: 妻は昨日から重い感じが続いていて、急に激しく始まったわけではありません。",False,False,True,0,0,0,is_behavior,is_sudden_severe,High,Low,High
behavior_1_2441,"Dispatcher: 普段と違う振る舞いや様子はありますか？
Caller: はい、弟は質問しても話がかみ合わず、いつもよりぼんやりしています。",False,False,True,0,0,1,is_behavior,is_behavior,High,Low,High
behavior_1_2442,"Dispatcher: ぼんやりしている、返事がおかしいなど、普段と違う様子は見えますか？
Caller: はい、母は呼びかけへの返事が遅く、言っていることも少しおかしいです。",False,False,True,0,0,1,is_behavior,is_behavior,High,High,Low
behavior_1_2443,"Dispatcher: 何か変わったことはありますか？
Caller: はい、同僚がいつもより受け答えがおかしくて様子が変です。",False,False,True,0,0,1,is_behavior,is_behavior,Low,High,Low
behavior_1_2444,"Dispatcher: いつも通りに見えますか？
Caller: いいえ、友人は落ち着きがなくて、普段と違う感じです。",False,False,True,0,0,1,is_behavior,is_behavior,Low,Low,High
behavior_1_2445,"Dispatcher: 普段と違う振る舞いはありますか？
Caller: はい、夫はさっきから同じことを何度も聞き返していて、明らかにいつもと違います。",False,False,True,0,0,1,is_behavior,is_behavior,High,High,Low
behavior_2_2446,"Dispatcher: いつも通りに見えますか？
Caller: はい、受け答えも行動も普段と変わりありません。",False,False,True,0,0,2,is_behavior,is_behavior,Low,High,Low
behavior_2_2447,"Dispatcher: 何か変わったことはありますか？
Caller: いいえ、娘は頭痛はありますが、様子はいつも通りです。",False,False,True,0,0,2,is_behavior,is_behavior,Low,Low,High
behavior_2_2448,"Dispatcher: 普通に受け答えできていますか？
Caller: はい、同僚は会話も普段どおりで、変わった行動もありません。",False,False,True,0,0,2,is_behavior,is_behavior,Low,High,High
behavior_2_2449,"Dispatcher: 普段と違う振る舞いや様子はありますか？
Caller: いいえ、妻は受け答えもしっかりしていて、いつもと変わりません。",False,False,True,0,0,2,is_behavior,is_behavior,High,High,Low
behavior_2_2450,"Dispatcher: 何か変わったことはありますか？
Caller: いいえ、父は普段どおり話せていますし、行動も特に変ではありません。",False,False,True,0,0,2,is_behavior,is_behavior,Low,High,Low
behavior_3_2451,"Dispatcher: 普段と違う振る舞いや様子はありますか？
Caller: 今日は電話で頭痛を訴えられただけで、いつもと違う様子かどうかは分かりません。",False,False,True,0,0,3,is_behavior,is_behavior,High,Low,Low
behavior_3_2452,"Dispatcher: ぼんやりしているなど、いつもと違う様子はありますか？
Caller: そこまでは確認できておらず、普段と違う振る舞いがあるかは分かりません。",False,False,True,0,0,3,is_behavior,is_behavior,High,Low,Low
behavior_3_2453,"Dispatcher: いつも通りに見えますか？
Caller: まだ会っていないので、そのあたりは分かりません。",False,False,True,0,0,3,is_behavior,is_behavior,Low,Low,Low
behavior_3_2454,"Dispatcher: 何か変わったことはありますか？
Caller: 今は本人が寝室にいて話せていないので、普段と違う振る舞いがあるか確認できません。",False,False,True,0,0,3,is_behavior,is_behavior,Low,High,Low
behavior_3_2455,"Dispatcher: 普段と違う振る舞いや様子はありますか？
Caller: 頭が痛いとは言っていますが、受け答えや行動がいつもと違うかどうかはまだ分かりません。",False,False,True,0,0,3,is_behavior,is_behavior,High,Low,Low
behavior_0_2456,"Dispatcher: さっきまで普通だったのに、急に我慢できないほど頭が痛くなった感じですか？
Caller: 会社から連絡を受けただけで、急に始まったのか痛みがどれほど強いのかは確認できていません。",False,False,True,0,0,0,is_behavior,is_sudden_severe,Low,High,High
behavior_0_2457,"Dispatcher: 頭の痛みは、突然起こった激しい痛みですか？
Caller: はい、会議中に急に頭を押さえて、今までにないくらいひどく痛いと言っています。",False,False,True,0,0,0,is_behavior,is_sudden_severe,High,High,High
behavior_0_2458,"Dispatcher: ちゃんと歩けていますか？
Caller: そこはまだ見ていなくて、手足のしびれや動かしにくさがあるかは分かりません。",False,False,True,0,0,0,is_behavior,is_numbness,Low,Low,High
behavior_0_2459,"Dispatcher: 頭の痛みは、突然起こった激しい痛みですか？
Caller: いいえ、母は昨夜から少しずつ痛くなっていて、急にひどくなったわけではありません。",False,False,True,0,0,0,is_behavior,is_sudden_severe,High,Low,Low
behavior_0_2460,"Dispatcher: 片側の手足にしびれや動かしにくさがあるか見られますか？
Caller: 本人から頭痛の連絡だけで、私は現場にいないので、しびれや麻痺の有無は確認できません。",False,False,True,0,0,0,is_behavior,is_numbness,High,High,High
behavior_1_2461,"Dispatcher: 受け答えや動きで、いつもと違う感じはありますか？
Caller: はい、夫が質問にちぐはぐな返事をしていて、さっきから同じことを何度も言っています。",False,False,True,0,0,1,is_behavior,is_behavior,Low,High,High
behavior_1_2462,"Dispatcher: 普段どおりの様子ですか？
Caller: いいえ、同僚なんですが、急に落ち着きがなくなって机の周りをうろうろしています。",False,False,True,0,0,1,is_behavior,is_behavior,Low,High,High
behavior_1_2463,"Dispatcher: 普段と違う振る舞いや様子はありますか？
Caller: はい、母は呼びかけても話がかみ合わず、ぼんやりしています。",False,False,True,0,0,1,is_behavior,is_behavior,High,High,Low
behavior_1_2464,"Dispatcher: ぼんやりしている、返事がおかしいなど、普段と違う様子は見えますか？
Caller: ええ、娘なんですが、さっきから受け答えが変でいつものしっかりした感じがありません。",False,False,True,0,0,1,is_behavior,is_behavior,High,Low,High
behavior_1_2465,"Dispatcher: 何か変わったことはありますか？
Caller: はい、普段より明らかに様子がおかしくて、会話の反応も鈍いです。",False,False,True,0,0,1,is_behavior,is_behavior,Low,Low,Low
behavior_2_2466,"Dispatcher: 普段と違う振る舞いや様子はありますか？
Caller: いいえ、妻は頭が痛いとは言っていますが、受け答えはいつもどおりです。",False,False,True,0,0,2,is_behavior,is_behavior,High,Low,High
behavior_2_2467,"Dispatcher: 受け答えが変だったり、様子がおかしい感じはありますか？
Caller: いいえ、父は普通に会話できていますし、行動もいつもと変わりません。",False,False,True,0,0,2,is_behavior,is_behavior,Low,High,High
behavior_2_2468,"Dispatcher: 何か変わったことはありますか？
Caller: いいえ、特に普段と変わる様子はありません。",False,False,True,0,0,2,is_behavior,is_behavior,Low,Low,Low
behavior_2_2469,"Dispatcher: 普段どおりに見えますか？
Caller: はい、友人ですが、頭痛以外はいつもと同じ感じです。",False,False,True,0,0,2,is_behavior,is_behavior,Low,Low,High
behavior_2_2470,"Dispatcher: ぼんやりしている、返事がおかしいなど、普段と違う様子はありますか？
Caller: いいえ、弟は受け答えもしっかりしていて、変わった行動もありません。",False,False,True,0,0,2,is_behavior,is_behavior,High,Low,High
behavior_3_2471,"Dispatcher: 何か変わったことはありますか？
Caller: 頭が痛いと連絡があっただけで、普段と違う様子があるかは分かりません。",False,False,True,0,0,3,is_behavior,is_behavior,Low,High,Low
behavior_3_2472,"Dispatcher: 普段どおりの様子ですか？
Caller: まだ本人を見ていないので、いつもと違う振る舞いがあるかは分かりません。",False,False,True,0,0,3,is_behavior,is_behavior,Low,High,Low
behavior_3_2473,"Dispatcher: 普段と違う振る舞いや様子はありますか？
Caller: 電話で頭痛を訴えただけなので、様子の違いまでは確認できていません。",False,False,True,0,0,3,is_behavior,is_behavior,High,Low,Low
behavior_3_2474,"Dispatcher: 受け答えが変、落ち着きがない、いつもと違う行動をしている感じはありますか？
Caller: 今は別の部屋にいて見えていないので、そのあたりはまだ分かりません。",False,False,True,0,0,3,is_behavior,is_behavior,Low,Low,High
behavior_3_2475,"Dispatcher: ぼんやりしている、返事がおかしいなど、普段と違う様子は見えますか？
Caller: 職場から連絡を受けただけで、実際の様子は見ていないので分かりません。",False,False,True,0,0,3,is_behavior,is_behavior,High,Low,High
behavior_0_2476,"Dispatcher: いつもの軽い頭痛ということでよいですか？
Caller: はい、母は朝から少しずつ痛くなったと言っていて、急に激しく出た感じではありません。",False,False,True,0,0,0,is_behavior,is_sudden_severe,Low,Low,High
behavior_0_2477,"Dispatcher: 頭の痛みは、突然起こった激しい痛みですか？
Caller: いいえ、夫は昨日からじわじわ痛いと言っていて、急に強くなったわけではありません。",False,False,True,0,0,0,is_behavior,is_sudden_severe,Low,High,High
behavior_0_2478,"Dispatcher: 頭の痛みは、急に出た強い痛みか確認できますか？
Caller: 本人から頭痛とだけメッセージが来ていて、急だったのか強いのかまでは分かりません。",False,False,True,0,0,0,is_behavior,is_sudden_severe,High,Low,High
behavior_0_2479,"Dispatcher: しびれや麻痺はありますか？
Caller: いいえ、父は手足を普通に動かせていますし、しびれもないと言っています。",False,False,True,0,0,0,is_behavior,is_numbness,Low,High,Low
behavior_0_2480,"Dispatcher: 激しい痛みが突然起こりましたか？
Caller: それはまだ分かりません。頭が痛いとしか聞けていません。",False,False,True,0,0,0,is_behavior,is_sudden_severe,Low,Low,Low
behavior_1_2481,"Dispatcher: 何か変わったことはありますか？
Caller: はい、兄が話しかけても反応が遅くて、いつもの受け答えではありません。",False,False,True,0,0,1,is_behavior,is_behavior,Low,High,Low
behavior_1_2482,"Dispatcher: 普段どおりの様子ですか？
Caller: いいえ、友人なんですが、急に意味の通らないことを話し始めて明らかに変です。",False,False,True,0,0,1,is_behavior,is_behavior,Low,High,High
behavior_1_2483,"Dispatcher: 受け答えや動きで、いつもと違う感じはありますか？
Caller: はい、祖母がさっきから同じ質問を繰り返していて、少し様子がおかしいです。",False,False,True,0,0,1,is_behavior,is_behavior,Low,Low,High
behavior_1_2484,"Dispatcher: いつもと違う行動をしている感じはありますか？
Caller: はい、同僚が急に書類を落としても拾わず、ぼーっと立ったままです。",False,False,True,0,0,1,is_behavior,is_behavior,Low,High,High
behavior_1_2485,"Dispatcher: 普段と違う振る舞いや様子はありますか？
Caller: あります。息子が返事はするんですが、どこか上の空でいつもの調子ではないです。",False,False,True,0,0,1,is_behavior,is_behavior,High,Low,High
behavior_2_2486,"Dispatcher: 普段と違う振る舞いや様子はありますか？
Caller: いいえ、母は頭痛は訴えていますが、会話も行動も普段どおりです。",False,False,True,0,0,2,is_behavior,is_behavior,High,Low,Low
behavior_2_2487,"Dispatcher: 何か変わったことはありますか？
Caller: いいえ、妻は普通に受け答えしていますし、変な行動もありません。",False,False,True,0,0,2,is_behavior,is_behavior,Low,High,High
behavior_2_2488,"Dispatcher: 普段と違う振る舞いや様子はありますか？
Caller: いいえ、弟はいつもどおりで、頭痛以外に変わった様子はありません。",False,False,True,0,0,2,is_behavior,is_behavior,High,Low,Low
behavior_2_2489,"Dispatcher: ぼんやりしている、返事がおかしいなど、普段と違う様子はありますか？
Caller: いいえ、そのようなことはなく、父はしっかり受け答えできています。",False,False,True,0,0,2,is_behavior,is_behavior,High,Low,Low
behavior_2_2490,"Dispatcher: 普段どおりの様子ですか？
Caller: はい、友人は普通に話せていますし、行動もいつもと変わりません。",False,False,True,0,0,2,is_behavior,is_behavior,Low,High,Low
behavior_3_2491,"Dispatcher: 何か変わった様子はありますか？
Caller: 頭が痛いとは聞いていますが、普段と違う振る舞いがあるかはまだ見れていません。",False,False,True,0,0,3,is_behavior,is_behavior,Low,Low,High
behavior_3_2492,"Dispatcher: ぼんやりしている、返事がおかしいなど、普段と違う様子は見えますか？
Caller: 今は別の階にいて本人の様子が見えないので、普段と違う振る舞いがあるかは確認できません。",False,False,True,0,0,3,is_behavior,is_behavior,High,High,High
behavior_3_2493,"Dispatcher: 普段と違う振る舞いや様子はありますか？
Caller: 今は電話で頭痛を訴えられただけで、いつもと違う様子があるかまでは確認できません。",False,False,True,0,0,3,is_behavior,is_behavior,High,High,Low
behavior_3_2494,"Dispatcher: 受け答えが変だったり、落ち着きがないなど、いつもと違う行動はありますか？
Caller: 同僚から連絡を受けて通報していて、私はその場にいないので普段と違う振る舞いがあるか分かりません。",False,False,True,0,0,3,is_behavior,is_behavior,High,High,High
behavior_3_2495,"Dispatcher: いつも通りに見えますか？
Caller: そこまでは分からなくて、頭痛があることしか確認できていません。",False,False,True,0,0,3,is_behavior,is_behavior,Low,Low,High
behavior_0_2496,"Dispatcher: しびれや麻痺はありますか？
Caller: いいえ、手足のしびれも麻痺もありません。",False,False,True,0,0,0,is_behavior,is_numbness,Low,Low,Low
behavior_0_2497,"Dispatcher: 頭の痛みは、突然起こった激しい痛みですか？
Caller: 友人から頭が痛いとだけ連絡が来ていて、急に強く出たのかまでは分かりません。",False,False,True,0,0,0,is_behavior,is_sudden_severe,High,Low,High
behavior_0_2498,"Dispatcher: 頭の痛みは、突然起こった激しい痛みですか？
Caller: いいえ、さっき急にではなく朝から少しずつ痛くなってきたそうです。",False,False,True,0,0,0,is_behavior,is_sudden_severe,High,High,Low
behavior_0_2499,"Dispatcher: 手足のしびれや麻痺はありますか？
Caller: 本人が部屋を閉めていて様子が見えないので、しびれや麻痺があるかは確認できません。",False,False,True,0,0,0,is_behavior,is_numbness,High,Low,High
behavior_0_2500,"Dispatcher: さっきまで普通だったのに、急に我慢できないほど頭が痛くなった感じですか？
Caller: はい、会議中に急に頭を押さえて、今までで一番ひどい痛みだと言っています。",False,False,True,0,0,0,is_behavior,is_sudden_severe,High,High,High
behavior_1_2501,"Dispatcher: 普段と違う振る舞いや様子はありますか？
Caller: はい、質問しても話がかみ合わず、いつもの受け答えと明らかに違います。",False,False,True,0,0,1,is_behavior,is_behavior,High,High,Low
behavior_1_2502,"Dispatcher: 受け答えが変だったり、いつもと違う行動はありますか？
Caller: はい、母なんですが、同じことを何度も聞き返してきて普段と様子が違います。",False,False,True,0,0,1,is_behavior,is_behavior,High,Low,High
behavior_1_2503,"Dispatcher: ぼんやりしているなど、普段と違う様子はありますか？
Caller: あります。さっきから落ち着かず部屋の中をうろうろしていて、いつもの感じではありません。",False,False,True,0,0,1,is_behavior,is_behavior,High,Low,High
behavior_1_2504,"Dispatcher: 何かいつもと違う振る舞いはありますか？
Caller: はい、夫が私の問いかけにまともに答えられず、急にぼーっとした様子になっています。",False,False,True,0,0,1,is_behavior,is_behavior,High,High,High
behavior_1_2505,"Dispatcher: 何か変わったことはありますか？
Caller: はい、普段と違って受け答えがおかしいです。",False,False,True,0,0,1,is_behavior,is_behavior,Low,Low,Low
behavior_2_2506,"Dispatcher: 普段と違う振る舞いや様子はありますか？
Caller: いいえ、受け答えは普通で、行動もいつもと変わりません。",False,False,True,0,0,2,is_behavior,is_behavior,High,High,Low
behavior_2_2507,"Dispatcher: 何か変わった様子はありますか？
Caller: いいえ、頭痛はありますが、普段どおり話せています。",False,False,True,0,0,2,is_behavior,is_behavior,Low,Low,High
behavior_2_2508,"Dispatcher: いつもと違う振る舞いはありますか？
Caller: いいえ、ぼんやりもしておらず、返事もしっかりしています。",False,False,True,0,0,2,is_behavior,is_behavior,Low,High,Low
behavior_2_2509,"Dispatcher: ぼんやりしている、返事がおかしいなどはありますか？
Caller: いいえ、会話は普通にできていて、いつもと変わった様子はありません。",False,False,True,0,0,2,is_behavior,is_behavior,High,Low,Low
behavior_2_2510,"Dispatcher: 何か変わったことはありますか？
Caller: いいえ、特に普段と違う行動は見られません。",False,False,True,0,0,2,is_behavior,is_behavior,Low,Low,Low
behavior_3_2511,"Dispatcher: 普段と違う振る舞いや様子はありますか？
Caller: 娘からメッセージで頭痛と来ただけで、いつもと違う様子があるかは分かりません。",False,False,True,0,0,3,is_behavior,is_behavior,High,Low,High
behavior_3_2512,"Dispatcher: 受け答えが変、落ち着きがないなど、普段と違う様子はありますか？
Caller: 今は職場からの連絡を受けているだけで本人を見ていないので、普段と違う振る舞いがあるか確認できません。",False,False,True,0,0,3,is_behavior,is_behavior,High,High,High
behavior_3_2513,"Dispatcher: ぼんやりしているとか、いつもと違う行動はありますか？
Caller: 祖母が隣の部屋にいて返事が聞き取りにくく、普段と違う振る舞いかどうかまでは判断できません。",False,False,True,0,0,3,is_behavior,is_behavior,High,Low,High
behavior_3_2514,"Dispatcher: いつも通りに過ごせていますか？
Caller: まだ直接見ていないので、普段と違う様子かは分かりません。",False,False,True,0,0,3,is_behavior,is_behavior,Low,Low,Low
behavior_3_2515,"Dispatcher: 普段と比べて、受け答えや行動におかしいところはありますか？
Caller: 友だちから頭痛でつらいと連絡があっただけで、実際の振る舞いまでは確認できていません。",False,False,True,0,0,3,is_behavior,is_behavior,High,Low,High
behavior_0_2516,"Dispatcher: しびれや麻痺はありますか？
Caller: いいえ、手足は普通に動いていて、しびれもないです。",False,False,True,0,0,0,is_behavior,is_numbness,Low,Low,Low
behavior_0_2517,"Dispatcher: 頭の痛みは、急に起こった強い痛みですか？
Caller: いいえ、昼ごろからじわじわ痛くなってきたと言っていて、突然ではありません。",False,False,True,0,0,0,is_behavior,is_sudden_severe,High,High,High
behavior_0_2518,"Dispatcher: いつもの軽い頭痛ということでよいですか？
Caller: そこは分かりません。急に強くなったのかどうかはまだ確認できていません。",False,False,True,0,0,0,is_behavior,is_sudden_severe,Low,Low,Low
behavior_0_2519,"Dispatcher: 激しい痛みが突然起こりましたか？
Caller: はい、さっきまで普通に話していたのに、急に耐えられないほど頭が痛いと言い出しました。",False,False,True,0,0,0,is_behavior,is_sudden_severe,Low,High,Low
behavior_0_2520,"Dispatcher: 頭の痛みは、突然起こった激しい痛みですか？
Caller: はい、弟が急に頭を抱え込んで、今までにないくらい強い痛みだと言っています。",False,False,True,0,0,0,is_behavior,is_sudden_severe,High,High,High
behavior_1_2521,"Dispatcher: 受け答えが変だったり、いつもと違う様子はありますか？
Caller: はい、同僚なんですが、さっきから質問にうまく答えられず、同じことを何度も言っています。",False,False,True,0,0,1,is_behavior,is_behavior,Low,High,High
behavior_1_2522,"Dispatcher: 何か普段と違う様子はありますか？
Caller: はい、いつもと明らかに違って落ち着きがありません。",False,False,True,0,0,1,is_behavior,is_behavior,Low,Low,Low
behavior_1_2523,"Dispatcher: 普段と違う振る舞いや様子はありますか？
Caller: はい、母なんですが、呼びかけても話がかみ合わず、さっきから部屋の中をうろうろしています。",False,False,True,0,0,1,is_behavior,is_behavior,High,High,High
behavior_1_2524,"Dispatcher: ぼんやりしている、返事がおかしいなど、普段と違う様子はありますか？
Caller: はい、夫ですが、返事が遅くて会話がちぐはぐです。",False,False,True,0,0,1,is_behavior,is_behavior,High,High,Low
behavior_1_2525,"Dispatcher: いつもどおりに受け答えできていますか？
Caller: いいえ、普段よりかなり変な感じです。",False,False,True,0,0,1,is_behavior,is_behavior,Low,Low,Low
behavior_2_2526,"Dispatcher: 何か普段と違う様子はありますか？
Caller: いいえ、妻ですが、受け答えも行動もいつもどおりです。",False,False,True,0,0,2,is_behavior,is_behavior,Low,High,Low
behavior_2_2527,"Dispatcher: 普段と違う振る舞いや様子はありますか？
Caller: いいえ、特に変わった様子はなく、いつもどおり話せています。",False,False,True,0,0,2,is_behavior,is_behavior,High,Low,Low
behavior_2_2528,"Dispatcher: ぼんやりしている、返事がおかしいなど、普段と違う様子はありますか？
Caller: いいえ、父ですが、会話は普通にできていて様子もいつもと変わりません。",False,False,True,0,0,2,is_behavior,is_behavior,High,High,Low
behavior_2_2529,"Dispatcher: 受け答えが変だったり、落ち着きがない感じはありますか？
Caller: いいえ、同僚ですが、頭痛はあるものの話し方や態度は普段どおりです。",False,False,True,0,0,2,is_behavior,is_behavior,High,Low,High
behavior_2_2530,"Dispatcher: 普段と違う振る舞いや様子はありますか？
Caller: いいえ、兄ですが、返事もしっかりしていて行動もいつもどおりです。",False,False,True,0,0,2,is_behavior,is_behavior,High,High,Low
behavior_3_2531,"Dispatcher: 何か普段と違う様子はありますか？
Caller: すみません、友人から頭が痛いと連絡が来ただけで、受け答えや様子までは確認できていません。",False,False,True,0,0,3,is_behavior,is_behavior,Low,High,High
behavior_3_2532,"Dispatcher: いつもどおりに見えますか？
Caller: 分かりません、まだ本人の様子を見られていません。",False,False,True,0,0,3,is_behavior,is_behavior,Low,Low,Low
behavior_3_2533,"Dispatcher: 受け答えが変だったり、落ち着きがない感じはありますか？
Caller: 電話で少し聞いただけなので、普段と比べて変かどうかまでは判断できません。",False,False,True,0,0,3,is_behavior,is_behavior,Low,Low,High
behavior_3_2534,"Dispatcher: 普段と違う振る舞いや様子はありますか？
Caller: 今は隣の部署から連絡を受けただけで本人を見ていないので、いつもと違う行動があるかは分かりません。",False,False,True,0,0,3,is_behavior,is_behavior,High,High,High
behavior_3_2535,"Dispatcher: ぼんやりしている、返事がおかしいなど、普段と違う様子は見えますか？
Caller: すみません、まだ直接会えていないので、その点は確認できません。",False,False,True,0,0,3,is_behavior,is_behavior,High,High,Low
behavior_0_2536,"Dispatcher: 手足のしびれや麻痺はありますか？
Caller: 本人が別の部屋にいて見えていないので、しびれや麻痺があるかはまだ分かりません。",False,False,True,0,0,0,is_behavior,is_numbness,Low,Low,High
behavior_0_2537,"Dispatcher: 急に我慢できないほど強い頭の痛みが出ましたか？
Caller: はい、同僚がさっき急に頭を押さえて、今までにないくらい痛いと言っています。",False,False,True,0,0,0,is_behavior,is_sudden_severe,Low,High,High
behavior_0_2538,"Dispatcher: 頭の痛みは、突然起こった激しい痛みですか？
Caller: いいえ、朝から少しずつ痛くなってきたようで、急に強くなったわけではありません。",False,False,True,0,0,0,is_behavior,is_sudden_severe,High,Low,High
behavior_0_2539,"Dispatcher: 頭の痛みは、急に出た強い痛みですか？
Caller: はい、母がさっきまで普通だったのに、急に割れるように痛いと言い出しました。",False,False,True,0,0,0,is_behavior,is_sudden_severe,High,Low,High
behavior_0_2540,"Dispatcher: 手足のしびれや麻痺はありますか？
Caller: いいえ、娘ですが、手足は普通に動いていてしびれもないと言っています。",False,False,True,0,0,0,is_behavior,is_numbness,High,High,Low
behavior_1_2541,"Dispatcher: ぼんやりしている、返事がおかしいなど、普段と違う様子はありますか？
Caller: はい、弟なんですが、呼んでも反応が鈍くて、いつもの受け答えじゃありません。",False,False,True,0,0,1,is_behavior,is_behavior,High,Low,High
behavior_1_2542,"Dispatcher: 何か普段と違う様子はありますか？
Caller: はい、かなり様子がおかしいです。",False,False,True,0,0,1,is_behavior,is_behavior,Low,Low,Low
behavior_1_2543,"Dispatcher: 普段と違う振る舞いや様子はありますか？
Caller: はい、友人ですが、質問しても見当違いの返事をしていて明らかに普段と違います。",False,False,True,0,0,1,is_behavior,is_behavior,High,High,Low
behavior_1_2544,"Dispatcher: 普段と違う振る舞いや様子はありますか？
Caller: はい、妻が急に無言になったり、同じ場所を行ったり来たりしていていつもと違います。",False,False,True,0,0,1,is_behavior,is_behavior,High,Low,High
behavior_1_2545,"Dispatcher: いつもどおりに見えますか？
Caller: いいえ、父なんですが、急に怒りっぽくなって話もかみ合いません。",False,False,True,0,0,1,is_behavior,is_behavior,Low,High,High
behavior_2_2546,"Dispatcher: いつもどおりに見えますか？
Caller: はい、息子ですが、頭痛は訴えていますが様子自体は普段と変わりません。",False,False,True,0,0,2,is_behavior,is_behavior,Low,Low,High
behavior_2_2547,"Dispatcher: 何か普段と違う様子はありますか？
Caller: いいえ、夫ですが、受け答えは普通で変わった行動もありません。",False,False,True,0,0,2,is_behavior,is_behavior,Low,High,Low
behavior_2_2548,"Dispatcher: いつもどおりに受け答えできていますか？
Caller: はい、母ですが、会話はしっかりできていて特におかしな様子はありません。",False,False,True,0,0,2,is_behavior,is_behavior,Low,High,Low
behavior_2_2549,"Dispatcher: 普段と違う振る舞いや様子はありますか？
Caller: いいえ、友人は痛がっていますが、話し方も反応もいつもどおりです。",False,False,True,0,0,2,is_behavior,is_behavior,High,Low,High
behavior_2_2550,"Dispatcher: 何か普段と違う様子はありますか？
Caller: いいえ、同僚ですが、特に変な行動やおかしな受け答えはありません。",False,False,True,0,0,2,is_behavior,is_behavior,Low,Low,High
behavior_3_2551,"Dispatcher: いつもと違う振る舞いはありますか？
Caller: いつもと違う振る舞いがあるかは分かりません。",False,False,True,0,0,3,is_behavior,is_behavior,Low,High,Low
behavior_3_2552,"Dispatcher: 普段と違う振る舞いや様子はありますか？
Caller: 職場から連絡を受けただけで、実際の様子を見ていないので普段と違う行動があるかはまだ分かりません。",False,False,True,0,0,3,is_behavior,is_behavior,High,Low,High
behavior_3_2553,"Dispatcher: ぼんやりしている、返事がおかしいなど、普段と違う様子は見えますか？
Caller: 今は電話で聞いただけなので、普段と違う振る舞いがあるかまでは確認できません。",False,False,True,0,0,3,is_behavior,is_behavior,High,High,Low
behavior_3_2554,"Dispatcher: 普段と違う振る舞いや様子はありますか？
Caller: 娘から頭が痛いとメッセージが来ただけで、受け答えや行動が変かどうかは見られていません。",False,False,True,0,0,3,is_behavior,is_behavior,High,Low,High
behavior_3_2555,"Dispatcher: 何か変わったことはありますか？
Caller: 友人から頭痛の連絡だけで、いつもと違う様子かどうかは確認できていません。",False,False,True,0,0,3,is_behavior,is_behavior,Low,High,High
behavior_0_2556,"Dispatcher: いつもの頭痛ではなく、急にものすごく強い痛みが来た感じですか？
Caller: はい、さっき急に頭を押さえて、今までで一番ひどい痛みだと言っています。",False,False,True,0,0,0,is_behavior,is_sudden_severe,Low,High,High
behavior_0_2557,"Dispatcher: しびれや麻痺はありますか？
Caller: はい、右腕がしびれてうまく力が入らないようです。",False,False,True,0,0,0,is_behavior,is_numbness,Low,High,Low
behavior_0_2558,"Dispatcher: 手足のしびれや麻痺はありますか？
Caller: いいえ、手足は普通に動いていて、しびれもないと言っています。",False,False,True,0,0,0,is_behavior,is_numbness,High,High,High
behavior_0_2559,"Dispatcher: 頭の痛みは、突然起こった激しい痛みですか？
Caller: はい、会話中にいきなり頭が割れるように痛いと言い出して、その場にしゃがみ込みました。",False,False,True,0,0,0,is_behavior,is_sudden_severe,High,High,High
behavior_0_2560,"Dispatcher: 激しい痛みが突然起こりましたか？
Caller: 本人から頭が痛いとだけ連絡があって、急に始まったのか強いのかまでは分かりません。",False,False,True,0,0,0,is_behavior,is_sudden_severe,High,High,Low
behavior_1_2561,"Dispatcher: 受け答えが変だったり、いつもと違う行動はありますか？
Caller: はい、妻は質問しても話がかみ合わず、同じことを何度も言っています。",False,False,True,0,0,1,is_behavior,is_behavior,High,High,High
behavior_1_2562,"Dispatcher: いつも通りの様子ですか？
Caller: いいえ、同僚なんですが、さっきから落ち着きなく歩き回っていて返事も変です。",False,False,True,0,0,1,is_behavior,is_behavior,Low,High,High
behavior_1_2563,"Dispatcher: 普段と違う振る舞いや様子はありますか？
Caller: はい、いつもと明らかに様子が違います。",False,False,True,0,0,1,is_behavior,is_behavior,High,Low,Low
behavior_1_2564,"Dispatcher: ぼんやりしているなど、何か普段と違いますか？
Caller: はい、受け答えがおかしくて普段通りではありません。",False,False,True,0,0,1,is_behavior,is_behavior,High,Low,Low
behavior_1_2565,"Dispatcher: 何か変わったことはありますか？
Caller: はい、父が急に怒ったり黙り込んだりして、いつもの感じではありません。",False,False,True,0,0,1,is_behavior,is_behavior,Low,High,High
behavior_2_2566,"Dispatcher: 普段と違う振る舞いや様子はありますか？
Caller: いいえ、頭痛は訴えていますが受け答えは普段通りです。",False,False,True,0,0,2,is_behavior,is_behavior,High,Low,High
behavior_2_2567,"Dispatcher: 返事がおかしい、ぼんやりしているなど、いつもと違う様子はありますか？
Caller: いいえ、会話もしっかりできていますし、行動もいつもと変わりません。",False,False,True,0,0,2,is_behavior,is_behavior,High,High,High
behavior_2_2568,"Dispatcher: いつもと違う振る舞いはありますか？
Caller: いいえ、普段と同じです。",False,False,True,0,0,2,is_behavior,is_behavior,Low,High,Low
behavior_2_2569,"Dispatcher: 普段と比べて受け答えや行動に変わったところはありますか？
Caller: いいえ、友人ですが普通に受け答えできていて、変わった様子はありません。",False,False,True,0,0,2,is_behavior,is_behavior,High,High,High
behavior_2_2570,"Dispatcher: 普段と違う振る舞いや様子はありますか？
Caller: いいえ、様子は普段通りです。",False,False,True,0,0,2,is_behavior,is_behavior,High,High,Low
behavior_3_2571,"Dispatcher: いつもと違う振る舞いはありますか？
Caller: いつもと違う振る舞いがあるかは分かりません。",False,False,True,0,0,3,is_behavior,is_behavior,Low,High,Low
behavior_3_2572,"Dispatcher: 何か変わったことはありますか？
Caller: 頭が痛いと聞いただけで、普段と違う様子かどうかは確認できていません。",False,False,True,0,0,3,is_behavior,is_behavior,Low,High,Low
behavior_3_2573,"Dispatcher: 普段と違う振る舞いや様子はありますか？
Caller: 祖母から短く電話があっただけで、受け答えが変なのか、いつも通りなのかまでは判断できません。",False,False,True,0,0,3,is_behavior,is_behavior,High,Low,High
behavior_3_2574,"Dispatcher: ぼんやりしている、返事がおかしいなど、普段と違う様子は見えますか？
Caller: 今は別の部屋にいて本人の様子が見えないので、普段と違う振る舞いがあるかは確認できません。",False,False,True,0,0,3,is_behavior,is_behavior,High,High,High
behavior_3_2575,"Dispatcher: いつも通りに過ごせていますか？
Caller: そこまでは分からなくて、頭痛があると連絡が来ただけです。",False,False,True,0,0,3,is_behavior,is_behavior,Low,Low,High
behavior_0_2576,"Dispatcher: 激しい痛みが突然起こりましたか？
Caller: はい、急に叫ぶほどの頭痛が来て、本人も耐えられないと言っています。",False,False,True,0,0,0,is_behavior,is_sudden_severe,Low,High,Low
behavior_0_2577,"Dispatcher: 手足のしびれや麻痺はありますか？
Caller: 今は本人のそばにいないので、しびれや麻痺があるかは確認できません。",False,False,True,0,0,0,is_behavior,is_numbness,High,High,Low
behavior_0_2578,"Dispatcher: 片側の手足にしびれや動かしにくさはありますか？
Caller: 電話口で頭痛を訴えていただけなので、手足の感覚や動きまでは分かりません。",False,False,True,0,0,0,is_behavior,is_numbness,High,Low,High
behavior_0_2579,"Dispatcher: 体のどこかにしびれたり、動かしにくいところはありますか？
Caller: いいえ、その様子はなくて手も足も普通に動かせています。",False,False,True,0,0,0,is_behavior,is_numbness,Low,Low,High
behavior_0_2580,"Dispatcher: いつもの頭痛ではなく、急に強い痛みが来た感じですか？
Caller: はい、急にものすごく痛いと言って、その場で動けなくなりました。",False,False,True,0,0,0,is_behavior,is_sudden_severe,Low,Low,High
behavior_1_2581,"Dispatcher: 受け答えが変だったり、いつもと違う行動はありますか？
Caller: はい、妻なんですが、同じことを何度も聞き返してきて落ち着きもなく、普段と様子が違います。",False,False,True,0,0,1,is_behavior,is_behavior,High,Low,High
behavior_1_2582,"Dispatcher: 何か変わった様子はありますか？
Caller: はい、普段と違って受け答えがおかしいです。",False,False,True,0,0,1,is_behavior,is_behavior,Low,Low,Low
behavior_1_2583,"Dispatcher: 普段と違う振る舞いや様子はありますか？
Caller: はい、同僚ですが、質問しても話がかみ合わず、机の前でぼんやりしていて明らかにいつもと違います。",False,False,True,0,0,1,is_behavior,is_behavior,High,High,Low
behavior_1_2584,"Dispatcher: いつもどおりに見えますか？
Caller: いいえ、父はさっきから空のコップを持ったまま何をするか分からない様子で、呼んでも反応が鈍いです。",False,False,True,0,0,1,is_behavior,is_behavior,Low,High,High
behavior_1_2585,"Dispatcher: 普通に受け答えできていますか？
Caller: いいえ、友人なんですが、返事がちぐはぐで急に立ち歩いたりしていて普段と違います。",False,False,True,0,0,1,is_behavior,is_behavior,Low,High,High
behavior_2_2586,"Dispatcher: 何か変わった様子はありますか？
Caller: いいえ、夫は頭痛は訴えていますが、受け答えも行動も普段どおりです。",False,False,True,0,0,2,is_behavior,is_behavior,Low,Low,Low
behavior_2_2587,"Dispatcher: 何か変わった様子はありますか？
Caller: いいえ、母はいつもと同じように話せています。",False,False,True,0,0,2,is_behavior,is_behavior,Low,Low,Low
behavior_2_2588,"Dispatcher: 普通に会話できていますか？
Caller: はい、同僚ですが受け答えはしっかりしていて、特におかしな行動もありません。",False,False,True,0,0,2,is_behavior,is_behavior,Low,Low,High
behavior_2_2589,"Dispatcher: ぼんやりしている、返事がおかしいなど、普段と違う様子はありますか？
Caller: いいえ、弟は頭が痛いとは言っていますが、会話も行動もいつもと変わりません。",False,False,True,0,0,2,is_behavior,is_behavior,High,Low,Low
behavior_2_2590,"Dispatcher: いつもどおりに見えますか？
Caller: はい、友達ですが、しゃべり方も様子も普段のままです。",False,False,True,0,0,2,is_behavior,is_behavior,Low,Low,High
behavior_3_2591,"Dispatcher: 何か変わった様子はありますか？
Caller: すみません、本人から頭痛とだけ連絡があって、普段と違う振る舞いがあるかは確認できていません。",False,False,True,0,0,3,is_behavior,is_behavior,Low,High,Low
behavior_3_2592,"Dispatcher: ぼんやりしている、返事がおかしいなど、普段と違う様子は見えますか？
Caller: 今は職場から電話を受けただけで本人のそばにいないので、受け答えや行動がいつもと違うかは分かりません。",False,False,True,0,0,3,is_behavior,is_behavior,High,High,High
behavior_3_2593,"Dispatcher: いつもどおりに過ごせていますか？
Caller: まだ会えていないので、普段と違う行動があるかどうかまでは分かりません。",False,False,True,0,0,3,is_behavior,is_behavior,Low,High,High
behavior_3_2594,"Dispatcher: 普段と違う振る舞いや様子はありますか？
Caller: それが、今は電話越しに頭痛を聞いただけで、いつもと違う様子かどうかは分かりません。",False,False,True,0,0,3,is_behavior,is_behavior,High,Low,Low
behavior_3_2595,"Dispatcher: 受け答えが変、落ち着きがない、いつもと違う行動をしている感じはありますか？
Caller: 息子からメッセージで頭が痛いと来ただけで、今は離れた場所にいて見えていないので、そのあたりは確認できません。",False,False,True,0,0,3,is_behavior,is_behavior,High,High,High
behavior_0_2596,"Dispatcher: 手足の動きでおかしいところはありますか？
Caller: いいえ、姉はしびれも麻痺もなく、手足は普通に動かせています。",False,False,True,0,0,0,is_behavior,is_numbness,Low,Low,High
behavior_0_2597,"Dispatcher: 頭の痛みは、突然起こった激しい痛みですか？
Caller: はい、同僚なんですが、さっき急に頭を押さえて、今までで一番ひどい痛みだと言っています。",False,False,True,0,0,0,is_behavior,is_sudden_severe,High,Low,High
behavior_0_2598,"Dispatcher: 頭の痛みは、急に出た強い痛みですか？
Caller: いいえ、母は朝から少しずつ痛くなってきたと言っていて、急にガツンと来た感じではありません。",False,False,True,0,0,0,is_behavior,is_sudden_severe,High,High,High
behavior_0_2599,"Dispatcher: 激しい痛みが突然起こりましたか？
Caller: それが、本人は頭が痛いとしか言っておらず、急に始まったのか痛みがどれほど強いのかは分かりません。",False,False,True,0,0,0,is_behavior,is_sudden_severe,High,Low,Low
behavior_0_2600,"Dispatcher: 頭の痛みは、突然起こった激しい痛みですか？
Caller: はい、夫がさっきまで普通にしていたのに、急に我慢できないほど頭が痛いと言ってうずくまりました。",False,False,True,0,0,0,is_behavior,is_sudden_severe,High,High,Low
behavior_1_2601,"Dispatcher: 普段と違う振る舞いや様子はありますか？
Caller: はい、母なんですが、さっきから質問に対して見当違いの返事をしていて、いつもの感じではありません。",False,False,True,0,0,1,is_behavior,is_behavior,High,Low,High
behavior_1_2602,"Dispatcher: 普段と違う振る舞いや様子はありますか？
Caller: はい、友人ですが、自分のいる場所もすぐ答えられず、同じ話を繰り返していて明らかに普段と違います。",False,False,True,0,0,1,is_behavior,is_behavior,High,High,High
behavior_1_2603,"Dispatcher: 受け答えが変だったり、いつもと違う様子はありますか？
Caller: はい、弟なんですが、呼びかけには応じるものの話がまとまらず、急に黙り込んだりして普段と違います。",False,False,True,0,0,1,is_behavior,is_behavior,High,Low,High
behavior_1_2604,"Dispatcher: ぼんやりしている、返事がおかしいなどはありますか？
Caller: はい、同居の祖父がさっきから話のつじつまが合わず、座ったり立ったりを繰り返していて変です。",False,False,True,0,0,1,is_behavior,is_behavior,High,Low,High
behavior_1_2605,"Dispatcher: 何か変わった様子はありますか？
Caller: はい、普段と違って落ち着きがなく、返事も変です。",False,False,True,0,0,1,is_behavior,is_behavior,Low,Low,Low
behavior_2_2606,"Dispatcher: 普通に会話できていますか？
Caller: はい、妻は頭痛はありますが、受け答えも行動もいつもどおりです。",False,False,True,0,0,2,is_behavior,is_behavior,Low,Low,High
behavior_2_2607,"Dispatcher: いつもどおりに見えますか？
Caller: はい、父は質問にも普通に答えていますし、歩き方や様子も普段と変わりません。",False,False,True,0,0,2,is_behavior,is_behavior,Low,High,High
behavior_2_2608,"Dispatcher: 普段と違う振る舞いや様子はありますか？
Caller: いいえ、同僚は頭痛を訴えていますが、受け答えははっきりしていて、変な行動も見られません。",False,False,True,0,0,2,is_behavior,is_behavior,High,High,High
behavior_2_2609,"Dispatcher: 普段と違う振る舞いや様子はありますか？
Caller: いいえ、母は会話も普通で、ぼんやりしたりおかしな行動をしたりはしていません。",False,False,True,0,0,2,is_behavior,is_behavior,High,High,Low
behavior_2_2610,"Dispatcher: 何か変わった様子はありますか？
Caller: いいえ、兄は普段どおりに受け答えできています。",False,False,True,0,0,2,is_behavior,is_behavior,Low,Low,Low
behavior_3_2611,"Dispatcher: いつもと違う振る舞いはありますか？
Caller: 今は電話で聞いただけで、普段と違う様子があるかは確認できません。",False,False,True,0,0,3,is_behavior,is_behavior,Low,High,Low
behavior_3_2612,"Dispatcher: 普段と違う振る舞いや様子はありますか？
Caller: 会社から連絡を受けているだけで本人を見ていないので、変な受け答えや行動があるかはまだ分かりません。",False,False,True,0,0,3,is_behavior,is_behavior,High,Low,High
behavior_3_2613,"Dispatcher: 受け答えは普通そうですか？
Caller: メッセージで頭が痛いと来ただけなので、話し方や様子がいつも通りかまでは確認できていません。",False,False,True,0,0,3,is_behavior,is_behavior,Low,High,High
behavior_3_2614,"Dispatcher: ぼんやりしたり、返事がおかしい感じはありますか？
Caller: 隣の部屋にいてまだ顔を見ていないので、普段と違う振る舞いがあるかは分かりません。",False,False,True,0,0,3,is_behavior,is_behavior,Low,High,High
behavior_3_2615,"Dispatcher: 何か変わった様子はありますか？
Caller: 友人から頭痛を訴えていると聞いただけで、いつもと違う行動をしているかは確認できません。",False,False,True,0,0,3,is_behavior,is_behavior,Low,High,High
behavior_0_2616,"Dispatcher: しびれや麻痺はありますか？
Caller: いいえ、手足は普通に動いていて、しびれもないようです。",False,False,True,0,0,0,is_behavior,is_numbness,Low,Low,Low
behavior_0_2617,"Dispatcher: 手足のしびれや麻痺はありますか？
Caller: はい、右腕がしびれて力も入りにくいと言っています。",False,False,True,0,0,0,is_behavior,is_numbness,High,High,Low
behavior_0_2618,"Dispatcher: いつもの軽い頭痛ということでよいですか？
Caller: はい、急にではなく朝から少しずつ痛くなってきた感じで、我慢できないほどではありません。",False,False,True,0,0,0,is_behavior,is_sudden_severe,Low,High,High
behavior_0_2619,"Dispatcher: 体の動きで気になることはありますか？
Caller: あります、左足がしびれてうまく踏ん張れないみたいです。",False,False,True,0,0,0,is_behavior,is_numbness,Low,High,High
behavior_0_2620,"Dispatcher: 頭の痛みは、突然起こった激しい痛みですか？
Caller: いいえ、昨日から続いている頭痛で、急にガツンと来た感じではありません。",False,False,True,0,0,0,is_behavior,is_sudden_severe,High,High,High
behavior_1_2621,"Dispatcher: 普段と違う振る舞いや様子はありますか？
Caller: はい、質問しても話がかみ合わず、さっきから同じことを繰り返しています。",False,False,True,0,0,1,is_behavior,is_behavior,High,High,High
behavior_1_2622,"Dispatcher: 受け答えが変だったり、いつもと違う行動はありますか？
Caller: はい、同僚なんですが、急にぼーっとして会話がちぐはぐです。",False,False,True,0,0,1,is_behavior,is_behavior,High,Low,High
behavior_1_2623,"Dispatcher: 普段と比べて何か様子がおかしいですか？
Caller: はい、母がさっきから落ち着きなく部屋をうろうろしていて、いつもの感じではありません。",False,False,True,0,0,1,is_behavior,is_behavior,High,Low,High
behavior_1_2624,"Dispatcher: ぼんやりしている、返事がおかしいなどの変化はありますか？
Caller: はい、呼びかけても反応が鈍くて、返事の内容も少し変です。",False,False,True,0,0,1,is_behavior,is_behavior,High,Low,High
behavior_1_2625,"Dispatcher: いつもと違う振る舞いはありますか？
Caller: はい、受け答えがおかしくて、普段より明らかに様子が変です。",False,False,True,0,0,1,is_behavior,is_behavior,Low,High,Low
behavior_2_2626,"Dispatcher: 何か変わった様子はありますか？
Caller: いいえ、頭痛はありますが、受け答えも行動もいつも通りです。",False,False,True,0,0,2,is_behavior,is_behavior,Low,Low,High
behavior_2_2627,"Dispatcher: いつもと違う振る舞いはありますか？
Caller: いいえ、特に変わった様子はありません。",False,False,True,0,0,2,is_behavior,is_behavior,Low,Low,Low
behavior_2_2628,"Dispatcher: 普段と違う振る舞いや様子はありますか？
Caller: いいえ、会話も普通にできていて、行動もいつもと変わりません。",False,False,True,0,0,2,is_behavior,is_behavior,High,High,Low
behavior_2_2629,"Dispatcher: 受け答えが変だったり、落ち着きがない感じはありますか？
Caller: いいえ、弟ですが返事もしっかりしていて、普段どおりに話しています。",False,False,True,0,0,2,is_behavior,is_behavior,Low,High,High
behavior_2_2630,"Dispatcher: ぼんやりしている、返事がおかしいなど、普段と違う様子は見えますか？
Caller: いいえ、今のところ受け答えは普通で、特におかしな行動もありません。",False,False,True,0,0,2,is_behavior,is_behavior,High,Low,Low
behavior_3_2631,"Dispatcher: 普段と違う振る舞いや様子はありますか？
Caller: 娘から頭が痛いと連絡が来ただけで、実際の様子はまだ見られていません。",False,False,True,0,0,3,is_behavior,is_behavior,High,Low,High
behavior_3_2632,"Dispatcher: ぼんやりしているとか、返事が変だとかはありますか？
Caller: 電話がすぐ切れてしまって、そこまでは確認できていません。",False,False,True,0,0,3,is_behavior,is_behavior,High,Low,High
behavior_3_2633,"Dispatcher: 普段と違う振る舞いや様子はありますか？
Caller: 今は別の階にいて本人の様子が見えないので、いつもと違う行動があるかは分かりません。",False,False,True,0,0,3,is_behavior,is_behavior,High,High,High
behavior_3_2634,"Dispatcher: 普段と違う振る舞いや様子はありますか？
Caller: まだ直接会っておらず、普段と違う様子かどうかは確認できません。",False,False,True,0,0,3,is_behavior,is_behavior,High,High,Low
behavior_3_2635,"Dispatcher: いつもと違う振る舞いはありますか？
Caller: 頭痛があると聞いただけで、変わった行動があるかは分かりません。",False,False,True,0,0,3,is_behavior,is_behavior,Low,High,Low
behavior_0_2636,"Dispatcher: 激しい痛みが突然起こりましたか？
Caller: 頭が痛いとは聞いていますが、急に始まったのか、強い痛みなのかまでは分かりません。",False,False,True,0,0,0,is_behavior,is_sudden_severe,Low,Low,Low
behavior_0_2637,"Dispatcher: いきなりひどい頭痛になった感じですか？
Caller: はい、さっきまで普通だったのに急に我慢できないくらい痛いと言って倒れ込みました。",False,False,True,0,0,0,is_behavior,is_sudden_severe,Low,High,High
behavior_0_2638,"Dispatcher: 急に耐えられないほどの頭痛になった感じですか？
Caller: いいえ、昨夜からじわじわ痛んでいて、突然ひどくなったわけではないです。",False,False,True,0,0,0,is_behavior,is_sudden_severe,Low,High,High
behavior_0_2639,"Dispatcher: 片側の手足にしびれや動かしにくさはありますか？
Caller: いいえ、歩けていますし、手足のしびれや麻痺はなさそうです。",False,False,True,0,0,0,is_behavior,is_numbness,High,Low,High
behavior_0_2640,"Dispatcher: 頭の痛みは、突然起こった激しい痛みですか？
Caller: いいえ、昼すぎから少しずつ痛くなってきたようで、急に強い痛みが出たわけではありません。",False,False,True,0,0,0,is_behavior,is_sudden_severe,High,Low,High
behavior_1_2641,"Dispatcher: いつもと比べて様子がおかしい感じはありますか？
Caller: はい、夫が同じことを何度も聞き返してきて、普段の受け答えと違います。",False,False,True,0,0,1,is_behavior,is_behavior,Low,Low,High
behavior_1_2642,"Dispatcher: 普段と違う振る舞いや様子はありますか？
Caller: はい、母は今、こちらの質問にうまく答えられず、ぼんやりしていて普段と明らかに違います。",False,False,True,0,0,1,is_behavior,is_behavior,High,High,Low
behavior_1_2643,"Dispatcher: 何か変わった様子はありますか？
Caller: はい、同僚の受け答えがいつもより変で、落ち着きもありません。",False,False,True,0,0,1,is_behavior,is_behavior,Low,Low,Low
behavior_1_2644,"Dispatcher: いつも通りに会話できていますか？
Caller: いいえ、父は返事がちぐはぐで、急に立ち上がってうろうろしていて明らかに普段と違います。",False,False,True,0,0,1,is_behavior,is_behavior,Low,High,High
behavior_1_2645,"Dispatcher: 何かいつもと違う振る舞いはありますか？
Caller: はい、妻が話しかけても反応が鈍くて、普段みたいに会話できません。",False,False,True,0,0,1,is_behavior,is_behavior,Low,High,Low
behavior_2_2646,"Dispatcher: 何か変わった様子はありますか？
Caller: いいえ、頭痛はありますが、受け答えも行動も普段通りです。",False,False,True,0,0,2,is_behavior,is_behavior,Low,Low,Low
behavior_2_2647,"Dispatcher: 普段と違う振る舞いや様子はありますか？
Caller: いいえ、本人は普通に受け答えできていて、いつもと変わりません。",False,False,True,0,0,2,is_behavior,is_behavior,High,Low,Low
behavior_2_2648,"Dispatcher: いつもと比べておかしな行動はありますか？
Caller: いいえ、友人は頭を押さえていますが、話し方も様子もいつも通りです。",False,False,True,0,0,2,is_behavior,is_behavior,Low,Low,High
behavior_2_2649,"Dispatcher: 何かいつもと違う振る舞いはありますか？
Caller: いいえ、特に変わった様子はなく、普段と同じです。",False,False,True,0,0,2,is_behavior,is_behavior,Low,Low,Low
behavior_2_2650,"Dispatcher: ぼんやりしている、返事がおかしいなど、普段と違う様子はありますか？
Caller: いいえ、弟は質問にきちんと答えていて、歩き方や行動も普段通りです。",False,False,True,0,0,2,is_behavior,is_behavior,High,High,High
behavior_3_2651,"Dispatcher: 普段と違う振る舞いや様子はありますか？
Caller: 会社から連絡を受けただけで本人を見ていないので、いつもと違う様子があるかは確認できません。",False,False,True,0,0,3,is_behavior,is_behavior,High,High,High
behavior_3_2652,"Dispatcher: 何か変わったことはありますか？
Caller: 頭が痛いとメッセージが来ただけで、普段と違う行動があるかは分かりません。",False,False,True,0,0,3,is_behavior,is_behavior,Low,Low,High
behavior_3_2653,"Dispatcher: いつも通りに受け答えできているか分かりますか？
Caller: 今は別の部屋にいて会話していないので、受け答えや様子がおかしいかは確認できません。",False,False,True,0,0,3,is_behavior,is_behavior,Low,High,High
behavior_3_2654,"Dispatcher: 何か様子がおかしい感じはありますか？
Caller: 電話で頭痛と聞いただけなので、普段と違う振る舞いがあるかまでは分かりません。",False,False,True,0,0,3,is_behavior,is_behavior,Low,Low,High
behavior_3_2655,"Dispatcher: いつもと違う振る舞いはありますか？
Caller: まだ直接見ていないので、いつもと違う振る舞いがあるかは分かりません。",False,False,True,0,0,3,is_behavior,is_behavior,Low,Low,Low
behavior_0_2656,"Dispatcher: いつもの頭痛ではなく、急に強い痛みが出た感じですか？
Caller: 本人から頭が痛いとだけ連絡があって、急に激しくなったのかは確認できていません。",False,False,True,0,0,0,is_behavior,is_sudden_severe,Low,High,High
behavior_0_2657,"Dispatcher: 頭の痛みは、突然起こった激しい痛みですか？
Caller: いいえ、朝から少しずつ痛くなってきたようで、急にひどくなったわけではありません。",False,False,True,0,0,0,is_behavior,is_sudden_severe,High,Low,Low
behavior_0_2658,"Dispatcher: しびれや麻痺はありますか？
Caller: 今そばにいないので、手足のしびれや動かしにくさがあるかは分かりません。",False,False,True,0,0,0,is_behavior,is_numbness,Low,High,Low
behavior_0_2659,"Dispatcher: 急に我慢できないほどの頭痛になりましたか？
Caller: いいえ、昨日から続いている頭痛で、突然始まった強い痛みではありません。",False,False,True,0,0,0,is_behavior,is_sudden_severe,Low,High,Low
behavior_0_2660,"Dispatcher: 体のどこかにしびれたり、動かしにくいところはありますか？
Caller: はい、母が左手に力が入らないと言っていて、左足もしびれるようです。",False,False,True,0,0,0,is_behavior,is_numbness,Low,High,High
behavior_1_2661,"Dispatcher: 普段と違う振る舞いや様子はありますか？
Caller: はい、兄は会話はしていますが話がかみ合いにくく、いつもの反応ではありません。",False,False,True,0,0,1,is_behavior,is_behavior,High,Low,High
behavior_1_2662,"Dispatcher: 何かいつもと違う振る舞いはありますか？
Caller: はい、息子が急に意味の通らないことを言っていて、普段と明らかに違います。",False,False,True,0,0,1,is_behavior,is_behavior,Low,High,Low
behavior_1_2663,"Dispatcher: いつもと比べて変な様子はありますか？
Caller: はい、友人が落ち着かず、返事も少しおかしいです。",False,False,True,0,0,1,is_behavior,is_behavior,Low,Low,High
behavior_1_2664,"Dispatcher: ぼんやりしている、返事がおかしいなど、普段と違う様子はありますか？
Caller: はい、同僚は呼びかけても反応が遅く、簡単な質問にも答えがずれていて、明らかにいつもと違います。",False,False,True,0,0,1,is_behavior,is_behavior,High,High,High
behavior_1_2665,"Dispatcher: 何か変わった様子はありますか？
Caller: はい、母がさっきから話がちぐはぐで、いつもと違います。",False,False,True,0,0,1,is_behavior,is_behavior,Low,Low,Low
behavior_2_2666,"Dispatcher: 普段と違う振る舞いや様子はありますか？
Caller: いいえ、祖父は受け答えもしっかりしていて、表情や行動もいつも通りです。",False,False,True,0,0,2,is_behavior,is_behavior,High,High,High
behavior_2_2667,"Dispatcher: 普段と違う振る舞いや様子はありますか？
Caller: いいえ、頭痛は訴えていますが、会話の様子はいつも通りです。",False,False,True,0,0,2,is_behavior,is_behavior,High,Low,Low
behavior_2_2668,"Dispatcher: 普段と違う振る舞いや様子はありますか？
Caller: いいえ、娘は普通に返事できていますし、特に変わった行動はありません。",False,False,True,0,0,2,is_behavior,is_behavior,High,Low,Low
behavior_2_2669,"Dispatcher: 何か変わった様子はありますか？
Caller: いいえ、夫は受け答えも普通で、普段と違うところはありません。",False,False,True,0,0,2,is_behavior,is_behavior,Low,High,Low
behavior_2_2670,"Dispatcher: ぼんやりしている、返事がおかしいなど、普段と違う様子はありますか？
Caller: いいえ、同僚は質問に正確に答えられていて、歩き方や態度もいつもと変わりません。",False,False,True,0,0,2,is_behavior,is_behavior,High,High,High
behavior_3_2671,"Dispatcher: 何か変わった様子はありますか？
Caller: 頭が痛いとは聞いていますが、普段と違う振る舞いがあるかは分かりません。",False,False,True,0,0,3,is_behavior,is_behavior,Low,Low,Low
behavior_3_2672,"Dispatcher: ぼんやりしている、返事がおかしいなど、普段と違う様子は見えますか？
Caller: 今は本人と離れていて見えていないので、普段と違う振る舞いがあるかは確認できません。",False,False,True,0,0,3,is_behavior,is_behavior,High,High,Low
behavior_3_2673,"Dispatcher: いつもより様子がおかしい感じはありますか？
Caller: そこまではまだ分からず、普段と違うかどうかは確認できていません。",False,False,True,0,0,3,is_behavior,is_behavior,Low,Low,Low
behavior_3_2674,"Dispatcher: 普段と違う振る舞いや様子はありますか？
Caller: 頭痛があること以外はまだ聞けておらず、いつもと違う行動があるかは分かりません。",False,False,True,0,0,3,is_behavior,is_behavior,High,Low,Low
behavior_3_2675,"Dispatcher: いつも通りに受け答えできていますか？
Caller: 職場の別の者から連絡を受けただけで、受け答えや行動が普段と違うかは私には確認できません。",False,False,True,0,0,3,is_behavior,is_behavior,Low,High,High
behavior_0_2676,"Dispatcher: 手足のしびれや麻痺はありますか？
Caller: はい、父は右腕がしびれていて、うまく力が入らないと言っています。",False,False,True,0,0,0,is_behavior,is_numbness,High,High,Low
behavior_0_2677,"Dispatcher: 片側の手足にしびれや動かしにくさはありますか？
Caller: いいえ、友人は手足は普通に動かせていて、しびれもないそうです。",False,False,True,0,0,0,is_behavior,is_numbness,High,Low,High
behavior_0_2678,"Dispatcher: 頭の痛みは、突然起こった激しい痛みですか？
Caller: いいえ、朝から少しずつ痛くなってきたみたいで、急にひどくなった感じではありません。",False,False,True,0,0,0,is_behavior,is_sudden_severe,High,Low,Low
behavior_0_2679,"Dispatcher: さっきまで普通だったのに、急に我慢できないほど頭が痛くなった感じですか？
Caller: はい、同僚が急に頭を押さえて、今までにないくらい痛いと言っています。",False,False,True,0,0,0,is_behavior,is_sudden_severe,High,Low,High
behavior_0_2680,"Dispatcher: 手足のしびれや麻痺はありますか？
Caller: はい、母は左足がしびれていて、立つと力が入りにくいようです。",False,False,True,0,0,0,is_behavior,is_numbness,High,Low,High
behavior_1_2681,"Dispatcher: 何か変わったことはありますか？
Caller: はい、弟は質問しても話がかみ合わず、普段ならしない受け答えをしています。",False,False,True,0,0,1,is_behavior,is_behavior,Low,High,High
behavior_1_2682,"Dispatcher: 普段と違う振る舞いや様子はありますか？
Caller: はい、妻がさっきから返事がちぐはぐで、いつもの様子ではありません。",False,False,True,0,0,1,is_behavior,is_behavior,High,Low,Low
behavior_1_2683,"Dispatcher: ぼんやりしている、返事がおかしいなど、普段と違う様子はありますか？
Caller: はい、父は呼びかけへの反応が鈍くて、受け答えも普段よりおかしいです。",False,False,True,0,0,1,is_behavior,is_behavior,High,Low,Low
behavior_1_2684,"Dispatcher: いつもと違う行動は見られますか？
Caller: はい、同僚が同じことを何度も聞き返してきて、明らかに普段と違います。",False,False,True,0,0,1,is_behavior,is_behavior,High,Low,Low
behavior_1_2685,"Dispatcher: 何か様子がおかしいですか？
Caller: はい、母は落ち着きがなくて、いつものような受け答えができていません。",False,False,True,0,0,1,is_behavior,is_behavior,Low,Low,Low
behavior_2_2686,"Dispatcher: 何か変わった様子はありますか？
Caller: いいえ、頭痛はありますが、受け答えや行動は普段通りです。",False,False,True,0,0,2,is_behavior,is_behavior,Low,Low,Low
behavior_2_2687,"Dispatcher: ぼんやりしている、返事がおかしいなど、普段と違う様子は見えますか？
Caller: いいえ、夫は会話もしっかりしていて、普段と変わった振る舞いはありません。",False,False,True,0,0,2,is_behavior,is_behavior,High,High,Low
behavior_2_2688,"Dispatcher: 受け答えが変だったり、いつもと違う感じはありますか？
Caller: いいえ、同僚は普通に話せていますし、様子もいつも通りです。",False,False,True,0,0,2,is_behavior,is_behavior,Low,Low,High
behavior_2_2689,"Dispatcher: 普段と違う振る舞いや様子はありますか？
Caller: いいえ、娘は頭痛を訴えていますが、行動や受け答えは普段と変わりません。",False,False,True,0,0,2,is_behavior,is_behavior,High,Low,Low
behavior_2_2690,"Dispatcher: 何かおかしな行動はありますか？
Caller: いいえ、友人は痛がっていますが、話し方も行動も特に変ではありません。",False,False,True,0,0,2,is_behavior,is_behavior,Low,Low,Low
behavior_3_2691,"Dispatcher: 受け答えが変、落ち着きがない、いつもと違う行動をしている感じはありますか？
Caller: メッセージで頭痛とだけ来ていて、今は会えていないので、普段と違う振る舞いがあるかまでは分かりません。",False,False,True,0,0,3,is_behavior,is_behavior,High,High,High
behavior_3_2692,"Dispatcher: 普段と違う振る舞いや様子はありますか？
Caller: 今は電話で聞いただけで本人を見ていないので、いつもと違う様子があるかは確認できません。",False,False,True,0,0,3,is_behavior,is_behavior,High,High,Low
behavior_3_2693,"Dispatcher: ぼんやりしているとか、返事の仕方が変だとかありますか？
Caller: 隣の部署から知らせを受けただけで、私自身は見ていないので普段と違う振る舞いかどうかは分かりません。",False,False,True,0,0,3,is_behavior,is_behavior,High,Low,High
behavior_3_2694,"Dispatcher: いつも通りに過ごせていますか？
Caller: そこはまだ確認できておらず、普段と違う様子があるかは分かりません。",False,False,True,0,0,3,is_behavior,is_behavior,Low,High,Low
behavior_3_2695,"Dispatcher: 何か変わったことはありますか？
Caller: 祖母から頭が痛いと連絡があっただけで、行動や受け答えがいつもと違うかまでは確認できていません。",False,False,True,0,0,3,is_behavior,is_behavior,Low,High,High
behavior_0_2696,"Dispatcher: いつもの頭痛ということでよいですか？
Caller: はい、姉は急にではなく昼ごろからじわじわ痛くなったと言っていて、激しい出方ではないです。",False,False,True,0,0,0,is_behavior,is_sudden_severe,Low,Low,High
behavior_0_2697,"Dispatcher: 手足のしびれや麻痺はありますか？
Caller: 今は本人のそばにいないので、しびれや麻痺があるかは分かりません。",False,False,True,0,0,0,is_behavior,is_numbness,High,Low,Low
behavior_0_2698,"Dispatcher: 激しい痛みが突然起こりましたか？
Caller: 本人からは頭が痛いとしか聞いておらず、急に強く出たのかは確認できません。",False,False,True,0,0,0,is_behavior,is_sudden_severe,Low,High,Low
behavior_0_2699,"Dispatcher: しびれや動かしにくさはありますか？
Caller: いいえ、兄は手足は普通に動いていて、しびれもないと言っています。",False,False,True,0,0,0,is_behavior,is_numbness,Low,Low,Low
behavior_0_2700,"Dispatcher: 頭の痛みは、突然起こった激しい痛みですか？
Caller: はい、母がさっき急に今までで一番ひどい頭痛だと言って倒れ込みました。",False,False,True,0,0,0,is_behavior,is_sudden_severe,High,High,Low
behavior_1_2701,"Dispatcher: 普段と違う振る舞いや様子はありますか？
Caller: はい、呼びかけても返事がちぐはぐで、いつもの受け答えではありません。",False,False,True,0,0,1,is_behavior,is_behavior,High,High,Low
behavior_1_2702,"Dispatcher: いつも通りに話したり動いたりできていますか？
Caller: いいえ、同じことを何度も言っていて、落ち着きもなく普段と様子が違います。",False,False,True,0,0,1,is_behavior,is_behavior,Low,Low,High
behavior_1_2703,"Dispatcher: 何か変わった様子はありますか？
Caller: はい、質問しても会話がかみ合わず、ぼんやりしていて明らかに普段と違います。",False,False,True,0,0,1,is_behavior,is_behavior,Low,High,Low
behavior_1_2704,"Dispatcher: ぼんやりしている、返事がおかしいなど、普段と違う様子は見えますか？
Caller: さっきから言っていることがまとまらなくて、いつもの本人じゃない感じです。",False,False,True,0,0,1,is_behavior,is_behavior,High,Low,High
behavior_1_2705,"Dispatcher: 何か変わったことはありますか？
Caller: はい、急に受け答えがおかしくなって、ふらふら歩いています。",False,False,True,0,0,1,is_behavior,is_behavior,Low,High,Low
behavior_2_2706,"Dispatcher: 普段と違う振る舞いや様子はありますか？
Caller: いいえ、頭痛はありますが受け答えや様子はいつも通りです。",False,False,True,0,0,2,is_behavior,is_behavior,High,Low,Low
behavior_2_2707,"Dispatcher: 受け答えが変だったり、いつもと違う行動はありますか？
Caller: そういうのはなくて、痛がってはいますが普段通りに話せています。",False,False,True,0,0,2,is_behavior,is_behavior,High,Low,High
behavior_2_2708,"Dispatcher: 普段と違う振る舞いや様子はありますか？
Caller: いいえ、会話は普通にできていますし、行動もいつもと変わりません。",False,False,True,0,0,2,is_behavior,is_behavior,High,High,High
behavior_2_2709,"Dispatcher: いつも通りに見えますか？
Caller: はい、頭を押さえてはいますが、特に変な様子はありません。",False,False,True,0,0,2,is_behavior,is_behavior,Low,Low,High
behavior_2_2710,"Dispatcher: 何か変わったことはありますか？
Caller: いいえ、受け答えはしっかりしていて、普段と違う行動もありません。",False,False,True,0,0,2,is_behavior,is_behavior,Low,High,High
behavior_3_2711,"Dispatcher: 普段と違う振る舞いや様子はありますか？
Caller: 今は本人のそばにいないので、普段と違う様子があるかは確認できません。",False,False,True,0,0,3,is_behavior,is_behavior,High,High,Low
behavior_3_2712,"Dispatcher: 普段と違う振る舞いや様子はありますか？
Caller: 職場から連絡を受けただけで、受け答えや行動がいつもと違うかまでは分かりません。",False,False,True,0,0,3,is_behavior,is_behavior,High,High,High
behavior_3_2713,"Dispatcher: ぼんやりしているとか、何かいつもと違う感じはありますか？
Caller: 頭が痛いとは聞いていますが、普段との違いまではまだ見られていません。",False,False,True,0,0,3,is_behavior,is_behavior,High,Low,High
behavior_3_2714,"Dispatcher: 普段と違う振る舞いや様子はありますか？
Caller: 今日はまだ直接会っていないので、いつもと違うかどうかは分かりません。",False,False,True,0,0,3,is_behavior,is_behavior,High,Low,Low
behavior_3_2715,"Dispatcher: 受け答えが変、落ち着きがないなど、いつもと違う行動はありますか？
Caller: 別の家族から頭痛とだけ連絡が来ていて、実際の様子は確認できていません。",False,False,True,0,0,3,is_behavior,is_behavior,High,High,High
behavior_0_2716,"Dispatcher: 手足の動きはいつも通りで、しびれたり力が入らない様子はないですか？
Caller: はい、両手足とも普通に動いていて、しびれや麻痺はありません。",False,False,True,0,0,0,is_behavior,is_numbness,Low,High,High
behavior_0_2717,"Dispatcher: 頭の痛みは、突然起こった激しい痛みですか？
Caller: 電話で頭痛と聞いただけなので、急に始まったのか、どれくらい強いのかは分かりません。",False,False,True,0,0,0,is_behavior,is_sudden_severe,High,Low,High
behavior_0_2718,"Dispatcher: 手足のしびれや麻痺はありますか？
Caller: 今は別室にいて姿が見えないので、しびれや麻痺があるかは確認できません。",False,False,True,0,0,0,is_behavior,is_numbness,High,High,High
behavior_0_2719,"Dispatcher: 片側の手足にしびれや動かしにくさはありますか？
Caller: いいえ、さっき自分で歩いてきましたし、手足のしびれもないと言っています。",False,False,True,0,0,0,is_behavior,is_numbness,High,High,High
behavior_0_2720,"Dispatcher: 手足のしびれや麻痺はありますか？
Caller: ありません。コップも両手で持てていますし、足もしっかり動いています。",False,False,True,0,0,0,is_behavior,is_numbness,High,High,High
behavior_1_2721,"Dispatcher: 普段と違う振る舞いや様子はありますか？
Caller: あります。急に黙り込んだり、話しかけても反応が鈍くて変です。",False,False,True,0,0,1,is_behavior,is_behavior,High,Low,High
behavior_1_2722,"Dispatcher: 何か変わったことはありますか？
Caller: はい、質問への返事がずれていて、明らかにいつもの様子ではありません。",False,False,True,0,0,1,is_behavior,is_behavior,Low,High,Low
behavior_1_2723,"Dispatcher: 普段と比べて、受け答えや行動におかしなところはありますか？
Caller: さっきから同じ場所をうろうろしていて、呼んでも要領を得ない返事しかしません。",False,False,True,0,0,1,is_behavior,is_behavior,High,Low,High
behavior_1_2724,"Dispatcher: 普段と違う振る舞いや様子はありますか？
Caller: はい、会話が成り立ちにくくて、いつもよりかなりぼんやりしています。",False,False,True,0,0,1,is_behavior,is_behavior,High,Low,Low
behavior_1_2725,"Dispatcher: いつも通りに見えますか？
Caller: いいえ、急に落ち着きがなくなって、話も少し変な感じです。",False,False,True,0,0,1,is_behavior,is_behavior,Low,Low,High
behavior_2_2726,"Dispatcher: 普段と違う振る舞いや様子はありますか？
Caller: 特にありません。痛みは訴えていますが、受け答えはいつも通りです。",False,False,True,0,0,2,is_behavior,is_behavior,High,Low,High
behavior_2_2727,"Dispatcher: 普段と違う振る舞いや様子はありますか？
Caller: いいえ、質問には普通に答えていますし、行動もいつもと変わりません。",False,False,True,0,0,2,is_behavior,is_behavior,High,High,High
behavior_2_2728,"Dispatcher: いつも通りに見えますか？
Caller: はい、特に変わった様子はありません。",False,False,True,0,0,2,is_behavior,is_behavior,Low,Low,Low
behavior_2_2729,"Dispatcher: 普段と違う振る舞いや様子はありますか？
Caller: いいえ、頭は痛そうですが、話し方も行動も普段通りです。",False,False,True,0,0,2,is_behavior,is_behavior,High,High,Low
behavior_2_2730,"Dispatcher: 普段と比べて、受け答えや行動に変わったところはありますか？
Caller: ありません。受け答えははっきりしていますし、いつもと同じ様子です。",False,False,True,0,0,2,is_behavior,is_behavior,High,High,High
behavior_3_2731,"Dispatcher: ぼんやりしている、返事がおかしいなど、普段と違う様子は見えますか？
Caller: 同僚から頭痛で休憩室にいると連絡が来ただけで、今そばにいないので普段と違う振る舞いがあるかは確認できません。",False,False,True,0,0,3,is_behavior,is_behavior,High,High,High
behavior_3_2732,"Dispatcher: いつも通りに受け答えできていますか？
Caller: まだ本人と話せていないので、普段と違う様子かどうかは分かりません。",False,False,True,0,0,3,is_behavior,is_behavior,Low,High,High
behavior_3_2733,"Dispatcher: 普段と違う振る舞いや様子はありますか？
Caller: 頭が痛いとだけ家族から聞いていて、いつもと違う行動があるかはまだ見られていません。",False,False,True,0,0,3,is_behavior,is_behavior,High,Low,High
behavior_3_2734,"Dispatcher: 受け答えが変だったり、落ち着きがないなど、いつもと違う感じはありますか？
Caller: 友人からメッセージで頭痛を訴えられただけで、今は会えていないので普段との違いは確認できません。",False,False,True,0,0,3,is_behavior,is_behavior,High,High,High
behavior_3_2735,"Dispatcher: 何か変わった様子はありますか？
Caller: 分かりません。まだ本人の様子を見ていません。",False,False,True,0,0,3,is_behavior,is_behavior,Low,Low,Low
behavior_0_2736,"Dispatcher: 手足のしびれや麻痺はありますか？
Caller: いいえ、手足は普通に動いていて、しびれもないです。",False,False,True,0,0,0,is_behavior,is_numbness,High,High,Low
behavior_0_2737,"Dispatcher: いつもの軽い頭痛ということでよいですか？
Caller: はい、朝から少しずつ痛くなったようで、急に強い痛みが出たわけではありません。",False,False,True,0,0,0,is_behavior,is_sudden_severe,Low,Low,Low
behavior_0_2738,"Dispatcher: 手足のしびれや麻痺はありますか？
Caller: はい、父が右腕がしびれて力も入りにくいと言っています。",False,False,True,0,0,0,is_behavior,is_numbness,High,High,Low
behavior_0_2739,"Dispatcher: 普通に手足は動かせていますか？
Caller: はい、しびれも麻痺もなく、両手足とも普段通り動いています。",False,False,True,0,0,0,is_behavior,is_numbness,Low,High,High
behavior_0_2740,"Dispatcher: しびれや麻痺はありますか？
Caller: 分かりません。電話で頭痛とだけ聞いていて、手足の様子は確認できていません。",False,False,True,0,0,0,is_behavior,is_numbness,Low,Low,Low
behavior_1_2741,"Dispatcher: 普段と違う振る舞いはありますか？
Caller: はい、呼びかけても返事がちぐはぐで、いつもと明らかに違います。",False,False,True,0,0,1,is_behavior,is_behavior,High,Low,Low
behavior_1_2742,"Dispatcher: ぼんやりしているなど、いつもと違う様子はありますか？
Caller: はい、母が質問にうまく答えられず、普段の受け答えではありません。",False,False,True,0,0,1,is_behavior,is_behavior,High,Low,Low
behavior_1_2743,"Dispatcher: 受け答えが変だったり、行動がおかしい感じはありますか？
Caller: はい、同僚が急に同じことを何度も言っていて、いつもの様子ではないです。",False,False,True,0,0,1,is_behavior,is_behavior,High,Low,High
behavior_1_2744,"Dispatcher: 普段と違う振る舞いや様子はありますか？
Caller: はい、夫が落ち着かず部屋の中をうろうろしていて、明らかに普段と違います。",False,False,True,0,0,1,is_behavior,is_behavior,High,Low,Low
behavior_1_2745,"Dispatcher: 何か変わった様子はありますか？
Caller: はい、いつもより受け答えがおかしいです。",False,False,True,0,0,1,is_behavior,is_behavior,Low,Low,Low
behavior_2_2746,"Dispatcher: ぼんやりしている、返事がおかしいなど、普段と違う様子はありますか？
Caller: いいえ、娘は頭痛はありますが受け答えも行動もいつも通りです。",False,False,True,0,0,2,is_behavior,is_behavior,High,High,High
behavior_2_2747,"Dispatcher: いつも通りに見えますか？
Caller: はい、特に変わった様子はなく、普段と同じです。",False,False,True,0,0,2,is_behavior,is_behavior,Low,Low,High
behavior_2_2748,"Dispatcher: 何か変わったことはありますか？
Caller: いいえ、頭が痛いと言う以外は普通に話せていますし、様子もいつも通りです。",False,False,True,0,0,2,is_behavior,is_behavior,Low,High,High
behavior_2_2749,"Dispatcher: 普段と違う振る舞いや様子はありますか？
Caller: いいえ、本人はしっかり受け答えできていて、行動も普段と変わりません。",False,False,True,0,0,2,is_behavior,is_behavior,High,Low,Low
behavior_2_2750,"Dispatcher: 受け答えが変だったり、落ち着きがない感じはありますか？
Caller: いいえ、友人は普通に会話できていて、いつもと違う行動はありません。",False,False,True,0,0,2,is_behavior,is_behavior,High,Low,High
behavior_3_2751,"Dispatcher: 受け答えが変、落ち着きがない、いつもと違う行動をしている感じはありますか？
Caller: 息子から頭痛の連絡だけ来ていて、離れた場所にいるので普段と違う様子かどうかは分かりません。",False,False,True,0,0,3,is_behavior,is_behavior,High,Low,High
behavior_3_2752,"Dispatcher: 普通に過ごせていますか？
Caller: そこは確認できておらず、いつもと違う振る舞いがあるかは分かりません。",False,False,True,0,0,3,is_behavior,is_behavior,Low,High,Low
behavior_3_2753,"Dispatcher: 何か変わった様子はありますか？
Caller: 電話口では頭が痛いとしか言っていなくて、普段との違いまではつかめていません。",False,False,True,0,0,3,is_behavior,is_behavior,Low,High,High
behavior_3_2754,"Dispatcher: いつも通りに見えますか？
Caller: まだ会っていないので、そのあたりは何とも言えません。",False,False,True,0,0,3,is_behavior,is_behavior,Low,Low,High
behavior_3_2755,"Dispatcher: 普段と違う振る舞いや様子はありますか？
Caller: 今は別の家族が付き添っていて私はその場にいないため、いつもと違う振る舞いがあるかは確認できません。",False,False,True,0,0,3,is_behavior,is_behavior,High,High,Low
behavior_0_2756,"Dispatcher: 手足のしびれや麻痺はありますか？
Caller: いいえ、しびれたり動かしにくかったりはしていないようです。",False,False,True,0,0,0,is_behavior,is_numbness,High,Low,Low
behavior_0_2757,"Dispatcher: 片側の手足にしびれや力の入りにくさはありますか？
Caller: いいえ、妻は両手足とも普通に動かせていて、しびれも訴えていません。",False,False,True,0,0,0,is_behavior,is_numbness,High,High,High
behavior_0_2758,"Dispatcher: 頭の痛みは、突然起こった激しい痛みですか？
Caller: はい、さっき急に頭を押さえて、今までにないくらい強い痛みだと言っています。",False,False,True,0,0,0,is_behavior,is_sudden_severe,High,Low,Low
behavior_0_2759,"Dispatcher: 体の片側がしびれる感じはありますか？
Caller: はい、弟が左足がしびれてうまく力が入らないと言っています。",False,False,True,0,0,0,is_behavior,is_numbness,Low,High,Low
behavior_0_2760,"Dispatcher: さっきまで普通だったのに、急に我慢できないほど頭が痛くなった感じですか？
Caller: いいえ、母は昨夜からじわじわ痛くなってきたと言っていて、急に激しく始まったわけではありません。",False,False,True,0,0,0,is_behavior,is_sudden_severe,High,Low,High
behavior_1_2761,"Dispatcher: いつもと違う様子はありますか？
Caller: はい、名前を呼んでも返事がちぐはぐで、普段みたいな受け答えができていません。",False,False,True,0,0,1,is_behavior,is_behavior,Low,High,Low
behavior_1_2762,"Dispatcher: 普段と違う振る舞いや様子はありますか？
Caller: はい、さっきから同じことを何度も聞き返していて、明らかにいつもの様子ではありません。",False,False,True,0,0,1,is_behavior,is_behavior,High,High,Low
behavior_1_2763,"Dispatcher: ぼんやりしている、返事がおかしいなど、普段と違う様子は見えますか？
Caller: はい、話しかけても反応が鈍くて、受け答えも普段よりかなりおかしいです。",False,False,True,0,0,1,is_behavior,is_behavior,High,High,Low
behavior_1_2764,"Dispatcher: 普段と違う振る舞いや様子はありますか？
Caller: はい、少し様子がおかしくて、いつも通りではない感じです。",False,False,True,0,0,1,is_behavior,is_behavior,High,Low,Low
behavior_1_2765,"Dispatcher: 何か変わったことはありますか？
Caller: はい、普段と比べると明らかに変な様子です。",False,False,True,0,0,1,is_behavior,is_behavior,Low,Low,Low
behavior_2_2766,"Dispatcher: いつもと違う様子はありますか？
Caller: いいえ、頭は痛がっていますが、受け答えや行動は普段と変わりません。",False,False,True,0,0,2,is_behavior,is_behavior,Low,High,Low
behavior_2_2767,"Dispatcher: 何か変わったことはありますか？
Caller: いいえ、会話も普通にできていますし、様子はいつも通りです。",False,False,True,0,0,2,is_behavior,is_behavior,Low,High,Low
behavior_2_2768,"Dispatcher: いつもと違う様子はありますか？
Caller: いいえ、特におかしな振る舞いは見られません。",False,False,True,0,0,2,is_behavior,is_behavior,Low,Low,Low
behavior_2_2769,"Dispatcher: 普段と違う振る舞いや様子はありますか？
Caller: いいえ、夫は頭痛を訴えていますが、受け答えはしっかりしていて、行動も普段と同じです。",False,False,True,0,0,2,is_behavior,is_behavior,High,Low,High
behavior_2_2770,"Dispatcher: ぼんやりしている、返事がおかしいなど、普段と違う様子は見えますか？
Caller: いいえ、同僚ですが、質問には普通に答えていますし、落ち着いて座っていていつもと変わりません。",False,False,True,0,0,2,is_behavior,is_behavior,High,High,High
behavior_3_2771,"Dispatcher: 受け答えが変、落ち着きがない、いつもと違う行動をしている感じはありますか？
Caller: 会社から連絡を受けただけで本人を見ていないので、普段と違う振る舞いがあるかは確認できません。",False,False,True,0,0,3,is_behavior,is_behavior,High,High,High
behavior_3_2772,"Dispatcher: 何か変わったことはありますか？
Caller: 頭が痛いと聞いただけで、様子まではまだ分かりません。",False,False,True,0,0,3,is_behavior,is_behavior,Low,Low,High
behavior_3_2773,"Dispatcher: 普段と違う振る舞いや様子はありますか？
Caller: 今は別の部屋にいて本人の様子が見えないので、いつもと違うかどうかは分かりません。",False,False,True,0,0,3,is_behavior,is_behavior,High,High,High
behavior_3_2774,"Dispatcher: いつも通りに見えますか？
Caller: 電話で聞いただけなので、そのあたりは確認できていません。",False,False,True,0,0,3,is_behavior,is_behavior,Low,High,High
behavior_3_2775,"Dispatcher: 何かおかしな受け答えはありますか？
Caller: 友人から頭痛の連絡が来ただけで、話し方や行動の変化までは分かりません。",False,False,True,0,0,3,is_behavior,is_behavior,Low,High,High
behavior_0_2776,"Dispatcher: 手足のしびれや麻痺はありますか？
Caller: いいえ、両手足とも普通に動いていて、しびれもないようです。",False,False,True,0,0,0,is_behavior,is_numbness,High,Low,High
behavior_0_2777,"Dispatcher: いつもの頭痛ではなく、急に強く出た痛みですか？
Caller: メッセージで頭が痛いと来ただけなので、急だったのか痛みが強いのかまでは分かりません。",False,False,True,0,0,0,is_behavior,is_sudden_severe,Low,Low,High
behavior_0_2778,"Dispatcher: 体の動きで気になることはありますか？
Caller: はい、母は右手がしびれて力が入りにくいと言っています。",False,False,True,0,0,0,is_behavior,is_numbness,Low,High,High
behavior_0_2779,"Dispatcher: いつもの軽い頭痛ということでよいですか？
Caller: そこは分かりません。急にひどくなったのかどうか、まだ本人に確認できていません。",False,False,True,0,0,0,is_behavior,is_sudden_severe,Low,Low,High
behavior_0_2780,"Dispatcher: しびれや麻痺はありますか？
Caller: しびれや麻痺があるかは分かりません。",False,False,True,0,0,0,is_behavior,is_numbness,Low,Low,Low
behavior_1_2781,"Dispatcher: 何か変わったことはありますか？
Caller: はい、父が急に話のつじつまが合わなくなって、いつもの受け答えではありません。",False,False,True,0,0,1,is_behavior,is_behavior,Low,High,High
behavior_1_2782,"Dispatcher: いつもと違う様子はありますか？
Caller: はい、なんとなく様子が変で、普段通りではないです。",False,False,True,0,0,1,is_behavior,is_behavior,Low,Low,High
behavior_1_2783,"Dispatcher: 何か変わったことはありますか？
Caller: はい、同僚が机の前で落ち着かず、呼びかけても話がかみ合っていません。",False,False,True,0,0,1,is_behavior,is_behavior,Low,High,High
behavior_1_2784,"Dispatcher: 普段と違う振る舞いや様子はありますか？
Caller: はい、妻は受け答えが遅く、質問しても的外れな返事をしていて、普段と明らかに違います。",False,False,True,0,0,1,is_behavior,is_behavior,High,High,Low
behavior_1_2785,"Dispatcher: ぼんやりしている、返事がおかしいなど、普段と違う様子は見えますか？
Caller: はい、友人なんですが、急に無言になることがあって、話しかけても返答がずれていていつもと違います。",False,False,True,0,0,1,is_behavior,is_behavior,High,High,High
behavior_2_2786,"Dispatcher: 普段と違う振る舞いや様子はありますか？
Caller: いいえ、少しつらそうではありますが、様子自体は普段と変わらないです。",False,False,True,0,0,2,is_behavior,is_behavior,High,Low,Low
behavior_2_2787,"Dispatcher: 普段と違う振る舞いや様子はありますか？
Caller: いいえ、妹は頭痛を訴えていますが、受け答えは普段通りで、変な行動もありません。",False,False,True,0,0,2,is_behavior,is_behavior,High,Low,High
behavior_2_2788,"Dispatcher: 何か変わったことはありますか？
Caller: いいえ、返事も普通ですし、特におかしな様子はありません。",False,False,True,0,0,2,is_behavior,is_behavior,Low,High,Low
behavior_2_2789,"Dispatcher: いつもと違う様子はありますか？
Caller: いいえ、今のところ普段どおりに見えます。",False,False,True,0,0,2,is_behavior,is_behavior,Low,Low,High
behavior_2_2790,"Dispatcher: 普段と違う振る舞いや様子はありますか？
Caller: いいえ、同居人ですが、会話も普段通り成立していますし、ふらついたり妙な行動をしたりもしていません。",False,False,True,0,0,2,is_behavior,is_behavior,High,High,High
behavior_3_2791,"Dispatcher: 何か変わったことはありますか？
Caller: 頭が痛いと聞いただけで、普段と違う様子かどうかは分かりません。",False,False,True,0,0,3,is_behavior,is_behavior,Low,Low,Low
behavior_3_2792,"Dispatcher: ぼんやりしている、返事がおかしいなど、普段と違う振る舞いはありますか？
Caller: 職場から連絡を受けただけで私はまだ着いていないので、いつもと違う様子があるかは確認できていません。",False,False,True,0,0,3,is_behavior,is_behavior,High,Low,High
behavior_3_2793,"Dispatcher: 普段と違う振る舞いや様子はありますか？
Caller: 今は本人を見られていないので、いつもと違うかどうかはまだ分かりません。",False,False,True,0,0,3,is_behavior,is_behavior,High,Low,Low
behavior_3_2794,"Dispatcher: 受け答えが変だったり、落ち着きがなかったり、普段と違う行動はありますか？
Caller: 友人からメッセージで頭痛だけ知らされていて、行動の様子までは確認できていません。",False,False,True,0,0,3,is_behavior,is_behavior,High,Low,High
behavior_3_2795,"Dispatcher: いつもと違って話がかみ合わないとか、変な行動をしている感じはありますか？
Caller: 今は別の家族が付き添っていて、私は電話で聞いているだけなので、そのあたりはまだ分からないです。",False,False,True,0,0,3,is_behavior,is_behavior,High,Low,High
behavior_0_2796,"Dispatcher: 片側の手足にしびれや力の入りにくさはありますか？
Caller: はい、父は右腕がしびれていて、コップも持てない状態です。",False,False,True,0,0,0,is_behavior,is_numbness,High,High,High
behavior_0_2797,"Dispatcher: 普通に手足は動かせていますか？
Caller: はい、しびれも麻痺もなく、両手両足とも普通に動いています。",False,False,True,0,0,0,is_behavior,is_numbness,Low,High,Low
behavior_0_2798,"Dispatcher: 歩き方がおかしいとか、手足の感覚が変な様子はありますか？
Caller: いいえ、しびれはなくて、腕も脚もいつも通り動かせています。",False,False,True,0,0,0,is_behavior,is_numbness,Low,High,High
behavior_0_2799,"Dispatcher: 手足のしびれや麻痺はありますか？
Caller: 今は本人のそばにいないので、しびれや麻痺があるかは確認できません。",False,False,True,0,0,0,is_behavior,is_numbness,High,High,Low
behavior_0_2800,"Dispatcher: しびれはなさそうですか？
Caller: はい、手足のしびれも動かしにくさもありません。",False,False,True,0,0,0,is_behavior,is_numbness,Low,High,Low
behavior_1_2801,"Dispatcher: 普段と違う振る舞いはありますか？
Caller: はい、母は呼びかけても返事がちぐはぐで、いつもの様子ではありません。",False,False,True,0,0,1,is_behavior,is_behavior,High,High,Low
behavior_1_2802,"Dispatcher: 何か変わった様子はありますか？
Caller: はい、さっきから同じことを繰り返していて明らかに普段と違います。",False,False,True,0,0,1,is_behavior,is_behavior,Low,High,Low
behavior_1_2803,"Dispatcher: 受け答えが変だったり、いつもと違う行動は見られますか？
Caller: あります。夫が急に会話のつじつまが合わなくなって、落ち着きなく部屋をうろうろしています。",False,False,True,0,0,1,is_behavior,is_behavior,High,Low,High
behavior_1_2804,"Dispatcher: いつも通り過ごせていますか？
Caller: いいえ、受け答えがおかしくて普段通りではありません。",False,False,True,0,0,1,is_behavior,is_behavior,Low,Low,Low
behavior_1_2805,"Dispatcher: ぼんやりしている、返事がおかしいなど、普段と違う様子はありますか？
Caller: はい、同僚なんですが質問しても見当違いの返事をしていて、明らかにいつもと違います。",False,False,True,0,0,1,is_behavior,is_behavior,High,High,High
behavior_2_2806,"Dispatcher: いつもと違う振る舞いや受け答えはありますか？
Caller: いいえ、頭は痛がっていますが、会話も行動も普段通りです。",False,False,True,0,0,2,is_behavior,is_behavior,High,High,High
behavior_2_2807,"Dispatcher: 普段と違う振る舞いはありますか？
Caller: いいえ、受け答えはしっかりしていて、様子はいつも通りです。",False,False,True,0,0,2,is_behavior,is_behavior,High,High,Low
behavior_2_2808,"Dispatcher: 返事がおかしいとか、落ち着きがないなど、普段と違う様子は見えますか？
Caller: いいえ、妻は頭痛はありますが普通に会話できていて、行動もいつもと変わりません。",False,False,True,0,0,2,is_behavior,is_behavior,High,High,High
behavior_2_2809,"Dispatcher: 何か変わった様子はありますか？
Caller: いいえ、特に普段と違う行動はありません。",False,False,True,0,0,2,is_behavior,is_behavior,Low,High,Low
behavior_2_2810,"Dispatcher: いつも通り過ごせていますか？
Caller: はい、頭痛以外は普段と変わらないです。",False,False,True,0,0,2,is_behavior,is_behavior,Low,Low,High
behavior_3_2811,"Dispatcher: 普段と違う振る舞いや様子はありますか？
Caller: まだ本人に会えていないので、いつもと違うかどうかは分かりません。",False,False,True,0,0,3,is_behavior,is_behavior,High,Low,Low
behavior_3_2812,"Dispatcher: ぼんやりしている、返事がおかしいなど、普段と違う様子は確認できますか？
Caller: 今は別室にいて姿が見えないので、普段と違う振る舞いがあるかは確認できません。",False,False,True,0,0,3,is_behavior,is_behavior,High,High,High
behavior_3_2813,"Dispatcher: 何か変わったことはありますか？
Caller: 頭が痛いとは聞いていますが、普段と違う様子かどうかはまだ分かりません。",False,False,True,0,0,3,is_behavior,is_behavior,Low,Low,Low
behavior_3_2814,"Dispatcher: 受け答えが変、落ち着きがないなど、いつもと違う行動はありますか？
Caller: 学校から連絡が来ただけで私はまだ本人を見ていないので、そのような様子があるかは確認できていません。",False,False,True,0,0,3,is_behavior,is_behavior,High,High,High
behavior_3_2815,"Dispatcher: いつも通りに見えますか？
Caller: そこはまだ分からなくて、普段と違う行動があるか確認できていません。",False,False,True,0,0,3,is_behavior,is_behavior,Low,Low,High
behavior_0_2816,"Dispatcher: さっきまで普通だったのに、急に我慢できないほどの頭痛になりましたか？
Caller: はい、弟が急に頭を押さえて、その場にしゃがみ込むくらい強い痛みだと言っています。",False,False,True,0,0,0,is_behavior,is_sudden_severe,High,Low,High
behavior_0_2817,"Dispatcher: いつもの頭痛という感じですか？
Caller: そこまでは分かりません。電話で頭が痛いと聞いただけで、急に強くなったのかは確認できていません。",False,False,True,0,0,0,is_behavior,is_sudden_severe,Low,Low,High
behavior_0_2818,"Dispatcher: 激しい痛みが突然起こりましたか？
Caller: はい、急に耐えられないくらいの頭痛が来たと言っています。",False,False,True,0,0,0,is_behavior,is_sudden_severe,Low,Low,Low
behavior_0_2819,"Dispatcher: 頭の痛みについて何か分かることはありますか？
Caller: 頭が痛いとだけ聞いていて、急に激しくなったかどうかは分かりません。",False,False,True,0,0,0,is_behavior,is_sudden_severe,Low,High,High
behavior_0_2820,"Dispatcher: 手足は普通に動いていますか？
Caller: いいえ、兄は左手に力が入らず、足もしびれると言っています。",False,False,True,0,0,0,is_behavior,is_numbness,Low,Low,High
behavior_1_2821,"Dispatcher: 受け答えや様子で、いつもと違う感じはありますか？
Caller: はい、同僚なんですが、さっきから質問しても話がかみ合わず、急に同じことを繰り返しています。",False,False,True,0,0,1,is_behavior,is_behavior,Low,High,High
behavior_1_2822,"Dispatcher: 普段と違う振る舞いや様子はありますか？
Caller: はい、母なんですが、いつもよりぼんやりしていて返事の仕方が変です。",False,False,True,0,0,1,is_behavior,is_behavior,High,Low,High
behavior_1_2823,"Dispatcher: ぼんやりしている、返事がおかしいなど、普段と違う様子は見えますか？
Caller: はい、夫ですが、呼びかけには応じるのに質問の答えがずれていて、さっきから立ったり座ったりを落ち着きなく繰り返しています。",False,False,True,0,0,1,is_behavior,is_behavior,High,High,High
behavior_1_2824,"Dispatcher: 普段と違う振る舞いはありますか？
Caller: はい、いつもより反応がおかしくて様子が変です。",False,False,True,0,0,1,is_behavior,is_behavior,High,Low,Low
behavior_1_2825,"Dispatcher: 何か変わったことはありますか？
Caller: はい、普段と違って受け答えが変です。",False,False,True,0,0,1,is_behavior,is_behavior,Low,Low,Low
behavior_2_2826,"Dispatcher: 何か変わったことはありますか？
Caller: いいえ、様子は普段どおりです。",False,False,True,0,0,2,is_behavior,is_behavior,Low,Low,Low
behavior_2_2827,"Dispatcher: いつもと違う感じはありますか？
Caller: いいえ、友人ですが、頭痛はあるものの会話も行動もいつもどおりです。",False,False,True,0,0,2,is_behavior,is_behavior,Low,Low,High
behavior_2_2828,"Dispatcher: 何か変わったことはありますか？
Caller: いいえ、特に普段と変わりません。",False,False,True,0,0,2,is_behavior,is_behavior,Low,Low,Low
behavior_2_2829,"Dispatcher: 受け答えがおかしい、落ち着かないなど普段と違う振る舞いはありますか？
Caller: いいえ、妻ですが、質問には普通に答えていますし、変な行動もありません。",False,False,True,0,0,2,is_behavior,is_behavior,Low,High,Low
behavior_2_2830,"Dispatcher: 普段と違う振る舞いや様子はありますか？
Caller: いいえ、息子ですが、頭は痛がっていますが受け答えはしっかりしていて、行動もいつもと変わりません。",False,False,True,0,0,2,is_behavior,is_behavior,High,High,Low
behavior_3_2831,"Dispatcher: 普段と違う振る舞いや様子はありますか？
Caller: 今は本人のそばにいないので、いつもと違う様子があるかは確認できません。",False,False,True,0,0,3,is_behavior,is_behavior,High,High,Low
behavior_3_2832,"Dispatcher: いつもより変な受け答えや行動はありますか？
Caller: 弟から頭痛とだけ連絡が来ていて、普段と違う様子かどうかまでは分かりません。",False,False,True,0,0,3,is_behavior,is_behavior,Low,High,High
behavior_3_2833,"Dispatcher: 何か変わったことはありますか？
Caller: 電話で聞いただけで、受け答えや様子まではまだ確認できていません。",False,False,True,0,0,3,is_behavior,is_behavior,Low,Low,High
behavior_3_2834,"Dispatcher: ぼんやりしている、返事がおかしいなど、普段と違う様子は見えますか？
Caller: 別室にいて姿が見えないので、普段と違う振る舞いがあるかは分かりません。",False,False,True,0,0,3,is_behavior,is_behavior,High,High,Low
behavior_3_2835,"Dispatcher: 普段と違う振る舞いや様子はありますか？
Caller: そこはまだ見ていなくて、いつもと違うかどうかは分かりません。",False,False,True,0,0,3,is_behavior,is_behavior,High,Low,Low
behavior_0_2836,"Dispatcher: 手足のしびれや麻痺はありますか？
Caller: いいえ、娘ですが、しびれも動かしにくさもないようです。",False,False,True,0,0,0,is_behavior,is_numbness,High,Low,Low
behavior_0_2837,"Dispatcher: いつもの頭痛ではなく、急にひどくなった感じですか？
Caller: はい、父ですが、さっき急に今までで一番痛いと言い出しました。",False,False,True,0,0,0,is_behavior,is_sudden_severe,Low,Low,Low
behavior_0_2838,"Dispatcher: しびれや麻痺はありますか？
Caller: 本人が別の部屋にいて、しびれや麻痺があるかは分かりません。",False,False,True,0,0,0,is_behavior,is_numbness,Low,High,Low
behavior_0_2839,"Dispatcher: さっきまで普通だったのに、急に我慢できないほど頭が痛くなった感じですか？
Caller: いいえ、同僚ですが、朝から少しずつ痛くなってきたと言っています。",False,False,True,0,0,0,is_behavior,is_sudden_severe,Low,Low,High
behavior_0_2840,"Dispatcher: 手足のしびれや麻痺はありますか？
Caller: 友人から頭痛の連絡だけで、手足の感覚や動きまでは確認できていません。",False,False,True,0,0,0,is_behavior,is_numbness,High,Low,High
behavior_1_2841,"Dispatcher: 普段と違う振る舞いや様子はありますか？
Caller: はい、夫ですが、なんだか受け答えがちぐはぐでいつもと違います。",False,False,True,0,0,1,is_behavior,is_behavior,High,Low,Low
behavior_1_2842,"Dispatcher: 何か変わったことはありますか？
Caller: はい、父なんですが、名前を呼んでも返事が遅く、質問に対して見当違いの答えをしています。",False,False,True,0,0,1,is_behavior,is_behavior,Low,High,Low
behavior_1_2843,"Dispatcher: 普段と違う振る舞いや様子はありますか？
Caller: はい、同僚ですが、急に無言になったり、さっき言ったことをすぐ忘れたような反応です。",False,False,True,0,0,1,is_behavior,is_behavior,High,Low,High
behavior_1_2844,"Dispatcher: 受け答えがおかしい、落ち着かないなど、いつもと違う様子はありますか？
Caller: はい、母ですが、会話の途中で話が飛んでしまって、部屋の中をそわそわ歩き回っています。",False,False,True,0,0,1,is_behavior,is_behavior,High,Low,High
behavior_1_2845,"Dispatcher: 普段と違う振る舞いや様子はありますか？
Caller: はい、受け答えがいつもより変で、様子がおかしいです。",False,False,True,0,0,1,is_behavior,is_behavior,High,Low,Low
behavior_2_2846,"Dispatcher: 普段と違う振る舞いや様子はありますか？
Caller: いいえ、姉ですが、少しつらそうなだけで様子は普段と同じです。",False,False,True,0,0,2,is_behavior,is_behavior,High,Low,Low
behavior_2_2847,"Dispatcher: ぼんやりしている、返事がおかしいなど、普段と違う様子は見えますか？
Caller: いいえ、母ですが、受け答えはいつもどおりで、変わった行動もありません。",False,False,True,0,0,2,is_behavior,is_behavior,High,High,Low
behavior_2_2848,"Dispatcher: 普段と違う振る舞いや様子はありますか？
Caller: いいえ、会話も普通で特に変わった様子はありません。",False,False,True,0,0,2,is_behavior,is_behavior,High,Low,Low
behavior_2_2849,"Dispatcher: 普段と違う振る舞いや様子はありますか？
Caller: いいえ、夫ですが、返事ははっきりしていますし、行動もいつもどおりです。",False,False,True,0,0,2,is_behavior,is_behavior,High,High,Low
behavior_2_2850,"Dispatcher: 普段と違う振る舞いや様子はありますか？
Caller: いいえ、同僚ですが、頭痛は訴えていますが受け答えも態度も普段と変わりません。",False,False,True,0,0,2,is_behavior,is_behavior,High,High,Low
behavior_3_2851,"Dispatcher: 受け答えが変だったり、いつもと違う行動をしている様子はありますか？
Caller: 職場の同僚から頭痛で休んでいると聞いただけで、普段と違う振る舞いがあるかまでは見ていません。",False,False,True,0,0,3,is_behavior,is_behavior,High,Low,High
behavior_3_2852,"Dispatcher: 普段と違う振る舞いや様子はありますか？
Caller: 今日はまだ会っていないので、いつもと違う様子かどうかは分かりません。",False,False,True,0,0,3,is_behavior,is_behavior,High,Low,Low
behavior_3_2853,"Dispatcher: 普段と違う振る舞いや様子はありますか？
Caller: 電話で頭が痛いと聞いただけで、普段と違う行動があるかは確認できていません。",False,False,True,0,0,3,is_behavior,is_behavior,High,Low,Low
behavior_3_2854,"Dispatcher: いつも通りに見えますか？
Caller: 今そばにいないので、普段と違う振る舞いがあるかどうかは確認できません。",False,False,True,0,0,3,is_behavior,is_behavior,Low,High,Low
behavior_3_2855,"Dispatcher: いつもみたいに落ち着いて過ごせていますか？
Caller: メッセージで頭痛と来ただけなので、受け答えや行動が普段通りかまでは分からないです。",False,False,True,0,0,3,is_behavior,is_behavior,Low,Low,High
behavior_0_2856,"Dispatcher: いつもの頭痛が続いている感じですか？
Caller: はい、朝から少しずつ痛くなったようで、急に強い痛みが出たわけではありません。",False,False,True,0,0,0,is_behavior,is_sudden_severe,Low,Low,High
behavior_0_2857,"Dispatcher: 手足のしびれや麻痺はありますか？
Caller: 妻を見ていますが、手足のしびれも動かしにくさもないです。",False,False,True,0,0,0,is_behavior,is_numbness,High,Low,High
behavior_0_2858,"Dispatcher: 頭の痛みは、突然起こった激しい痛みですか？
Caller: いいえ、昼ごろからじわじわ痛くなってきたみたいです。",False,False,True,0,0,0,is_behavior,is_sudden_severe,High,Low,Low
behavior_0_2859,"Dispatcher: 普通に手足は動かせていますか？
Caller: 本人が寝室にいてまだ様子を見られていないので、しびれや麻痺があるかは確認できません。",False,False,True,0,0,0,is_behavior,is_numbness,Low,High,High
behavior_0_2860,"Dispatcher: 体に変わった感じはありますか？
Caller: 頭痛はありますが、しびれや麻痺はないようです。",False,False,True,0,0,0,is_behavior,is_numbness,Low,Low,Low
behavior_1_2861,"Dispatcher: 何か変わった様子はありますか？
Caller: はい、返事がちぐはぐで普段と違います。",False,False,True,0,0,1,is_behavior,is_behavior,Low,Low,Low
behavior_1_2862,"Dispatcher: いつもと違う行動や受け答えはありますか？
Caller: はい、同僚の名前を聞いても分からないようで、会話がかみ合っていません。",False,False,True,0,0,1,is_behavior,is_behavior,Low,High,High
behavior_1_2863,"Dispatcher: 何か普段と違う振る舞いは見られますか？
Caller: はい、母がさっきから同じことを何度も聞き返していて、明らかにいつもと違います。",False,False,True,0,0,1,is_behavior,is_behavior,Low,High,High
behavior_1_2864,"Dispatcher: いつも通りの様子ですか？
Caller: いいえ、ぼんやりしていて受け答えがおかしいです。",False,False,True,0,0,1,is_behavior,is_behavior,Low,High,Low
behavior_1_2865,"Dispatcher: 普段と違う振る舞いや様子はありますか？
Caller: はい、友人が落ち着きなく部屋をうろうろしていて、話しかけても反応が鈍いです。",False,False,True,0,0,1,is_behavior,is_behavior,High,Low,High
behavior_2_2866,"Dispatcher: 何か変わった様子はありますか？
Caller: いいえ、受け答えも行動も普段通りです。",False,False,True,0,0,2,is_behavior,is_behavior,Low,High,Low
behavior_2_2867,"Dispatcher: 普段と違う振る舞いや様子はありますか？
Caller: いいえ、会話も普通でいつもと変わりません。",False,False,True,0,0,2,is_behavior,is_behavior,High,Low,Low
behavior_2_2868,"Dispatcher: ぼんやりしている、返事がおかしいなど、普段と違う様子はありますか？
Caller: いいえ、夫は受け答えもしっかりしていて、行動もいつも通りです。",False,False,True,0,0,2,is_behavior,is_behavior,High,High,High
behavior_2_2869,"Dispatcher: 何か変わったことはありますか？
Caller: いいえ、頭痛はありますが様子は普段と同じです。",False,False,True,0,0,2,is_behavior,is_behavior,Low,High,Low
behavior_2_2870,"Dispatcher: 普段と違う振る舞いや様子はありますか？
Caller: いいえ、今のところいつも通りに話せています。",False,False,True,0,0,2,is_behavior,is_behavior,High,Low,Low
behavior_3_2871,"Dispatcher: 何か変わったことはありますか？
Caller: 娘から頭が痛いと連絡があっただけで、普段と違う振る舞いがあるかはまだ確認できません。",False,False,True,0,0,3,is_behavior,is_behavior,Low,High,High
behavior_3_2872,"Dispatcher: ぼんやりしている、返事がおかしいなど、普段と違う様子は見えますか？
Caller: 今は別の建物にいて本人を見られないので、いつもと違う振る舞いがあるかは分かりません。",False,False,True,0,0,3,is_behavior,is_behavior,High,High,High
behavior_3_2873,"Dispatcher: いつも通りに過ごせていますか？
Caller: 祖父は部屋に一人でいてまだ会話できていないので、普段と違う様子かどうか確認できません。",False,False,True,0,0,3,is_behavior,is_behavior,Low,High,High
behavior_3_2874,"Dispatcher: 普段と違う振る舞いや様子はありますか？
Caller: まだ直接見ていないので、いつもと違うかどうかは分かりません。",False,False,True,0,0,3,is_behavior,is_behavior,High,Low,Low
behavior_3_2875,"Dispatcher: 普段と比べて受け答えや行動におかしなところはありますか？
Caller: 会社から連絡を受けただけで、本人の様子までは確認できていません。",False,False,True,0,0,3,is_behavior,is_behavior,High,Low,High
behavior_0_2876,"Dispatcher: 頭の痛みは、急に出た強い痛みですか？
Caller: 本人から頭痛とだけ電話があって、突然だったのか、どれくらい強いのかまでは確認できていません。",False,False,True,0,0,0,is_behavior,is_sudden_severe,High,High,High
behavior_0_2877,"Dispatcher: 頭の痛みは、突然起こった激しい痛みですか？
Caller: はい、弟がさっき急に頭を押さえて、今までにないくらいひどく痛いと言っています。",False,False,True,0,0,0,is_behavior,is_sudden_severe,High,High,High
behavior_0_2878,"Dispatcher: 体に変わったところはありますか？
Caller: はい、右腕がしびれて力が入りにくいと言っています。",False,False,True,0,0,0,is_behavior,is_numbness,Low,High,Low
behavior_0_2879,"Dispatcher: 手足のしびれや麻痺はありますか？
Caller: はい、父は左足がしびれてうまく踏ん張れないようです。",False,False,True,0,0,0,is_behavior,is_numbness,High,Low,Low
behavior_0_2880,"Dispatcher: 頭の痛みは、突然起こった激しい痛みですか？
Caller: いいえ、昨日から少しずつ痛くなっていて、急にひどくなったわけではありません。",False,False,True,0,0,0,is_behavior,is_sudden_severe,High,Low,Low
behavior_1_2881,"Dispatcher: ぼんやりしている、返事がおかしいなど、普段と違う様子はありますか？
Caller: はい、夫が質問にちぐはぐな返事をしていて、いつもみたいに会話ができません。",False,False,True,0,0,1,is_behavior,is_behavior,High,High,High
behavior_1_2882,"Dispatcher: 受け答えや行動で、いつもと違うところはありますか？
Caller: あります。母が急に同じことを何度も聞いてきて、落ち着きなく部屋をうろうろしています。",False,False,True,0,0,1,is_behavior,is_behavior,High,High,High
behavior_1_2883,"Dispatcher: 何か変わった様子はありますか？
Caller: はい、普段より明らかに様子がおかしいです。",False,False,True,0,0,1,is_behavior,is_behavior,High,Low,Low
behavior_1_2884,"Dispatcher: いつも通りに見えますか？
Caller: いいえ、同僚が急に黙り込んだり変な受け答えをしています。",False,False,True,0,0,1,is_behavior,is_behavior,Low,Low,High
behavior_1_2885,"Dispatcher: 普通に過ごせていますか？
Caller: いいえ、いつもと違って様子がおかしいです。",False,False,True,0,0,1,is_behavior,is_behavior,Low,Low,Low
behavior_2_2886,"Dispatcher: いつも通りに見えますか？
Caller: はい、頭痛はありますが、受け答えも行動も普段と変わりません。",False,False,True,0,0,2,is_behavior,is_behavior,Low,Low,High
behavior_2_2887,"Dispatcher: 普通に過ごせていますか？
Caller: はい、いつも通りです。",False,False,True,0,0,2,is_behavior,is_behavior,Low,Low,Low
behavior_2_2888,"Dispatcher: 普段と違う振る舞いや様子はありますか？
Caller: いいえ、父は会話も普通で、行動もいつもと変わりません。",False,False,True,0,0,2,is_behavior,is_behavior,High,High,Low
behavior_2_2889,"Dispatcher: 何か変わった様子はありますか？
Caller: いいえ、受け答えはしっかりしていて、普段と違う行動はありません。",False,False,True,0,0,2,is_behavior,is_behavior,Low,High,Low
behavior_2_2890,"Dispatcher: ぼんやりしていたり、返事がおかしい感じはありますか？
Caller: ありません。友人は頭を痛がっていますが、話し方も様子も普段通りです。",False,False,True,0,0,2,is_behavior,is_behavior,High,Low,High
behavior_3_2891,"Dispatcher: 普通に過ごせていますか？
Caller: そこは分かりません。本人から頭痛とだけ連絡があって、様子は確認できていません。",False,False,True,0,0,3,is_behavior,is_behavior,Low,High,Low
behavior_3_2892,"Dispatcher: 普段と違う振る舞いや様子はありますか？
Caller: 今は電話で聞いただけで、いつもと違う様子があるかまでは分かりません。",False,False,True,0,0,3,is_behavior,is_behavior,High,Low,Low
behavior_3_2893,"Dispatcher: 何か変わったことはありますか？
Caller: 学校から連絡を受けただけで、娘の受け答えや行動が普段と違うかはまだ見られていません。",False,False,True,0,0,3,is_behavior,is_behavior,Low,High,High
behavior_3_2894,"Dispatcher: いつも通りに見えますか？
Caller: それが分かりません。今は別の部屋にいて、様子を直接見ていません。",False,False,True,0,0,3,is_behavior,is_behavior,Low,High,Low
behavior_3_2895,"Dispatcher: 変な受け答えや落ち着かない様子はありますか？
Caller: 職場から電話をもらっただけなので、本人が普段と違う振る舞いをしているかは確認できません。",False,False,True,0,0,3,is_behavior,is_behavior,Low,High,High
behavior_0_2896,"Dispatcher: 手足のしびれや麻痺はありますか？
Caller: 今そばにいないので、しびれや麻痺があるかは分かりません。",False,False,True,0,0,0,is_behavior,is_numbness,High,Low,Low
behavior_0_2897,"Dispatcher: 手足のしびれや動かしにくさはありますか？
Caller: はい、父が右手に力が入らないと言っています。",False,False,True,0,0,0,is_behavior,is_numbness,High,Low,Low
behavior_0_2898,"Dispatcher: いつもの軽い頭痛ということでよいですか？
Caller: そこまでは分かりません。急に強くなったのかどうかは確認できていません。",False,False,True,0,0,0,is_behavior,is_sudden_severe,Low,Low,Low
behavior_0_2899,"Dispatcher: 体の様子で気になることはありますか？
Caller: 頭が痛いとしか聞いておらず、しびれがあるかは分かりません。",False,False,True,0,0,0,is_behavior,is_numbness,Low,High,Low
behavior_0_2900,"Dispatcher: さっきまで普通だったのに、急に我慢できないほど頭が痛くなった感じですか？
Caller: 電話で聞いただけなので、急に始まったのか、どれほど強い痛みかまでは分かりません。",False,False,True,0,0,0,is_behavior,is_sudden_severe,Low,High,High
behavior_1_2901,"Dispatcher: 普段と違う振る舞いや様子はありますか？
Caller: はい、姉がこちらの質問に答えられず、急に話がかみ合わなくなっています。",False,False,True,0,0,1,is_behavior,is_behavior,High,High,High
behavior_1_2902,"Dispatcher: いつもと違う振る舞いはありますか？
Caller: はい、普段とは違う様子です。",False,False,True,0,0,1,is_behavior,is_behavior,High,Low,Low
behavior_1_2903,"Dispatcher: いつも通りに見えますか？
Caller: いいえ、祖父が急に怒りっぽくなって、呼びかけても変な返事をしています。",False,False,True,0,0,1,is_behavior,is_behavior,Low,High,High
behavior_1_2904,"Dispatcher: ぼんやりしている、返事がおかしいなど、普段と違う様子は見えますか？
Caller: はい、息子が呼びかけに対して的外れな返事をしていて、いつもより反応が鈍いです。",False,False,True,0,0,1,is_behavior,is_behavior,High,High,Low
behavior_1_2905,"Dispatcher: 何か変わったことはありますか？
Caller: はい、友人が急に同じ場所を行ったり来たりして、会話も噛み合いません。",False,False,True,0,0,1,is_behavior,is_behavior,Low,High,High
behavior_2_2906,"Dispatcher: いつも通りに見えますか？
Caller: はい、妻は頭痛を訴えていますが、受け答えも行動も普段と同じです。",False,False,True,0,0,2,is_behavior,is_behavior,Low,High,High
behavior_2_2907,"Dispatcher: 普段と違う振る舞いや様子はありますか？
Caller: いいえ、今のところ様子はいつも通りです。",False,False,True,0,0,2,is_behavior,is_behavior,High,Low,Low
behavior_2_2908,"Dispatcher: 普段と違う振る舞いや様子はありますか？
Caller: いいえ、母は受け答えもはっきりしていて、行動も普段と変わりません。",False,False,True,0,0,2,is_behavior,is_behavior,High,High,Low
behavior_2_2909,"Dispatcher: 受け答えが変だったり、様子がおかしいことはありますか？
Caller: いいえ、弟は普通に会話できていて、特に変わった様子はありません。",False,False,True,0,0,2,is_behavior,is_behavior,High,Low,Low
behavior_2_2910,"Dispatcher: ぼんやりしている、返事がおかしいなど、いつもと違う感じはありますか？
Caller: ありません。同僚は頭痛は訴えていますが、会話も行動も普段通りでしっかりしています。",False,False,True,0,0,2,is_behavior,is_behavior,High,High,High
behavior_3_2911,"Dispatcher: 何か変わった様子はありますか？
Caller: まだ本人に会えていないので、普段と違う振る舞いがあるかは分かりません。",False,False,True,0,0,3,is_behavior,is_behavior,Low,Low,Low
behavior_3_2912,"Dispatcher: 受け答えが変だったり、いつもと違う行動をしていますか？
Caller: 同僚から頭痛で休憩室にいると聞いただけで、今は様子を見ていないので普段と違う振る舞いがあるか確認できません。",False,False,True,0,0,3,is_behavior,is_behavior,Low,High,High
behavior_3_2913,"Dispatcher: 普段と違う振る舞いや様子はありますか？
Caller: さっきメッセージで頭が痛いと来ただけで、話していないのでそのあたりは分かりません。",False,False,True,0,0,3,is_behavior,is_behavior,High,Low,High
behavior_3_2914,"Dispatcher: ぼんやりしている、返事がおかしいなど、いつもと違う様子はありますか？
Caller: 友人から頭痛の連絡を受けただけで現場にいないので、受け答えや行動が普段と違うかは確認できません。",False,False,True,0,0,3,is_behavior,is_behavior,High,High,High
behavior_3_2915,"Dispatcher: 普段と比べておかしな言動や落ち着かない様子は見られますか？
Caller: 隣の部署の者で、今は本人を見ていません。頭が痛いと伝言を受けただけなので、いつもと違う振る舞いがあるかは分かりません。",False,False,True,0,0,3,is_behavior,is_behavior,High,High,High
behavior_0_2916,"Dispatcher: 頭の痛みは、突然起こった激しい痛みですか？
Caller: いいえ、朝から少しずつ痛くなってきたようで、急にひどくなったわけではありません。",False,False,True,0,0,0,is_behavior,is_sudden_severe,High,Low,Low
behavior_0_2917,"Dispatcher: 頭の痛みは、急に出た強い痛みですか？
Caller: 妹から頭痛いとだけ電話があって、急に始まったのか強いのかまでは聞けていません。",False,False,True,0,0,0,is_behavior,is_sudden_severe,High,Low,High
behavior_0_2918,"Dispatcher: いつもの頭痛ではなく、急に強く出た感じですか？
Caller: はい、さっき急にひどい頭痛が来て動けないと言っています。",False,False,True,0,0,0,is_behavior,is_sudden_severe,Low,Low,Low
behavior_0_2919,"Dispatcher: いつもの軽い頭痛ということでよいですか？
Caller: そこは分かりません。急に強くなったのかどうかはまだ確認できていません。",False,False,True,0,0,0,is_behavior,is_sudden_severe,Low,Low,Low
behavior_0_2920,"Dispatcher: 頭の痛みは、突然起こった激しい痛みですか？
Caller: はい、さっきまで普通に話していたのに、急に今までで一番ひどい頭痛だと言ってうずくまりました。",False,False,True,0,0,0,is_behavior,is_sudden_severe,High,High,Low
behavior_1_2921,"Dispatcher: 何か様子がおかしい感じはありますか？
Caller: はい、夫が同じことを何度も聞き返してきて、受け答えが明らかに普段と違います。",False,False,True,0,0,1,is_behavior,is_behavior,Low,High,High
behavior_1_2922,"Dispatcher: いつもと違う行動はありますか？
Caller: はい、同僚が急に机の前でぼんやりして、呼んでも話がかみ合っていません。",False,False,True,0,0,1,is_behavior,is_behavior,Low,High,High
behavior_1_2923,"Dispatcher: 何か変わった様子はありますか？
Caller: はい、普段より明らかに反応が鈍くて様子が変です。",False,False,True,0,0,1,is_behavior,is_behavior,Low,Low,Low
behavior_1_2924,"Dispatcher: 普段どおりに受け答えできていますか？
Caller: いいえ、母は質問しても見当違いな返事ばかりで、いつもの受け答えではありません。",False,False,True,0,0,1,is_behavior,is_behavior,Low,High,High
behavior_1_2925,"Dispatcher: 何かいつもと違う振る舞いはありますか？
Caller: はい、友人が落ち着きなく部屋を行ったり来たりしていて、会話も要領を得ず普段と全然違います。",False,False,True,0,0,1,is_behavior,is_behavior,Low,High,High
behavior_2_2926,"Dispatcher: 何か変わった様子はありますか？
Caller: いいえ、妻は頭痛は訴えていますが、受け答えも行動もいつもどおりです。",False,False,True,0,0,2,is_behavior,is_behavior,Low,Low,High
behavior_2_2927,"Dispatcher: 普段と違う振る舞いや様子はありますか？
Caller: いいえ、話し方も行動も普段と変わりありません。",False,False,True,0,0,2,is_behavior,is_behavior,High,Low,Low
behavior_2_2928,"Dispatcher: ぼんやりしている、返事がおかしいなど、いつもと違う様子はありますか？
Caller: いいえ、弟は頭を押さえていますが、受け答えははっきりしていて普段どおりです。",False,False,True,0,0,2,is_behavior,is_behavior,High,High,Low
behavior_2_2929,"Dispatcher: 何か様子がおかしい感じはありますか？
Caller: いいえ、同僚は痛がってはいますが、会話も普通で変わった行動はありません。",False,False,True,0,0,2,is_behavior,is_behavior,Low,Low,High
behavior_2_2930,"Dispatcher: いつもと違う行動や受け答えはありますか？
Caller: いいえ、父は質問にも普通に答えていますし、普段と変わった様子は見られません。",False,False,True,0,0,2,is_behavior,is_behavior,Low,High,High
behavior_3_2931,"Dispatcher: 普段と違う振る舞いや様子はありますか？
Caller: 娘から頭が痛いとだけ連絡が来ていて、今まだ合流できていないので様子は分かりません。",False,False,True,0,0,3,is_behavior,is_behavior,High,Low,High
behavior_3_2932,"Dispatcher: 返事がおかしいとか、いつもと違う行動はありますか？
Caller: 今は学校に迎えに向かっている途中で、先生から頭痛の連絡をもらっただけなので、普段と違う振る舞いがあるかは確認できていません。",False,False,True,0,0,3,is_behavior,is_behavior,High,Low,High
behavior_3_2933,"Dispatcher: ぼんやりしているなど、普段と違う様子は見られますか？
Caller: 職場の別フロアにいて本人を見ていないので、その点はまだ分かりません。",False,False,True,0,0,3,is_behavior,is_behavior,High,Low,High
behavior_3_2934,"Dispatcher: 何か変わったことはありますか？
Caller: 今は電話で聞いただけなので、普段と違う振る舞いがあるかは確認できません。",False,False,True,0,0,3,is_behavior,is_behavior,Low,High,Low
behavior_3_2935,"Dispatcher: 受け答えが変、落ち着きがないなど、いつもと違う行動はありますか？
Caller: 祖母から頭痛の連絡だけ受けていて、私はまだ家に着いていないので、普段との違いまでは見られていません。",False,False,True,0,0,3,is_behavior,is_behavior,High,Low,High
behavior_0_2936,"Dispatcher: 頭の痛みは、突然起こった激しい痛みですか？
Caller: 本人が先に部屋で休んでいて詳しく聞けておらず、急に始まったのか痛みが強いのかは分かりません。",False,False,True,0,0,0,is_behavior,is_sudden_severe,High,High,Low
behavior_0_2937,"Dispatcher: しびれや麻痺はありますか？
Caller: はい、兄が左腕にしびれがあって、力も入りにくいと言っています。",False,False,True,0,0,0,is_behavior,is_numbness,Low,Low,Low
behavior_0_2938,"Dispatcher: 頭の痛みは、急に出た強い痛みか確認できますか？
Caller: ビデオ通話では顔しか見えておらず、本人も頭が痛いとしか言わないので、突然なのか激しいのかまでは確認できません。",False,False,True,0,0,0,is_behavior,is_sudden_severe,High,High,High
behavior_0_2939,"Dispatcher: いつもの頭痛ではなく、急に強く出た感じですか？
Caller: いいえ、昼ごろからじわじわ痛くなってきたと言っていて、急な激しい痛みではありません。",False,False,True,0,0,0,is_behavior,is_sudden_severe,Low,High,Low
behavior_0_2940,"Dispatcher: しびれや麻痺はありますか？
Caller: 今は本人がトイレにこもっていて姿が見えないので、しびれや麻痺があるかは確認できません。",False,False,True,0,0,0,is_behavior,is_numbness,Low,High,Low
behavior_1_2941,"Dispatcher: 普段と違う振る舞いや様子はありますか？
Caller: はい、話しかけても返事がちぐはぐで、いつもの受け答えと明らかに違います。",False,False,True,0,0,1,is_behavior,is_behavior,High,High,Low
behavior_1_2942,"Dispatcher: 普段と違う振る舞いや様子はありますか？
Caller: はい、さっきから様子がおかしくて、いつも通りではありません。",False,False,True,0,0,1,is_behavior,is_behavior,High,Low,Low
behavior_1_2943,"Dispatcher: いつもと違う様子はありますか？
Caller: はい、受け答えが変で、普段の感じではないです。",False,False,True,0,0,1,is_behavior,is_behavior,High,Low,Low
behavior_1_2944,"Dispatcher: ぼんやりしている、返事がおかしいなど、普段と違う様子は見えますか？
Caller: 同僚なんですが、呼びかけても見当違いの返事をしていて、席を立ってもふらふら歩いています。",False,False,True,0,0,1,is_behavior,is_behavior,High,High,High
behavior_1_2945,"Dispatcher: 受け答えが変、落ち着きがない、いつもと違う行動をしている感じはありますか？
Caller: 母ですが、急に同じことを何度も聞いてきて、テレビのリモコンの使い方まで分からなくなっています。",False,False,True,0,0,1,is_behavior,is_behavior,High,High,High
behavior_2_2946,"Dispatcher: いつもより元気で普通に過ごしていますか？
Caller: いいえ、頭は痛がっていますが、受け答えも行動も普段通りです。",False,False,True,0,0,2,is_behavior,is_behavior,Low,High,High
behavior_2_2947,"Dispatcher: 普段と違う振る舞いや様子はありますか？
Caller: いいえ、夫ですが会話は普通にできていますし、様子もいつもと変わりません。",False,False,True,0,0,2,is_behavior,is_behavior,High,High,High
behavior_2_2948,"Dispatcher: 普段と違う振る舞いや様子はありますか？
Caller: いいえ、頭痛はありますが、受け答えはしっかりしていて普段通りです。",False,False,True,0,0,2,is_behavior,is_behavior,High,High,Low
behavior_2_2949,"Dispatcher: ぼんやりしている、返事がおかしいなど、普段と違う様子は見えますか？
Caller: いいえ、娘ですが少しつらそうなだけで、変な受け答えやおかしな行動はありません。",False,False,True,0,0,2,is_behavior,is_behavior,High,Low,High
behavior_2_2950,"Dispatcher: 何か変わったことはありますか？
Caller: いいえ、痛がってはいますが、いつもの様子と特に変わりません。",False,False,True,0,0,2,is_behavior,is_behavior,Low,Low,High
behavior_3_2951,"Dispatcher: 何か変わったことはありますか？
Caller: 頭が痛いと連絡があっただけで、普段と違う様子かどうかは確認できていません。",False,False,True,0,0,3,is_behavior,is_behavior,Low,High,Low
behavior_3_2952,"Dispatcher: いつもより元気で普通に過ごしていますか？
Caller: 友人からメッセージが来ただけなので、受け答えや行動がいつも通りかまでは分かりません。",False,False,True,0,0,3,is_behavior,is_behavior,Low,High,High
behavior_3_2953,"Dispatcher: 普段と違う振る舞いや様子はありますか？
Caller: 今は本人のそばにいないので、いつもと違う行動があるかはまだ分かりません。",False,False,True,0,0,3,is_behavior,is_behavior,High,Low,High
behavior_3_2954,"Dispatcher: 何か変わったことはありますか？
Caller: そこまでは見えておらず、普段と違う様子があるかは不明です。",False,False,True,0,0,3,is_behavior,is_behavior,Low,Low,High
behavior_3_2955,"Dispatcher: いつもと違う振る舞いはありますか？
Caller: いつもと違う振る舞いがあるかは分かりません。",False,False,True,0,0,3,is_behavior,is_behavior,Low,Low,Low
behavior_0_2956,"Dispatcher: しびれや麻痺はありますか？
Caller: 本人から頭痛とだけ聞いていて、しびれや麻痺があるかは分かりません。",False,False,True,0,0,0,is_behavior,is_numbness,Low,High,Low
behavior_0_2957,"Dispatcher: 手足のしびれや麻痺はありますか？
Caller: 今はそばにいないので、しびれや麻痺の有無は確認できません。",False,False,True,0,0,0,is_behavior,is_numbness,High,High,Low
behavior_0_2958,"Dispatcher: いつもの頭痛ではなく、急にとても強い痛みが出た感じですか？
Caller: はい、さっき急に頭を抱えて、今までにないくらいひどい痛みだと言っています。",False,False,True,0,0,0,is_behavior,is_sudden_severe,Low,Low,High
behavior_0_2959,"Dispatcher: 頭の痛みは、突然起こった激しい痛みですか？
Caller: いいえ、朝から少しずつ痛くなってきたようで、急に強く出た感じではありません。",False,False,True,0,0,0,is_behavior,is_sudden_severe,High,Low,High
behavior_0_2960,"Dispatcher: 片側の手足にしびれや動かしにくさがあるか見られますか？
Caller: 隣の部屋にいて姿が見えないので、しびれや麻痺があるかは確認できません。",False,False,True,0,0,0,is_behavior,is_numbness,High,High,High
behavior_1_2961,"Dispatcher: いつも通りに受け答えできていますか？
Caller: いいえ、兄なんですが質問しても話がかみ合わず、急に立ったり座ったりして落ち着きません。",False,False,True,0,0,1,is_behavior,is_behavior,Low,High,High
behavior_1_2962,"Dispatcher: いつも通りに話せていますか？
Caller: いいえ、返事が変で普段の様子ではありません。",False,False,True,0,0,1,is_behavior,is_behavior,Low,High,Low
behavior_1_2963,"Dispatcher: 何か変わった様子はありますか？
Caller: はい、少しおかしな受け答えをしています。",False,False,True,0,0,1,is_behavior,is_behavior,Low,Low,Low
behavior_1_2964,"Dispatcher: 普段と違う振る舞いや様子はありますか？
Caller: はい、妻ですが名前を呼んでも反応が鈍く、同じ質問を繰り返していて明らかに普段と違います。",False,False,True,0,0,1,is_behavior,is_behavior,High,High,Low
behavior_1_2965,"Dispatcher: いつもより普通に見えますか？
Caller: いいえ、友人ですが落ち着きがなくて、話し方もいつもと違います。",False,False,True,0,0,1,is_behavior,is_behavior,Low,Low,High
behavior_2_2966,"Dispatcher: 何か変わった様子はありますか？
Caller: いいえ、特に普段と変わるような様子はありません。",False,False,True,0,0,2,is_behavior,is_behavior,Low,Low,Low
behavior_2_2967,"Dispatcher: 普段と違う振る舞いや様子はありますか？
Caller: いいえ、父ですが受け答えははっきりしていますし、動きもいつも通りです。",False,False,True,0,0,2,is_behavior,is_behavior,High,High,High
behavior_2_2968,"Dispatcher: いつもより普通に見えますか？
Caller: はい、頭痛はあるようですが、様子は普段と変わりません。",False,False,True,0,0,2,is_behavior,is_behavior,Low,High,Low
behavior_2_2969,"Dispatcher: 普段と違う振る舞いや様子はありますか？
Caller: いいえ、同僚ですが会話も自然で、変わった行動は見られません。",False,False,True,0,0,2,is_behavior,is_behavior,High,Low,High
behavior_2_2970,"Dispatcher: 何か変わった様子はありますか？
Caller: いいえ、受け答えも行動も普段通りです。",False,False,True,0,0,2,is_behavior,is_behavior,Low,High,Low
behavior_3_2971,"Dispatcher: 受け答えが変だったり、いつもと違う様子はありますか？
Caller: 職場から連絡を受けただけで本人を見ていないので、普段と違う振る舞いがあるかは確認できません。",False,False,True,0,0,3,is_behavior,is_behavior,Low,High,High
behavior_3_2972,"Dispatcher: 何か変わった様子はありますか？
Caller: 分かりません。",False,False,True,0,0,3,is_behavior,is_behavior,Low,Low,Low
behavior_3_2973,"Dispatcher: 普段と違う振る舞いや様子はありますか？
Caller: 今は本人のそばにいないので、いつもと違う様子があるかは確認できません。",False,False,True,0,0,3,is_behavior,is_behavior,High,High,Low
behavior_3_2974,"Dispatcher: いつも通り過ごせていますか？
Caller: そこは分かりません。",False,False,True,0,0,3,is_behavior,is_behavior,Low,Low,Low
behavior_3_2975,"Dispatcher: 何か変わったことはありますか？
Caller: 頭が痛いとは聞いていますが、普段と違う振る舞いがあるかまでは分かりません。",False,False,True,0,0,3,is_behavior,is_behavior,Low,High,Low
behavior_0_2976,"Dispatcher: さっき急に我慢できないほど強い頭痛が出た感じですか？
Caller: いいえ、朝からじわじわ痛くなってきたようで、急に激しく始まったわけではありません。",False,False,True,0,0,0,is_behavior,is_sudden_severe,Low,High,High
behavior_0_2977,"Dispatcher: 手足のしびれや動かしにくさはありますか？
Caller: いいえ、夫は手も足も普通に動かせていて、しびれもないと言っています。",False,False,True,0,0,0,is_behavior,is_numbness,Low,High,High
behavior_0_2978,"Dispatcher: しびれや麻痺はありますか？
Caller: いいえ、ありません。",False,False,True,0,0,0,is_behavior,is_numbness,Low,High,Low
behavior_0_2979,"Dispatcher: 片側の手足がしびれるとか、力が入らない様子はありますか？
Caller: 本人から頭痛の連絡だけ来ていて、手足のしびれや麻痺があるかはまだ確認できていません。",False,False,True,0,0,0,is_behavior,is_numbness,Low,High,High
behavior_0_2980,"Dispatcher: 体の動きにおかしいところはありますか？
Caller: 今見る限り手足は普通に動いていて、しびれもなさそうです。",False,False,True,0,0,0,is_behavior,is_numbness,Low,Low,High
behavior_1_2981,"Dispatcher: 普段と違う振る舞いや様子はありますか？
Caller: はい、同僚なんですが、質問しても話がかみ合わず、いつもの受け答えと明らかに違います。",False,False,True,0,0,1,is_behavior,is_behavior,High,Low,High
behavior_1_2982,"Dispatcher: 何かおかしな様子はありますか？
Caller: はい、返事がちぐはぐで普段と違います。",False,False,True,0,0,1,is_behavior,is_behavior,Low,High,Low
behavior_1_2983,"Dispatcher: いつもと違う行動はありますか？
Caller: はい、家の中を落ち着きなく歩き回っていて、普段の様子ではありません。",False,False,True,0,0,1,is_behavior,is_behavior,Low,High,Low
behavior_1_2984,"Dispatcher: ぼんやりしている、返事がおかしいなど、普段と違う様子はありますか？
Caller: はい、娘なんですが呼びかけても反応が鈍く、受け答えもいつもよりおかしいです。",False,False,True,0,0,1,is_behavior,is_behavior,High,High,Low
behavior_1_2985,"Dispatcher: 何か変わった様子はありますか？
Caller: はい、友人が同じことを何度も聞き返してきて、明らかに普段と違います。",False,False,True,0,0,1,is_behavior,is_behavior,Low,High,Low
behavior_2_2986,"Dispatcher: 普段と違う振る舞いや様子はありますか？
Caller: いいえ、受け答えはいつも通りで、変わった様子はありません。",False,False,True,0,0,2,is_behavior,is_behavior,High,Low,Low
behavior_2_2987,"Dispatcher: 何かおかしい様子はありますか？
Caller: 妻ですが、見た感じ普段と変わりないです。",False,False,True,0,0,2,is_behavior,is_behavior,Low,Low,High
behavior_2_2988,"Dispatcher: ぼんやりしている、返事がおかしいなど、いつもと違う様子はありますか？
Caller: いいえ、同僚は会話も普通で、行動もいつも通りです。",False,False,True,0,0,2,is_behavior,is_behavior,High,High,High
behavior_2_2989,"Dispatcher: 受け答えが変だったり、落ち着きがない感じはありますか？
Caller: いいえ、母は頭痛は訴えていますが、話し方も行動も普段と変わりません。",False,False,True,0,0,2,is_behavior,is_behavior,High,High,High
behavior_2_2990,"Dispatcher: 普段と違う振る舞いはありますか？
Caller: いいえ、ありません。",False,False,True,0,0,2,is_behavior,is_behavior,High,High,Low
behavior_3_2991,"Dispatcher: 受け答えが変とか、いつもと違う行動は見られますか？
Caller: 今は別の階にいて本人の様子を見ていないので、普段と違う振る舞いがあるかは分かりません。",False,False,True,0,0,3,is_behavior,is_behavior,Low,High,High
behavior_3_2992,"Dispatcher: 普段と違う振る舞いや様子はありますか？
Caller: まだ直接会えていないので、そこは確認できていません。",False,False,True,0,0,3,is_behavior,is_behavior,High,Low,Low
behavior_3_2993,"Dispatcher: ぼんやりしていたり、返事がおかしい感じはありますか？
Caller: 友人からメッセージで頭痛と来ただけで、話し方や行動までは分からないです。",False,False,True,0,0,3,is_behavior,is_behavior,High,Low,High
behavior_3_2994,"Dispatcher: いつもと違う様子はありますか？
Caller: 今は電話越しで泣いているだけなので、普段と比べて変かどうかは判断できません。",False,False,True,0,0,3,is_behavior,is_behavior,High,Low,High
behavior_3_2995,"Dispatcher: 普段と違う行動や受け答えはありますか？
Caller: 子どもから頭が痛いと連絡があっただけで、実際の様子を見ていないので分かりません。",False,False,True,0,0,3,is_behavior,is_behavior,High,Low,High
behavior_0_2996,"Dispatcher: 手足のしびれや麻痺はありますか？
Caller: 今は本人が車で移動中でそばにいないので、しびれや麻痺があるかは確認できません。",False,False,True,0,0,0,is_behavior,is_numbness,High,High,High
behavior_0_2997,"Dispatcher: 体のどこかしびれている感じはありますか？
Caller: 本人は頭痛だけを訴えていて、手足のしびれはないようです。",False,False,True,0,0,0,is_behavior,is_numbness,Low,Low,High
behavior_0_2998,"Dispatcher: 手足のしびれや麻痺はありますか？
Caller: いいえ、しびれも麻痺もありません。",False,False,True,0,0,0,is_behavior,is_numbness,High,High,Low
behavior_0_2999,"Dispatcher: しびれや動かしにくさはありますか？
Caller: そこは分かりません。まだ手足の様子までは聞けていません。",False,False,True,0,0,0,is_behavior,is_numbness,Low,Low,Low
behavior_0_3000,"Dispatcher: 頭の痛みは、突然起こった激しい痛みですか？
Caller: いいえ、昨日から少しずつ痛くなっていて、急に激しく出た頭痛ではありません。",False,False,True,0,0,0,is_behavior,is_sudden_severe,High,High,Low
behavior_1_3001,"Dispatcher: ぼんやりしている、返事がおかしいなど、普段と違う様子はありますか？
Caller: はい、夫が質問にちぐはぐな返事をしていて、さっきから同じことを何度も聞き返しています。",False,False,True,0,0,1,is_behavior,is_behavior,High,High,High
behavior_1_3002,"Dispatcher: 普段と違う振る舞いや様子はありますか？
Caller: はい、いつもと違って少し様子がおかしいです。",False,False,True,0,0,1,is_behavior,is_behavior,High,Low,Low
behavior_1_3003,"Dispatcher: 何かいつもと違う振る舞いはありますか？
Caller: はい、同僚なんですが、会議中に急に話がかみ合わなくなって落ち着きもないです。",False,False,True,0,0,1,is_behavior,is_behavior,High,Low,High
behavior_1_3004,"Dispatcher: 普段と違う様子は見られますか？
Caller: はい、母がさっきから部屋をうろうろしていて、受け答えもいつもより変です。",False,False,True,0,0,1,is_behavior,is_behavior,High,Low,High
behavior_1_3005,"Dispatcher: 普段と違う振る舞いや様子はありますか？
Caller: はい、娘は受け答えが鈍くて、いつものように会話できていません。",False,False,True,0,0,1,is_behavior,is_behavior,High,High,Low
behavior_2_3006,"Dispatcher: 普段と違う振る舞いや様子はありますか？
Caller: いいえ、受け答えは普段どおりで、行動も特に変わりありません。",False,False,True,0,0,2,is_behavior,is_behavior,High,High,Low
behavior_2_3007,"Dispatcher: いつもより元気で普通に過ごしていますか？
Caller: はい、様子はいつもと変わらないです。",False,False,True,0,0,2,is_behavior,is_behavior,Low,Low,Low
behavior_2_3008,"Dispatcher: 何かいつもと違う振る舞いはありますか？
Caller: いいえ、友人ですが、話し方も動き方も普段どおりに見えます。",False,False,True,0,0,2,is_behavior,is_behavior,High,Low,High
behavior_2_3009,"Dispatcher: 受け答えが変だったり、普段と違う様子はありますか？
Caller: いいえ、返事はしっかりしていますし、いつもと変わるところはありません。",False,False,True,0,0,2,is_behavior,is_behavior,Low,High,Low
behavior_2_3010,"Dispatcher: 普段と違う振る舞いや様子はありますか？
Caller: いいえ、特に変わった様子はないです。",False,False,True,0,0,2,is_behavior,is_behavior,High,Low,Low
behavior_3_3011,"Dispatcher: 普段と違う振る舞いや様子はありますか？
Caller: 今は本人のそばにいないので、いつもと違う様子があるかは確認できません。",False,False,True,0,0,3,is_behavior,is_behavior,High,High,Low
behavior_3_3012,"Dispatcher: 何か変わったことはありますか？
Caller: 頭が痛いと連絡があっただけで、普段と違う行動があるかまでは分かりません。",False,False,True,0,0,3,is_behavior,is_behavior,Low,Low,High
behavior_3_3013,"Dispatcher: いつもより元気がないとか、様子がおかしい感じはありますか？
Caller: 電話で聞いただけなので、普段と違う振る舞いがあるかは確認できません。",False,False,True,0,0,3,is_behavior,is_behavior,Low,High,Low
behavior_3_3014,"Dispatcher: 受け答えが変、ぼんやりしているなどはありますか？
Caller: 今は別の部屋にいて見えていないので、そういう様子があるかは分かりません。",False,False,True,0,0,3,is_behavior,is_behavior,Low,High,Low
behavior_3_3015,"Dispatcher: いつもと違う行動をしている感じはありますか？
Caller: 息子から頭痛のメッセージだけ来ていて、実際の様子まではまだ見られていません。",False,False,True,0,0,3,is_behavior,is_behavior,Low,High,High
behavior_0_3016,"Dispatcher: 手足のしびれや麻痺はありますか？
Caller: いいえ、姉は手も足も普通に動かせていて、しびれはないと言っています。",False,False,True,0,0,0,is_behavior,is_numbness,High,Low,High
behavior_0_3017,"Dispatcher: いつもの軽い頭痛ということでよいですか？
Caller: はい、朝から少しずつ痛くなっただけで、急に激しくなった感じではないです。",False,False,True,0,0,0,is_behavior,is_sudden_severe,Low,Low,High
behavior_0_3018,"Dispatcher: 急に我慢できないほどの頭の痛みが出た感じですか？
Caller: はい、弟がさっき突然ひどい頭痛が来たと言って、その場にしゃがみ込みました。",False,False,True,0,0,0,is_behavior,is_sudden_severe,Low,High,Low
behavior_0_3019,"Dispatcher: いつもの頭痛みたいな感じですか？
Caller: はい、同僚は前からの頭痛が続いているだけで、急にひどくなったわけではありません。",False,False,True,0,0,0,is_behavior,is_sudden_severe,Low,High,High
behavior_0_3020,"Dispatcher: 軽い頭痛ではなく、急に強い痛みが来た感じですか？
Caller: はい、母が急に頭を押さえて、今までで一番痛いと言っています。",False,False,True,0,0,0,is_behavior,is_sudden_severe,Low,Low,High
behavior_1_3021,"Dispatcher: いつもどおりに話せていますか？
Caller: いいえ、父は言うことがまとまらず、呼びかけても変な返事をしています。",False,False,True,0,0,1,is_behavior,is_behavior,Low,High,High
behavior_1_3022,"Dispatcher: 普段と違う振る舞いや様子はありますか？
Caller: はい、兄が急にぼんやりしていて、質問しても的外れな返事をしています。",False,False,True,0,0,1,is_behavior,is_behavior,High,High,Low
behavior_1_3023,"Dispatcher: 何か変わった様子はありますか？
Caller: はい、さっきから落ち着きがなくて、普段の感じではありません。",False,False,True,0,0,1,is_behavior,is_behavior,Low,Low,High
behavior_1_3024,"Dispatcher: いつもと違う行動をしていますか？
Caller: はい、妻が急に会話がかみ合わなくなって、何を聞いても反応がおかしいです。",False,False,True,0,0,1,is_behavior,is_behavior,Low,High,Low
behavior_1_3025,"Dispatcher: 普段と違う振る舞いや様子はありますか？
Caller: はい、少し受け答えが変で、いつもの様子ではないです。",False,False,True,0,0,1,is_behavior,is_behavior,High,Low,Low
behavior_2_3026,"Dispatcher: 何かいつもと違う振る舞いはありますか？
Caller: いいえ、同僚は頭痛は訴えていますが、受け答えも歩き方も普段どおりです。",False,False,True,0,0,2,is_behavior,is_behavior,High,High,High
behavior_2_3027,"Dispatcher: いつもより元気で普通に過ごしていますか？
Caller: はい、特に変わった様子はないです。",False,False,True,0,0,2,is_behavior,is_behavior,Low,Low,Low
behavior_2_3028,"Dispatcher: 何か変わったことはありますか？
Caller: いいえ、普段と同じです。",False,False,True,0,0,2,is_behavior,is_behavior,Low,Low,Low
behavior_2_3029,"Dispatcher: 受け答えが変だったり、落ち着きがない感じはありますか？
Caller: いいえ、友人は普通に会話できていますし、行動もいつもどおりです。",False,False,True,0,0,2,is_behavior,is_behavior,Low,High,High
behavior_2_3030,"Dispatcher: 普段と違う振る舞いや様子はありますか？
Caller: いいえ、弟は頭痛はありますが、返事もしっかりしていて変わった行動はありません。",False,False,True,0,0,2,is_behavior,is_behavior,High,High,High
behavior_3_3031,"Dispatcher: 何か変わったことはありますか？
Caller: 頭が痛いこと以外はまだ分からず、普段と違う様子かどうかは確認できていません。",False,False,True,0,0,3,is_behavior,is_behavior,Low,Low,Low
behavior_3_3032,"Dispatcher: いつも通りに話したり動いたりできていますか？
Caller: 職場から連絡を受けただけで、受け答えや行動が普段と違うかまでは分かりません。",False,False,True,0,0,3,is_behavior,is_behavior,Low,Low,High
behavior_3_3033,"Dispatcher: ぼんやりしているとか返事がおかしいとか、普段と違う様子はありますか？
Caller: 今は本人が寝室にいて私は姿を見ていないので、普段と違う振る舞いがあるかは確認できません。",False,False,True,0,0,3,is_behavior,is_behavior,Low,High,High
behavior_3_3034,"Dispatcher: 何か変わったことはありますか？
Caller: そこまではまだ見られていなくて、いつもと違う様子かどうかは分かりません。",False,False,True,0,0,3,is_behavior,is_behavior,Low,Low,Low
behavior_3_3035,"Dispatcher: 普段と違う振る舞いや様子はありますか？
Caller: 今は電話で頭痛を訴えてきただけなので、普段と違う様子があるかは確認できていません。",False,False,True,0,0,3,is_behavior,is_behavior,High,Low,Low
behavior_0_3036,"Dispatcher: いつもの頭痛ではなく、急にひどくなった感じですか？
Caller: はい、さっき急に我慢できないくらい強い頭痛が来たと本人が言っています。",False,False,True,0,0,0,is_behavior,is_sudden_severe,Low,Low,Low
behavior_0_3037,"Dispatcher: 手足のしびれや麻痺はありますか？
Caller: 今は本人のそばにいないので、しびれや麻痺があるかは確認できません。",False,False,True,0,0,0,is_behavior,is_numbness,High,High,Low
behavior_0_3038,"Dispatcher: しびれや動かしにくさはありますか？
Caller: はい、右腕がしびれて力も入りにくいと本人が言っています。",False,False,True,0,0,0,is_behavior,is_numbness,Low,High,Low
behavior_0_3039,"Dispatcher: 手足のしびれや麻痺はありますか？
Caller: いいえ、手足にしびれも麻痺もないです。",False,False,True,0,0,0,is_behavior,is_numbness,High,Low,Low
behavior_0_3040,"Dispatcher: 片側の手足にしびれや動かしにくさがあるか見られますか？
Caller: 別室にいて姿が見えないので、しびれや麻痺の有無は分かりません。",False,False,True,0,0,0,is_behavior,is_numbness,High,High,Low
behavior_1_3041,"Dispatcher: 普段と違う振る舞いや様子はありますか？
Caller: はい、呼びかけても返事がちぐはぐで、いつもの受け答えと明らかに違います。",False,False,True,0,0,1,is_behavior,is_behavior,High,High,Low
behavior_1_3042,"Dispatcher: ぼんやりしている、返事がおかしいなど、普段と違う様子は見えますか？
Caller: はい、同僚なんですが、簡単な質問にも違う答えをしていて普段より明らかにおかしいです。",False,False,True,0,0,1,is_behavior,is_behavior,High,High,High
behavior_1_3043,"Dispatcher: いつもと違う行動をしている感じはありますか？
Caller: はい、母が急に同じことを何度も繰り返していて、落ち着きもなく普段の様子ではありません。",False,False,True,0,0,1,is_behavior,is_behavior,High,High,High
behavior_1_3044,"Dispatcher: 普段と違う振る舞いや様子はありますか？
Caller: はい、会話がかみ合わず、ぼんやりしていていつもと違います。",False,False,True,0,0,1,is_behavior,is_behavior,High,High,Low
behavior_1_3045,"Dispatcher: 受け答えが変だったり、いつもと違う様子はありますか？
Caller: はい、友人が自分のいる場所をうまく言えなくて、普段ならそんなことはありません。",False,False,True,0,0,1,is_behavior,is_behavior,High,Low,High
behavior_2_3046,"Dispatcher: 何か変わったことはありますか？
Caller: いいえ、頭痛はありますが受け答えや様子は普段通りです。",False,False,True,0,0,2,is_behavior,is_behavior,Low,Low,Low
behavior_2_3047,"Dispatcher: 普段と違う振る舞いや様子はありますか？
Caller: いいえ、話し方も行動もいつもと変わりません。",False,False,True,0,0,2,is_behavior,is_behavior,High,Low,Low
behavior_2_3048,"Dispatcher: ぼんやりしているとか返事がおかしいとか、普段と違う様子はありますか？
Caller: いいえ、受け答えはしっかりしていて、変わった振る舞いは見られません。",False,False,True,0,0,2,is_behavior,is_behavior,High,High,Low
behavior_2_3049,"Dispatcher: 何か変わったことはありますか？
Caller: いいえ、特におかしな様子はなく、普段通りに話せています。",False,False,True,0,0,2,is_behavior,is_behavior,Low,Low,Low
behavior_2_3050,"Dispatcher: 普段と違う振る舞いや様子はありますか？
Caller: いいえ、父は普通に会話できていますし、行動もいつもと同じです。",False,False,True,0,0,2,is_behavior,is_behavior,High,High,Low
behavior_3_3051,"Dispatcher: 普段と違う振る舞いや様子はありますか？
Caller: 娘から頭が痛いとメッセージが来ただけで、普段と違う行動があるかまでは分かりません。",False,False,True,0,0,3,is_behavior,is_behavior,High,Low,High
behavior_3_3052,"Dispatcher: 普段と違う振る舞いや様子はありますか？
Caller: 今日はまだ直接会っていないので、いつもと違う様子かどうかは確認できません。",False,False,True,0,0,3,is_behavior,is_behavior,High,High,Low
behavior_3_3053,"Dispatcher: 普段と違う振る舞いや様子はありますか？
Caller: 本人が頭痛を訴えていることしか分からず、普段との違いまでは見られていません。",False,False,True,0,0,3,is_behavior,is_behavior,High,Low,Low
behavior_3_3054,"Dispatcher: 何か変わったことはありますか？
Caller: 電話で聞いただけなので、返事がおかしいとか普段と違う振る舞いがあるかは確認できません。",False,False,True,0,0,3,is_behavior,is_behavior,Low,High,Low
behavior_3_3055,"Dispatcher: ぼんやりしているとか、いつもと違う様子はありますか？
Caller: さっき別の家族から頭痛だと知らされたばかりで、本人の普段との違いはまだ見ていません。",False,False,True,0,0,3,is_behavior,is_behavior,High,Low,High
behavior_0_3056,"Dispatcher: さっきまで普通だったのに、急に我慢できないほど頭が痛くなった感じですか？
Caller: はい、会議中に突然頭を抱えて、今までにない激しい痛みで耐えられないと言っています。",False,False,True,0,0,0,is_behavior,is_sudden_severe,Low,High,High
behavior_0_3057,"Dispatcher: 頭の痛みは、突然起こった激しい痛みですか？
Caller: いいえ、朝から少しずつ痛くなってきたもので、急にガツンと来た感じではありません。",False,False,True,0,0,0,is_behavior,is_sudden_severe,High,Low,High
behavior_0_3058,"Dispatcher: 激しい痛みが突然起こりましたか？
Caller: 本人から頭が痛いとだけ連絡が来ていて、急に始まったのか痛みが強いのかまでは分かりません。",False,False,True,0,0,0,is_behavior,is_sudden_severe,Low,High,Low
behavior_0_3059,"Dispatcher: いつもの軽い頭痛ということでよいですか？
Caller: そこはまだ確認できていなくて、急に強くなったのかどうか分かりません。",False,False,True,0,0,0,is_behavior,is_sudden_severe,Low,Low,High
behavior_0_3060,"Dispatcher: 手足のしびれや麻痺はありますか？
Caller: はい、弟は左足がしびれていて、左手もうまく動かせない様子です。",False,False,True,0,0,0,is_behavior,is_numbness,High,High,High
behavior_1_3061,"Dispatcher: 受け答えや様子、いつも通りではない感じですか？
Caller: はい、同僚なんですが、さっきから質問と違う返事をしていて落ち着きなく同じ所を歩き回っています。",False,False,True,0,0,1,is_behavior,is_behavior,Low,High,High
behavior_1_3062,"Dispatcher: 普段と違う振る舞いや様子はありますか？
Caller: はい、いつもより受け答えが変です。",False,False,True,0,0,1,is_behavior,is_behavior,High,Low,Low
behavior_1_3063,"Dispatcher: いつもと比べて何か変な様子はありますか？
Caller: はい、母なんですが、呼びかけても話がかみ合わず、急に服を探し回るなど普段しない行動をしています。",False,False,True,0,0,1,is_behavior,is_behavior,Low,High,Low
behavior_1_3064,"Dispatcher: 何かいつもと違う行動はありますか？
Caller: はい、会話がちぐはぐで、ぼんやりしています。",False,False,True,0,0,1,is_behavior,is_behavior,Low,High,Low
behavior_1_3065,"Dispatcher: 普段と違う振る舞いや様子はありますか？
Caller: はい、今日は返事の仕方が明らかにおかしいです。",False,False,True,0,0,1,is_behavior,is_behavior,High,Low,Low
behavior_2_3066,"Dispatcher: いつもと違う様子はありますか？
Caller: いいえ、頭痛はありますが受け答えは普段通りです。",False,False,True,0,0,2,is_behavior,is_behavior,Low,Low,Low
behavior_2_3067,"Dispatcher: 何か変わった行動はしていますか？
Caller: いいえ、夫ですが、話し方も動き方もいつもと変わりません。",False,False,True,0,0,2,is_behavior,is_behavior,Low,Low,High
behavior_2_3068,"Dispatcher: ぼんやりしている、返事がおかしいなど、普段と違う様子はありますか？
Caller: いいえ、会話は普通にできていますし、様子もいつも通りです。",False,False,True,0,0,2,is_behavior,is_behavior,High,High,Low
behavior_2_3069,"Dispatcher: 何か変な様子はありますか？
Caller: いいえ、特におかしな行動はありません。",False,False,True,0,0,2,is_behavior,is_behavior,Low,Low,Low
behavior_2_3070,"Dispatcher: 普段と違う振る舞いはありますか？
Caller: いいえ、友人ですが、痛がってはいても受け答えも態度も普段のままです。",False,False,True,0,0,2,is_behavior,is_behavior,High,Low,High
behavior_3_3071,"Dispatcher: 普段と違う振る舞いや様子はありますか？
Caller: 今日はまだ本人に会えていないので、いつもと違う様子かどうかは分かりません。",False,False,True,0,0,3,is_behavior,is_behavior,High,Low,Low
behavior_3_3072,"Dispatcher: 普段と違う振る舞いや様子はありますか？
Caller: 電話で頭が痛いと聞いただけで、普段と違う行動があるかまでは確認できていません。",False,False,True,0,0,3,is_behavior,is_behavior,High,Low,Low
behavior_3_3073,"Dispatcher: 普段と違う振る舞いや様子はありますか？
Caller: 今そばにいないので、受け答えや様子がいつもと違うかは分かりません。",False,False,True,0,0,3,is_behavior,is_behavior,High,Low,Low
behavior_3_3074,"Dispatcher: 受け答えが変だったり、いつもと違う行動はしていますか？
Caller: 弟からメッセージで頭痛とだけ来ていて、今は顔も見えていないので普段と違う振る舞いがあるか確認できません。",False,False,True,0,0,3,is_behavior,is_behavior,Low,High,High
behavior_3_3075,"Dispatcher: 何か変わった様子はありますか？
Caller: 職場から連絡を受けただけで、いつもと違う行動があるかどうかはまだ分かりません。",False,False,True,0,0,3,is_behavior,is_behavior,Low,Low,High
behavior_0_3076,"Dispatcher: しびれや麻痺はありますか？
Caller: 今は本人のそばにいないので、手足のしびれや麻痺があるかは確認できません。",False,False,True,0,0,0,is_behavior,is_numbness,Low,High,Low
behavior_0_3077,"Dispatcher: 手足に変な感じはありますか？
Caller: いいえ、しびれはないようです。",False,False,True,0,0,0,is_behavior,is_numbness,Low,Low,Low
behavior_0_3078,"Dispatcher: 片方の手足が動かしにくい感じはありますか？
Caller: いいえ、同僚は両手足とも普通に動いていて、しびれも訴えていません。",False,False,True,0,0,0,is_behavior,is_numbness,Low,Low,High
behavior_0_3079,"Dispatcher: 手足のしびれや麻痺はありますか？
Caller: いいえ、父は頭痛はありますが、腕も脚も普段通り動いていてしびれもないと言っています。",False,False,True,0,0,0,is_behavior,is_numbness,High,Low,High
behavior_0_3080,"Dispatcher: さっきまで普通だったのに、急に強い頭痛が出た感じですか？
Caller: 妻から頭が痛いと連絡があっただけで、急に始まったのか、どれくらい強いのかまでは分かりません。",False,False,True,0,0,0,is_behavior,is_sudden_severe,Low,High,High
behavior_1_3081,"Dispatcher: ぼんやりしている、返事がおかしいなど、普段と違う様子はありますか？
Caller: はい、父なんですが、質問しても見当違いの答えが返ってきて、いつもの受け答えではありません。",False,False,True,0,0,1,is_behavior,is_behavior,High,Low,High
behavior_1_3082,"Dispatcher: 普段と違う振る舞いや様子はありますか？
Caller: はい、呼びかけには応じますが、話のつじつまが合わず明らかにいつもと違います。",False,False,True,0,0,1,is_behavior,is_behavior,High,High,Low
behavior_1_3083,"Dispatcher: 普段と違う振る舞いや様子はありますか？
Caller: はい、受け答えが普段より変で落ち着きがありません。",False,False,True,0,0,1,is_behavior,is_behavior,High,Low,Low
behavior_1_3084,"Dispatcher: ぼんやりしている、返事がおかしいなど、普段と違う様子はありますか？
Caller: はい、友人なんですが、急に私の名前が出てこなくなって、同じ質問を何度も繰り返していて明らかに普段と違います。",False,False,True,0,0,1,is_behavior,is_behavior,High,High,High
behavior_1_3085,"Dispatcher: いつも通りではない感じはありますか？
Caller: はい、夫が冷蔵庫を開けたまま何をするか分からなくなっていて、呼んでも反応が鈍く普段の様子ではありません。",False,False,True,0,0,1,is_behavior,is_behavior,Low,High,High
behavior_2_3086,"Dispatcher: 何か変な様子はありますか？
Caller: いいえ、会話も行動も普段通りで、おかしなところはありません。",False,False,True,0,0,2,is_behavior,is_behavior,Low,High,Low
behavior_2_3087,"Dispatcher: 普段と違う振る舞いや様子はありますか？
Caller: いいえ、頭痛は訴えていますが、様子自体はいつもと変わりません。",False,False,True,0,0,2,is_behavior,is_behavior,High,Low,Low
behavior_2_3088,"Dispatcher: いつもと違う行動はしていますか？
Caller: いいえ、息子ですが、受け答えはしっかりしていて変わった様子は見られません。",False,False,True,0,0,2,is_behavior,is_behavior,Low,High,High
behavior_2_3089,"Dispatcher: ぼんやりしている、返事がおかしいなど、普段と違う様子はありますか？
Caller: いいえ、同僚は頭を押さえていますが、質問には的確に答えていて行動もいつも通りです。",False,False,True,0,0,2,is_behavior,is_behavior,High,High,High
behavior_2_3090,"Dispatcher: 普段と違う振る舞いや様子はありますか？
Caller: いいえ、受け答えも態度も普段どおりです。",False,False,True,0,0,2,is_behavior,is_behavior,High,Low,Low
behavior_3_3091,"Dispatcher: いつもと違う振る舞いはありますか？
Caller: 今は本人に会えていないので、普段と違う様子があるかは分かりません。",False,False,True,0,0,3,is_behavior,is_behavior,High,High,Low
behavior_3_3092,"Dispatcher: 今日は普段どおりに過ごせている感じですか？
Caller: 職場から連絡を受けただけで、受け答えや行動がいつもと違うかまでは確認できていません。",False,False,True,0,0,3,is_behavior,is_behavior,Low,High,High
behavior_3_3093,"Dispatcher: 普段と違う振る舞いや様子はありますか？
Caller: 電話で頭が痛いと聞いただけで、いつもと違う行動があるかは確認できません。",False,False,True,0,0,3,is_behavior,is_behavior,High,High,Low
behavior_3_3094,"Dispatcher: ぼんやりしているなど、普段と違う様子はありますか？
Caller: 頭痛があること以外はまだ分からず、普段との違いは確認できていません。",False,False,True,0,0,3,is_behavior,is_behavior,High,Low,Low
behavior_3_3095,"Dispatcher: 受け答えが変だったり、いつもと違う感じはありますか？
Caller: 今メッセージで助けてと来ただけなので、落ち着きがないとか変な行動があるかは見られていません。",False,False,True,0,0,3,is_behavior,is_behavior,High,Low,High
behavior_0_3096,"Dispatcher: 頭の痛みは、突然起こった激しい痛みですか？
Caller: はい、さっき急に今までで一番ひどい頭痛だと言ってうずくまりました。",False,False,True,0,0,0,is_behavior,is_sudden_severe,High,High,Low
behavior_0_3097,"Dispatcher: 頭の痛みは、突然起こった激しい痛みですか？
Caller: 本人から頭が痛いとだけ連絡があって、急に始まったのか強い痛みなのかは分かりません。",False,False,True,0,0,0,is_behavior,is_sudden_severe,High,High,Low
behavior_0_3098,"Dispatcher: いつもの軽い頭痛ということでよいですか？
Caller: はい、朝から少しずつ痛くなったようで、急にひどくなった感じではありません。",False,False,True,0,0,0,is_behavior,is_sudden_severe,Low,Low,Low
behavior_0_3099,"Dispatcher: さっき急に強い頭痛が出た感じですか？
Caller: いいえ、昼ごろからじわじわ痛いだけで、突然の激しい痛みではないです。",False,False,True,0,0,0,is_behavior,is_sudden_severe,Low,Low,High
behavior_0_3100,"Dispatcher: 体の動きで気になることはありますか？
Caller: 右手がしびれて物を持ちにくいと言っています。",False,False,True,0,0,0,is_behavior,is_numbness,Low,Low,Low
behavior_1_3101,"Dispatcher: 普段と違う振る舞いや様子はありますか？
Caller: はい、受け答えがちぐはぐで、いつものように会話できていません。",False,False,True,0,0,1,is_behavior,is_behavior,High,Low,Low
behavior_1_3102,"Dispatcher: 今日は普段どおりに見えますか？
Caller: いいえ、同僚の名前を急に思い出せず、落ち着かない様子で歩き回っています。",False,False,True,0,0,1,is_behavior,is_behavior,Low,Low,High
behavior_1_3103,"Dispatcher: 何か変わった様子はありますか？
Caller: はい、呼びかけても返事が遅くて、話の内容もちぐはぐです。",False,False,True,0,0,1,is_behavior,is_behavior,Low,High,Low
behavior_1_3104,"Dispatcher: いつもどおりに受け答えできていますか？
Caller: いいえ、母が急に同じことを何度も聞いてきて普段と明らかに違います。",False,False,True,0,0,1,is_behavior,is_behavior,Low,Low,High
behavior_1_3105,"Dispatcher: 受け答えや行動で普段と違うところはありますか？
Caller: はい、さっきから話しかけても見当違いの返事ばかりで、椅子に座っていられずそわそわしています。",False,False,True,0,0,1,is_behavior,is_behavior,Low,High,High
behavior_2_3106,"Dispatcher: 今日は普段どおりに過ごせていますか？
Caller: はい、受け答えも行動もいつもと変わりありません。",False,False,True,0,0,2,is_behavior,is_behavior,Low,High,Low
behavior_2_3107,"Dispatcher: 何か変わった様子はありますか？
Caller: いいえ、頭痛はありますが会話も普通で、特におかしな行動はしていません。",False,False,True,0,0,2,is_behavior,is_behavior,Low,Low,High
behavior_2_3108,"Dispatcher: いつもどおりの様子ですか？
Caller: はい、友人は普通に話せていますし、変な振る舞いは見当たりません。",False,False,True,0,0,2,is_behavior,is_behavior,Low,Low,High
behavior_2_3109,"Dispatcher: ぼんやりしている、返事がおかしいなど、普段と違う様子は見えますか？
Caller: いいえ、受け答えはしっかりしていて、行動もいつもと変わりません。",False,False,True,0,0,2,is_behavior,is_behavior,High,High,High
behavior_2_3110,"Dispatcher: 普段と違う振る舞いや様子はありますか？
Caller: 特にないです。頭は痛がっていますが、しゃべり方も動き方も普段どおりです。",False,False,True,0,0,2,is_behavior,is_behavior,High,Low,High
behavior_3_3111,"Dispatcher: 普段と違う振る舞いや様子はありますか？
Caller: 今は別の場所にいて本人を見ていないので、いつもと違う様子があるかは確認できません。",False,False,True,0,0,3,is_behavior,is_behavior,High,High,Low
behavior_3_3112,"Dispatcher: 今日はいつもみたいに普通にしていますか？
Caller: そこはまだ分かりません。家族から頭痛とだけ連絡があって、普段との違いまでは見ていません。",False,False,True,0,0,3,is_behavior,is_behavior,Low,High,High
behavior_3_3113,"Dispatcher: 何か変わったことはありますか？
Caller: 頭が痛いとは聞いていますが、普段と違う振る舞いがあるかは分かりません。",False,False,True,0,0,3,is_behavior,is_behavior,Low,Low,Low
behavior_3_3114,"Dispatcher: 受け答えが変だったり落ち着かない様子はありますか？
Caller: 今は隣の部屋で休んでいて見えていないので、そのあたりは確認できていません。",False,False,True,0,0,3,is_behavior,is_behavior,Low,Low,High
behavior_3_3115,"Dispatcher: ぼんやりしているなど、普段と違う様子はありますか？
Caller: まだ直接話せておらず、いつもと違う振る舞いがあるかまでは分かりません。",False,False,True,0,0,3,is_behavior,is_behavior,High,Low,Low
behavior_0_3116,"Dispatcher: 手足のしびれや麻痺はありますか？
Caller: 電話で頭痛を訴えているだけで、しびれや動かしにくさがあるかはまだ確認できていません。",False,False,True,0,0,0,is_behavior,is_numbness,High,Low,High
behavior_0_3117,"Dispatcher: ちゃんと手足は動かせていますか？
Caller: はい、歩けていますし、しびれや麻痺はないようです。",False,False,True,0,0,0,is_behavior,is_numbness,Low,Low,High
behavior_0_3118,"Dispatcher: 普通に歩けているということでよいですか？
Caller: そこは分かりません。今は同僚づてに聞いているだけで、手足のしびれや力の入り方までは確認できていません。",False,False,True,0,0,0,is_behavior,is_numbness,Low,High,High
behavior_0_3119,"Dispatcher: さっきまで普通だったのに、急に我慢できないほど頭が痛くなった感じですか？
Caller: はい、会議中に急に頭を押さえて、耐えられないくらい痛いと言っていました。",False,False,True,0,0,0,is_behavior,is_sudden_severe,High,Low,High
behavior_0_3120,"Dispatcher: 片側の手足にしびれや動かしにくさはありますか？
Caller: あります。父が左腕に力が入らないと言って、コップを落としました。",False,False,True,0,0,0,is_behavior,is_numbness,High,High,High
behavior_1_3121,"Dispatcher: いつもと違う振る舞いはありますか？
Caller: はい、話しかけても返事がちぐはぐで、普段の受け答えと違います。",False,False,True,0,0,1,is_behavior,is_behavior,High,Low,Low
behavior_1_3122,"Dispatcher: 普段と違う振る舞いや様子はありますか？
Caller: はい、同僚なんですが、さっきから同じことを何度も聞き返していて、いつもの様子ではありません。",False,False,True,0,0,1,is_behavior,is_behavior,High,Low,High
behavior_1_3123,"Dispatcher: いつも通りに見えますか？
Caller: いいえ、母なんですが、落ち着かず部屋の中をうろうろしていて明らかに普段と違います。",False,False,True,0,0,1,is_behavior,is_behavior,Low,Low,High
behavior_1_3124,"Dispatcher: 受け答えは普段通りですか？
Caller: いいえ、質問しても会話がかみ合わず、呼びかけへの反応もいつもよりおかしいです。",False,False,True,0,0,1,is_behavior,is_behavior,Low,High,Low
behavior_1_3125,"Dispatcher: 何か変わった様子はありますか？
Caller: はい、普段よりぼんやりしていて、受け答えが変です。",False,False,True,0,0,1,is_behavior,is_behavior,Low,Low,Low
behavior_2_3126,"Dispatcher: いつも通りに見えますか？
Caller: はい、夫ですが受け答えはしっかりしていて、行動も普段と変わりません。",False,False,True,0,0,2,is_behavior,is_behavior,Low,High,High
behavior_2_3127,"Dispatcher: 何か変わった様子はありますか？
Caller: いいえ、受け答えも行動も普段通りです。",False,False,True,0,0,2,is_behavior,is_behavior,Low,High,Low
behavior_2_3128,"Dispatcher: いつも通りに見えますか？
Caller: はい、特に変わった振る舞いはありません。",False,False,True,0,0,2,is_behavior,is_behavior,Low,Low,Low
behavior_2_3129,"Dispatcher: 普段と違う振る舞いや様子はありますか？
Caller: いいえ、友人ですが会話も普通で、変な行動も見られません。",False,False,True,0,0,2,is_behavior,is_behavior,High,Low,High
behavior_2_3130,"Dispatcher: ぼんやりしているとか、返事がおかしい様子はありますか？
Caller: いいえ、姉は頭痛を訴えていますが、受け答えはいつも通りで様子も変わりません。",False,False,True,0,0,2,is_behavior,is_behavior,High,Low,High
behavior_3_3131,"Dispatcher: 何か変わったことはありますか？
Caller: 頭が痛いとは聞いていますが、今は別の部屋にいて普段と違う様子かは見えていません。",False,False,True,0,0,3,is_behavior,is_behavior,Low,Low,High
behavior_3_3132,"Dispatcher: 普段と違う振る舞いや様子はありますか？
Caller: まだ本人に会えておらず、いつもと違う行動があるかどうかは分かりません。",False,False,True,0,0,3,is_behavior,is_behavior,High,Low,High
behavior_3_3133,"Dispatcher: ぼんやりしている、返事がおかしいなど、普段と違う様子は見えますか？
Caller: 電話で頭痛を訴えられただけなので、受け答えや行動が変かどうかまでは確認できていません。",False,False,True,0,0,3,is_behavior,is_behavior,High,Low,High
behavior_3_3134,"Dispatcher: 普段と違う振る舞いや様子はありますか？
Caller: 今は本人のそばにいないので、いつもと違う振る舞いがあるかは確認できません。",False,False,True,0,0,3,is_behavior,is_behavior,High,High,Low
behavior_3_3135,"Dispatcher: いつも通りに見えますか？
Caller: そこはまだ分かりません。家族から頭痛とだけ連絡があって、様子までは見られていません。",False,False,True,0,0,3,is_behavior,is_behavior,Low,High,High
behavior_0_3136,"Dispatcher: 普通に手足を動かせていますか？
Caller: それが、今は電話だけで話していて、しびれや動かしにくさがあるかは確認できません。",False,False,True,0,0,0,is_behavior,is_numbness,Low,High,High
behavior_0_3137,"Dispatcher: 頭の痛みは、突然起こった激しい痛みですか？
Caller: いいえ、朝から少しずつ痛くなってきたようで、急に強く出た感じではないです。",False,False,True,0,0,0,is_behavior,is_sudden_severe,High,Low,High
behavior_0_3138,"Dispatcher: しびれや麻痺はありますか？
Caller: しびれや麻痺があるかは分かりません。",False,False,True,0,0,0,is_behavior,is_numbness,Low,Low,Low
behavior_0_3139,"Dispatcher: いつもの軽い頭痛ということでよいですか？
Caller: そこまでは分かりません。急に強くなったのか、痛みがどれほどかもまだ確認できていません。",False,False,True,0,0,0,is_behavior,is_sudden_severe,Low,Low,High
behavior_0_3140,"Dispatcher: 手足のしびれや麻痺はありますか？
Caller: はい、父は左手に力が入らず、左足もしびれると言っています。",False,False,True,0,0,0,is_behavior,is_numbness,High,High,High
behavior_1_3141,"Dispatcher: いつも通りに見えますか？
Caller: いいえ、弟なんですが、呼んでも見当違いの返事をしていて普段の様子ではありません。",False,False,True,0,0,1,is_behavior,is_behavior,Low,High,High
behavior_1_3142,"Dispatcher: 何か変わった様子はありますか？
Caller: はい、さっきから言っていることが少しおかしいです。",False,False,True,0,0,1,is_behavior,is_behavior,Low,Low,Low
behavior_1_3143,"Dispatcher: いつも通りに見えますか？
Caller: いいえ、同居の祖母ですが、急に服を何枚も重ね着し始めていて、行動が明らかに変です。",False,False,True,0,0,1,is_behavior,is_behavior,Low,High,High
behavior_1_3144,"Dispatcher: 普段と違う振る舞いや様子はありますか？
Caller: はい、妻ですが、簡単な質問にも答えがずれていて、さっきから財布を冷蔵庫に入れようとするなど行動もおかしいです。",False,False,True,0,0,1,is_behavior,is_behavior,High,High,High
behavior_1_3145,"Dispatcher: 受け答えが変だったり、いつもと違う行動はありますか？
Caller: はい、友人なんですが、自分のいる場所をうまく言えず、立ち上がってもふらふら歩き回っていて普段と全然違います。",False,False,True,0,0,1,is_behavior,is_behavior,High,High,High
behavior_2_3146,"Dispatcher: 普段と違う振る舞いや様子はありますか？
Caller: いいえ、父は頭痛はありますが、会話も普通で行動もいつもと変わりません。",False,False,True,0,0,2,is_behavior,is_behavior,High,Low,High
behavior_2_3147,"Dispatcher: いつも通りに見えますか？
Caller: はい、同僚ですが受け答えはしっかりしていますし、変な行動もありません。",False,False,True,0,0,2,is_behavior,is_behavior,Low,High,High
behavior_2_3148,"Dispatcher: 普段と違う振る舞いや様子はありますか？
Caller: いいえ、様子は普段通りです。",False,False,True,0,0,2,is_behavior,is_behavior,High,Low,Low
behavior_2_3149,"Dispatcher: 何か変わった様子はありますか？
Caller: いいえ、妹ですが、少しつらそうなだけで受け答えや行動はいつも通りです。",False,False,True,0,0,2,is_behavior,is_behavior,Low,Low,Low
behavior_2_3150,"Dispatcher: 普段と違う振る舞いや様子はありますか？
Caller: いいえ、母は頭痛を訴えていますが、受け答えははっきりしていて、行動も普段と変わりません。",False,False,True,0,0,2,is_behavior,is_behavior,High,High,Low
behavior_3_3151,"Dispatcher: 何か変わった様子はありますか？
Caller: 頭が痛いとは聞いていますが、普段と違う振る舞いがあるかは分かりません。",False,False,True,0,0,3,is_behavior,is_behavior,Low,Low,Low
behavior_3_3152,"Dispatcher: いつもと違う行動はありますか？
Caller: そこまでは確認できていません。",False,False,True,0,0,3,is_behavior,is_behavior,Low,Low,Low
behavior_3_3153,"Dispatcher: ぼんやりしている、返事がおかしいなど、普段と違う振る舞いはありますか？
Caller: 同僚から連絡を受けただけで本人を見ていないので、いつもと違う様子があるかは分かりません。",False,False,True,0,0,3,is_behavior,is_behavior,High,High,High
behavior_3_3154,"Dispatcher: いつもより様子がおかしい感じはありますか？
Caller: 今は別室にいて見えていないので、普段と違う振る舞いがあるか確認できません。",False,False,True,0,0,3,is_behavior,is_behavior,Low,High,Low
behavior_3_3155,"Dispatcher: 何か普段と違うことはありますか？
Caller: まだそこは分かりません。",False,False,True,0,0,3,is_behavior,is_behavior,Low,Low,Low
behavior_0_3156,"Dispatcher: 頭の痛みは、突然起こった激しい痛みですか？
Caller: はい、さっき急に今までで一番ひどい頭痛だと言い出しました。",False,False,True,0,0,0,is_behavior,is_sudden_severe,High,Low,Low
behavior_0_3157,"Dispatcher: 体のどこか動かしにくかったりしませんか？
Caller: はい、左腕がしびれて力が入りにくいと言っています。",False,False,True,0,0,0,is_behavior,is_numbness,Low,Low,Low
behavior_0_3158,"Dispatcher: 頭の痛みは、突然起こった激しい痛みですか？
Caller: 本人から頭が痛いとだけ連絡があって、急に始まったのか強いのかは分かりません。",False,False,True,0,0,0,is_behavior,is_sudden_severe,High,Low,Low
behavior_0_3159,"Dispatcher: 手足のしびれや麻痺はありますか？
Caller: 今は本人のそばにいないので、しびれや麻痺があるかは確認できません。",False,False,True,0,0,0,is_behavior,is_numbness,High,High,Low
behavior_0_3160,"Dispatcher: 片側の手足にしびれや動かしにくさはありますか？
Caller: はい、右足がしびれてうまく動かせないようです。",False,False,True,0,0,0,is_behavior,is_numbness,High,High,Low
behavior_1_3161,"Dispatcher: 何か様子がおかしいですか？
Caller: はい、夫が同じことを何度も聞き返してきて普段と違います。",False,False,True,0,0,1,is_behavior,is_behavior,Low,Low,High
behavior_1_3162,"Dispatcher: いつもと違う振る舞いはありますか？
Caller: はい、受け答えがちぐはぐで、普段の母とは明らかに違います。",False,False,True,0,0,1,is_behavior,is_behavior,Low,High,Low
behavior_1_3163,"Dispatcher: 何か変わった様子はありますか？
Caller: はい、友人が急に落ち着きなく部屋の中をうろうろしています。",False,False,True,0,0,1,is_behavior,is_behavior,Low,Low,High
behavior_1_3164,"Dispatcher: 普段と違う行動は見られますか？
Caller: はい、同僚が話しかけても反応が鈍くて、ぼんやりしています。",False,False,True,0,0,1,is_behavior,is_behavior,Low,Low,High
behavior_1_3165,"Dispatcher: 受け答えや行動で、いつもと違う様子はありますか？
Caller: はい、返事の内容がおかしくて普段どおりではありません。",False,False,True,0,0,1,is_behavior,is_behavior,High,Low,Low
behavior_2_3166,"Dispatcher: 何か様子がおかしいですか？
Caller: いいえ、受け答えは普通で、普段と変わった様子はありません。",False,False,True,0,0,2,is_behavior,is_behavior,Low,High,Low
behavior_2_3167,"Dispatcher: いつもと違う振る舞いや様子はありますか？
Caller: いいえ、会話も行動も普段どおりです。",False,False,True,0,0,2,is_behavior,is_behavior,High,High,Low
behavior_2_3168,"Dispatcher: ぼんやりしている、返事がおかしいなど、普段と違う様子はありますか？
Caller: いいえ、姉は頭痛は訴えていますが、受け答えもしっかりしていていつもどおりです。",False,False,True,0,0,2,is_behavior,is_behavior,High,High,High
behavior_2_3169,"Dispatcher: 何かいつもと違う振る舞いはありますか？
Caller: いいえ、特に変わった行動はなく普通に話せています。",False,False,True,0,0,2,is_behavior,is_behavior,High,High,Low
behavior_2_3170,"Dispatcher: 普段と違う行動や受け答えはありますか？
Caller: いいえ、その点はなく、様子は普段と変わりません。",False,False,True,0,0,2,is_behavior,is_behavior,High,High,Low
behavior_3_3171,"Dispatcher: 受け答えが変だったり、いつもと違う行動はありますか？
Caller: 娘からメッセージで頭痛だけ知らされていて、実際の様子は見ていないので分かりません。",False,False,True,0,0,3,is_behavior,is_behavior,High,Low,High
behavior_3_3172,"Dispatcher: 何か変わったことはありますか？
Caller: 今は電話で聞いただけなので、普段と違う振る舞いがあるかまでは確認できません。",False,False,True,0,0,3,is_behavior,is_behavior,Low,High,High
behavior_3_3173,"Dispatcher: いつもと違う感じはありますか？
Caller: 友人づてに聞いただけで、本人の様子はまだ見られていません。",False,False,True,0,0,3,is_behavior,is_behavior,Low,Low,High
behavior_3_3174,"Dispatcher: いつもと違う振る舞いはありますか？
Caller: 今は現場にいないので、その点は確認できません。",False,False,True,0,0,3,is_behavior,is_behavior,Low,High,Low
behavior_3_3175,"Dispatcher: 何か普段と違う行動をしていますか？
Caller: 弟から頭痛の連絡が来ただけで、行動の変化までは分かりません。",False,False,True,0,0,3,is_behavior,is_behavior,Low,High,High
behavior_0_3176,"Dispatcher: 頭の痛みは、突然起こった激しい痛みですか？
Caller: はい、さっきまで普通だったのに急に我慢できないほど痛いと言って倒れ込みました。",False,False,True,0,0,0,is_behavior,is_sudden_severe,High,High,Low
behavior_0_3177,"Dispatcher: 急に強い頭痛が出た感じですか？
Caller: 本人と離れていて、急にだったのか痛みがどれほど強いのかは確認できません。",False,False,True,0,0,0,is_behavior,is_sudden_severe,Low,High,Low
behavior_0_3178,"Dispatcher: しびれや麻痺はありますか？
Caller: いいえ、手足のしびれも動かしにくさもないと言っています。",False,False,True,0,0,0,is_behavior,is_numbness,Low,High,High
behavior_0_3179,"Dispatcher: 手足のしびれや麻痺はありますか？
Caller: 今は隣の部署にいて様子が見えないので、しびれがあるかは分かりません。",False,False,True,0,0,0,is_behavior,is_numbness,Low,High,Low
behavior_0_3180,"Dispatcher: 頭の痛みは、突然起こった激しい痛みですか？
Caller: はい、友人が急に頭を押さえて、耐えられないくらい痛いと言い始めました。",False,False,True,0,0,0,is_behavior,is_sudden_severe,High,Low,High
behavior_1_3181,"Dispatcher: ぼんやりしている、返事がおかしいなど、普段と違う様子はありますか？
Caller: はい、妻なんですが、呼びかけても返事がちぐはぐで、いつもみたいに会話がかみ合いません。",False,False,True,0,0,1,is_behavior,is_behavior,High,High,High
behavior_1_3182,"Dispatcher: いつも通りの受け答えはできていますか？
Caller: いいえ、同僚ですが、さっきから同じことを何度も聞き返していて明らかに普段と違います。",False,False,True,0,0,1,is_behavior,is_behavior,Low,High,High
behavior_1_3183,"Dispatcher: 普段と違う振る舞いや様子はありますか？
Caller: はい、父は受け答えが遅くて、さっきから落ち着きなく部屋をうろうろしています。",False,False,True,0,0,1,is_behavior,is_behavior,High,High,Low
behavior_1_3184,"Dispatcher: いつもみたいに普通に話せていますか？
Caller: いや、友人なんですが、話が飛び飛びで何を言いたいのか分からない感じです。",False,False,True,0,0,1,is_behavior,is_behavior,Low,High,High
behavior_1_3185,"Dispatcher: 受け答えはしっかりしていますか？
Caller: いいえ、弟ですが、急に黙り込んだり、こちらの質問と違う答えをしたりしています。",False,False,True,0,0,1,is_behavior,is_behavior,Low,High,High
behavior_2_3186,"Dispatcher: いつも通りの様子ですか？
Caller: はい、母ですが、受け答えも行動も普段と変わりありません。",False,False,True,0,0,2,is_behavior,is_behavior,Low,High,Low
behavior_2_3187,"Dispatcher: 普段どおりに話せていますか？
Caller: はい、夫は普通に会話できていて、様子もいつも通りです。",False,False,True,0,0,2,is_behavior,is_behavior,Low,High,Low
behavior_2_3188,"Dispatcher: 普段と違う振る舞いや様子はありますか？
Caller: いえ、娘ですが、特に変わった様子はなさそうです。",False,False,True,0,0,2,is_behavior,is_behavior,High,Low,Low
behavior_2_3189,"Dispatcher: ぼんやりしている、返事がおかしいなど、普段と違う様子は見えますか？
Caller: いいえ、同僚ですが、受け答えははっきりしていて普段と変わりません。",False,False,True,0,0,2,is_behavior,is_behavior,High,High,Low
behavior_2_3190,"Dispatcher: 何かいつもと違う振る舞いはありますか？
Caller: ありません。父は頭痛は訴えていますが、話し方も行動も普段どおりです。",False,False,True,0,0,2,is_behavior,is_behavior,High,High,Low
behavior_3_3191,"Dispatcher: 何か変わったことはありますか？
Caller: 頭が痛いと連絡があっただけで、普段と違う様子かどうかは分かりません。",False,False,True,0,0,3,is_behavior,is_behavior,Low,Low,Low
behavior_3_3192,"Dispatcher: 普段と違う振る舞いや様子はありますか？
Caller: 今まだ本人に会えていないので、そこまでは確認できていません。",False,False,True,0,0,3,is_behavior,is_behavior,High,Low,Low
behavior_3_3193,"Dispatcher: いつも通りに見えますか？
Caller: それがまだ分からなくて、頭痛のことしか聞けていません。",False,False,True,0,0,3,is_behavior,is_behavior,Low,Low,Low
behavior_3_3194,"Dispatcher: ぼんやりしている、返事がおかしいなど、普段と違う様子は見えますか？
Caller: 今は別の部屋にいて様子が見えないので、普段と違う振る舞いがあるかは確認できません。",False,False,True,0,0,3,is_behavior,is_behavior,High,High,Low
behavior_3_3195,"Dispatcher: 普段と違う振る舞いや様子はありますか？
Caller: 電話で頭痛を訴えられただけで、受け答えや行動がいつもと違うかまでは分かりません。",False,False,True,0,0,3,is_behavior,is_behavior,High,High,Low
behavior_0_3196,"Dispatcher: しびれや麻痺はありますか？
Caller: 友人から頭痛の連絡だけ来ていて、手足のしびれがあるかはまだ確認できていません。",False,False,True,0,0,0,is_behavior,is_numbness,Low,Low,High
behavior_0_3197,"Dispatcher: いつも通りに手足は動かせていますか？
Caller: いいえ、兄ですが、左腕に力が入らないと言っていて、足もしびれるようです。",False,False,True,0,0,0,is_behavior,is_numbness,Low,High,High
behavior_0_3198,"Dispatcher: 急に我慢できないほど強い頭の痛みが出た感じですか？
Caller: 同僚から頭痛とだけ連絡があって、急に始まったのか痛みが強いのかまでは分かりません。",False,False,True,0,0,0,is_behavior,is_sudden_severe,Low,Low,High
behavior_0_3199,"Dispatcher: 手足のしびれや麻痺はありますか？
Caller: 今は電話口で話しただけなので、しびれや動かしにくさがあるかは確認できません。",False,False,True,0,0,0,is_behavior,is_numbness,High,Low,High
behavior_0_3200,"Dispatcher: それは突然の激しい頭痛ですか？
Caller: いいえ、妻は朝から少しずつ痛くなってきたと言っていて、急に強く出た感じではありません。",False,False,True,0,0,0,is_behavior,is_sudden_severe,Low,Low,Low
behavior_1_3201,"Dispatcher: 普段と違う振る舞いや様子はありますか？
Caller: 息子なんですが、会話はできるものの、いつもより反応が鈍くて少し様子がおかしいです。",False,False,True,0,0,1,is_behavior,is_behavior,High,Low,High
behavior_1_3202,"Dispatcher: 普段と違う振る舞いや様子はありますか？
Caller: はい、母は何となく受け答えが変で、いつもの感じではありません。",False,False,True,0,0,1,is_behavior,is_behavior,High,Low,Low
behavior_1_3203,"Dispatcher: いつも通りに過ごせていますか？
Caller: いや、同居人ですが、落ち着きがなくて普段の様子とは違います。",False,False,True,0,0,1,is_behavior,is_behavior,Low,Low,High
behavior_1_3204,"Dispatcher: 普段と違う振る舞いや様子はありますか？
Caller: はい、夫は少し受け答えがおかしくて、普段とは違う感じです。",False,False,True,0,0,1,is_behavior,is_behavior,High,Low,Low
behavior_1_3205,"Dispatcher: ぼんやりしている、返事がおかしいなど、普段と違う様子はありますか？
Caller: 娘なんですが、こちらの声かけへの反応が鈍くて、いつもよりかなり変です。",False,False,True,0,0,1,is_behavior,is_behavior,High,Low,High
behavior_2_3206,"Dispatcher: 普段と違う振る舞いや様子はありますか？
Caller: いいえ、弟は頭痛はありますが、受け答えは普通でいつもと変わりません。",False,False,True,0,0,2,is_behavior,is_behavior,High,Low,Low
behavior_2_3207,"Dispatcher: いつも通りに話せていますか？
Caller: はい、祖母ですが、特に変わった行動はなく普通に話せています。",False,False,True,0,0,2,is_behavior,is_behavior,Low,Low,Low
behavior_2_3208,"Dispatcher: 普段と違う振る舞いや様子はありますか？
Caller: いえ、友人は普段どおりの感じで、特におかしな様子はありません。",False,False,True,0,0,2,is_behavior,is_behavior,High,Low,Low
behavior_2_3209,"Dispatcher: いつも通りの様子ですか？
Caller: はい、父ですが、特に変わった受け答えや行動はないです。",False,False,True,0,0,2,is_behavior,is_behavior,Low,Low,Low
behavior_2_3210,"Dispatcher: 受け答えが変だったり、いつもと違う行動はありますか？
Caller: いいえ、同僚ですが、会話も普通ですし、変わった様子は見られません。",False,False,True,0,0,2,is_behavior,is_behavior,Low,High,High
behavior_3_3211,"Dispatcher: いつもと違う振る舞いはありますか？
Caller: まだ直接見ていないので、普段と違う様子かどうかは分かりません。",False,False,True,0,0,3,is_behavior,is_behavior,High,Low,Low
behavior_3_3212,"Dispatcher: 受け答えや動きが普段どおりか分かりますか？
Caller: 職場から連絡を受けただけで、本人の様子まではまだ確認できていません。",False,False,True,0,0,3,is_behavior,is_behavior,Low,Low,High
behavior_3_3213,"Dispatcher: 普段と違う振る舞いや様子はありますか？
Caller: 今は電話で頭が痛いと聞いただけで、いつもと違う振る舞いがあるかまでは確認できません。",False,False,True,0,0,3,is_behavior,is_behavior,High,High,Low
behavior_3_3214,"Dispatcher: ぼんやりしている、返事がおかしいなど、普段と違う様子は見えますか？
Caller: 隣の部屋にいて姿が見えないので、普段と違う振る舞いがあるかは確認できません。",False,False,True,0,0,3,is_behavior,is_behavior,High,High,High
behavior_3_3215,"Dispatcher: 何か変わったことはありますか？
Caller: メッセージで頭痛を訴えてきただけなので、行動や受け答えがいつもと違うかは分かりません。",False,False,True,0,0,3,is_behavior,is_behavior,Low,High,High
behavior_0_3216,"Dispatcher: しびれや麻痺はありますか？
Caller: いいえ、手足は普通に動いていて、しびれもないです。",False,False,True,0,0,0,is_behavior,is_numbness,Low,High,Low
behavior_0_3217,"Dispatcher: 頭の痛みは、突然起こった激しい痛みですか？
Caller: はい、さっきまで普通に話していたのに、急に頭を押さえて耐えられないくらい痛いと言い出しました。",False,False,True,0,0,0,is_behavior,is_sudden_severe,High,Low,High
behavior_0_3218,"Dispatcher: 激しい痛みが突然起こりましたか？
Caller: はい、急にものすごい頭痛が来たと言っています。",False,False,True,0,0,0,is_behavior,is_sudden_severe,High,Low,Low
behavior_0_3219,"Dispatcher: 頭の痛みは、突然起こった激しい痛みですか？
Caller: 本人から頭が痛いとだけ連絡があって、急に始まったのかや痛みの強さまでは分かりません。",False,False,True,0,0,0,is_behavior,is_sudden_severe,High,High,Low
behavior_0_3220,"Dispatcher: 頭の痛みは、突然起こった激しい痛みですか？
Caller: いいえ、朝から少しずつ痛くなってきたようで、急に起きた激しい痛みではありません。",False,False,True,0,0,0,is_behavior,is_sudden_severe,High,High,Low
behavior_1_3221,"Dispatcher: 普段と違う振る舞いや様子はありますか？
Caller: はい、妻なんですが、質問しても話がかみ合わず、いつもの受け答えと明らかに違います。",False,False,True,0,0,1,is_behavior,is_behavior,High,Low,High
behavior_1_3222,"Dispatcher: いつもどおりの様子ですか？
Caller: いいえ、同僚なんですが、さっきから落ち着きなく同じことを何度も言っています。",False,False,True,0,0,1,is_behavior,is_behavior,Low,Low,High
behavior_1_3223,"Dispatcher: いつもと違う振る舞いはありますか？
Caller: はい、普段より受け答えがおかしいです。",False,False,True,0,0,1,is_behavior,is_behavior,Low,Low,Low
behavior_1_3224,"Dispatcher: 普段と違う振る舞いや様子はありますか？
Caller: はい、母ですが、呼びかけへの返事がちぐはぐで、いつものように会話できません。",False,False,True,0,0,1,is_behavior,is_behavior,High,High,Low
behavior_1_3225,"Dispatcher: 受け答えが変、落ち着きがないなど、いつもと違う感じはありますか？
Caller: はい、友人なんですが、急にうろうろし始めて話もまとまらず、明らかに普段と違います。",False,False,True,0,0,1,is_behavior,is_behavior,High,Low,High
behavior_2_3226,"Dispatcher: いつもどおりの様子ですか？
Caller: はい、頭痛はありますが、受け答えや行動は普段と変わりません。",False,False,True,0,0,2,is_behavior,is_behavior,Low,Low,Low
behavior_2_3227,"Dispatcher: 何か変わった様子はありますか？
Caller: いいえ、夫ですが会話も普通ですし、変な行動もありません。",False,False,True,0,0,2,is_behavior,is_behavior,Low,Low,High
behavior_2_3228,"Dispatcher: 普段どおりに見えますか？
Caller: はい、同僚の様子はいつもと同じで、頭痛を訴えている以外は特におかしくありません。",False,False,True,0,0,2,is_behavior,is_behavior,Low,Low,High
behavior_2_3229,"Dispatcher: ぼんやりしている、返事がおかしいなど、普段と違う様子はありますか？
Caller: いいえ、娘ですが受け答えはしっかりしていて、行動もいつもどおりです。",False,False,True,0,0,2,is_behavior,is_behavior,High,High,High
behavior_2_3230,"Dispatcher: いつもと違う振る舞いはありますか？
Caller: いいえ、特に変わった様子はありません。",False,False,True,0,0,2,is_behavior,is_behavior,Low,Low,Low
behavior_3_3231,"Dispatcher: 普段と違う振る舞いや様子はありますか？
Caller: 学校から連絡が来ただけで、いつもと違う行動があるかどうかまではまだ分かりません。",False,False,True,0,0,3,is_behavior,is_behavior,High,Low,High
behavior_3_3232,"Dispatcher: 普段と違う振る舞いや様子はありますか？
Caller: 今は本人と離れていて見えていないので、普段と違う振る舞いがあるかは確認できません。",False,False,True,0,0,3,is_behavior,is_behavior,High,High,Low
behavior_3_3233,"Dispatcher: ぼんやりしている、返事がおかしいなど、普段と違う様子は見えますか？
Caller: 頭痛で休んでいると寮の管理人から聞いただけで、受け答えや行動の様子までは確認できていません。",False,False,True,0,0,3,is_behavior,is_behavior,High,High,High
behavior_3_3234,"Dispatcher: いつもどおりに過ごせていますか？
Caller: そこはまだ分かりません。頭が痛いと連絡があっただけです。",False,False,True,0,0,3,is_behavior,is_behavior,Low,Low,High
behavior_3_3235,"Dispatcher: 何か変わったことはありますか？
Caller: 友人づてに頭痛と聞いただけで、普段と違う様子かどうかは確認できていません。",False,False,True,0,0,3,is_behavior,is_behavior,Low,Low,High
behavior_0_3236,"Dispatcher: しびれや麻痺はありますか？
Caller: いいえ、手足のしびれはなく、ちゃんと動かせています。",False,False,True,0,0,0,is_behavior,is_numbness,Low,High,Low
behavior_0_3237,"Dispatcher: しびれや麻痺はありますか？
Caller: はい、左腕がしびれていて、うまく力が入らないようです。",False,False,True,0,0,0,is_behavior,is_numbness,Low,High,Low
behavior_0_3238,"Dispatcher: 片側の手足にしびれや動かしにくさはありますか？
Caller: はい、弟なんですが、右足がしびれると言っていて、立つとふらついています。",False,False,True,0,0,0,is_behavior,is_numbness,High,Low,High
behavior_0_3239,"Dispatcher: いつもの頭痛という感じですか？
Caller: いいえ、父が急に今までで一番ひどい頭痛だと言って、その場でしゃがみ込みました。",False,False,True,0,0,0,is_behavior,is_sudden_severe,Low,High,Low
behavior_0_3240,"Dispatcher: しびれや麻痺はありますか？
Caller: はい、右手がしびれていて、コップを持ちにくそうです。",False,False,True,0,0,0,is_behavior,is_numbness,Low,High,Low
behavior_1_3241,"Dispatcher: 何か普段と違う様子はありますか？
Caller: はい、同僚なんですが、さっきから受け答えがいつもよりちぐはぐです。",False,False,True,0,0,1,is_behavior,is_behavior,Low,Low,Low
behavior_1_3242,"Dispatcher: 普段と違う振る舞いや様子はありますか？
Caller: はい、母なんですが、頭痛のあとから落ち着きがなくていつもの様子ではありません。",False,False,True,0,0,1,is_behavior,is_behavior,High,Low,Low
behavior_1_3243,"Dispatcher: 何か変わった様子はありますか？
Caller: はい、夫ですが、質問しても話がかみ合わず、同じことを何度も言っています。",False,False,True,0,0,1,is_behavior,is_behavior,Low,High,Low
behavior_1_3244,"Dispatcher: いつもと違う感じはありますか？
Caller: はい、友人なんですが、ぼんやりしていて普段より反応が鈍いです。",False,False,True,0,0,1,is_behavior,is_behavior,Low,Low,Low
behavior_1_3245,"Dispatcher: 何かおかしい様子はありますか？
Caller: はい、弟ですが、急に靴を履いたまま布団に入ろうとしていて、明らかに普段と違います。",False,False,True,0,0,1,is_behavior,is_behavior,Low,High,High
behavior_2_3246,"Dispatcher: いつもと違う様子はありますか？
Caller: いいえ、妻ですが、頭は痛がっていますが受け答えも行動も普段どおりです。",False,False,True,0,0,2,is_behavior,is_behavior,Low,Low,High
behavior_2_3247,"Dispatcher: 普段と違う振る舞いや様子はありますか？
Caller: いいえ、同僚ですが、会話は普通にできていますし、行動もいつもと変わりません。",False,False,True,0,0,2,is_behavior,is_behavior,High,High,Low
behavior_2_3248,"Dispatcher: 何か変わった様子はありますか？
Caller: いいえ、父ですが、返事もしっかりしていて、普段どおりに受け答えしています。",False,False,True,0,0,2,is_behavior,is_behavior,Low,High,Low
behavior_2_3249,"Dispatcher: 何かおかしい行動はありますか？
Caller: いいえ、友人ですが、頭痛はあるものの、様子や行動はいつもと同じです。",False,False,True,0,0,2,is_behavior,is_behavior,Low,High,Low
behavior_2_3250,"Dispatcher: いつもと違う感じはありますか？
Caller: いいえ、娘ですが、痛いとは言っていますが、受け答えも歩き方も普段どおりです。",False,False,True,0,0,2,is_behavior,is_behavior,Low,High,High
behavior_3_3251,"Dispatcher: 何か普段と違う様子はありますか？
Caller: それが、本人から頭痛とだけ連絡があって、様子まではまだ分かりません。",False,False,True,0,0,3,is_behavior,is_behavior,Low,Low,Low
behavior_3_3252,"Dispatcher: 普段と違う振る舞いや様子はありますか？
Caller: 今は本人のそばにいないので、いつもと違う様子かどうかは確認できません。",False,False,True,0,0,3,is_behavior,is_behavior,High,Low,Low
behavior_3_3253,"Dispatcher: 何か変わったことはありますか？
Caller: 頭が痛いと聞いただけで、受け答えや行動が普段と違うかまでは分かりません。",False,False,True,0,0,3,is_behavior,is_behavior,Low,Low,Low
behavior_3_3254,"Dispatcher: ぼんやりしている、返事がおかしいなど、普段と違う様子は見えますか？
Caller: 職場から電話を受けただけで、私はその場にいないので様子は確認できていません。",False,False,True,0,0,3,is_behavior,is_behavior,High,Low,High
behavior_3_3255,"Dispatcher: 何かおかしい様子はありますか？
Caller: まだ直接見ていないので、普段と違う振る舞いがあるかは分かりません。",False,False,True,0,0,3,is_behavior,is_behavior,Low,Low,Low
behavior_0_3256,"Dispatcher: 手足のしびれや麻痺はありますか？
Caller: 今は本人の近くにいないので、しびれや麻痺があるかは確認できません。",False,False,True,0,0,0,is_behavior,is_numbness,High,Low,Low
behavior_0_3257,"Dispatcher: 頭の痛みは、突然起こった激しい痛みですか？
Caller: 本人から頭痛とだけ連絡が来ていて、急に強くなったのかまでは確認できません。",False,False,True,0,0,0,is_behavior,is_sudden_severe,High,High,Low
behavior_0_3258,"Dispatcher: さっきまで普通だったのに、急に我慢できないほど頭が痛くなった感じですか？
Caller: ビデオ通話ではなくメッセージだけなので、始まり方や痛みの強さまでは分かりません。",False,False,True,0,0,0,is_behavior,is_sudden_severe,Low,High,High
behavior_0_3259,"Dispatcher: 片側の手足にしびれや動かしにくさはありますか？
Caller: いいえ、同僚の腕も足も普通に動いていて、しびれる感じもないと言っています。",False,False,True,0,0,0,is_behavior,is_numbness,High,High,High
behavior_0_3260,"Dispatcher: いつもの軽い頭痛ということでよいですか？
Caller: そこまでは分かりません。急に強くなったのか、いつもの頭痛なのか確認できていません。",False,False,True,0,0,0,is_behavior,is_sudden_severe,Low,Low,Low
behavior_1_3261,"Dispatcher: 何か変わった様子はありますか？
Caller: はい、祖父ですが、今朝から亡くなった人の名前を呼び続けていて、会話もかみ合いません。",False,False,True,0,0,1,is_behavior,is_behavior,Low,High,High
behavior_1_3262,"Dispatcher: いつもと違う感じはありますか？
Caller: はい、友達なんですが、急に怒りっぽくなって同じ場所を行ったり来たりしています。",False,False,True,0,0,1,is_behavior,is_behavior,Low,Low,High
behavior_1_3263,"Dispatcher: 普段と違う振る舞いや様子はありますか？
Caller: はい、兄ですが、簡単な質問にも答えがずれていて、水を飲もうとしてコップをうまく使えません。",False,False,True,0,0,1,is_behavior,is_behavior,High,High,Low
behavior_1_3264,"Dispatcher: ぼんやりしている、返事がおかしいなど、普段と違う様子はありますか？
Caller: はい、娘なんですが、呼びかけへの返事が遅くて、いつもよりかなりぼんやりしています。",False,False,True,0,0,1,is_behavior,is_behavior,High,Low,Low
behavior_1_3265,"Dispatcher: 何かおかしい行動はありますか？
Caller: はい、同居人ですが、冷蔵庫を開けたまま立ち尽くしていて、話しかけても要領を得ません。",False,False,True,0,0,1,is_behavior,is_behavior,Low,Low,High
behavior_2_3266,"Dispatcher: 普段と違う振る舞いや様子はありますか？
Caller: いいえ、母ですが、頭痛は訴えていますが、受け答えはしっかりしていて普段と変わりません。",False,False,True,0,0,2,is_behavior,is_behavior,High,Low,High
behavior_2_3267,"Dispatcher: 何か変わった様子はありますか？
Caller: いいえ、友人ですが、冗談にも普通に返せていますし、行動もいつもどおりです。",False,False,True,0,0,2,is_behavior,is_behavior,Low,High,High
behavior_2_3268,"Dispatcher: いつもと違う感じはありますか？
Caller: いいえ、弟は痛みで顔をしかめていますが、話し方や様子は普段のままです。",False,False,True,0,0,2,is_behavior,is_behavior,Low,Low,High
behavior_2_3269,"Dispatcher: 普段と違う振る舞いや様子はありますか？
Caller: いいえ、妻ですが、返事も普通ですし、特におかしな行動はありません。",False,False,True,0,0,2,is_behavior,is_behavior,High,Low,Low
behavior_2_3270,"Dispatcher: ぼんやりしている、返事がおかしいなど、普段と違う様子はありますか？
Caller: いいえ、父は頭痛を訴えていますが、受け答えははっきりしていていつもどおりです。",False,False,True,0,0,2,is_behavior,is_behavior,High,Low,Low
behavior_3_3271,"Dispatcher: 受け答えが変だったり、普段と違う様子はありますか？
Caller: 同僚から頭痛で休んでいると連絡を受けただけで、いつもと違う振る舞いがあるかまでは見ていません。",False,False,True,0,0,3,is_behavior,is_behavior,High,Low,High
behavior_3_3272,"Dispatcher: 何か変わったことはありますか？
Caller: 今は本人と離れていて、普段と違う振る舞いがあるかは確認できません。",False,False,True,0,0,3,is_behavior,is_behavior,Low,High,Low
behavior_3_3273,"Dispatcher: いつもと違う行動はありますか？
Caller: 電話で頭が痛いと聞いただけなので、普段と違う様子かどうかは分かりません。",False,False,True,0,0,3,is_behavior,is_behavior,Low,High,Low
behavior_3_3274,"Dispatcher: 普段と違う振る舞いや様子はありますか？
Caller: 別の家族から聞いただけで本人を見ていないので、いつもと違う振る舞いがあるかは確認できません。",False,False,True,0,0,3,is_behavior,is_behavior,High,High,Low
behavior_3_3275,"Dispatcher: ぼんやりしているなど、普段と違う様子はありますか？
Caller: そこまではまだ見られておらず、いつもと違う振る舞いがあるかは分かりません。",False,False,True,0,0,3,is_behavior,is_behavior,High,Low,Low
behavior_0_3276,"Dispatcher: いつもの頭痛ではなく、急に強く出た感じですか？
Caller: はい、さっき急に頭を押さえて、今までで一番痛いと言っていました。",False,False,True,0,0,0,is_behavior,is_sudden_severe,Low,Low,High
behavior_0_3277,"Dispatcher: 頭の痛みは、突然起こった激しい痛みですか？
Caller: 友人から頭痛がするとメッセージが来ただけで、急に始まったのか強いのかは確認できていません。",False,False,True,0,0,0,is_behavior,is_sudden_severe,High,Low,High
behavior_0_3278,"Dispatcher: 普通に手足は動いている感じですか？
Caller: しびれや麻痺があるかは分かりません。",False,False,True,0,0,0,is_behavior,is_numbness,Low,Low,Low
behavior_0_3279,"Dispatcher: 手足のしびれや動かしにくさはありますか？
Caller: いいえ、隣で見ていますが手足は普通に動いていて、しびれもないそうです。",False,False,True,0,0,0,is_behavior,is_numbness,Low,Low,High
behavior_0_3280,"Dispatcher: 急にひどい頭痛になった感じですか？
Caller: いいえ、朝から少しずつ痛くなってきたようです。",False,False,True,0,0,0,is_behavior,is_sudden_severe,Low,Low,Low
behavior_1_3281,"Dispatcher: 何か変わったことはありますか？
Caller: はい、夫が同じことを何度も聞き返してきて、受け答えが普段と違います。",False,False,True,0,0,1,is_behavior,is_behavior,Low,High,High
behavior_1_3282,"Dispatcher: いつもと違う行動はありますか？
Caller: はい、普段より明らかに様子がおかしいです。",False,False,True,0,0,1,is_behavior,is_behavior,Low,Low,Low
behavior_1_3283,"Dispatcher: 普段と違う振る舞いや様子はありますか？
Caller: はい、母が呼びかけても話がかみ合わず、落ち着きなく部屋をうろうろしています。",False,False,True,0,0,1,is_behavior,is_behavior,High,High,Low
behavior_1_3284,"Dispatcher: 受け答えが変だったり、いつもと違う感じはありますか？
Caller: はい、同僚が急に会話の内容を理解できなくなっていて、反応がおかしいです。",False,False,True,0,0,1,is_behavior,is_behavior,Low,High,High
behavior_1_3285,"Dispatcher: 何か変わったことはありますか？
Caller: はい、普段と違ってぼんやりしています。",False,False,True,0,0,1,is_behavior,is_behavior,Low,Low,Low
behavior_2_3286,"Dispatcher: いつもと違う行動はありますか？
Caller: いいえ、受け答えは普段どおりです。",False,False,True,0,0,2,is_behavior,is_behavior,Low,Low,Low
behavior_2_3287,"Dispatcher: 普段と違う振る舞いや様子はありますか？
Caller: いいえ、娘は頭痛を訴えていますが、会話も普通で行動もいつもと変わりません。",False,False,True,0,0,2,is_behavior,is_behavior,High,High,High
behavior_2_3288,"Dispatcher: 何か変わったことはありますか？
Caller: いいえ、特に普段と違う様子はありません。",False,False,True,0,0,2,is_behavior,is_behavior,Low,Low,Low
behavior_2_3289,"Dispatcher: ぼんやりしているなど、いつもと違う様子はありますか？
Caller: いいえ、頭は痛いようですが受け答えも行動も普段どおりです。",False,False,True,0,0,2,is_behavior,is_behavior,High,Low,Low
behavior_2_3290,"Dispatcher: 返事がおかしいとか、普段と違う行動はありますか？
Caller: いいえ、友人は痛がっていますが冗談も言えていて、いつもの様子と変わりません。",False,False,True,0,0,2,is_behavior,is_behavior,High,Low,High
behavior_3_3291,"Dispatcher: 何か変わったことはありますか？
Caller: 職場から連絡を受けただけで、普段と違う振る舞いがあるかは確認できません。",False,False,True,0,0,3,is_behavior,is_behavior,Low,High,High
behavior_3_3292,"Dispatcher: いつもと違う行動はありますか？
Caller: 今は本人が別室にいて見えていないので、普段と違う様子かどうかは分かりません。",False,False,True,0,0,3,is_behavior,is_behavior,Low,High,High
behavior_3_3293,"Dispatcher: 普段と違って、返事がおかしいとか落ち着かない様子はありますか？
Caller: メールで頭痛と来ただけなので、行動や受け答えがいつもと違うかまでは確認できていません。",False,False,True,0,0,3,is_behavior,is_behavior,High,Low,High
behavior_3_3294,"Dispatcher: 普段と違う振る舞いや様子はありますか？
Caller: 今日はまだ会っていないので、いつもと違う振る舞いがあるかは分かりません。",False,False,True,0,0,3,is_behavior,is_behavior,High,Low,Low
behavior_3_3295,"Dispatcher: 何か変わったことはありますか？
Caller: 本人からは頭が痛いとしか聞いておらず、普段と違う様子かどうかは確認できません。",False,False,True,0,0,3,is_behavior,is_behavior,Low,High,Low
behavior_0_3296,"Dispatcher: 急にひどい頭痛になった感じですか？
Caller: 頭が痛いとは聞いていますが、急に始まったのか強い痛みなのかは分かりません。",False,False,True,0,0,0,is_behavior,is_sudden_severe,Low,Low,Low
behavior_0_3297,"Dispatcher: 手足のしびれや麻痺はありますか？
Caller: いいえ、弟は両手両足とも普通に動かせています。",False,False,True,0,0,0,is_behavior,is_numbness,Low,Low,High
behavior_0_3298,"Dispatcher: 急にひどい頭痛になった感じですか？
Caller: はい、さっき突然うずくまって、耐えられないくらい痛いと言っています。",False,False,True,0,0,0,is_behavior,is_sudden_severe,Low,Low,Low
behavior_0_3299,"Dispatcher: 手足のしびれや動かしにくさはありますか？
Caller: いいえ、歩けていますし、しびれもないと言っています。",False,False,True,0,0,0,is_behavior,is_numbness,Low,Low,High
behavior_0_3300,"Dispatcher: 手足のしびれや麻痺はありますか？
Caller: いいえ、父の手足を確認しましたが、しびれも麻痺もありません。",False,False,True,0,0,0,is_behavior,is_numbness,High,High,Low
behavior_1_3301,"Dispatcher: 受け答えや様子、普段どおりですか？
Caller: いいえ、名前を呼んでも話がかみ合わず、急に立ち上がってうろうろしていていつもと違います。",False,False,True,0,0,1,is_behavior,is_behavior,Low,High,High
behavior_1_3302,"Dispatcher: ぼんやりしている、返事がおかしいなど、普段と違う振る舞いはありますか？
Caller: はい、同僚なんですが、簡単な質問にも見当違いの返事をしていて、いつもの受け答えではありません。",False,False,True,0,0,1,is_behavior,is_behavior,High,High,High
behavior_1_3303,"Dispatcher: 何か変わった様子はありますか？
Caller: はい、母はさっきから同じことを何度も聞いてきて、落ち着きもなく普段と明らかに違います。",False,False,True,0,0,1,is_behavior,is_behavior,Low,High,Low
behavior_1_3304,"Dispatcher: 普段と違う振る舞いや様子はありますか？
Caller: はい、夫がこちらの言うことを理解しにくい感じで、返事も遅く、いつもの様子ではありません。",False,False,True,0,0,1,is_behavior,is_behavior,High,High,Low
behavior_1_3305,"Dispatcher: 受け答えが変だったり、いつもと違う行動はありますか？
Caller: はい、さっきから妙にぼーっとしていて、呼んでも反応が鈍いです。",False,False,True,0,0,1,is_behavior,is_behavior,High,Low,High
behavior_2_3306,"Dispatcher: いつもと違う様子はありますか？
Caller: いいえ、頭痛は訴えていますが、会話も普通で行動も普段どおりです。",False,False,True,0,0,2,is_behavior,is_behavior,Low,High,High
behavior_2_3307,"Dispatcher: 何か変わった行動はしていますか？
Caller: いいえ、本人は痛がってはいますが、受け答えはしっかりしていて特におかしな様子はないです。",False,False,True,0,0,2,is_behavior,is_behavior,Low,Low,High
behavior_2_3308,"Dispatcher: 普段と違う振る舞いや受け答えはありますか？
Caller: いいえ、友人ですが、話し方も反応もいつもどおりに見えます。",False,False,True,0,0,2,is_behavior,is_behavior,High,Low,High
behavior_2_3309,"Dispatcher: 何か変わった様子はありますか？
Caller: いいえ、受け答えは普通で、普段と違う行動はありません。",False,False,True,0,0,2,is_behavior,is_behavior,Low,High,Low
behavior_2_3310,"Dispatcher: ぼんやりしている、返事がおかしいなど、いつもと違う様子はありますか？
Caller: いいえ、弟は頭が痛いとは言っていますが、会話は普通にできていて様子もいつもと変わりません。",False,False,True,0,0,2,is_behavior,is_behavior,High,High,High
behavior_3_3311,"Dispatcher: 何か変わった様子はありますか？
Caller: 頭が痛いと連絡があっただけで、普段と違う振る舞いがあるかまではまだ分かりません。",False,False,True,0,0,3,is_behavior,is_behavior,Low,Low,High
behavior_3_3312,"Dispatcher: いつもと違う行動や受け答えはありますか？
Caller: 今は別の部屋にいて本人の様子が見えないので、普段と違うかどうか確認できません。",False,False,True,0,0,3,is_behavior,is_behavior,Low,High,High
behavior_3_3313,"Dispatcher: 何か変わった様子はありますか？
Caller: 普段と違う振る舞いがあるかは分かりません。",False,False,True,0,0,3,is_behavior,is_behavior,Low,High,Low
behavior_3_3314,"Dispatcher: 普段と違う振る舞いや様子はありますか？
Caller: 今日はまだ直接会っていないので、いつもと違う様子かどうかは分かりません。",False,False,True,0,0,3,is_behavior,is_behavior,High,High,Low
behavior_3_3315,"Dispatcher: ぼんやりしている、返事がおかしいなど、普段と違う様子は見えますか？
Caller: 電話で頭痛を訴えられただけで、受け答えや行動がいつもと違うかまでは確認できていません。",False,False,True,0,0,3,is_behavior,is_behavior,High,High,High
behavior_0_3316,"Dispatcher: いつもの頭痛みたいな感じですか？
Caller: はい、朝から少しずつ痛くなったようで、急に激しく出たわけではないです。",False,False,True,0,0,0,is_behavior,is_sudden_severe,Low,Low,Low
behavior_0_3317,"Dispatcher: 手足のしびれや麻痺はありますか？
Caller: いいえ、父の手足は普通に動いていて、しびれもないと言っています。",False,False,True,0,0,0,is_behavior,is_numbness,Low,High,High
behavior_0_3318,"Dispatcher: 頭の痛みは、突然起こった激しい痛みですか？
Caller: いいえ、昼ごろからじわじわ痛くなってきたみたいで、急にひどくなった感じではないです。",False,False,True,0,0,0,is_behavior,is_sudden_severe,High,Low,Low
behavior_0_3319,"Dispatcher: いきなり強い頭痛が来た感じですか？
Caller: はい、さっき急に痛いとしゃがみ込んで、今までにないくらい強いと言っています。",False,False,True,0,0,0,is_behavior,is_sudden_severe,Low,Low,Low
behavior_0_3320,"Dispatcher: 頭の痛みは、急に出た強い痛みですか？
Caller: いいえ、同僚は会議中からずっと重い感じが続いていたと言っていて、突然の激痛ではなさそうです。",False,False,True,0,0,0,is_behavior,is_sudden_severe,High,Low,High
behavior_1_3321,"Dispatcher: 何か変わった様子はありますか？
Caller: はい、息子が急に話のつじつまが合わなくなって、落ち着きもなくなっています。",False,False,True,0,0,1,is_behavior,is_behavior,Low,Low,High
behavior_1_3322,"Dispatcher: 普段と違う振る舞いや受け答えはありますか？
Caller: はい、同居人なんですが、さっきから質問に対してずれた返事が多くて、いつもの感じではありません。",False,False,True,0,0,1,is_behavior,is_behavior,High,Low,High
behavior_1_3323,"Dispatcher: 何か変わった様子はありますか？
Caller: はい、返事がおかしくて、普段と違います。",False,False,True,0,0,1,is_behavior,is_behavior,Low,High,Low
behavior_1_3324,"Dispatcher: 普段と違う振る舞いや様子はありますか？
Caller: はい、妻がぼーっとしていて、こちらの声かけにも反応が鈍いです。",False,False,True,0,0,1,is_behavior,is_behavior,High,Low,Low
behavior_1_3325,"Dispatcher: 受け答えがおかしいなど、いつもと違う様子はありますか？
Caller: はい、父が同じ話を繰り返していて、普段よりかなり変です。",False,False,True,0,0,1,is_behavior,is_behavior,High,Low,Low
behavior_2_3326,"Dispatcher: 何か変わった様子はありますか？
Caller: いいえ、話し方も行動もいつもどおりです。",False,False,True,0,0,2,is_behavior,is_behavior,Low,Low,Low
behavior_2_3327,"Dispatcher: 何か変わった様子はありますか？
Caller: いいえ、特に普段と変わらないです。",False,False,True,0,0,2,is_behavior,is_behavior,Low,Low,Low
behavior_2_3328,"Dispatcher: 普段と違う振る舞いや受け答えはありますか？
Caller: いいえ、母は頭痛を訴えていますが、受け答えははっきりしていて、行動もいつもと同じです。",False,False,True,0,0,2,is_behavior,is_behavior,High,High,High
behavior_2_3329,"Dispatcher: 何か変わった様子はありますか？
Caller: いいえ、友人は痛がってはいますが、会話も普通で変わった行動はしていません。",False,False,True,0,0,2,is_behavior,is_behavior,Low,High,High
behavior_2_3330,"Dispatcher: 何か変わった様子はありますか？
Caller: いいえ、普段どおりです。",False,False,True,0,0,2,is_behavior,is_behavior,Low,Low,Low
behavior_3_3331,"Dispatcher: 何か変わった様子はありますか？
Caller: 今は電話で聞いただけで、普段と違う振る舞いがあるかは確認できません。",False,False,True,0,0,3,is_behavior,is_behavior,Low,High,Low
behavior_3_3332,"Dispatcher: いつもと違う感じはありますか？
Caller: 頭が痛いとは聞いていますが、それ以外の様子はまだ分かりません。",False,False,True,0,0,3,is_behavior,is_behavior,Low,Low,Low
behavior_3_3333,"Dispatcher: 受け答えが変だったり、普段と違う行動をしている様子はありますか？
Caller: 職場から連絡を受けただけで本人を見ていないので、いつもと違う振る舞いがあるかまでは分かりません。",False,False,True,0,0,3,is_behavior,is_behavior,High,High,High
behavior_3_3334,"Dispatcher: 何かおかしい様子はありますか？
Caller: そこはまだ確認できていなくて、普段どおりかどうか分かりません。",False,False,True,0,0,3,is_behavior,is_behavior,Low,Low,Low
behavior_3_3335,"Dispatcher: ぼんやりしている、話がかみ合わないなど、普段と違う様子は見られますか？
Caller: 友人から頭痛でつらいとメッセージが来ただけで、実際の受け答えや行動までは確認できていません。",False,False,True,0,0,3,is_behavior,is_behavior,High,High,High
behavior_0_3336,"Dispatcher: 体の片側がしびれたり、手足が動かしにくかったりはありますか？
Caller: 妻は手足は普通に動いていて、しびれもないと言っています。",False,False,True,0,0,0,is_behavior,is_numbness,Low,High,High
behavior_0_3337,"Dispatcher: しびれや動かしにくさはありますか？
Caller: 今は別の部屋にいて見えていないので、そのあたりは分かりません。",False,False,True,0,0,0,is_behavior,is_numbness,Low,Low,High
behavior_0_3338,"Dispatcher: 手足のしびれや麻痺はありますか？
Caller: いいえ、しびれも麻痺もなく普通に動かせています。",False,False,True,0,0,0,is_behavior,is_numbness,High,Low,Low
behavior_0_3339,"Dispatcher: 片側の手足にしびれや力の入りにくさはありますか？
Caller: 同僚は両手足とも普通に動いていて、しびれは訴えていません。",False,False,True,0,0,0,is_behavior,is_numbness,High,Low,High
behavior_0_3340,"Dispatcher: 頭の痛みは、突然起こった激しい痛みですか？
Caller: いいえ、朝から少しずつ痛くなってきたようで、急に強く出た感じではありません。",False,False,True,0,0,0,is_behavior,is_sudden_severe,High,High,Low
behavior_1_3341,"Dispatcher: ぼんやりしている、返事がおかしいなど、普段と違う振る舞いはありますか？
Caller: はい、夫が質問しても話がかみ合わず、いつもの受け答えじゃありません。",False,False,True,0,0,1,is_behavior,is_behavior,High,High,High
behavior_1_3342,"Dispatcher: 何か変わった様子はありますか？
Caller: はい、母が急に落ち着きなく部屋をうろうろしていて、普段と明らかに違います。",False,False,True,0,0,1,is_behavior,is_behavior,Low,High,High
behavior_1_3343,"Dispatcher: いつもと違う感じはありますか？
Caller: あります、受け答えが変です。",False,False,True,0,0,1,is_behavior,is_behavior,Low,Low,Low
behavior_1_3344,"Dispatcher: 受け答えが変だったり、普段しない行動をしていたりしますか？
Caller: はい、同僚が簡単な質問にも的外れな返事をしていて、普段の様子ではありません。",False,False,True,0,0,1,is_behavior,is_behavior,High,High,High
behavior_1_3345,"Dispatcher: 何かおかしい様子はありますか？
Caller: はい、父が急に同じことを何度も聞いてきて、いつもと違います。",False,False,True,0,0,1,is_behavior,is_behavior,Low,High,Low
behavior_2_3346,"Dispatcher: 普段と違う振る舞いや様子はありますか？
Caller: いいえ、会話も普通で行動もいつもどおりです。",False,False,True,0,0,2,is_behavior,is_behavior,High,Low,High
behavior_2_3347,"Dispatcher: 何か変わった様子はありますか？
Caller: いいえ、頭痛はありますが受け答えや様子は普段と変わりません。",False,False,True,0,0,2,is_behavior,is_behavior,Low,High,High
behavior_2_3348,"Dispatcher: いつもと違う感じはありますか？
Caller: いいえ、友人は普通に返事できていて変わった行動もありません。",False,False,True,0,0,2,is_behavior,is_behavior,Low,High,High
behavior_2_3349,"Dispatcher: 何かおかしい様子はありますか？
Caller: いいえ、母はしっかり会話できていますし、普段どおりです。",False,False,True,0,0,2,is_behavior,is_behavior,Low,High,High
behavior_2_3350,"Dispatcher: ぼんやりしている、返事がおかしいなど、普段と違う様子はありますか？
Caller: いいえ、弟は受け答えも行動もいつもと変わりません。",False,False,True,0,0,2,is_behavior,is_behavior,High,Low,High
behavior_3_3351,"Dispatcher: 普段と違う振る舞いはありますか？
Caller: 今日はまだ本人に会えていないので、その点は分かりません。",False,False,True,0,0,3,is_behavior,is_behavior,High,Low,Low
behavior_3_3352,"Dispatcher: 返事がおかしい、落ち着きがないなど、いつもと違う様子はありますか？
Caller: 娘から頭が痛いと連絡が来ただけで、今は離れた場所にいるので普段と違う振る舞いがあるか確認できません。",False,False,True,0,0,3,is_behavior,is_behavior,High,High,High
behavior_3_3353,"Dispatcher: 普段と違う様子はありますか？
Caller: 頭痛のことしか聞けておらず、行動や受け答えについてはまだ分かりません。",False,False,True,0,0,3,is_behavior,is_behavior,High,Low,High
behavior_3_3354,"Dispatcher: ぼんやりしている、話が通じにくいなど、いつもと違う振る舞いは見られますか？
Caller: 兄から短い電話があっただけで、今はそばにいないため普段と違う様子があるかまでは判断できません。",False,False,True,0,0,3,is_behavior,is_behavior,High,High,High
behavior_3_3355,"Dispatcher: 何か変わった様子はありますか？
Caller: 家族づてに頭痛と聞いただけなので、そこまでは確認できていません。",False,False,True,0,0,3,is_behavior,is_behavior,Low,Low,High
behavior_0_3356,"Dispatcher: 頭の痛みは、急に我慢できないほど強く出たものですか？
Caller: いいえ、夕方からだんだん痛くなってきたと言っていて、突然の激しい痛みではありません。",False,False,True,0,0,0,is_behavior,is_sudden_severe,High,Low,High
behavior_0_3357,"Dispatcher: 片側の手足にしびれや力の入りにくさはありますか？
Caller: はい、父が右手がしびれてうまく持てないと言っています。",False,False,True,0,0,0,is_behavior,is_numbness,High,Low,High
behavior_0_3358,"Dispatcher: 手足のしびれや麻痺はありますか？
Caller: 今は本人のそばにいないので、しびれや麻痺があるかは確認できません。",False,False,True,0,0,0,is_behavior,is_numbness,High,High,Low
behavior_0_3359,"Dispatcher: 片側の手足にしびれや動かしにくさはありますか？
Caller: メッセージで頭痛とだけ来ていて、手足の状態までは分かりません。",False,False,True,0,0,0,is_behavior,is_numbness,High,Low,High
behavior_0_3360,"Dispatcher: 手足のしびれや麻痺はありますか？
Caller: いいえ、しびれはなく、腕も足も普段どおり動いています。",False,False,True,0,0,0,is_behavior,is_numbness,High,Low,High
behavior_1_3361,"Dispatcher: いつもと比べて様子が変だとか、受け答えがおかしい感じはありますか？
Caller: はい、同じことを何度も聞き返してきて、普段みたいな会話になっていません。",False,False,True,0,0,1,is_behavior,is_behavior,Low,Low,High
behavior_1_3362,"Dispatcher: 何か普段と違う様子はありますか？
Caller: はい、返事がちぐはぐで落ち着きもなく、いつもの様子ではありません。",False,False,True,0,0,1,is_behavior,is_behavior,Low,Low,Low
behavior_1_3363,"Dispatcher: いつもどおりに過ごせている感じですか？
Caller: いいえ、急に部屋の中をうろうろし始めて、話しかけても反応が変です。",False,False,True,0,0,1,is_behavior,is_behavior,Low,Low,High
behavior_1_3364,"Dispatcher: 何か普段と違う様子はありますか？
Caller: はい、受け答えが変で、ぼんやりしていていつもと違います。",False,False,True,0,0,1,is_behavior,is_behavior,Low,Low,Low
behavior_1_3365,"Dispatcher: ぼんやりしているとか、返事がおかしいなど普段と違う様子はありますか？
Caller: はい、名前を呼んでも少し遅れて見当違いの返事をしていて、さっきから同じ動作を繰り返しています。",False,False,True,0,0,1,is_behavior,is_behavior,Low,High,High
behavior_2_3366,"Dispatcher: 何か普段と違う様子はありますか？
Caller: いいえ、受け答えはしっかりしていて行動も普段どおりです。",False,False,True,0,0,2,is_behavior,is_behavior,Low,High,Low
behavior_2_3367,"Dispatcher: いつもどおりの感じですか？
Caller: はい、頭痛はありますが、話し方も様子も特に変わりません。",False,False,True,0,0,2,is_behavior,is_behavior,Low,Low,High
behavior_2_3368,"Dispatcher: 普段と違う振る舞いや様子はありますか？
Caller: いいえ、受け答えは普通で、行動もいつもと変わりありません。",False,False,True,0,0,2,is_behavior,is_behavior,High,High,Low
behavior_2_3369,"Dispatcher: 何か普段と違う様子はありますか？
Caller: いいえ、会話も普通にできていますし、変わった行動もありません。",False,False,True,0,0,2,is_behavior,is_behavior,Low,High,Low
behavior_2_3370,"Dispatcher: 受け答えが変だったり、落ち着きがない感じはありますか？
Caller: いいえ、本人は痛がっていますが、話し方も動きもいつもどおりです。",False,False,True,0,0,2,is_behavior,is_behavior,Low,High,High
behavior_3_3371,"Dispatcher: 普段と違う振る舞いや様子はありますか？
Caller: すみません、本人から頭痛の連絡だけ来ていて、受け答えや様子までは確認できていません。",False,False,True,0,0,3,is_behavior,is_behavior,High,High,High
behavior_3_3372,"Dispatcher: 何か変わった様子はありますか？
Caller: そこはまだ分かりません。普段と違うかどうか確認できていません。",False,False,True,0,0,3,is_behavior,is_behavior,Low,Low,Low
behavior_3_3373,"Dispatcher: ぼんやりしているとか、返事がおかしい様子はありますか？
Caller: 今は別の部屋にいて見えていないので、普段と違う振る舞いがあるかは分かりません。",False,False,True,0,0,3,is_behavior,is_behavior,Low,High,Low
behavior_3_3374,"Dispatcher: 普段と違う振る舞いはありますか？
Caller: 今日は電話で頭痛と聞いただけで、いつもと違う様子かどうかまでは確認できません。",False,False,True,0,0,3,is_behavior,is_behavior,High,High,Low
behavior_3_3375,"Dispatcher: 受け答えが変、落ち着きがないなど、いつもと違う行動は見られますか？
Caller: まだ本人のところに着いていないので、普段と違う振る舞いがあるかは確認できません。",False,False,True,0,0,3,is_behavior,is_behavior,High,High,Low
behavior_0_3376,"Dispatcher: 手足のしびれや麻痺はありますか？
Caller: 今は電話で話しただけで姿が見えていないので、しびれや麻痺があるかは分かりません。",False,False,True,0,0,0,is_behavior,is_numbness,High,High,High
behavior_0_3377,"Dispatcher: 頭の痛みは、急に起こった激しい痛みですか？
Caller: いいえ、朝から少しずつ痛くなってきたようで、急にひどくなった感じではありません。",False,False,True,0,0,0,is_behavior,is_sudden_severe,Low,Low,Low
behavior_0_3378,"Dispatcher: 突然我慢できないほどの頭痛が出た感じですか？
Caller: いいえ、急にではなく、昼ごろからだんだん痛みが強くなったそうです。",False,False,True,0,0,0,is_behavior,is_sudden_severe,Low,Low,Low
behavior_0_3379,"Dispatcher: しびれや麻痺はありますか？
Caller: いいえ、手足は普通に動いていて、しびれもないと言っています。",False,False,True,0,0,0,is_behavior,is_numbness,Low,Low,Low
behavior_0_3380,"Dispatcher: 急に強い頭痛が始まったんですか？
Caller: いいえ、昨日から続いている頭痛で、突然始まったものではありません。",False,False,True,0,0,0,is_behavior,is_sudden_severe,Low,Low,Low
behavior_1_3381,"Dispatcher: 普段と違う振る舞いや様子はありますか？
Caller: はい、さっきから話がかみ合わず、いつもの受け答えではないです。",False,False,True,0,0,1,is_behavior,is_behavior,High,Low,Low
behavior_1_3382,"Dispatcher: ぼんやりしているとか、いつもと違う様子はありますか？
Caller: はい、呼びかけには応じますが、反応が鈍くて普段と違います。",False,False,True,0,0,1,is_behavior,is_behavior,High,Low,Low
behavior_1_3383,"Dispatcher: 受け答えが変だったり、いつもと違う行動はありますか？
Caller: はい、職場の同僚なんですが、簡単な質問にも答えがずれていて、自分の席が分からないように周りを見回しています。",False,False,True,0,0,1,is_behavior,is_behavior,High,High,High
behavior_1_3384,"Dispatcher: 何か普段と違う様子はありますか？
Caller: はい、落ち着きがなくて、返事の仕方もいつもと違います。",False,False,True,0,0,1,is_behavior,is_behavior,Low,Low,Low
behavior_1_3385,"Dispatcher: 普段と違う振る舞いはありますか？
Caller: はい、会話はできていますが、少し混乱している感じでいつもどおりではありません。",False,False,True,0,0,1,is_behavior,is_behavior,High,Low,Low
behavior_2_3386,"Dispatcher: いつもと比べて様子が変なところはありますか？
Caller: いいえ、受け答えは普通ですし、変わった行動も見ていません。",False,False,True,0,0,2,is_behavior,is_behavior,Low,Low,High
behavior_2_3387,"Dispatcher: 普段と違う振る舞いや様子はありますか？
Caller: いいえ、頭は痛いようですが、話し方も行動もいつもどおりです。",False,False,True,0,0,2,is_behavior,is_behavior,High,Low,Low
behavior_2_3388,"Dispatcher: ぼんやりしている、返事がおかしいなど、普段と違う様子はありますか？
Caller: いいえ、友人として見ていますが、受け答えははっきりしていて、歩き方や行動もいつもと変わりません。",False,False,True,0,0,2,is_behavior,is_behavior,High,High,High
behavior_2_3389,"Dispatcher: 普段と違う様子はありますか？
Caller: いいえ、今のところ変な受け答えもなく、普段どおりに話せています。",False,False,True,0,0,2,is_behavior,is_behavior,High,Low,Low
behavior_2_3390,"Dispatcher: 何か普段と違う振る舞いはありますか？
Caller: いいえ、痛みは訴えていますが、様子や行動はいつもと変わりません。",False,False,True,0,0,2,is_behavior,is_behavior,Low,High,Low
behavior_3_3391,"Dispatcher: 何か変わったことはありますか？
Caller: 今は電話で聞いただけで、普段と違う様子があるかは確認できません。",False,False,True,0,0,3,is_behavior,is_behavior,Low,High,Low
behavior_3_3392,"Dispatcher: いつもより様子がおかしい感じはありますか？
Caller: 同僚から頭痛の連絡を受けただけで、受け答えや行動が普段と違うかまでは見られていません。",False,False,True,0,0,3,is_behavior,is_behavior,Low,High,High
behavior_3_3393,"Dispatcher: 普段と違う振る舞いや様子はありますか？
Caller: 今日はまだ本人に会えていないので、そのあたりは分かりません。",False,False,True,0,0,3,is_behavior,is_behavior,High,Low,Low
behavior_3_3394,"Dispatcher: 何か変わったことはありますか？
Caller: 頭が痛いとしか聞いておらず、いつもと違う様子かどうかは分かりません。",False,False,True,0,0,3,is_behavior,is_behavior,Low,Low,Low
behavior_3_3395,"Dispatcher: 普段と違う振る舞いや様子はありますか？
Caller: 友人からメッセージが来ただけで、ぼんやりしているとか変な行動があるかまでは確認できていません。",False,False,True,0,0,3,is_behavior,is_behavior,High,Low,High
behavior_0_3396,"Dispatcher: 頭の痛みは、突然起こった激しい痛みですか？
Caller: はい、さっき急に我慢できないくらい強い頭痛が来たと家族が言っています。",False,False,True,0,0,0,is_behavior,is_sudden_severe,High,Low,Low
behavior_0_3397,"Dispatcher: 普通に動けている感じですか？
Caller: いいえ、同僚は右腕がしびれて力も入りにくいと言っています。",False,False,True,0,0,0,is_behavior,is_numbness,Low,High,High
behavior_0_3398,"Dispatcher: いつもの頭痛という感じですか？
Caller: いいえ、急にものすごく痛くなったと言っています。",False,False,True,0,0,0,is_behavior,is_sudden_severe,Low,Low,Low
behavior_0_3399,"Dispatcher: 手足のしびれや麻痺はありますか？
Caller: 本人が別の部屋にいて、しびれや麻痺があるかはまだ確認できていません。",False,False,True,0,0,0,is_behavior,is_numbness,High,Low,Low
behavior_0_3400,"Dispatcher: 片側の手足にしびれや動かしにくさはありますか？
Caller: はい、母は左手足がしびれてうまく動かせません。",False,False,True,0,0,0,is_behavior,is_numbness,High,High,Low
behavior_1_3401,"Dispatcher: 何か変わったことはありますか？
Caller: はい、返事がちぐはぐで普段の様子と違います。",False,False,True,0,0,1,is_behavior,is_behavior,Low,Low,Low
behavior_1_3402,"Dispatcher: 普段と違う振る舞いや様子はありますか？
Caller: はい、夫が質問にうまく答えられず、いつもより明らかにおかしいです。",False,False,True,0,0,1,is_behavior,is_behavior,High,Low,Low
behavior_1_3403,"Dispatcher: ぼんやりしている、返事がおかしいなど、普段と違う様子は見えますか？
Caller: はい、同僚が急に会話がかみ合わなくなって、机の前で同じ動きを繰り返しています。",False,False,True,0,0,1,is_behavior,is_behavior,High,High,High
behavior_1_3404,"Dispatcher: 何か変わったことはありますか？
Caller: はい、さっきから落ち着きがなくて普段と違います。",False,False,True,0,0,1,is_behavior,is_behavior,Low,Low,Low
behavior_1_3405,"Dispatcher: いつもと違う感じはありますか？
Caller: はい、父は受け答えが遅くて話の内容も変で、普段の父ではありません。",False,False,True,0,0,1,is_behavior,is_behavior,Low,High,High
behavior_2_3406,"Dispatcher: 何か変わったことはありますか？
Caller: いいえ、頭痛はありますが受け答えや様子はいつも通りです。",False,False,True,0,0,2,is_behavior,is_behavior,Low,High,Low
behavior_2_3407,"Dispatcher: 普段と違う振る舞いや様子はありますか？
Caller: いいえ、会話も普通で、特に変わった様子はありません。",False,False,True,0,0,2,is_behavior,is_behavior,High,Low,Low
behavior_2_3408,"Dispatcher: いつもより様子がおかしい感じはありますか？
Caller: いいえ、友人は痛がってはいますが、話し方も行動も普段と変わりません。",False,False,True,0,0,2,is_behavior,is_behavior,Low,Low,High
behavior_2_3409,"Dispatcher: ぼんやりしている、返事がおかしいなど、普段と違う様子はありますか？
Caller: いいえ、妻は受け答えもしっかりしていて、行動もいつも通りです。",False,False,True,0,0,2,is_behavior,is_behavior,High,High,High
behavior_2_3410,"Dispatcher: 普段と違う振る舞いや様子はありますか？
Caller: いいえ、頭痛以外は特に変わらず、普通に会話できています。",False,False,True,0,0,2,is_behavior,is_behavior,High,High,Low
behavior_3_3411,"Dispatcher: 普段と違う振る舞いや様子はありますか？
Caller: 今は本人のそばにいないので、いつもと違う様子があるかは確認できません。",False,False,True,0,0,3,is_behavior,is_behavior,High,High,Low
behavior_3_3412,"Dispatcher: 何か変わったことはありますか？
Caller: そこまではまだ分からず、普段と違う行動があるかは確認できていません。",False,False,True,0,0,3,is_behavior,is_behavior,Low,Low,Low
behavior_3_3413,"Dispatcher: 普段と違う振る舞いや様子はありますか？
Caller: 寮の部屋にいる弟から頭が痛いとだけ連絡が来ていて、受け答えや行動がいつもと違うかは見ていません。",False,False,True,0,0,3,is_behavior,is_behavior,High,Low,High
behavior_3_3414,"Dispatcher: 普段と違う振る舞いや様子はありますか？
Caller: 本人から頭痛の連絡だけで、普段との違いまでは確認できていません。",False,False,True,0,0,3,is_behavior,is_behavior,High,Low,Low
behavior_3_3415,"Dispatcher: いつもと違う振る舞いはありますか？
Caller: 別室にいて様子が見えないので、普段と違う振る舞いがあるかは分かりません。",False,False,True,0,0,3,is_behavior,is_behavior,Low,High,Low
behavior_0_3416,"Dispatcher: 急に強い頭痛が出た感じですか？
Caller: はい、兄が突然、耐えられないくらい痛いと言い出しました。",False,False,True,0,0,0,is_behavior,is_sudden_severe,Low,High,Low
behavior_0_3417,"Dispatcher: 頭の痛みは、突然起こった激しい痛みですか？
Caller: いいえ、朝から少しずつ痛くなってきたようで、急に激しく起きたものではありません。",False,False,True,0,0,0,is_behavior,is_sudden_severe,High,Low,Low
behavior_0_3418,"Dispatcher: 頭の痛みは、突然起こった激しい痛みですか？
Caller: 本人から頭痛とだけ連絡があって、急に始まったのか強いのかまでは分かりません。",False,False,True,0,0,0,is_behavior,is_sudden_severe,High,Low,Low
behavior_0_3419,"Dispatcher: いつもの頭痛という感じですか？
Caller: いいえ、友人は会議中にいきなり頭を押さえて、今までで一番ひどい痛みだと言っています。",False,False,True,0,0,0,is_behavior,is_sudden_severe,Low,High,High
behavior_0_3420,"Dispatcher: 急にひどい頭痛になった感じですか？
Caller: 妹から泣きながら電話が来ただけで、突然だったのか痛みの強さまではまだ確認できていません。",False,False,True,0,0,0,is_behavior,is_sudden_severe,Low,High,High
behavior_1_3421,"Dispatcher: いつもと違う振る舞いや様子はありますか？
Caller: はい、呼びかけても返事がちぐはぐで、普段の受け答えと明らかに違います。",False,False,True,0,0,1,is_behavior,is_behavior,High,High,Low
behavior_1_3422,"Dispatcher: いつもと違う振る舞いや様子はありますか？
Caller: はい、さっきから受け答えが変で、普段どおりではないです。",False,False,True,0,0,1,is_behavior,is_behavior,High,Low,Low
behavior_1_3423,"Dispatcher: ぼんやりしている、返事がおかしいなど、普段と違う様子は見えますか？
Caller: はい、同僚なんですが、簡単な質問にも的外れな返事をしていて、いつもの様子ではありません。",False,False,True,0,0,1,is_behavior,is_behavior,High,High,High
behavior_1_3424,"Dispatcher: 普通に会話できていますか？
Caller: いいえ、話しかけても何を言っているかまとまらず、普段の会話の仕方と違います。",False,False,True,0,0,1,is_behavior,is_behavior,Low,High,Low
behavior_1_3425,"Dispatcher: いつもどおり落ち着いていますか？
Caller: いいえ、母なんですが、急にうろうろして同じことを何度も言っていて明らかに普段と違います。",False,False,True,0,0,1,is_behavior,is_behavior,Low,High,High
behavior_2_3426,"Dispatcher: いつもどおりに受け答えできていますか？
Caller: はい、夫ですが会話も普通で、行動も特に変わったところはありません。",False,False,True,0,0,2,is_behavior,is_behavior,Low,High,High
behavior_2_3427,"Dispatcher: いつもどおりに受け答えできていますか？
Caller: はい、受け答えは普段どおりで、変わった様子はありません。",False,False,True,0,0,2,is_behavior,is_behavior,Low,High,Low
behavior_2_3428,"Dispatcher: 普段と違う振る舞いや様子はありますか？
Caller: いいえ、友人ですが頭痛を訴えているだけで、話し方も行動もいつもと同じです。",False,False,True,0,0,2,is_behavior,is_behavior,High,Low,High
behavior_2_3429,"Dispatcher: いつもどおりに受け答えできていますか？
Caller: はい、普通に話せていますし、普段と違う行動もありません。",False,False,True,0,0,2,is_behavior,is_behavior,Low,High,Low
behavior_2_3430,"Dispatcher: 何か変わった様子はありますか？
Caller: いえ、娘ですが頭が痛い以外はいつもどおりで、特におかしな様子はないです。",False,False,True,0,0,2,is_behavior,is_behavior,Low,Low,High
behavior_3_3431,"Dispatcher: 普段と違う振る舞いや様子はありますか？
Caller: 弟から頭が痛いと連絡が来ただけで、実際の様子はまだ見ていないので分かりません。",False,False,True,0,0,3,is_behavior,is_behavior,High,Low,High
behavior_3_3432,"Dispatcher: ぼんやりしている、返事がおかしいなど、普段と違う様子は見えますか？
Caller: 今は別の部屋にいて本人の受け答えを確認できないので、普段と違う振る舞いがあるかは分かりません。",False,False,True,0,0,3,is_behavior,is_behavior,High,High,High
behavior_3_3433,"Dispatcher: 受け答えが変、落ち着きがない、いつもと違う行動をしている感じはありますか？
Caller: 職場から連絡を受けただけでその場にいないので、行動や受け答えの様子までは確認できていません。",False,False,True,0,0,3,is_behavior,is_behavior,High,High,High
behavior_3_3434,"Dispatcher: 何か変わったことはありますか？
Caller: 頭が痛いとは聞いていますが、普段と違う様子かどうかまでは分かりません。",False,False,True,0,0,3,is_behavior,is_behavior,Low,Low,Low
behavior_3_3435,"Dispatcher: いつもより普通に過ごせていますか？
Caller: 今は電話越しで、父の行動までは見えていないので、普段どおりかは判断できません。",False,False,True,0,0,3,is_behavior,is_behavior,Low,High,High
behavior_0_3436,"Dispatcher: 手足のしびれや麻痺はありますか？
Caller: まだ本人のそばに行けていないので、しびれや麻痺があるかは分かりません。",False,False,True,0,0,0,is_behavior,is_numbness,High,Low,Low
behavior_0_3437,"Dispatcher: 頭の痛みは、突然起こった激しい痛みですか？
Caller: いいえ、同僚は朝から少しずつ痛くなってきたと言っていて、急に始まった激しい痛みではないです。",False,False,True,0,0,0,is_behavior,is_sudden_severe,High,Low,High
behavior_0_3438,"Dispatcher: 歩き方や手の動きにおかしさはありますか？
Caller: いえ、友人は手足を普通に動かせていて、しびれもないと言っています。",False,False,True,0,0,0,is_behavior,is_numbness,Low,Low,High
behavior_0_3439,"Dispatcher: 手足のしびれや動かしにくさはありますか？
Caller: はい、父が右腕がしびれて力が入りにくいと言っています。",False,False,True,0,0,0,is_behavior,is_numbness,Low,High,Low
behavior_0_3440,"Dispatcher: 頭の痛みは、突然起こった激しい痛みですか？
Caller: いいえ、妻は昨日から重い感じが続いているだけで、急に激しく痛くなったわけではありません。",False,False,True,0,0,0,is_behavior,is_sudden_severe,High,Low,Low
behavior_1_3441,"Dispatcher: いつもどおりの様子ですか？
Caller: いいえ、息子なんですが、呼んでも反応が鈍くてぼんやりしており、普段とは明らかに違います。",False,False,True,0,0,1,is_behavior,is_behavior,Low,High,High
behavior_1_3442,"Dispatcher: 普段と違う振る舞いや様子はありますか？
Caller: はい、同居している祖母ですが、さっきから私の名前も言い間違えていて、受け答えがいつもと違います。",False,False,True,0,0,1,is_behavior,is_behavior,High,High,High
behavior_1_3443,"Dispatcher: ぼんやりしている、返事がおかしいなど、普段と違う様子は見えますか？
Caller: はい、友人が急に話のつじつまが合わなくなって、聞いたことに対して別の答えを返しています。",False,False,True,0,0,1,is_behavior,is_behavior,High,High,High
behavior_1_3444,"Dispatcher: いつもみたいに普通に過ごせていますか？
Caller: いいえ、夫が落ち着かず部屋の中を行ったり来たりしていて、普段の様子ではありません。",False,False,True,0,0,1,is_behavior,is_behavior,Low,High,High
behavior_1_3445,"Dispatcher: 普段と違う振る舞いや様子はありますか？
Caller: はい、姉ですが返事が遅くて少しおかしく、いつもと違う感じです。",False,False,True,0,0,1,is_behavior,is_behavior,High,Low,Low
behavior_2_3446,"Dispatcher: いつもどおりに受け答えできていますか？
Caller: はい、母は頭痛はありますが、会話も行動も普段どおりです。",False,False,True,0,0,2,is_behavior,is_behavior,Low,High,Low
behavior_2_3447,"Dispatcher: 普段と違う振る舞いや様子はありますか？
Caller: いいえ、同僚ですが受け答えははっきりしていて、変な行動もなくいつもどおりです。",False,False,True,0,0,2,is_behavior,is_behavior,High,High,High
behavior_2_3448,"Dispatcher: 普段と違う振る舞いや様子はありますか？
Caller: いいえ、妹は頭痛でつらそうではありますが、話し方も反応もいつもと変わりません。",False,False,True,0,0,2,is_behavior,is_behavior,High,Low,High
behavior_2_3449,"Dispatcher: 普段と違う振る舞いや様子はありますか？
Caller: いいえ、父は普通に受け答えできていますし、いつもと違う行動はありません。",False,False,True,0,0,2,is_behavior,is_behavior,High,High,Low
behavior_2_3450,"Dispatcher: 普段と違う振る舞いや様子はありますか？
Caller: いいえ、妻は頭が痛いと言っていますが、受け答えはしっかりしていて普段どおりです。",False,False,True,0,0,2,is_behavior,is_behavior,High,Low,Low
behavior_3_3451,"Dispatcher: いつもと違う振る舞いはありますか？
Caller: そこはまだ分からず、普段と違う様子があるか確認できていません。",False,False,True,0,0,3,is_behavior,is_behavior,Low,Low,Low
behavior_3_3452,"Dispatcher: 普段と違う振る舞いや様子はありますか？
Caller: 今は本人のそばにいないので、いつもと違う様子があるかは確認できません。",False,False,True,0,0,3,is_behavior,is_behavior,High,High,Low
behavior_3_3453,"Dispatcher: 受け答えが変だったり、いつもと違う行動をしていますか？
Caller: 職場から連絡を受けただけで、話し方や行動までは見られていません。",False,False,True,0,0,3,is_behavior,is_behavior,High,Low,High
behavior_3_3454,"Dispatcher: ぼんやりしているとか、普段と違う様子はありますか？
Caller: 友人経由で頭痛と聞いただけなので、普段との違いまでは分かりません。",False,False,True,0,0,3,is_behavior,is_behavior,High,Low,High
behavior_3_3455,"Dispatcher: いつも通りに受け答えできていますか？
Caller: 別室にいて様子が見えないので、受け答えが普段通りかは確認できません。",False,False,True,0,0,3,is_behavior,is_behavior,Low,High,High
behavior_0_3456,"Dispatcher: 頭の痛みは、突然起こった激しい痛みですか？
Caller: はい、さっき急に我慢できないほど頭が痛いと言い出しました。",False,False,True,0,0,0,is_behavior,is_sudden_severe,High,High,Low
behavior_0_3457,"Dispatcher: ふらついたり片手が動かしにくい感じはありますか？
Caller: いいえ、手足は普通に動いていて、しびれもないです。",False,False,True,0,0,0,is_behavior,is_numbness,Low,High,High
behavior_0_3458,"Dispatcher: いつもの軽い頭痛ということでよいですか？
Caller: はい、朝からじわじわ痛んでいる感じで、急にひどくなったわけではありません。",False,False,True,0,0,0,is_behavior,is_sudden_severe,Low,Low,High
behavior_0_3459,"Dispatcher: 激しい痛みが突然起こりましたか？
Caller: いいえ、急にではなく少しずつ痛くなってきたようです。",False,False,True,0,0,0,is_behavior,is_sudden_severe,Low,Low,Low
behavior_0_3460,"Dispatcher: しびれや麻痺はありますか？
Caller: しびれや麻痺があるかは分かりません。",False,False,True,0,0,0,is_behavior,is_numbness,Low,High,Low
behavior_1_3461,"Dispatcher: 普段と違う振る舞いや様子はありますか？
Caller: はい、質問しても返事がちぐはぐで、いつもの受け答えと明らかに違います。",False,False,True,0,0,1,is_behavior,is_behavior,High,High,High
behavior_1_3462,"Dispatcher: ぼんやりしている、返事がおかしいなど、普段と違う様子は見えますか？
Caller: はい、同じことを何度も聞き返してきて、会話がかみ合いません。",False,False,True,0,0,1,is_behavior,is_behavior,High,High,High
behavior_1_3463,"Dispatcher: 普段と違う振る舞いや様子はありますか？
Caller: はい、受け答えが遅くてぼんやりしており、いつもの様子ではありません。",False,False,True,0,0,1,is_behavior,is_behavior,High,High,Low
behavior_1_3464,"Dispatcher: 何か変わったことはありますか？
Caller: はい、さっきから落ち着きなく歩き回っていて、普段の本人と違います。",False,False,True,0,0,1,is_behavior,is_behavior,Low,High,High
behavior_1_3465,"Dispatcher: 受け答えが変だったり、いつもと違う行動をしていますか？
Caller: なんだか様子がおかしくて、話が飛び飛びになっています。",False,False,True,0,0,1,is_behavior,is_behavior,High,Low,High
behavior_2_3466,"Dispatcher: いつもと違う振る舞いはありますか？
Caller: いいえ、様子は普段と変わりません。",False,False,True,0,0,2,is_behavior,is_behavior,Low,Low,Low
behavior_2_3467,"Dispatcher: いつも通りに受け答えできていますか？
Caller: はい、受け答えは普通で、行動も特に変わったところはありません。",False,False,True,0,0,2,is_behavior,is_behavior,Low,High,Low
behavior_2_3468,"Dispatcher: 何か変わったことはありますか？
Caller: いいえ、頭痛はありますが、普段どおりに話せています。",False,False,True,0,0,2,is_behavior,is_behavior,Low,Low,High
behavior_2_3469,"Dispatcher: 普段と違う振る舞いや様子はありますか？
Caller: 今のところ、受け答えも行動もいつもと同じです。",False,False,True,0,0,2,is_behavior,is_behavior,High,Low,High
behavior_2_3470,"Dispatcher: ぼんやりしている、返事がおかしいなど、普段と違う様子は見えますか？
Caller: いいえ、会話ははっきりしていますし、行動も普段通りです。",False,False,True,0,0,2,is_behavior,is_behavior,High,High,High
behavior_3_3471,"Dispatcher: 受け答えが変、落ち着きがない、いつもと違う行動をしている感じはありますか？
Caller: 今は別の同僚が付き添っていて私は見ていないので、普段と違う振る舞いがあるかは確認できません。",False,False,True,0,0,3,is_behavior,is_behavior,High,High,High
behavior_3_3472,"Dispatcher: 普段と違う振る舞いや様子はありますか？
Caller: 頭が痛いと連絡があっただけで、様子の変化までは分かりません。",False,False,True,0,0,3,is_behavior,is_behavior,High,Low,Low
behavior_3_3473,"Dispatcher: 普段と違う振る舞いや様子はありますか？
Caller: まだ直接会っていないので、いつもと違う行動があるかは確認できていません。",False,False,True,0,0,3,is_behavior,is_behavior,High,Low,Low
behavior_3_3474,"Dispatcher: いつもと違う振る舞いはありますか？
Caller: 今は電話越しで、普段と違う様子かどうかは確認できません。",False,False,True,0,0,3,is_behavior,is_behavior,Low,High,Low
behavior_3_3475,"Dispatcher: いつも通りに受け答えできていますか？
Caller: そこはまだ見ておらず、普段通りかどうか分かりません。",False,False,True,0,0,3,is_behavior,is_behavior,Low,High,Low
behavior_0_3476,"Dispatcher: 普通に歩けているということでよいですか？
Caller: その場にいないので、手足のしびれや動かしにくさは分かりません。",False,False,True,0,0,0,is_behavior,is_numbness,Low,Low,High
behavior_0_3477,"Dispatcher: 片側の手足が動かしにくい感じはありますか？
Caller: いいえ、両手足とも問題なく動いていて、しびれも訴えていません。",False,False,True,0,0,0,is_behavior,is_numbness,Low,Low,High
behavior_0_3478,"Dispatcher: ふらつきや手足の違和感はありますか？
Caller: 電話で聞いただけなので、しびれがあるかどうかまでは確認できていません。",False,False,True,0,0,0,is_behavior,is_numbness,Low,Low,High
behavior_0_3479,"Dispatcher: しびれや麻痺はありますか？
Caller: しびれや麻痺があるかは分かりません。",False,False,True,0,0,0,is_behavior,is_numbness,Low,High,Low
behavior_0_3480,"Dispatcher: 頭の痛みは、突然起こった激しい痛みですか？
Caller: いいえ、昨日から少しずつ痛くなっていて、急に強く出た痛みではありません。",False,False,True,0,0,0,is_behavior,is_sudden_severe,High,High,High
behavior_1_3481,"Dispatcher: 普段と違う振る舞いや様子はありますか？
Caller: はい、話しかけても返事がちぐはぐで、いつもの受け答えと明らかに違います。",False,False,True,0,0,1,is_behavior,is_behavior,High,High,Low
behavior_1_3482,"Dispatcher: 普段と違う振る舞いや様子はありますか？
Caller: はい、さっきから落ち着きがなくて、いつもと違う感じです。",False,False,True,0,0,1,is_behavior,is_behavior,High,Low,Low
behavior_1_3483,"Dispatcher: いつも通りに見えますか？
Caller: いいえ、同僚なんですが、受け答えが変で普段の様子ではありません。",False,False,True,0,0,1,is_behavior,is_behavior,Low,Low,High
behavior_1_3484,"Dispatcher: 普段と違う振る舞いや様子はありますか？
Caller: 妻ですが、急に同じことを何度も言っていて、いつもの様子ではないです。",False,False,True,0,0,1,is_behavior,is_behavior,High,Low,High
behavior_1_3485,"Dispatcher: ぼんやりしている、返事がおかしいなど、普段と違う様子は見えますか？
Caller: はい、父は質問しても的外れな返事をしていて、立ち上がっては座るを繰り返し、明らかにいつもと違います。",False,False,True,0,0,1,is_behavior,is_behavior,High,High,High
behavior_2_3486,"Dispatcher: 普段と違う振る舞いや様子はありますか？
Caller: いいえ、頭痛は訴えていますが、受け答えも行動もいつも通りです。",False,False,True,0,0,2,is_behavior,is_behavior,High,Low,High
behavior_2_3487,"Dispatcher: 普段と違う振る舞いや様子はありますか？
Caller: いいえ、友人ですが、会話は普通にできていて変わった様子はありません。",False,False,True,0,0,2,is_behavior,is_behavior,High,Low,High
behavior_2_3488,"Dispatcher: 普段と違う振る舞いや様子はありますか？
Caller: いいえ、母は痛がっていますが、話し方や様子は普段と同じです。",False,False,True,0,0,2,is_behavior,is_behavior,High,Low,High
behavior_2_3489,"Dispatcher: ぼんやりしている、返事がおかしいなど、普段と違う様子は見えますか？
Caller: いいえ、夫は頭を押さえていますが、質問には普通に答えられていて行動もいつも通りです。",False,False,True,0,0,2,is_behavior,is_behavior,High,High,High
behavior_2_3490,"Dispatcher: 普段と違う振る舞いや様子はありますか？
Caller: いいえ、同僚は頭痛はあるようですが、受け答えはしっかりしていて変な行動もありません。",False,False,True,0,0,2,is_behavior,is_behavior,High,Low,High
behavior_3_3491,"Dispatcher: 何か変わったことはありますか？
Caller: 今は本人のそばにいないので、普段と違う様子があるかは確認できません。",False,False,True,0,0,3,is_behavior,is_behavior,Low,High,Low
behavior_3_3492,"Dispatcher: 何か変わったことはありますか？
Caller: 頭が痛いと連絡があっただけで、普段と違う振る舞いかどうかは分かりません。",False,False,True,0,0,3,is_behavior,is_behavior,Low,Low,Low
behavior_3_3493,"Dispatcher: 何か変わったことはありますか？
Caller: そこまではまだ見ていなくて、いつもと違う様子かは分かりません。",False,False,True,0,0,3,is_behavior,is_behavior,Low,Low,Low
behavior_3_3494,"Dispatcher: 普段と違う振る舞いや様子はありますか？
Caller: 学校から連絡を受けただけで、本人を見ていないので、いつもと違う行動があるかまでは確認できていません。",False,False,True,0,0,3,is_behavior,is_behavior,High,Low,High
behavior_3_3495,"Dispatcher: 普段と違う振る舞いや様子はありますか？
Caller: 兄から頭痛とだけメッセージが来ていて、普段と違う様子かどうかはまだ分かりません。",False,False,True,0,0,3,is_behavior,is_behavior,High,Low,Low
behavior_0_3496,"Dispatcher: 片側の手足にしびれや動かしにくさはありますか？
Caller: はい、妻が右腕がしびれてうまく持ち上がらないと言っています。",False,False,True,0,0,0,is_behavior,is_numbness,High,High,High
behavior_0_3497,"Dispatcher: 頭の痛みは、突然起こった激しい痛みですか？
Caller: いいえ、弟は朝から少しずつ痛くなってきたと言っていて、急に激しく始まったわけではありません。",False,False,True,0,0,0,is_behavior,is_sudden_severe,High,Low,High
behavior_0_3498,"Dispatcher: 頭の痛みは、突然起こった激しい痛みですか？
Caller: はい、夫が急に今までにないくらいひどい頭痛だと言い出しました。",False,False,True,0,0,0,is_behavior,is_sudden_severe,High,Low,Low
behavior_0_3499,"Dispatcher: 普通に歩けていますか？
Caller: いいえ、父は左足がしびれて力が入りにくく、ふらついています。",False,False,True,0,0,0,is_behavior,is_numbness,Low,High,High
behavior_0_3500,"Dispatcher: いつもの軽い頭痛ということでよいですか？
Caller: はい、急にガツンと来た感じではなく、母はじわじわ痛くなったと言っています。",False,False,True,0,0,0,is_behavior,is_sudden_severe,Low,High,High
behavior_1_3501,"Dispatcher: 普段と違う振る舞いや様子はありますか？
Caller: はい、受け答えが少しおかしくて、いつもよりぼんやりしています。",False,False,True,0,0,1,is_behavior,is_behavior,High,Low,Low
behavior_1_3502,"Dispatcher: 普段と違う振る舞いや様子はありますか？
Caller: はい、息子は呼びかけには反応しますが、質問に対する返事がかみ合わず、普段ならしない場所で座り込んでいます。",False,False,True,0,0,1,is_behavior,is_behavior,High,High,Low
behavior_1_3503,"Dispatcher: 普段と違う振る舞いや様子はありますか？
Caller: 同僚ですが、急に無言になったり見当違いのことを言ったりして、明らかにいつもと違います。",False,False,True,0,0,1,is_behavior,is_behavior,High,Low,High
behavior_1_3504,"Dispatcher: いつも通りに見えますか？
Caller: いいえ、娘なんですが、なんとなく様子が変で普段の感じではありません。",False,False,True,0,0,1,is_behavior,is_behavior,Low,Low,High
behavior_1_3505,"Dispatcher: 受け答えが変だったり、いつもと違う行動はありますか？
Caller: はい、祖母は名前を呼んでも反応が鈍く、さっきから同じ引き出しを何度も開け閉めしています。",False,False,True,0,0,1,is_behavior,is_behavior,Low,High,High
behavior_2_3506,"Dispatcher: いつも通りに見えますか？
Caller: はい、兄は頭痛はありますが、話し方も動きも普段と変わりません。",False,False,True,0,0,2,is_behavior,is_behavior,Low,Low,High
behavior_2_3507,"Dispatcher: いつも通りに見えますか？
Caller: はい、同居人ですが、受け答えは普通で変な行動もないです。",False,False,True,0,0,2,is_behavior,is_behavior,Low,Low,High
behavior_2_3508,"Dispatcher: いつも通りに見えますか？
Caller: はい、友だちは痛がってはいますけど、様子はいつもと同じです。",False,False,True,0,0,2,is_behavior,is_behavior,Low,Low,High
behavior_2_3509,"Dispatcher: いつも通りに見えますか？
Caller: はい、母は普通に会話できていて、普段と違う感じはありません。",False,False,True,0,0,2,is_behavior,is_behavior,Low,Low,High
behavior_2_3510,"Dispatcher: 普段と違う振る舞いや様子はありますか？
Caller: いいえ、父は頭痛を訴えていますが、受け答えははっきりしていて行動もいつも通りです。",False,False,True,0,0,2,is_behavior,is_behavior,High,High,Low
behavior_3_3511,"Dispatcher: いつもと違う振る舞いはありますか？
Caller: まだ本人に会えていないので、普段と違う様子があるかは分かりません。",False,False,True,0,0,3,is_behavior,is_behavior,High,Low,Low
behavior_3_3512,"Dispatcher: いつも通り落ち着いている感じですか？
Caller: 職場から連絡を受けただけで、受け答えや行動が普段と違うかまでは確認できていません。",False,False,True,0,0,3,is_behavior,is_behavior,Low,High,High
behavior_3_3513,"Dispatcher: 何か変わった様子はありますか？
Caller: 頭が痛いと聞いただけで、普段と違う振る舞いがあるかは分かりません。",False,False,True,0,0,3,is_behavior,is_behavior,Low,Low,Low
behavior_3_3514,"Dispatcher: いつもより元気で普通に過ごせていますか？
Caller: そこはまだ見ていないので、普段と違う様子かどうかは分かりません。",False,False,True,0,0,3,is_behavior,is_behavior,Low,Low,Low
behavior_3_3515,"Dispatcher: 受け答えが変だったり、普段と違う行動はありますか？
Caller: 友人からメッセージで頭痛と来ただけで、返事の様子や行動までは確認できていません。",False,False,True,0,0,3,is_behavior,is_behavior,Low,High,High
behavior_0_3516,"Dispatcher: 手足のしびれや麻痺はありますか？
Caller: 夫は左手がしびれて、コップもうまく持てないと言っています。",False,False,True,0,0,0,is_behavior,is_numbness,High,Low,High
behavior_0_3517,"Dispatcher: ちゃんと歩けている感じですか？
Caller: 電話で聞いただけなので、手足のしびれや動かしにくさがあるかまでは分かりません。",False,False,True,0,0,0,is_behavior,is_numbness,Low,Low,High
behavior_0_3518,"Dispatcher: いつもの頭痛みたいなものですか？
Caller: 本人から頭が痛いとしか聞いておらず、急に強く出たのかは分かりません。",False,False,True,0,0,0,is_behavior,is_sudden_severe,Low,Low,High
behavior_0_3519,"Dispatcher: 頭の痛みは、突然起こった激しい痛みですか？
Caller: いいえ、朝から少しずつ痛くなってきたようで、急に激しく始まったわけではありません。",False,False,True,0,0,0,is_behavior,is_sudden_severe,High,High,High
behavior_0_3520,"Dispatcher: ふらつかず普通に動けていますか？
Caller: 今その場にいないので、しびれや麻痺があるかどうかは確認できません。",False,False,True,0,0,0,is_behavior,is_numbness,Low,Low,High
behavior_1_3521,"Dispatcher: 何か変わったことはありますか？
Caller: はい、母が同じことを何度も聞き返してきて、いつもの受け答えと違います。",False,False,True,0,0,1,is_behavior,is_behavior,Low,Low,High
behavior_1_3522,"Dispatcher: いつも通りに見えますか？
Caller: いいえ、夫が急に落ち着かなくなって部屋をうろうろしていて、普段と明らかに違います。",False,False,True,0,0,1,is_behavior,is_behavior,Low,Low,High
behavior_1_3523,"Dispatcher: ぼんやりしている、返事がおかしいなど、普段と違う様子はありますか？
Caller: はい、同僚が質問に合わない返事をしていて、いつものように会話できません。",False,False,True,0,0,1,is_behavior,is_behavior,High,High,High
behavior_1_3524,"Dispatcher: いつもと違う振る舞いはありますか？
Caller: はい、父が呼びかけても反応が鈍くて、普段よりぼんやりしています。",False,False,True,0,0,1,is_behavior,is_behavior,Low,High,Low
behavior_1_3525,"Dispatcher: 何か変わった様子はありますか？
Caller: はい、姉が急に意味の通らないことを話していて、明らかにいつもと違います。",False,False,True,0,0,1,is_behavior,is_behavior,Low,High,Low
behavior_2_3526,"Dispatcher: いつもと違う振る舞いはありますか？
Caller: いいえ、受け答えは普段通りで、様子は変わりありません。",False,False,True,0,0,2,is_behavior,is_behavior,Low,Low,Low
behavior_2_3527,"Dispatcher: いつもと違う振る舞いはありますか？
Caller: いいえ、会話も普通にできていて、行動もいつも通りです。",False,False,True,0,0,2,is_behavior,is_behavior,Low,High,Low
behavior_2_3528,"Dispatcher: 何か変わった様子はありますか？
Caller: いいえ、本人ははっきり受け答えできていますし、普段と変わった行動はありません。",False,False,True,0,0,2,is_behavior,is_behavior,Low,High,Low
behavior_2_3529,"Dispatcher: いつも通り過ごせていますか？
Caller: はい、友人は頭痛はあるようですが、話し方も行動も普段と同じです。",False,False,True,0,0,2,is_behavior,is_behavior,Low,Low,High
behavior_2_3530,"Dispatcher: 普段と違う振る舞いや様子はありますか？
Caller: いいえ、受け答えも行動もいつもと変わりません。",False,False,True,0,0,2,is_behavior,is_behavior,High,Low,Low
behavior_3_3531,"Dispatcher: いつもと違う振る舞いはありますか？
Caller: 今は別の部屋にいて見えていないので、普段と違う様子があるかは確認できません。",False,False,True,0,0,3,is_behavior,is_behavior,Low,High,Low
behavior_3_3532,"Dispatcher: 普段と違う振る舞いや様子はありますか？
Caller: 頭が痛いと連絡があっただけで、いつもと違う行動があるかまでは分かりません。",False,False,True,0,0,3,is_behavior,is_behavior,High,Low,Low
behavior_3_3533,"Dispatcher: ぼんやりしているなど、変わった様子はありますか？
Caller: まだ直接見ていないので、普段と違う振る舞いがあるかは分かりません。",False,False,True,0,0,3,is_behavior,is_behavior,High,Low,Low
behavior_3_3534,"Dispatcher: 普段と違う振る舞いや様子はありますか？
Caller: 今は電話で聞いただけで本人の様子が見えないので、いつもと違う行動があるかは確認できません。",False,False,True,0,0,3,is_behavior,is_behavior,High,High,Low
behavior_3_3535,"Dispatcher: いつもより元気で普通にしていますか？
Caller: 弟から短い連絡が来ただけなので、普段と違う様子かどうかはまだ分かりません。",False,False,True,0,0,3,is_behavior,is_behavior,Low,Low,High
behavior_0_3536,"Dispatcher: しびれや麻痺はありますか？
Caller: いいえ、手足にしびれも麻痺もなく、普通に動かせています。",False,False,True,0,0,0,is_behavior,is_numbness,Low,High,Low
behavior_0_3537,"Dispatcher: 急に強い頭痛が出た感じですか？
Caller: はい、さっきまで普通だったのに、急に割れるように痛いと言ってうずくまりました。",False,False,True,0,0,0,is_behavior,is_sudden_severe,Low,Low,Low
behavior_0_3538,"Dispatcher: 軽い頭痛ではなく急にひどくなった感じですか？
Caller: 娘から頭痛がすると電話があっただけで、急に始まったのか痛みがどれほど強いのかは確認できていません。",False,False,True,0,0,0,is_behavior,is_sudden_severe,Low,High,High
behavior_0_3539,"Dispatcher: 片側の手足が動かしにくい感じはありますか？
Caller: メッセージで頭痛とだけ来ていて、しびれや麻痺のことまでは分かりません。",False,False,True,0,0,0,is_behavior,is_numbness,Low,Low,High
behavior_0_3540,"Dispatcher: 頭の痛みは、突然起こった激しい痛みですか？
Caller: 本人が一人で休んでいて詳しく話せておらず、急に起きた強い痛みかどうかは確認できません。",False,False,True,0,0,0,is_behavior,is_sudden_severe,High,High,High
behavior_1_3541,"Dispatcher: 受け答えや様子で、いつもと違う感じはありますか？
Caller: はい、同僚なんですが、さっきから話がかみ合わなくて落ち着きなく同じことを繰り返しています。",False,False,True,0,0,1,is_behavior,is_behavior,Low,Low,High
behavior_1_3542,"Dispatcher: いつもと違う振る舞いはありますか？
Caller: はい、母なんですが、返事がちぐはぐで普段みたいに会話できません。",False,False,True,0,0,1,is_behavior,is_behavior,Low,Low,Low
behavior_1_3543,"Dispatcher: 普段と比べて、受け答えがおかしいとか行動が変だとか、いつもと違う様子はありますか？
Caller: あります。夫なんですが、頭を痛がってから急にうろうろしていて、質問しても変な答え方をします。",False,False,True,0,0,1,is_behavior,is_behavior,High,Low,High
behavior_1_3544,"Dispatcher: いつも通りの様子ですか？
Caller: いいえ、弟ですが、呼びかけても的外れな返事をしていて、普段と明らかに違います。",False,False,True,0,0,1,is_behavior,is_behavior,Low,High,Low
behavior_1_3545,"Dispatcher: ぼんやりしている、返事がおかしいなど、普段と違う振る舞いはありますか？
Caller: はい、友人なんですが、急に無口になったかと思ったら同じ質問ばかりしてきて、いつもの様子ではありません。",False,False,True,0,0,1,is_behavior,is_behavior,High,Low,High
behavior_2_3546,"Dispatcher: 普段と違う振る舞いや様子はありますか？
Caller: いいえ、妻ですが、頭痛は訴えていますが受け答えも行動も普段通りです。",False,False,True,0,0,2,is_behavior,is_behavior,High,High,Low
behavior_2_3547,"Dispatcher: ぼんやりしていたり、返事がおかしかったりはしますか？
Caller: いいえ、父は痛がっていますが会話は普通にできていて、特に変わった様子はないです。",False,False,True,0,0,2,is_behavior,is_behavior,High,Low,High
behavior_2_3548,"Dispatcher: 何かいつもと違う振る舞いはありますか？
Caller: ありません。同僚ですが、頭痛はあるものの受け答えははっきりしていて、普段と同じです。",False,False,True,0,0,2,is_behavior,is_behavior,High,High,High
behavior_2_3549,"Dispatcher: いつもより様子がおかしい感じはありますか？
Caller: いいえ、娘なんですが、頭が痛いと言う以外は普段通りに話しています。",False,False,True,0,0,2,is_behavior,is_behavior,Low,High,High
behavior_2_3550,"Dispatcher: 普段と違う様子はありますか？
Caller: いいえ、友人ですが、受け答えも普通で変な行動はしていません。",False,False,True,0,0,2,is_behavior,is_behavior,High,Low,High
behavior_3_3551,"Dispatcher: 普段と違う振る舞いや様子はありますか？
Caller: まだ本人と直接会えていないので、いつもと違う様子があるかは分かりません。",False,False,True,0,0,3,is_behavior,is_behavior,High,Low,Low
behavior_3_3552,"Dispatcher: 何か変わったことはありますか？
Caller: 電話で頭痛と聞いただけで、受け答えや行動が普段と違うかは確認できません。",False,False,True,0,0,3,is_behavior,is_behavior,Low,High,Low
behavior_3_3553,"Dispatcher: ぼんやりしている、返事がおかしいなど、普段と違う様子は見えますか？
Caller: 今は別の部屋にいて見ていないので、そういう様子があるかは分かりません。",False,False,True,0,0,3,is_behavior,is_behavior,High,Low,Low
behavior_3_3554,"Dispatcher: いつも通りに見えますか？
Caller: そこはまだ分かりません。頭が痛いとしか聞けていません。",False,False,True,0,0,3,is_behavior,is_behavior,Low,Low,Low
behavior_3_3555,"Dispatcher: 何かおかしな行動はありますか？
Caller: すみません、今そばにいないので普段と違う振る舞いがあるか確認できません。",False,False,True,0,0,3,is_behavior,is_behavior,Low,Low,Low
behavior_0_3556,"Dispatcher: 頭の痛みは、突然起こった激しい痛みですか？
Caller: 本人から頭が痛いと連絡があっただけで、急に強く出たのかまでは分かりません。",False,False,True,0,0,0,is_behavior,is_sudden_severe,High,Low,Low
behavior_0_3557,"Dispatcher: 頭の痛みは、急に出た強い痛みですか？
Caller: はい、同僚がさっき急に頭を押さえて、今までにないくらいひどい痛みだと言っていました。",False,False,True,0,0,0,is_behavior,is_sudden_severe,High,Low,High
behavior_0_3558,"Dispatcher: いつもの頭痛ではなく、急にひどくなった感じですか？
Caller: 友人から痛いとだけメッセージが来ていて、急だったのか強さまでは分かっていません。",False,False,True,0,0,0,is_behavior,is_sudden_severe,Low,Low,High
behavior_0_3559,"Dispatcher: 普通に手足は動かせていますか？
Caller: そこは確認できていません。しびれや麻痺があるかは分かりません。",False,False,True,0,0,0,is_behavior,is_numbness,Low,High,Low
behavior_0_3560,"Dispatcher: 手足のしびれや麻痺はありますか？
Caller: 今は電話越しで様子が見えないので、しびれや麻痺があるかは分かりません。",False,False,True,0,0,0,is_behavior,is_numbness,High,Low,Low
behavior_1_3561,"Dispatcher: 何かいつもと違う振る舞いはありますか？
Caller: はい、祖母なんですが、呼びかけても話が飛んでいて、立とうとしてもふらふら同じ場所を行ったり来たりしています。",False,False,True,0,0,1,is_behavior,is_behavior,Low,High,High
behavior_1_3562,"Dispatcher: 普段と違う振る舞いや様子はありますか？
Caller: あります。兄ですが、質問しても返事が遅くて、急に黙り込んだりしていつもと違います。",False,False,True,0,0,1,is_behavior,is_behavior,High,Low,High
behavior_1_3563,"Dispatcher: いつも通りの様子ですか？
Caller: いいえ、同僚ですが、急に机の上を探し回ったりして落ち着かず、話し方も変です。",False,False,True,0,0,1,is_behavior,is_behavior,Low,Low,High
behavior_1_3564,"Dispatcher: ぼんやりしている、返事がおかしいなど、普段と違う様子はありますか？
Caller: はい、父ですが、名前を呼んでも反応が鈍くて、質問にも見当違いな答えが返ってきます。",False,False,True,0,0,1,is_behavior,is_behavior,High,Low,High
behavior_1_3565,"Dispatcher: 何か変わった様子はありますか？
Caller: はい、友だちなんですが、急に笑ったり黙ったりしていて、普段の受け答えと全然違います。",False,False,True,0,0,1,is_behavior,is_behavior,Low,Low,High
behavior_2_3566,"Dispatcher: いつもと違う感じはありますか？
Caller: いいえ、夫ですが、頭痛はあっても話し方も様子もいつも通りです。",False,False,True,0,0,2,is_behavior,is_behavior,Low,Low,High
behavior_2_3567,"Dispatcher: いつも通りの様子ですか？
Caller: はい、母は頭痛を訴えていますが、受け答えはしっかりしていて普段と変わりません。",False,False,True,0,0,2,is_behavior,is_behavior,Low,High,Low
behavior_2_3568,"Dispatcher: いつもと違う振る舞いはありますか？
Caller: いいえ、兄ですが特に変わった様子はありません。",False,False,True,0,0,2,is_behavior,is_behavior,Low,Low,Low
behavior_2_3569,"Dispatcher: 普段と比べて、受け答えがおかしいとか変な行動はありますか？
Caller: ありません。妻ですが、頭は痛いと言っていますが会話も普通で、いつもと変わらないです。",False,False,True,0,0,2,is_behavior,is_behavior,High,Low,High
behavior_2_3570,"Dispatcher: 何か様子がおかしいですか？
Caller: いいえ、同僚は頭痛以外は普段通りで、受け答えも行動も普通です。",False,False,True,0,0,2,is_behavior,is_behavior,Low,High,High
behavior_3_3571,"Dispatcher: 何か変わった様子はありますか？
Caller: 同僚から頭痛の連絡を受けただけで、受け答えや行動がいつもと違うかまでは確認できていません。",False,False,True,0,0,3,is_behavior,is_behavior,Low,High,High
behavior_3_3572,"Dispatcher: 普段と違う振る舞いや様子はありますか？
Caller: 今朝は電話で話しただけなので、そのあたりはまだ分からないです。",False,False,True,0,0,3,is_behavior,is_behavior,High,Low,High
behavior_3_3573,"Dispatcher: ぼんやりしているとか、返事がおかしいなど、いつもと違う様子はありますか？
Caller: 本人は別の部屋にいて見えていないので、普段と違う振る舞いがあるかは確認できません。",False,False,True,0,0,3,is_behavior,is_behavior,High,High,High
behavior_3_3574,"Dispatcher: 普段と違う振る舞いはありますか？
Caller: 今は本人のそばにいないので、普段と違う振る舞いがあるかは分かりません。",False,False,True,0,0,3,is_behavior,is_behavior,High,High,Low
behavior_3_3575,"Dispatcher: いつもと違う様子はありますか？
Caller: 家族から頭が痛いとだけ聞いていて、行動がおかしいかどうかはまだ見られていません。",False,False,True,0,0,3,is_behavior,is_behavior,High,Low,High
behavior_0_3576,"Dispatcher: 手足のしびれや麻痺はありますか？
Caller: いいえ、しびれも麻痺もないです。",False,False,True,0,0,0,is_behavior,is_numbness,High,Low,Low
behavior_0_3577,"Dispatcher: いつもの頭痛ではなく、急にひどくなった感じですか？
Caller: はい、さっき急に我慢できないくらい強い頭痛が出たと夫が言っています。",False,False,True,0,0,0,is_behavior,is_sudden_severe,Low,High,Low
behavior_0_3578,"Dispatcher: 普通に手足は動かせていますか？
Caller: ええ、腕も脚もいつも通り動いていて、しびれもないようです。",False,False,True,0,0,0,is_behavior,is_numbness,Low,Low,High
behavior_0_3579,"Dispatcher: 片側の手足がしびれるとか、力が入りにくい様子はありますか？
Caller: いえ、友人は両手両足とも普通に動かせていて、しびれも訴えていません。",False,False,True,0,0,0,is_behavior,is_numbness,Low,High,High
behavior_0_3580,"Dispatcher: 頭の痛みは、突然起こった激しい痛みですか？
Caller: いいえ、朝から少しずつ痛くなってきたもので、急に強く出た感じではありません。",False,False,True,0,0,0,is_behavior,is_sudden_severe,High,High,Low
behavior_1_3581,"Dispatcher: 何か変わった様子はありますか？
Caller: はい、呼びかけても返事がちぐはぐで、普段と全然違います。",False,False,True,0,0,1,is_behavior,is_behavior,Low,High,Low
behavior_1_3582,"Dispatcher: ぼんやりしている、返事がおかしいなど、普段と違う様子は見えますか？
Caller: はい、母が質問にうまく答えられず、さっきから同じことを繰り返しています。",False,False,True,0,0,1,is_behavior,is_behavior,High,High,High
behavior_1_3583,"Dispatcher: いつも通りに会話できていますか？
Caller: いいえ、同僚が受け答えを間違えたり、話がかみ合わなかったりして明らかに変です。",False,False,True,0,0,1,is_behavior,is_behavior,Low,High,High
behavior_1_3584,"Dispatcher: 普段と違う振る舞いや様子はありますか？
Caller: はい、夫が落ち着きなく部屋をうろうろしていて、呼んでも反応が鈍いです。",False,False,True,0,0,1,is_behavior,is_behavior,High,High,High
behavior_1_3585,"Dispatcher: 何かいつもと違う振る舞いはありますか？
Caller: はい、少し様子がおかしいです。",False,False,True,0,0,1,is_behavior,is_behavior,Low,Low,Low
behavior_2_3586,"Dispatcher: 普段と違う振る舞いや様子はありますか？
Caller: いいえ、妻は頭痛はありますが、受け答えも行動もいつも通りです。",False,False,True,0,0,2,is_behavior,is_behavior,High,Low,High
behavior_2_3587,"Dispatcher: 普段と違う振る舞いはありますか？
Caller: いいえ、会話も普通にできていますし、様子は普段と変わりません。",False,False,True,0,0,2,is_behavior,is_behavior,High,High,Low
behavior_2_3588,"Dispatcher: ぼんやりしているとか、返事がおかしい感じはありますか？
Caller: いいえ、息子ははっきり受け答えできていて、いつもと同じです。",False,False,True,0,0,2,is_behavior,is_behavior,High,High,Low
behavior_2_3589,"Dispatcher: 何かいつもと違う様子はありますか？
Caller: いいえ、友人は頭を痛がっていますが、行動や話し方は普段通りです。",False,False,True,0,0,2,is_behavior,is_behavior,High,High,Low
behavior_2_3590,"Dispatcher: 普段と違う振る舞いや様子はありますか？
Caller: 今のところ特に変わった行動はなく、普通にしています。",False,False,True,0,0,2,is_behavior,is_behavior,High,Low,High
behavior_3_3591,"Dispatcher: 普段と違う振る舞いや様子はありますか？
Caller: 会社から連絡をもらっただけで、実際の様子は見ていないので分かりません。",False,False,True,0,0,3,is_behavior,is_behavior,High,Low,High
behavior_3_3592,"Dispatcher: 普段と違う振る舞いはありますか？
Caller: 今は電話口で頭が痛いと聞いただけなので、普段と違う振る舞いがあるかは確認できません。",False,False,True,0,0,3,is_behavior,is_behavior,High,High,Low
behavior_3_3593,"Dispatcher: いつも通りに見えますか？
Caller: そこは分かりません。今は本人の様子を直接見られていません。",False,False,True,0,0,3,is_behavior,is_behavior,Low,High,Low
behavior_3_3594,"Dispatcher: 受け答えが変だったり、いつもと違う行動をしている感じはありますか？
Caller: 娘からメッセージで頭痛とだけ来ていて、話し方や行動の変化までは確認できていません。",False,False,True,0,0,3,is_behavior,is_behavior,High,High,High
behavior_3_3595,"Dispatcher: 何か変わった様子はありますか？
Caller: ビデオ通話ではなく音声だけだったので、普段と違う動きがあるかまでは分かりません。",False,False,True,0,0,3,is_behavior,is_behavior,Low,High,High
behavior_0_3596,"Dispatcher: しびれや麻痺はありますか？
Caller: はい、左手がしびれて力も入りにくいと言っています。",False,False,True,0,0,0,is_behavior,is_numbness,Low,Low,Low
behavior_0_3597,"Dispatcher: 手足のしびれや麻痺はありますか？
Caller: はい、父は右足がしびれていて、うまく踏ん張れない様子です。",False,False,True,0,0,0,is_behavior,is_numbness,High,Low,High
behavior_0_3598,"Dispatcher: 片側の手足にしびれや動かしにくさはありますか？
Caller: はい、同僚が片腕だけ感覚がおかしいと言っていて、物もつかみにくそうです。",False,False,True,0,0,0,is_behavior,is_numbness,High,Low,High
behavior_0_3599,"Dispatcher: いつもの軽い頭痛ということでよいですか？
Caller: それが、急に強くなったのかどうかは本人にまだ確認できていません。",False,False,True,0,0,0,is_behavior,is_sudden_severe,Low,High,Low
behavior_0_3600,"Dispatcher: 頭の痛みは、突然起こった激しい痛みですか？
Caller: いいえ、昨日から続いていて急に始まったひどい痛みではないです。",False,False,True,0,0,0,is_behavior,is_sudden_severe,High,Low,Low
